patience,best_epoch,stopping_epoch,best_validation_loss,hit_epoch_cap,parameters,elapsed_seconds,stage,train_through,validation_year,architecture,learning_rate,seed,validation_accuracy,validation_changed_seat_accuracy,validation_changed_seats,validation_log_loss,validation_brier_score,validation_rows,validation_unseen_winners
10,23,33,0.3857954740524292,False,1605,2.071606814000006,confirmation,2015,2017,32_16,0.01,101223,0.8449367088607594,0.22388059701492538,67,0.38579545639046287,0.1966581547236889,632,0
20,23,43,0.3857954740524292,False,1605,2.717773078999926,confirmation,2015,2017,32_16,0.01,101223,0.8449367088607594,0.22388059701492538,67,0.38579545639046287,0.1966581547236889,632,0
50,23,73,0.3857954740524292,False,1605,4.779594708999866,confirmation,2015,2017,32_16,0.01,101223,0.8449367088607594,0.22388059701492538,67,0.38579545639046287,0.1966581547236889,632,0
10,19,29,0.3250858783721924,False,1605,1.9115256330001102,confirmation,2015,2017,32_16,0.01,101224,0.8860759493670886,0.14925373134328357,67,0.32508584991310796,0.17051851868357698,632,0
20,19,39,0.3250858783721924,False,1605,2.5637841889997617,confirmation,2015,2017,32_16,0.01,101224,0.8860759493670886,0.14925373134328357,67,0.32508584991310796,0.17051851868357698,632,0
50,19,69,0.3250858783721924,False,1605,4.589620088999709,confirmation,2015,2017,32_16,0.01,101224,0.8860759493670886,0.14925373134328357,67,0.32508584991310796,0.17051851868357698,632,0
10,22,32,0.3326646089553833,False,1605,2.025758547999885,confirmation,2015,2017,32_16,0.01,101225,0.8955696202531646,0.13432835820895522,67,0.332664597376183,0.17184010054919066,632,0
20,22,42,0.3326646089553833,False,1605,2.647682237999561,confirmation,2015,2017,32_16,0.01,101225,0.8955696202531646,0.13432835820895522,67,0.332664597376183,0.17184010054919066,632,0
50,22,72,0.3326646089553833,False,1605,4.69290368799966,confirmation,2015,2017,32_16,0.01,101225,0.8955696202531646,0.13432835820895522,67,0.332664597376183,0.17184010054919066,632,0
10,24,34,0.40202245116233826,False,1605,3.5662783979996675,confirmation,2015,2017,32_16,0.01,101226,0.8623417721518988,0.31343283582089554,67,0.40202244179173446,0.2016544480325628,632,0
20,24,44,0.40202245116233826,False,1605,4.810732795999684,confirmation,2015,2017,32_16,0.01,101226,0.8623417721518988,0.31343283582089554,67,0.40202244179173446,0.2016544480325628,632,0
50,24,74,0.40202245116233826,False,1605,7.966463329999897,confirmation,2015,2017,32_16,0.01,101226,0.8623417721518988,0.31343283582089554,67,0.40202244179173446,0.2016544480325628,632,0
10,21,31,0.3567357361316681,False,1605,3.4604931950002538,confirmation,2015,2017,32_16,0.01,101227,0.8575949367088608,0.26865671641791045,67,0.35673573492968724,0.18654677579908008,632,0
20,21,41,0.3567357361316681,False,1605,4.5849042879999615,confirmation,2015,2017,32_16,0.01,101227,0.8575949367088608,0.26865671641791045,67,0.35673573492968724,0.18654677579908008,632,0
50,21,71,0.3567357361316681,False,1605,7.967394710000008,confirmation,2015,2017,32_16,0.01,101227,0.8575949367088608,0.26865671641791045,67,0.35673573492968724,0.18654677579908008,632,0
10,17,27,0.366087406873703,False,1605,3.32498935600006,confirmation,2015,2017,32_16,0.01,101228,0.8560126582278481,0.26865671641791045,67,0.3660874012568289,0.18967545184986231,632,0
20,17,37,0.366087406873703,False,1605,4.448974583999643,confirmation,2015,2017,32_16,0.01,101228,0.8560126582278481,0.26865671641791045,67,0.3660874012568289,0.18967545184986231,632,0
50,17,67,0.366087406873703,False,1605,7.911258586999793,confirmation,2015,2017,32_16,0.01,101228,0.8560126582278481,0.26865671641791045,67,0.3660874012568289,0.18967545184986231,632,0
10,31,41,0.3988928198814392,False,1605,4.811891419999938,confirmation,2015,2017,32_16,0.01,101229,0.8781645569620253,0.14925373134328357,67,0.39889285419396947,0.1957617218835314,632,0
20,31,51,0.3988928198814392,False,1605,5.887456160000056,confirmation,2015,2017,32_16,0.01,101229,0.8781645569620253,0.14925373134328357,67,0.39889285419396947,0.1957617218835314,632,0
50,31,81,0.3988928198814392,False,1605,9.183080492000045,confirmation,2015,2017,32_16,0.01,101229,0.8781645569620253,0.14925373134328357,67,0.39889285419396947,0.1957617218835314,632,0
10,12,22,0.4086211919784546,False,1605,2.6231839260003653,confirmation,2015,2017,32_16,0.01,101230,0.8607594936708861,0.31343283582089554,67,0.4086211871177386,0.20757941310935163,632,0
20,33,53,0.4023968279361725,False,1605,5.91333848100021,confirmation,2015,2017,32_16,0.01,101230,0.8987341772151899,0.1044776119402985,67,0.4023968413390103,0.18653577869129662,632,0
50,33,83,0.4023968279361725,False,1605,9.07673413900011,confirmation,2015,2017,32_16,0.01,101230,0.8987341772151899,0.1044776119402985,67,0.4023968413390103,0.18653577869129662,632,0
10,24,34,0.3640998303890228,False,1605,3.903606252999907,confirmation,2015,2017,32_16,0.01,101231,0.8496835443037974,0.1791044776119403,67,0.3640998491684705,0.19783023679060718,632,0
20,24,44,0.3640998303890228,False,1605,4.923147942000014,confirmation,2015,2017,32_16,0.01,101231,0.8496835443037974,0.1791044776119403,67,0.3640998491684705,0.19783023679060718,632,0
50,24,74,0.3640998303890228,False,1605,8.248282582999764,confirmation,2015,2017,32_16,0.01,101231,0.8496835443037974,0.1791044776119403,67,0.3640998491684705,0.19783023679060718,632,0
10,22,32,0.36369815468788147,False,1605,3.4083834719999686,confirmation,2015,2017,32_16,0.01,101232,0.8639240506329114,0.31343283582089554,67,0.3636981886524958,0.19528704860180113,632,0
20,22,42,0.36369815468788147,False,1605,4.53339888399978,confirmation,2015,2017,32_16,0.01,101232,0.8639240506329114,0.31343283582089554,67,0.3636981886524958,0.19528704860180113,632,0
50,22,72,0.36369815468788147,False,1605,7.980410054999993,confirmation,2015,2017,32_16,0.01,101232,0.8639240506329114,0.31343283582089554,67,0.3636981886524958,0.19528704860180113,632,0
10,9,19,0.38087621331214905,False,1605,1.2431908290000138,confirmation,2015,2017,32_16,0.03,101223,0.8876582278481012,0.08955223880597014,67,0.3808762232361547,0.1909710467270656,632,0
20,9,29,0.38087621331214905,False,1605,1.890057292000165,confirmation,2015,2017,32_16,0.03,101223,0.8876582278481012,0.08955223880597014,67,0.3808762232361547,0.1909710467270656,632,0
50,9,59,0.38087621331214905,False,1605,3.7706422530000054,confirmation,2015,2017,32_16,0.03,101223,0.8876582278481012,0.08955223880597014,67,0.3808762232361547,0.1909710467270656,632,0
10,7,17,0.3195036053657532,False,1605,1.0903772029996617,confirmation,2015,2017,32_16,0.03,101224,0.8955696202531646,0.1044776119402985,67,0.319503596033746,0.1656416664345362,632,0
20,7,27,0.3195036053657532,False,1605,1.752144871999917,confirmation,2015,2017,32_16,0.03,101224,0.8955696202531646,0.1044776119402985,67,0.319503596033746,0.1656416664345362,632,0
50,7,57,0.3195036053657532,False,1605,3.668975102999866,confirmation,2015,2017,32_16,0.03,101224,0.8955696202531646,0.1044776119402985,67,0.319503596033746,0.1656416664345362,632,0
10,9,19,0.3258984386920929,False,1605,1.2964416199997686,confirmation,2015,2017,32_16,0.03,101225,0.8971518987341772,0.13432835820895522,67,0.32589842727746104,0.16568606406072592,632,0
20,9,29,0.3258984386920929,False,1605,2.0110647379997317,confirmation,2015,2017,32_16,0.03,101225,0.8971518987341772,0.13432835820895522,67,0.32589842727746104,0.16568606406072592,632,0
50,9,59,0.3258984386920929,False,1605,3.9859701259997564,confirmation,2015,2017,32_16,0.03,101225,0.8971518987341772,0.13432835820895522,67,0.32589842727746104,0.16568606406072592,632,0
10,13,23,0.4025730788707733,False,1605,2.600374098999964,confirmation,2015,2017,32_16,0.03,101226,0.8575949367088608,0.2835820895522388,67,0.40257310046309397,0.1986249359751609,632,0
20,13,33,0.4025730788707733,False,1605,3.609977145999892,confirmation,2015,2017,32_16,0.03,101226,0.8575949367088608,0.2835820895522388,67,0.40257310046309397,0.1986249359751609,632,0
50,13,63,0.4025730788707733,False,1605,6.820931416999883,confirmation,2015,2017,32_16,0.03,101226,0.8575949367088608,0.2835820895522388,67,0.40257310046309397,0.1986249359751609,632,0
10,7,17,0.3531345725059509,False,1605,1.935514726999827,confirmation,2015,2017,32_16,0.03,101227,0.8575949367088608,0.26865671641791045,67,0.353134568198162,0.18537968040599945,632,0
20,7,27,0.3531345725059509,False,1605,3.003967270999965,confirmation,2015,2017,32_16,0.03,101227,0.8575949367088608,0.26865671641791045,67,0.353134568198162,0.18537968040599945,632,0
50,7,57,0.3531345725059509,False,1605,6.471209276999616,confirmation,2015,2017,32_16,0.03,101227,0.8575949367088608,0.26865671641791045,67,0.353134568198162,0.18537968040599945,632,0
10,5,15,0.3651464581489563,False,1605,1.616157051999835,confirmation,2015,2017,32_16,0.03,101228,0.8560126582278481,0.26865671641791045,67,0.3651464210273861,0.18901195619853434,632,0
20,5,25,0.3651464581489563,False,1605,2.6432276999998976,confirmation,2015,2017,32_16,0.03,101228,0.8560126582278481,0.26865671641791045,67,0.3651464210273861,0.18901195619853434,632,0
50,5,55,0.3651464581489563,False,1605,6.041269176999776,confirmation,2015,2017,32_16,0.03,101228,0.8560126582278481,0.26865671641791045,67,0.3651464210273861,0.18901195619853434,632,0
10,10,20,0.3892260193824768,False,1605,2.1711888720001298,confirmation,2015,2017,32_16,0.03,101229,0.8781645569620253,0.16417910447761194,67,0.3892260268330338,0.1935840171536883,632,0
20,10,30,0.3892260193824768,False,1605,3.2668881160002456,confirmation,2015,2017,32_16,0.03,101229,0.8781645569620253,0.16417910447761194,67,0.3892260268330338,0.1935840171536883,632,0
50,10,60,0.3892260193824768,False,1605,6.5542010280000795,confirmation,2015,2017,32_16,0.03,101229,0.8781645569620253,0.16417910447761194,67,0.3892260268330338,0.1935840171536883,632,0
10,10,20,0.39376300573349,False,1605,2.1513206929998887,confirmation,2015,2017,32_16,0.03,101230,0.8639240506329114,0.23880597014925373,67,0.39376299181528757,0.18897253182417437,632,0
20,10,30,0.39376300573349,False,1605,3.4069279079999433,confirmation,2015,2017,32_16,0.03,101230,0.8639240506329114,0.23880597014925373,67,0.39376299181528757,0.18897253182417437,632,0
50,10,60,0.39376300573349,False,1605,6.600307706999956,confirmation,2015,2017,32_16,0.03,101230,0.8639240506329114,0.23880597014925373,67,0.39376299181528757,0.18897253182417437,632,0
10,8,18,0.3606742322444916,False,1605,1.9915123020000465,confirmation,2015,2017,32_16,0.03,101231,0.8512658227848101,0.19402985074626866,67,0.360674240885214,0.19645034182236126,632,0
20,8,28,0.3606742322444916,False,1605,3.1612099870003476,confirmation,2015,2017,32_16,0.03,101231,0.8512658227848101,0.19402985074626866,67,0.360674240885214,0.19645034182236126,632,0
50,8,58,0.3606742322444916,False,1605,6.748055387000022,confirmation,2015,2017,32_16,0.03,101231,0.8512658227848101,0.19402985074626866,67,0.360674240885214,0.19645034182236126,632,0
10,6,16,0.36646899580955505,False,1605,1.7838700100001006,confirmation,2015,2017,32_16,0.03,101232,0.8591772151898734,0.2835820895522388,67,0.36646899756763757,0.1950807689852203,632,0
20,6,26,0.36646899580955505,False,1605,2.8509062030002497,confirmation,2015,2017,32_16,0.03,101232,0.8591772151898734,0.2835820895522388,67,0.36646899756763757,0.1950807689852203,632,0
50,6,56,0.36646899580955505,False,1605,6.111304787000336,confirmation,2015,2017,32_16,0.03,101232,0.8591772151898734,0.2835820895522388,67,0.36646899756763757,0.1950807689852203,632,0
10,7,17,0.3910537362098694,False,1605,1.126414988000306,confirmation,2015,2017,32_16,0.05,101223,0.8829113924050633,0.08955223880597014,67,0.39105371683486434,0.18717513426470206,632,0
20,7,27,0.3910537362098694,False,1605,1.7468919770003595,confirmation,2015,2017,32_16,0.05,101223,0.8829113924050633,0.08955223880597014,67,0.39105371683486434,0.18717513426470206,632,0
50,7,57,0.3910537362098694,False,1605,3.7049064760003603,confirmation,2015,2017,32_16,0.05,101223,0.8829113924050633,0.08955223880597014,67,0.39105371683486434,0.18717513426470206,632,0
10,4,14,0.3318009078502655,False,1605,0.8902700710000317,confirmation,2015,2017,32_16,0.05,101224,0.8924050632911392,0.1044776119402985,67,0.3318009004718228,0.1719743108504553,632,0
20,4,24,0.3318009078502655,False,1605,1.506000239000059,confirmation,2015,2017,32_16,0.05,101224,0.8924050632911392,0.1044776119402985,67,0.3318009004718228,0.1719743108504553,632,0
50,4,54,0.3318009078502655,False,1605,3.4694377200003146,confirmation,2015,2017,32_16,0.05,101224,0.8924050632911392,0.1044776119402985,67,0.3318009004718228,0.1719743108504553,632,0
10,6,16,0.3300209641456604,False,1605,1.1403730860001815,confirmation,2015,2017,32_16,0.05,101225,0.9003164556962026,0.13432835820895522,67,0.3300209605103191,0.16531114883159034,632,0
20,6,26,0.3300209641456604,False,1605,1.8156846249999035,confirmation,2015,2017,32_16,0.05,101225,0.9003164556962026,0.13432835820895522,67,0.3300209605103191,0.16531114883159034,632,0
50,6,56,0.3300209641456604,False,1605,3.7339916480000284,confirmation,2015,2017,32_16,0.05,101225,0.9003164556962026,0.13432835820895522,67,0.3300209605103191,0.16531114883159034,632,0
10,4,14,0.398660808801651,False,1605,1.5728930620002757,confirmation,2015,2017,32_16,0.05,101226,0.8607594936708861,0.31343283582089554,67,0.3986608270369941,0.20097463679588623,632,0
20,4,24,0.398660808801651,False,1605,2.650783419000163,confirmation,2015,2017,32_16,0.05,101226,0.8607594936708861,0.31343283582089554,67,0.3986608270369941,0.20097463679588623,632,0
50,4,54,0.398660808801651,False,1605,5.972264811000059,confirmation,2015,2017,32_16,0.05,101226,0.8607594936708861,0.31343283582089554,67,0.3986608270369941,0.20097463679588623,632,0
10,6,16,0.34323808550834656,False,1605,1.7360940079997818,confirmation,2015,2017,32_16,0.05,101227,0.8971518987341772,0.13432835820895522,67,0.3432380893302977,0.17905830112728122,632,0
20,6,26,0.34323808550834656,False,1605,2.8543283459998747,confirmation,2015,2017,32_16,0.05,101227,0.8971518987341772,0.13432835820895522,67,0.3432380893302977,0.17905830112728122,632,0
50,6,56,0.34323808550834656,False,1605,6.083304700000099,confirmation,2015,2017,32_16,0.05,101227,0.8971518987341772,0.13432835820895522,67,0.3432380893302977,0.17905830112728122,632,0
10,4,14,0.3543347120285034,False,1605,1.5260022630000094,confirmation,2015,2017,32_16,0.05,101228,0.8560126582278481,0.26865671641791045,67,0.354334730000586,0.18580695480307952,632,0
20,4,24,0.3543347120285034,False,1605,2.664940348000073,confirmation,2015,2017,32_16,0.05,101228,0.8560126582278481,0.26865671641791045,67,0.354334730000586,0.18580695480307952,632,0
50,4,54,0.3543347120285034,False,1605,5.862661287999799,confirmation,2015,2017,32_16,0.05,101228,0.8560126582278481,0.26865671641791045,67,0.354334730000586,0.18580695480307952,632,0
10,6,16,0.3727816641330719,False,1605,1.783247160999963,confirmation,2015,2017,32_16,0.05,101229,0.8892405063291139,0.16417910447761194,67,0.3727816743018697,0.18813718244780595,632,0
20,6,26,0.3727816641330719,False,1605,2.833542716000011,confirmation,2015,2017,32_16,0.05,101229,0.8892405063291139,0.16417910447761194,67,0.3727816743018697,0.18813718244780595,632,0
50,6,56,0.3727816641330719,False,1605,6.444884842999727,confirmation,2015,2017,32_16,0.05,101229,0.8892405063291139,0.16417910447761194,67,0.3727816743018697,0.18813718244780595,632,0
10,7,17,0.4001041650772095,False,1605,1.972089994000271,confirmation,2015,2017,32_16,0.05,101230,0.8955696202531646,0.08955223880597014,67,0.4001041836049892,0.1840005441507019,632,0
20,7,27,0.4001041650772095,False,1605,3.025586914000087,confirmation,2015,2017,32_16,0.05,101230,0.8955696202531646,0.08955223880597014,67,0.4001041836049892,0.1840005441507019,632,0
50,7,57,0.4001041650772095,False,1605,6.435304003000056,confirmation,2015,2017,32_16,0.05,101230,0.8955696202531646,0.08955223880597014,67,0.4001041836049892,0.1840005441507019,632,0
10,6,16,0.3566264808177948,False,1605,1.7137922749998324,confirmation,2015,2017,32_16,0.05,101231,0.8544303797468354,0.1791044776119403,67,0.3566264966509821,0.18525599907538726,632,0
20,6,26,0.3566264808177948,False,1605,2.778272098999878,confirmation,2015,2017,32_16,0.05,101231,0.8544303797468354,0.1791044776119403,67,0.3566264966509821,0.18525599907538726,632,0
50,6,56,0.3566264808177948,False,1605,6.347721207999712,confirmation,2015,2017,32_16,0.05,101231,0.8544303797468354,0.1791044776119403,67,0.3566264966509821,0.18525599907538726,632,0
10,5,15,0.36693185567855835,False,1605,1.5806935069999781,confirmation,2015,2017,32_16,0.05,101232,0.8607594936708861,0.2835820895522388,67,0.3669318444816171,0.1961855892995423,632,0
20,5,25,0.36693185567855835,False,1605,2.6973435520003477,confirmation,2015,2017,32_16,0.05,101232,0.8607594936708861,0.2835820895522388,67,0.3669318444816171,0.1961855892995423,632,0
50,5,55,0.36693185567855835,False,1605,5.958384426000066,confirmation,2015,2017,32_16,0.05,101232,0.8607594936708861,0.2835820895522388,67,0.3669318444816171,0.1961855892995423,632,0
10,3,13,0.4011889398097992,False,1605,0.8486809139999423,confirmation,2015,2017,32_16,0.1,101223,0.8829113924050633,0.08955223880597014,67,0.40118894826078527,0.19587061078614176,632,0
20,3,23,0.4011889398097992,False,1605,1.4647921000000679,confirmation,2015,2017,32_16,0.1,101223,0.8829113924050633,0.08955223880597014,67,0.40118894826078527,0.19587061078614176,632,0
50,3,53,0.4011889398097992,False,1605,3.387018186000205,confirmation,2015,2017,32_16,0.1,101223,0.8829113924050633,0.08955223880597014,67,0.40118894826078527,0.19587061078614176,632,0
10,2,12,0.32893669605255127,False,1605,0.7682684169999447,confirmation,2015,2017,32_16,0.1,101224,0.8924050632911392,0.13432835820895522,67,0.32893671300024474,0.17102218772334066,632,0
20,2,22,0.32893669605255127,False,1605,1.4022363469998709,confirmation,2015,2017,32_16,0.1,101224,0.8924050632911392,0.13432835820895522,67,0.32893671300024474,0.17102218772334066,632,0
50,2,52,0.32893669605255127,False,1605,3.404003461999764,confirmation,2015,2017,32_16,0.1,101224,0.8924050632911392,0.13432835820895522,67,0.32893671300024474,0.17102218772334066,632,0
10,3,13,0.3152400851249695,False,1605,0.9485105529997782,confirmation,2015,2017,32_16,0.1,101225,0.8971518987341772,0.13432835820895522,67,0.3152400799008901,0.1596557569865905,632,0
20,3,23,0.3152400851249695,False,1605,1.6084411140000157,confirmation,2015,2017,32_16,0.1,101225,0.8971518987341772,0.13432835820895522,67,0.3152400799008901,0.1596557569865905,632,0
50,3,53,0.3152400851249695,False,1605,3.5352193740000075,confirmation,2015,2017,32_16,0.1,101225,0.8971518987341772,0.13432835820895522,67,0.3152400799008901,0.1596557569865905,632,0
10,2,12,0.3813319504261017,False,1605,1.2920778060001794,confirmation,2015,2017,32_16,0.1,101226,0.8607594936708861,0.31343283582089554,67,0.38133194711266544,0.19397222676569273,632,0
20,2,22,0.3813319504261017,False,1605,2.704009239000243,confirmation,2015,2017,32_16,0.1,101226,0.8607594936708861,0.31343283582089554,67,0.38133194711266544,0.19397222676569273,632,0
50,2,52,0.3813319504261017,False,1605,5.829279302000032,confirmation,2015,2017,32_16,0.1,101226,0.8607594936708861,0.31343283582089554,67,0.38133194711266544,0.19397222676569273,632,0
10,4,14,0.35460028052330017,False,1605,1.5170748589998766,confirmation,2015,2017,32_16,0.1,101227,0.8939873417721519,0.08955223880597014,67,0.35460025920139854,0.1746801933124832,632,0
20,4,24,0.35460028052330017,False,1605,2.8703834759999154,confirmation,2015,2017,32_16,0.1,101227,0.8939873417721519,0.08955223880597014,67,0.35460025920139854,0.1746801933124832,632,0
50,4,54,0.35460028052330017,False,1605,6.1122555130000364,confirmation,2015,2017,32_16,0.1,101227,0.8939873417721519,0.08955223880597014,67,0.35460025920139854,0.1746801933124832,632,0
10,4,14,0.31985098123550415,False,1605,1.7019259869998677,confirmation,2015,2017,32_16,0.1,101228,0.8955696202531646,0.1044776119402985,67,0.319851002097056,0.15840619885875704,632,0
20,4,24,0.31985098123550415,False,1605,2.736727559999963,confirmation,2015,2017,32_16,0.1,101228,0.8955696202531646,0.1044776119402985,67,0.319851002097056,0.15840619885875704,632,0
50,4,54,0.31985098123550415,False,1605,5.982807299999877,confirmation,2015,2017,32_16,0.1,101228,0.8955696202531646,0.1044776119402985,67,0.319851002097056,0.15840619885875704,632,0
10,2,12,0.3832404613494873,False,1605,1.3314596169998367,confirmation,2015,2017,32_16,0.1,101229,0.8607594936708861,0.31343283582089554,67,0.38324043416238834,0.1983479204770018,632,0
20,2,22,0.3832404613494873,False,1605,2.3678652509997846,confirmation,2015,2017,32_16,0.1,101229,0.8607594936708861,0.31343283582089554,67,0.38324043416238834,0.1983479204770018,632,0
50,2,52,0.3832404613494873,False,1605,5.828266644999985,confirmation,2015,2017,32_16,0.1,101229,0.8607594936708861,0.31343283582089554,67,0.38324043416238834,0.1983479204770018,632,0
10,3,13,0.41415366530418396,False,1605,1.4339785900001516,confirmation,2015,2017,32_16,0.1,101230,0.8670886075949367,0.23880597014925373,67,0.4141536747324599,0.19302367235457252,632,0
20,3,23,0.41415366530418396,False,1605,2.4991384360000666,confirmation,2015,2017,32_16,0.1,101230,0.8670886075949367,0.23880597014925373,67,0.4141536747324599,0.19302367235457252,632,0
50,3,53,0.41415366530418396,False,1605,5.630170454000108,confirmation,2015,2017,32_16,0.1,101230,0.8670886075949367,0.23880597014925373,67,0.4141536747324599,0.19302367235457252,632,0
10,3,13,0.36375272274017334,False,1605,1.4732953189995897,confirmation,2015,2017,32_16,0.1,101231,0.8560126582278481,0.16417910447761194,67,0.3637527556098469,0.18579659926296804,632,0
20,3,23,0.36375272274017334,False,1605,2.5634359379996567,confirmation,2015,2017,32_16,0.1,101231,0.8560126582278481,0.16417910447761194,67,0.3637527556098469,0.18579659926296804,632,0
50,3,53,0.36375272274017334,False,1605,5.836993486999745,confirmation,2015,2017,32_16,0.1,101231,0.8560126582278481,0.16417910447761194,67,0.3637527556098469,0.18579659926296804,632,0
10,3,13,0.35802745819091797,False,1605,1.4641464520000227,confirmation,2015,2017,32_16,0.1,101232,0.8575949367088608,0.2537313432835821,67,0.3580274850886372,0.1927205571139638,632,0
20,3,23,0.35802745819091797,False,1605,2.5437803479999275,confirmation,2015,2017,32_16,0.1,101232,0.8575949367088608,0.2537313432835821,67,0.3580274850886372,0.1927205571139638,632,0
50,3,53,0.35802745819091797,False,1605,5.734372891000021,confirmation,2015,2017,32_16,0.1,101232,0.8575949367088608,0.2537313432835821,67,0.3580274850886372,0.1927205571139638,632,0
10,1,11,0.4410147964954376,False,1605,0.7194407930001034,confirmation,2015,2017,32_16,0.2,101223,0.8401898734177216,0.34328358208955223,67,0.4410147794273087,0.21876537293424228,632,0
20,1,21,0.4410147964954376,False,1605,1.3831863010000234,confirmation,2015,2017,32_16,0.2,101223,0.8401898734177216,0.34328358208955223,67,0.4410147794273087,0.21876537293424228,632,0
50,1,51,0.4410147964954376,False,1605,3.3113888520001638,confirmation,2015,2017,32_16,0.2,101223,0.8401898734177216,0.34328358208955223,67,0.4410147794273087,0.21876537293424228,632,0
10,1,11,0.32561925053596497,False,1605,0.7014540690001922,confirmation,2015,2017,32_16,0.2,101224,0.8623417721518988,0.1791044776119403,67,0.32561921922849174,0.172952634736861,632,0
20,1,21,0.32561925053596497,False,1605,1.3228644820001136,confirmation,2015,2017,32_16,0.2,101224,0.8623417721518988,0.1791044776119403,67,0.32561921922849174,0.172952634736861,632,0
50,1,51,0.32561925053596497,False,1605,4.321919665000223,confirmation,2015,2017,32_16,0.2,101224,0.8623417721518988,0.1791044776119403,67,0.32561921922849174,0.172952634736861,632,0
10,2,12,0.3221345841884613,False,1605,1.2358784170000945,confirmation,2015,2017,32_16,0.2,101225,0.8955696202531646,0.08955223880597014,67,0.3221345980566525,0.16131919778639064,632,0
20,2,22,0.3221345841884613,False,1605,2.274500301000444,confirmation,2015,2017,32_16,0.2,101225,0.8955696202531646,0.08955223880597014,67,0.3221345980566525,0.16131919778639064,632,0
50,2,52,0.3221345841884613,False,1605,5.619907395000155,confirmation,2015,2017,32_16,0.2,101225,0.8955696202531646,0.08955223880597014,67,0.3221345980566525,0.16131919778639064,632,0
10,2,12,0.3625524640083313,False,1605,1.4001946980001776,confirmation,2015,2017,32_16,0.2,101226,0.8623417721518988,0.34328358208955223,67,0.3625524914524354,0.18747423644886616,632,0
20,2,22,0.3625524640083313,False,1605,2.737971812000069,confirmation,2015,2017,32_16,0.2,101226,0.8623417721518988,0.34328358208955223,67,0.3625524914524354,0.18747423644886616,632,0
50,2,52,0.3625524640083313,False,1605,5.958796191000147,confirmation,2015,2017,32_16,0.2,101226,0.8623417721518988,0.34328358208955223,67,0.3625524914524354,0.18747423644886616,632,0
10,2,12,0.3593979775905609,False,1605,1.3739073329998064,confirmation,2015,2017,32_16,0.2,101227,0.8908227848101266,0.08955223880597014,67,0.359397969746439,0.177410382134012,632,0
20,2,22,0.3593979775905609,False,1605,2.557925404999878,confirmation,2015,2017,32_16,0.2,101227,0.8908227848101266,0.08955223880597014,67,0.359397969746439,0.177410382134012,632,0
50,2,52,0.3593979775905609,False,1605,6.006728715999998,confirmation,2015,2017,32_16,0.2,101227,0.8908227848101266,0.08955223880597014,67,0.359397969746439,0.177410382134012,632,0
10,1,11,0.3795686364173889,False,1605,1.349876108999979,confirmation,2015,2017,32_16,0.2,101228,0.8560126582278481,0.26865671641791045,67,0.37956862686186726,0.19434040591139148,632,0
20,1,21,0.3795686364173889,False,1605,2.3736422369997854,confirmation,2015,2017,32_16,0.2,101228,0.8560126582278481,0.26865671641791045,67,0.37956862686186726,0.19434040591139148,632,0
50,1,51,0.3795686364173889,False,1605,5.638825585999712,confirmation,2015,2017,32_16,0.2,101228,0.8560126582278481,0.26865671641791045,67,0.37956862686186726,0.19434040591139148,632,0
10,2,12,0.38159218430519104,False,1605,1.211305831000118,confirmation,2015,2017,32_16,0.2,101229,0.8829113924050633,0.08955223880597014,67,0.3815922151148569,0.18501699218290532,632,0
20,2,22,0.38159218430519104,False,1605,2.29342735299997,confirmation,2015,2017,32_16,0.2,101229,0.8829113924050633,0.08955223880597014,67,0.3815922151148569,0.18501699218290532,632,0
50,2,52,0.38159218430519104,False,1605,5.714007616999879,confirmation,2015,2017,32_16,0.2,101229,0.8829113924050633,0.08955223880597014,67,0.3815922151148569,0.18501699218290532,632,0
10,2,12,0.3802869915962219,False,1605,1.2747137460000886,confirmation,2015,2017,32_16,0.2,101230,0.8955696202531646,0.08955223880597014,67,0.38028697847626786,0.17780397689022406,632,0
20,2,22,0.3802869915962219,False,1605,2.3917112680001082,confirmation,2015,2017,32_16,0.2,101230,0.8955696202531646,0.08955223880597014,67,0.38028697847626786,0.17780397689022406,632,0
50,2,52,0.3802869915962219,False,1605,5.906202461000248,confirmation,2015,2017,32_16,0.2,101230,0.8955696202531646,0.08955223880597014,67,0.38028697847626786,0.17780397689022406,632,0
10,1,11,0.37660789489746094,False,1605,1.1771848260000297,confirmation,2015,2017,32_16,0.2,101231,0.8512658227848101,0.208955223880597,67,0.37660789881198514,0.20105363809931726,632,0
20,1,21,0.37660789489746094,False,1605,2.188070054000036,confirmation,2015,2017,32_16,0.2,101231,0.8512658227848101,0.208955223880597,67,0.37660789881198514,0.20105363809931726,632,0
50,1,51,0.37660789489746094,False,1605,5.6445254860000205,confirmation,2015,2017,32_16,0.2,101231,0.8512658227848101,0.208955223880597,67,0.37660789881198514,0.20105363809931726,632,0
10,3,13,0.375975102186203,False,1605,1.3522742049999579,confirmation,2015,2017,32_16,0.2,101232,0.8939873417721519,0.11940298507462686,67,0.3759751173051094,0.17413245614063916,632,0
20,3,23,0.375975102186203,False,1605,2.4353157279997504,confirmation,2015,2017,32_16,0.2,101232,0.8939873417721519,0.11940298507462686,67,0.3759751173051094,0.17413245614063916,632,0
50,3,53,0.375975102186203,False,1605,5.789755584999966,confirmation,2015,2017,32_16,0.2,101232,0.8939873417721519,0.11940298507462686,67,0.3759751173051094,0.17413245614063916,632,0
10,1,11,0.4364999234676361,False,1605,1.1588027150000926,confirmation,2015,2017,32_16,0.3,101223,0.8765822784810127,0.22388059701492538,67,0.4364999304937682,0.2056790088960715,632,0
20,1,21,0.4364999234676361,False,1605,2.245652279999831,confirmation,2015,2017,32_16,0.3,101223,0.8765822784810127,0.22388059701492538,67,0.4364999304937682,0.2056790088960715,632,0
50,1,51,0.4364999234676361,False,1605,5.716300873999899,confirmation,2015,2017,32_16,0.3,101223,0.8765822784810127,0.22388059701492538,67,0.4364999304937682,0.2056790088960715,632,0
10,1,11,0.3497331440448761,False,1605,1.1608116430002156,confirmation,2015,2017,32_16,0.3,101224,0.8908227848101266,0.07462686567164178,67,0.34973313226845254,0.17444738937095364,632,0
20,1,21,0.3497331440448761,False,1605,2.223789840000336,confirmation,2015,2017,32_16,0.3,101224,0.8908227848101266,0.07462686567164178,67,0.34973313226845254,0.17444738937095364,632,0
50,1,51,0.3497331440448761,False,1605,6.10189987800004,confirmation,2015,2017,32_16,0.3,101224,0.8908227848101266,0.07462686567164178,67,0.34973313226845254,0.17444738937095364,632,0
10,2,12,0.3372461497783661,False,1605,1.3242399060000025,confirmation,2015,2017,32_16,0.3,101225,0.8987341772151899,0.16417910447761194,67,0.33724614524700025,0.16390723787632183,632,0
20,2,22,0.3372461497783661,False,1605,2.386528472000009,confirmation,2015,2017,32_16,0.3,101225,0.8987341772151899,0.16417910447761194,67,0.33724614524700025,0.16390723787632183,632,0
50,2,52,0.3372461497783661,False,1605,5.972827859000063,confirmation,2015,2017,32_16,0.3,101225,0.8987341772151899,0.16417910447761194,67,0.33724614524700025,0.16390723787632183,632,0
10,2,12,0.34178754687309265,False,1605,1.2528875979996883,confirmation,2015,2017,32_16,0.3,101226,0.8987341772151899,0.23880597014925373,67,0.3417875216308784,0.16418849226875754,632,0
20,2,22,0.34178754687309265,False,1605,2.4586859369997,confirmation,2015,2017,32_16,0.3,101226,0.8987341772151899,0.23880597014925373,67,0.3417875216308784,0.16418849226875754,632,0
50,2,52,0.34178754687309265,False,1605,5.7762483409997,confirmation,2015,2017,32_16,0.3,101226,0.8987341772151899,0.23880597014925373,67,0.3417875216308784,0.16418849226875754,632,0
10,2,12,0.4300108850002289,False,1605,1.3164462630002163,confirmation,2015,2017,32_16,0.3,101227,0.8860759493670886,0.08955223880597014,67,0.43001088816576655,0.19931464826224557,632,0
20,2,22,0.4300108850002289,False,1605,2.3717382580002777,confirmation,2015,2017,32_16,0.3,101227,0.8860759493670886,0.08955223880597014,67,0.43001088816576655,0.19931464826224557,632,0
50,2,52,0.4300108850002289,False,1605,5.658420245999878,confirmation,2015,2017,32_16,0.3,101227,0.8860759493670886,0.08955223880597014,67,0.43001088816576655,0.19931464826224557,632,0
10,1,11,0.38868677616119385,False,1605,1.208593935999943,confirmation,2015,2017,32_16,0.3,101228,0.8939873417721519,0.16417910447761194,67,0.38868677461014983,0.1895708463351282,632,0
20,1,21,0.38868677616119385,False,1605,2.381125057999725,confirmation,2015,2017,32_16,0.3,101228,0.8939873417721519,0.16417910447761194,67,0.38868677461014983,0.1895708463351282,632,0
50,1,51,0.38868677616119385,False,1605,5.722907427999871,confirmation,2015,2017,32_16,0.3,101228,0.8939873417721519,0.16417910447761194,67,0.38868677461014983,0.1895708463351282,632,0
10,2,12,0.4580393433570862,False,1605,1.2561782050001966,confirmation,2015,2017,32_16,0.3,101229,0.8718354430379747,0.08955223880597014,67,0.4580393286739966,0.20624653177546004,632,0
20,15,35,0.4128934144973755,False,1605,3.7078174610001042,confirmation,2015,2017,32_16,0.3,101229,0.8955696202531646,0.16417910447761194,67,0.4128933646914145,0.17962124030047422,632,0
50,15,65,0.4128934144973755,False,1605,7.656548506000036,confirmation,2015,2017,32_16,0.3,101229,0.8955696202531646,0.16417910447761194,67,0.4128933646914145,0.17962124030047422,632,0
10,2,12,0.4208357036113739,False,1605,1.2936766849998094,confirmation,2015,2017,32_16,0.3,101230,0.8908227848101266,0.08955223880597014,67,0.4208356960694327,0.19692193650790527,632,0
20,2,22,0.4208357036113739,False,1605,2.4783951099998376,confirmation,2015,2017,32_16,0.3,101230,0.8908227848101266,0.08955223880597014,67,0.4208356960694327,0.19692193650790527,632,0
50,2,52,0.4208357036113739,False,1605,5.7260330109997994,confirmation,2015,2017,32_16,0.3,101230,0.8908227848101266,0.08955223880597014,67,0.4208356960694327,0.19692193650790527,632,0
10,1,11,0.38388994336128235,False,1605,1.1357908100003442,confirmation,2015,2017,32_16,0.3,101231,0.8939873417721519,0.08955223880597014,67,0.38388993716552783,0.18866251389860483,632,0
20,1,21,0.38388994336128235,False,1605,2.381264784999985,confirmation,2015,2017,32_16,0.3,101231,0.8939873417721519,0.08955223880597014,67,0.38388993716552783,0.18866251389860483,632,0
50,1,51,0.38388994336128235,False,1605,5.662187063000147,confirmation,2015,2017,32_16,0.3,101231,0.8939873417721519,0.08955223880597014,67,0.38388993716552783,0.18866251389860483,632,0
10,3,13,0.3988189995288849,False,1605,1.3930605390000892,confirmation,2015,2017,32_16,0.3,101232,0.8939873417721519,0.14925373134328357,67,0.39881901191842334,0.17552630862972474,632,0
20,3,23,0.3988189995288849,False,1605,2.6246643340000446,confirmation,2015,2017,32_16,0.3,101232,0.8939873417721519,0.14925373134328357,67,0.39881901191842334,0.17552630862972474,632,0
50,3,53,0.3988189995288849,False,1605,5.793481501000315,confirmation,2015,2017,32_16,0.3,101232,0.8939873417721519,0.14925373134328357,67,0.39881901191842334,0.17552630862972474,632,0
10,1,11,0.4843594431877136,False,1605,1.1873373940002239,confirmation,2015,2017,32_16,0.5,101223,0.8718354430379747,0.14925373134328357,67,0.4843594543775052,0.20912290096164052,632,0
20,1,21,0.4843594431877136,False,1605,2.2865783719998944,confirmation,2015,2017,32_16,0.5,101223,0.8718354430379747,0.14925373134328357,67,0.4843594543775052,0.20912290096164052,632,0
50,1,51,0.4843594431877136,False,1605,5.602678775000186,confirmation,2015,2017,32_16,0.5,101223,0.8718354430379747,0.14925373134328357,67,0.4843594543775052,0.20912290096164052,632,0
10,6,16,0.41050657629966736,False,1605,1.875720562999959,confirmation,2015,2017,32_16,0.5,101224,0.8924050632911392,0.08955223880597014,67,0.4105065900031138,0.1851699082826495,632,0
20,6,26,0.41050657629966736,False,1605,2.9055709449999085,confirmation,2015,2017,32_16,0.5,101224,0.8924050632911392,0.08955223880597014,67,0.4105065900031138,0.1851699082826495,632,0
50,6,56,0.41050657629966736,False,1605,6.140224262000174,confirmation,2015,2017,32_16,0.5,101224,0.8924050632911392,0.08955223880597014,67,0.4105065900031138,0.1851699082826495,632,0
10,2,12,0.34153786301612854,False,1605,1.2899301110001034,confirmation,2015,2017,32_16,0.5,101225,0.9003164556962026,0.19402985074626866,67,0.3415378432463267,0.1658507279327154,632,0
20,2,22,0.34153786301612854,False,1605,2.360120799000015,confirmation,2015,2017,32_16,0.5,101225,0.9003164556962026,0.19402985074626866,67,0.3415378432463267,0.1658507279327154,632,0
50,2,52,0.34153786301612854,False,1605,5.6551125740002135,confirmation,2015,2017,32_16,0.5,101225,0.9003164556962026,0.19402985074626866,67,0.3415378432463267,0.1658507279327154,632,0
10,2,12,0.38574832677841187,False,1605,1.4097000560000197,confirmation,2015,2017,32_16,0.5,101226,0.8971518987341772,0.22388059701492538,67,0.3857483410698616,0.17230228232738862,632,0
20,2,22,0.38574832677841187,False,1605,2.5606759850002163,confirmation,2015,2017,32_16,0.5,101226,0.8971518987341772,0.22388059701492538,67,0.3857483410698616,0.17230228232738862,632,0
50,2,52,0.38574832677841187,False,1605,5.861202588000197,confirmation,2015,2017,32_16,0.5,101226,0.8971518987341772,0.22388059701492538,67,0.3857483410698616,0.17230228232738862,632,0
10,7,17,0.47951212525367737,False,1605,1.9603948630001469,confirmation,2015,2017,32_16,0.5,101227,0.8876582278481012,0.08955223880597014,67,0.47951217413163866,0.20284210895795285,632,0
20,21,41,0.43558135628700256,False,1605,4.491983848000018,confirmation,2015,2017,32_16,0.5,101227,0.8971518987341772,0.1044776119402985,67,0.435581376121977,0.1836672345318899,632,0
50,21,71,0.43558135628700256,False,1605,8.01147861499976,confirmation,2015,2017,32_16,0.5,101227,0.8971518987341772,0.1044776119402985,67,0.435581376121977,0.1836672345318899,632,0
10,1,11,0.4726267457008362,False,1605,1.1429130219999024,confirmation,2015,2017,32_16,0.5,101228,0.8908227848101266,0.08955223880597014,67,0.47262673624563534,0.19624045400519766,632,0
20,1,21,0.4726267457008362,False,1605,2.261204395999812,confirmation,2015,2017,32_16,0.5,101228,0.8908227848101266,0.08955223880597014,67,0.47262673624563534,0.19624045400519766,632,0
50,1,51,0.4726267457008362,False,1605,5.594872429000134,confirmation,2015,2017,32_16,0.5,101228,0.8908227848101266,0.08955223880597014,67,0.47262673624563534,0.19624045400519766,632,0
10,15,25,0.41096192598342896,False,1605,3.0257630800001607,confirmation,2015,2017,32_16,0.5,101229,0.870253164556962,0.31343283582089554,67,0.4109619272685863,0.1900135743294876,632,0
20,15,35,0.41096192598342896,False,1605,4.19741849500042,confirmation,2015,2017,32_16,0.5,101229,0.870253164556962,0.31343283582089554,67,0.4109619272685863,0.1900135743294876,632,0
50,15,65,0.41096192598342896,False,1605,7.60141136600032,confirmation,2015,2017,32_16,0.5,101229,0.870253164556962,0.31343283582089554,67,0.4109619272685863,0.1900135743294876,632,0
10,6,16,0.4074203372001648,False,1605,1.6482161929998256,confirmation,2015,2017,32_16,0.5,101230,0.8939873417721519,0.14925373134328357,67,0.4074203591973687,0.17816703314657711,632,0
20,6,26,0.4074203372001648,False,1605,2.856649235999612,confirmation,2015,2017,32_16,0.5,101230,0.8939873417721519,0.14925373134328357,67,0.4074203591973687,0.17816703314657711,632,0
50,6,56,0.4074203372001648,False,1605,6.097921867999958,confirmation,2015,2017,32_16,0.5,101230,0.8939873417721519,0.14925373134328357,67,0.4074203591973687,0.17816703314657711,632,0
10,1,11,0.47197186946868896,False,1605,1.2876745150001625,confirmation,2015,2017,32_16,0.5,101231,0.8670886075949367,0.04477611940298507,67,0.47197186077090564,0.21072641520001548,632,0
20,1,21,0.47197186946868896,False,1605,2.4616917019998255,confirmation,2015,2017,32_16,0.5,101231,0.8670886075949367,0.04477611940298507,67,0.47197186077090564,0.21072641520001548,632,0
50,1,51,0.47197186946868896,False,1605,5.681679924000036,confirmation,2015,2017,32_16,0.5,101231,0.8670886075949367,0.04477611940298507,67,0.47197186077090564,0.21072641520001548,632,0
10,3,13,0.4303802251815796,False,1605,1.6090605459999097,confirmation,2015,2017,32_16,0.5,101232,0.8939873417721519,0.13432835820895522,67,0.4303801613004891,0.17837793171926303,632,0
20,3,23,0.4303802251815796,False,1605,2.7815500609999617,confirmation,2015,2017,32_16,0.5,101232,0.8939873417721519,0.13432835820895522,67,0.4303801613004891,0.17837793171926303,632,0
50,3,53,0.4303802251815796,False,1605,6.104488181999841,confirmation,2015,2017,32_16,0.5,101232,0.8939873417721519,0.13432835820895522,67,0.4303801613004891,0.17837793171926303,632,0
10,7,17,0.4285013675689697,False,1605,2.0344650990000446,confirmation,2015,2017,32_16,1.0,101223,0.8955696202531646,0.08955223880597014,67,0.4285014020487426,0.19369993520566087,632,0
20,7,27,0.4285013675689697,False,1605,3.2544048929999008,confirmation,2015,2017,32_16,1.0,101223,0.8955696202531646,0.08955223880597014,67,0.4285014020487426,0.19369993520566087,632,0
50,7,57,0.4285013675689697,False,1605,6.497177603000182,confirmation,2015,2017,32_16,1.0,101223,0.8955696202531646,0.08955223880597014,67,0.4285014020487426,0.19369993520566087,632,0
10,15,25,0.42604008316993713,False,1605,2.812407122999957,confirmation,2015,2017,32_16,1.0,101224,0.8939873417721519,0.07462686567164178,67,0.4260400928056862,0.18307785342723984,632,0
20,15,35,0.42604008316993713,False,1605,3.934392694000053,confirmation,2015,2017,32_16,1.0,101224,0.8939873417721519,0.07462686567164178,67,0.4260400928056862,0.18307785342723984,632,0
50,15,65,0.42604008316993713,False,1605,7.665009084999838,confirmation,2015,2017,32_16,1.0,101224,0.8939873417721519,0.07462686567164178,67,0.4260400928056862,0.18307785342723984,632,0
10,2,12,0.36226198077201843,False,1605,1.232871688999694,confirmation,2015,2017,32_16,1.0,101225,0.875,0.16417910447761194,67,0.3622619553447617,0.18859653472511026,632,0
20,2,22,0.36226198077201843,False,1605,2.3591978800000106,confirmation,2015,2017,32_16,1.0,101225,0.875,0.16417910447761194,67,0.3622619553447617,0.18859653472511026,632,0
50,2,52,0.36226198077201843,False,1605,5.587993503999769,confirmation,2015,2017,32_16,1.0,101225,0.875,0.16417910447761194,67,0.3622619553447617,0.18859653472511026,632,0
10,2,12,0.45287391543388367,False,1605,1.2804607309999483,confirmation,2015,2017,32_16,1.0,101226,0.8939873417721519,0.14925373134328357,67,0.4528739830778639,0.1798786156040575,632,0
20,2,22,0.45287391543388367,False,1605,2.4504633869996724,confirmation,2015,2017,32_16,1.0,101226,0.8939873417721519,0.14925373134328357,67,0.4528739830778639,0.1798786156040575,632,0
50,2,52,0.45287391543388367,False,1605,5.6070662600000105,confirmation,2015,2017,32_16,1.0,101226,0.8939873417721519,0.14925373134328357,67,0.4528739830778639,0.1798786156040575,632,0
10,5,15,0.516530454158783,False,1605,1.8264703740001096,confirmation,2015,2017,32_16,1.0,101227,0.8623417721518988,0.13432835820895522,67,0.516530391761668,0.23284348561781154,632,0
20,5,25,0.516530454158783,False,1605,2.8505096960002447,confirmation,2015,2017,32_16,1.0,101227,0.8623417721518988,0.13432835820895522,67,0.516530391761668,0.23284348561781154,632,0
50,5,55,0.516530454158783,False,1605,6.098603801000081,confirmation,2015,2017,32_16,1.0,101227,0.8623417721518988,0.13432835820895522,67,0.516530391761668,0.23284348561781154,632,0
10,1,11,0.6461214423179626,False,1605,1.4059918279999692,confirmation,2015,2017,32_16,1.0,101228,0.8876582278481012,0.07462686567164178,67,0.6461214112007319,0.21038441110722034,632,0
20,1,21,0.6461214423179626,False,1605,2.49906449800028,confirmation,2015,2017,32_16,1.0,101228,0.8876582278481012,0.07462686567164178,67,0.6461214112007319,0.21038441110722034,632,0
50,1,51,0.6461214423179626,False,1605,5.747650822000196,confirmation,2015,2017,32_16,1.0,101228,0.8876582278481012,0.07462686567164178,67,0.6461214112007319,0.21038441110722034,632,0
10,13,23,0.5095999240875244,False,1605,2.6591243649995704,confirmation,2015,2017,32_16,1.0,101229,0.8908227848101266,0.08955223880597014,67,0.5095999516373387,0.19436621690848935,632,0
20,13,33,0.5095999240875244,False,1605,3.751290076999794,confirmation,2015,2017,32_16,1.0,101229,0.8908227848101266,0.08955223880597014,67,0.5095999516373387,0.19436621690848935,632,0
50,13,63,0.5095999240875244,False,1605,7.304776367999693,confirmation,2015,2017,32_16,1.0,101229,0.8908227848101266,0.08955223880597014,67,0.5095999516373387,0.19436621690848935,632,0
10,2,12,0.5376278162002563,False,1605,1.9890571519999867,confirmation,2015,2017,32_16,1.0,101230,0.8860759493670886,0.08955223880597014,67,0.5376277840574147,0.20636753107971795,632,0
20,16,36,0.4603056013584137,False,1605,6.151560664000044,confirmation,2015,2017,32_16,1.0,101230,0.870253164556962,0.11940298507462686,67,0.4603056879100172,0.2122435848046141,632,0
50,16,66,0.4603056013584137,False,1605,9.61651898900027,confirmation,2015,2017,32_16,1.0,101230,0.870253164556962,0.11940298507462686,67,0.4603056879100172,0.2122435848046141,632,0
10,1,11,0.48848894238471985,False,1605,1.3528194279997479,confirmation,2015,2017,32_16,1.0,101231,0.865506329113924,0.04477611940298507,67,0.48848890491663466,0.21463705267864394,632,0
20,1,21,0.48848894238471985,False,1605,2.4085439069999666,confirmation,2015,2017,32_16,1.0,101231,0.865506329113924,0.04477611940298507,67,0.48848890491663466,0.21463705267864394,632,0
50,1,51,0.48848894238471985,False,1605,5.7876511389999905,confirmation,2015,2017,32_16,1.0,101231,0.865506329113924,0.04477611940298507,67,0.48848890491663466,0.21463705267864394,632,0
10,3,13,0.527279794216156,False,1605,1.6105729239998254,confirmation,2015,2017,32_16,1.0,101232,0.9003164556962026,0.29850746268656714,67,0.5272798096266017,0.18247354963447612,632,0
20,3,23,0.527279794216156,False,1605,2.761012255999958,confirmation,2015,2017,32_16,1.0,101232,0.9003164556962026,0.29850746268656714,67,0.5272798096266017,0.18247354963447612,632,0
50,46,96,0.5076801180839539,False,1605,11.014169212999604,confirmation,2015,2017,32_16,1.0,101232,0.8686708860759493,0.08955223880597014,67,0.5076801622322905,0.21163623912929824,632,0
10,26,36,0.317121684551239,False,581,2.331182511999941,confirmation,2015,2017,16,0.01,101223,0.8908227848101266,0.11940298507462686,67,0.3171217235193594,0.16917800066856317,632,0
20,26,46,0.317121684551239,False,581,2.970296990999941,confirmation,2015,2017,16,0.01,101223,0.8908227848101266,0.11940298507462686,67,0.3171217235193594,0.16917800066856317,632,0
50,26,76,0.317121684551239,False,581,4.772926472000108,confirmation,2015,2017,16,0.01,101223,0.8908227848101266,0.11940298507462686,67,0.3171217235193594,0.16917800066856317,632,0
10,15,25,0.2936224341392517,False,581,1.50211192200004,confirmation,2015,2017,16,0.01,101224,0.8971518987341772,0.11940298507462686,67,0.2936224564862906,0.1554097689486438,632,0
20,15,35,0.2936224341392517,False,581,2.105518550999932,confirmation,2015,2017,16,0.01,101224,0.8971518987341772,0.11940298507462686,67,0.2936224564862906,0.1554097689486438,632,0
50,15,65,0.2936224341392517,False,581,3.8933815800000957,confirmation,2015,2017,16,0.01,101224,0.8971518987341772,0.11940298507462686,67,0.2936224564862906,0.1554097689486438,632,0
10,16,26,0.2905452251434326,False,581,1.5903456460000598,confirmation,2015,2017,16,0.01,101225,0.8971518987341772,0.08955223880597014,67,0.29054522117559806,0.15425614841722743,632,0
20,16,36,0.2905452251434326,False,581,2.2167895110001155,confirmation,2015,2017,16,0.01,101225,0.8971518987341772,0.08955223880597014,67,0.29054522117559806,0.15425614841722743,632,0
50,16,66,0.2905452251434326,False,581,3.9376027039998007,confirmation,2015,2017,16,0.01,101225,0.8971518987341772,0.08955223880597014,67,0.29054522117559806,0.15425614841722743,632,0
10,11,21,0.3272136151790619,False,581,2.2234959050001635,confirmation,2015,2017,16,0.01,101226,0.8971518987341772,0.11940298507462686,67,0.3272136090818278,0.1686630183065423,632,0
20,11,31,0.3272136151790619,False,581,3.172403185999883,confirmation,2015,2017,16,0.01,101226,0.8971518987341772,0.11940298507462686,67,0.3272136090818278,0.1686630183065423,632,0
50,11,61,0.3272136151790619,False,581,6.20147391699993,confirmation,2015,2017,16,0.01,101226,0.8971518987341772,0.11940298507462686,67,0.3272136090818278,0.1686630183065423,632,0
10,19,29,0.2824370265007019,False,581,3.2926612410001326,confirmation,2015,2017,16,0.01,101227,0.9034810126582279,0.14925373134328357,67,0.2824370337090683,0.14761186681114774,632,0
20,19,39,0.2824370265007019,False,581,4.660975239000436,confirmation,2015,2017,16,0.01,101227,0.9034810126582279,0.14925373134328357,67,0.2824370337090683,0.14761186681114774,632,0
50,19,69,0.2824370265007019,False,581,8.107729434000248,confirmation,2015,2017,16,0.01,101227,0.9034810126582279,0.14925373134328357,67,0.2824370337090683,0.14761186681114774,632,0
10,17,27,0.3374565839767456,False,581,2.8878816739998,confirmation,2015,2017,16,0.01,101228,0.8876582278481012,0.08955223880597014,67,0.3374565513928872,0.17535890011709515,632,0
20,17,37,0.3374565839767456,False,581,3.9278935429997546,confirmation,2015,2017,16,0.01,101228,0.8876582278481012,0.08955223880597014,67,0.3374565513928872,0.17535890011709515,632,0
50,17,67,0.3374565839767456,False,581,6.980407670999739,confirmation,2015,2017,16,0.01,101228,0.8876582278481012,0.08955223880597014,67,0.3374565513928872,0.17535890011709515,632,0
10,15,25,0.29384490847587585,False,581,2.5929269069997645,confirmation,2015,2017,16,0.01,101229,0.9003164556962026,0.13432835820895522,67,0.2938449008294412,0.15259276805815866,632,0
20,15,35,0.29384490847587585,False,581,3.5250909719998162,confirmation,2015,2017,16,0.01,101229,0.9003164556962026,0.13432835820895522,67,0.2938449008294412,0.15259276805815866,632,0
50,15,65,0.29384490847587585,False,581,6.457682444999591,confirmation,2015,2017,16,0.01,101229,0.9003164556962026,0.13432835820895522,67,0.2938449008294412,0.15259276805815866,632,0
10,21,31,0.3424485921859741,False,581,3.1949862139999823,confirmation,2015,2017,16,0.01,101230,0.8939873417721519,0.08955223880597014,67,0.342448572238918,0.17874482111721762,632,0
20,21,41,0.3424485921859741,False,581,4.164703565000309,confirmation,2015,2017,16,0.01,101230,0.8939873417721519,0.08955223880597014,67,0.342448572238918,0.17874482111721762,632,0
50,21,71,0.3424485921859741,False,581,7.288444639000318,confirmation,2015,2017,16,0.01,101230,0.8939873417721519,0.08955223880597014,67,0.342448572238918,0.17874482111721762,632,0
10,12,22,0.3779700696468353,False,581,2.3147757130000173,confirmation,2015,2017,16,0.01,101231,0.8496835443037974,0.22388059701492538,67,0.37797007855828696,0.20620253628990629,632,0
20,12,32,0.3779700696468353,False,581,3.366532389999975,confirmation,2015,2017,16,0.01,101231,0.8496835443037974,0.22388059701492538,67,0.37797007855828696,0.20620253628990629,632,0
50,12,62,0.3779700696468353,False,581,6.487676362999991,confirmation,2015,2017,16,0.01,101231,0.8496835443037974,0.22388059701492538,67,0.37797007855828696,0.20620253628990629,632,0
10,17,27,0.32745787501335144,False,581,2.7951289620000352,confirmation,2015,2017,16,0.01,101232,0.9018987341772152,0.14925373134328357,67,0.327457880622923,0.17399617231347372,632,0
20,17,37,0.32745787501335144,False,581,3.799558779000108,confirmation,2015,2017,16,0.01,101232,0.9018987341772152,0.14925373134328357,67,0.327457880622923,0.17399617231347372,632,0
50,17,67,0.32745787501335144,False,581,6.825856398999804,confirmation,2015,2017,16,0.01,101232,0.9018987341772152,0.14925373134328357,67,0.327457880622923,0.17399617231347372,632,0
10,9,19,0.3155766725540161,False,581,1.1212806759999694,confirmation,2015,2017,16,0.03,101223,0.8924050632911392,0.08955223880597014,67,0.31557671477863186,0.16774875246840074,632,0
20,9,29,0.3155766725540161,False,581,1.7171056840002166,confirmation,2015,2017,16,0.03,101223,0.8924050632911392,0.08955223880597014,67,0.31557671477863186,0.16774875246840074,632,0
50,9,59,0.3155766725540161,False,581,3.4915512920001675,confirmation,2015,2017,16,0.03,101223,0.8924050632911392,0.08955223880597014,67,0.31557671477863186,0.16774875246840074,632,0
10,5,15,0.29431816935539246,False,581,0.8772690669998155,confirmation,2015,2017,16,0.03,101224,0.8971518987341772,0.11940298507462686,67,0.2943181819950651,0.1556477121489152,632,0
20,5,25,0.29431816935539246,False,581,1.464842256999873,confirmation,2015,2017,16,0.03,101224,0.8971518987341772,0.11940298507462686,67,0.2943181819950651,0.1556477121489152,632,0
50,5,55,0.29431816935539246,False,581,3.2225453239998387,confirmation,2015,2017,16,0.03,101224,0.8971518987341772,0.11940298507462686,67,0.2943181819950651,0.1556477121489152,632,0
10,5,15,0.2916465997695923,False,581,0.9530809180000688,confirmation,2015,2017,16,0.03,101225,0.8971518987341772,0.08955223880597014,67,0.29164661762112354,0.15379136729195866,632,0
20,5,25,0.2916465997695923,False,581,1.5727694049996899,confirmation,2015,2017,16,0.03,101225,0.8971518987341772,0.08955223880597014,67,0.29164661762112354,0.15379136729195866,632,0
50,5,55,0.2916465997695923,False,581,3.4134822500000155,confirmation,2015,2017,16,0.03,101225,0.8971518987341772,0.08955223880597014,67,0.29164661762112354,0.15379136729195866,632,0
10,4,14,0.3223746716976166,False,581,1.362556277999829,confirmation,2015,2017,16,0.03,101226,0.8955696202531646,0.1044776119402985,67,0.32237467744562326,0.16713897294813293,632,0
20,4,24,0.3223746716976166,False,581,2.438247133999994,confirmation,2015,2017,16,0.03,101226,0.8955696202531646,0.1044776119402985,67,0.32237467744562326,0.16713897294813293,632,0
50,4,54,0.3223746716976166,False,581,5.760984954999913,confirmation,2015,2017,16,0.03,101226,0.8955696202531646,0.1044776119402985,67,0.32237467744562326,0.16713897294813293,632,0
10,6,16,0.28319382667541504,False,581,1.5566197149996697,confirmation,2015,2017,16,0.03,101227,0.9050632911392406,0.1791044776119403,67,0.2831938326337651,0.14753529632206347,632,0
20,6,26,0.28319382667541504,False,581,2.6380636829999276,confirmation,2015,2017,16,0.03,101227,0.9050632911392406,0.1791044776119403,67,0.2831938326337651,0.14753529632206347,632,0
50,6,56,0.28319382667541504,False,581,5.7221184119998725,confirmation,2015,2017,16,0.03,101227,0.9050632911392406,0.1791044776119403,67,0.2831938326337651,0.14753529632206347,632,0
10,5,15,0.3329692780971527,False,581,1.5293421800001852,confirmation,2015,2017,16,0.03,101228,0.8939873417721519,0.08955223880597014,67,0.33296929488324134,0.1738994761745523,632,0
20,5,25,0.3329692780971527,False,581,2.717372090000026,confirmation,2015,2017,16,0.03,101228,0.8939873417721519,0.08955223880597014,67,0.33296929488324134,0.1738994761745523,632,0
50,5,55,0.3329692780971527,False,581,5.908149624000089,confirmation,2015,2017,16,0.03,101228,0.8939873417721519,0.08955223880597014,67,0.33296929488324134,0.1738994761745523,632,0
10,5,15,0.29380565881729126,False,581,1.4108317300001545,confirmation,2015,2017,16,0.03,101229,0.8987341772151899,0.13432835820895522,67,0.2938056709820512,0.15263344247179855,632,0
20,5,25,0.29380565881729126,False,581,2.5101199750001797,confirmation,2015,2017,16,0.03,101229,0.8987341772151899,0.13432835820895522,67,0.2938056709820512,0.15263344247179855,632,0
50,5,55,0.29380565881729126,False,581,5.449308688000201,confirmation,2015,2017,16,0.03,101229,0.8987341772151899,0.13432835820895522,67,0.2938056709820512,0.15263344247179855,632,0
10,7,17,0.3440881371498108,False,581,1.7641775970000708,confirmation,2015,2017,16,0.03,101230,0.8939873417721519,0.08955223880597014,67,0.34408812153758495,0.1793305044160987,632,0
20,7,27,0.3440881371498108,False,581,2.867531068000062,confirmation,2015,2017,16,0.03,101230,0.8939873417721519,0.08955223880597014,67,0.34408812153758495,0.1793305044160987,632,0
50,7,57,0.3440881371498108,False,581,5.783434015000239,confirmation,2015,2017,16,0.03,101230,0.8939873417721519,0.08955223880597014,67,0.34408812153758495,0.1793305044160987,632,0
10,4,14,0.3773341476917267,False,581,1.439403418999973,confirmation,2015,2017,16,0.03,101231,0.8496835443037974,0.22388059701492538,67,0.37733418945767794,0.20611730861459826,632,0
20,4,24,0.3773341476917267,False,581,2.490568524999617,confirmation,2015,2017,16,0.03,101231,0.8496835443037974,0.22388059701492538,67,0.37733418945767794,0.20611730861459826,632,0
50,4,54,0.3773341476917267,False,581,5.734671873000025,confirmation,2015,2017,16,0.03,101231,0.8496835443037974,0.22388059701492538,67,0.37733418945767794,0.20611730861459826,632,0
10,6,16,0.32584306597709656,False,581,1.6344184790000327,confirmation,2015,2017,16,0.03,101232,0.9003164556962026,0.13432835820895522,67,0.32584305319484475,0.1719006865802195,632,0
20,6,26,0.32584306597709656,False,581,2.7050089690001187,confirmation,2015,2017,16,0.03,101232,0.9003164556962026,0.13432835820895522,67,0.32584305319484475,0.1719006865802195,632,0
50,6,56,0.32584306597709656,False,581,5.642706248000195,confirmation,2015,2017,16,0.03,101232,0.9003164556962026,0.13432835820895522,67,0.32584305319484475,0.1719006865802195,632,0
10,5,15,0.317681223154068,False,581,0.8777365589999135,confirmation,2015,2017,16,0.05,101223,0.8765822784810127,0.16417910447761194,67,0.3176812223911976,0.17013965014500063,632,0
20,5,25,0.317681223154068,False,581,1.4440751010001804,confirmation,2015,2017,16,0.05,101223,0.8765822784810127,0.16417910447761194,67,0.3176812223911976,0.17013965014500063,632,0
50,5,55,0.317681223154068,False,581,3.271022076999998,confirmation,2015,2017,16,0.05,101223,0.8765822784810127,0.16417910447761194,67,0.3176812223911976,0.17013965014500063,632,0
10,3,13,0.2950986325740814,False,581,0.7334757500002524,confirmation,2015,2017,16,0.05,101224,0.8971518987341772,0.11940298507462686,67,0.2950986331198506,0.1554063620730276,632,0
20,3,23,0.2950986325740814,False,581,1.3592166810003619,confirmation,2015,2017,16,0.05,101224,0.8971518987341772,0.11940298507462686,67,0.2950986331198506,0.1554063620730276,632,0
50,3,53,0.2950986325740814,False,581,3.0493584690002535,confirmation,2015,2017,16,0.05,101224,0.8971518987341772,0.11940298507462686,67,0.2950986331198506,0.1554063620730276,632,0
10,3,13,0.29104670882225037,False,581,0.8477010749998044,confirmation,2015,2017,16,0.05,101225,0.8971518987341772,0.08955223880597014,67,0.291046708337045,0.15328084761770824,632,0
20,3,23,0.29104670882225037,False,581,1.4537215469999865,confirmation,2015,2017,16,0.05,101225,0.8971518987341772,0.08955223880597014,67,0.291046708337045,0.15328084761770824,632,0
50,3,53,0.29104670882225037,False,581,3.2309421260001727,confirmation,2015,2017,16,0.05,101225,0.8971518987341772,0.08955223880597014,67,0.291046708337045,0.15328084761770824,632,0
10,2,12,0.32019731402397156,False,581,1.2413494419997733,confirmation,2015,2017,16,0.05,101226,0.8939873417721519,0.14925373134328357,67,0.3201973472744671,0.16401931322228722,632,0
20,2,22,0.32019731402397156,False,581,2.3002510369997253,confirmation,2015,2017,16,0.05,101226,0.8939873417721519,0.14925373134328357,67,0.3201973472744671,0.16401931322228722,632,0
50,2,52,0.32019731402397156,False,581,5.381950450999739,confirmation,2015,2017,16,0.05,101226,0.8939873417721519,0.14925373134328357,67,0.3201973472744671,0.16401931322228722,632,0
10,4,14,0.28245460987091064,False,581,1.538564506000057,confirmation,2015,2017,16,0.05,101227,0.9034810126582279,0.16417910447761194,67,0.28245459208200935,0.14766521483577472,632,0
20,4,24,0.28245460987091064,False,581,2.6164132989997597,confirmation,2015,2017,16,0.05,101227,0.9034810126582279,0.16417910447761194,67,0.28245459208200935,0.14766521483577472,632,0
50,4,54,0.28245460987091064,False,581,5.552805691999765,confirmation,2015,2017,16,0.05,101227,0.9034810126582279,0.16417910447761194,67,0.28245459208200935,0.14766521483577472,632,0
10,4,14,0.32794189453125,False,581,1.4473041380001632,confirmation,2015,2017,16,0.05,101228,0.8955696202531646,0.08955223880597014,67,0.3279418796656631,0.17141523933055294,632,0
20,4,24,0.32794189453125,False,581,2.5915472420001606,confirmation,2015,2017,16,0.05,101228,0.8955696202531646,0.08955223880597014,67,0.3279418796656631,0.17141523933055294,632,0
50,4,54,0.32794189453125,False,581,6.265933291999772,confirmation,2015,2017,16,0.05,101228,0.8955696202531646,0.08955223880597014,67,0.3279418796656631,0.17141523933055294,632,0
10,3,13,0.29685142636299133,False,581,1.3517007299997204,confirmation,2015,2017,16,0.05,101229,0.8987341772151899,0.13432835820895522,67,0.2968514286612068,0.15444250483244057,632,0
20,3,23,0.29685142636299133,False,581,2.39454909899996,confirmation,2015,2017,16,0.05,101229,0.8987341772151899,0.13432835820895522,67,0.2968514286612068,0.15444250483244057,632,0
50,3,53,0.29685142636299133,False,581,5.380309648000093,confirmation,2015,2017,16,0.05,101229,0.8987341772151899,0.13432835820895522,67,0.2968514286612068,0.15444250483244057,632,0
10,4,14,0.34706413745880127,False,581,1.3597690980000152,confirmation,2015,2017,16,0.05,101230,0.8939873417721519,0.08955223880597014,67,0.34706411815801747,0.1822181817087221,632,0
20,4,24,0.34706413745880127,False,581,2.5046013250002943,confirmation,2015,2017,16,0.05,101230,0.8939873417721519,0.08955223880597014,67,0.34706411815801747,0.1822181817087221,632,0
50,4,54,0.34706413745880127,False,581,5.440598909000073,confirmation,2015,2017,16,0.05,101230,0.8939873417721519,0.08955223880597014,67,0.34706411815801747,0.1822181817087221,632,0
10,3,13,0.37968528270721436,False,581,1.313730878000115,confirmation,2015,2017,16,0.05,101231,0.8449367088607594,0.19402985074626866,67,0.37968527319586176,0.20742665848098898,632,0
20,3,23,0.37968528270721436,False,581,2.313369015999797,confirmation,2015,2017,16,0.05,101231,0.8449367088607594,0.19402985074626866,67,0.37968527319586176,0.20742665848098898,632,0
50,3,53,0.37968528270721436,False,581,5.30011761500009,confirmation,2015,2017,16,0.05,101231,0.8449367088607594,0.19402985074626866,67,0.37968527319586176,0.20742665848098898,632,0
10,4,14,0.3341873586177826,False,581,1.3102281010001207,confirmation,2015,2017,16,0.05,101232,0.9003164556962026,0.11940298507462686,67,0.33418737078028704,0.1734982268018536,632,0
20,4,24,0.3341873586177826,False,581,2.561694919999809,confirmation,2015,2017,16,0.05,101232,0.9003164556962026,0.11940298507462686,67,0.33418737078028704,0.1734982268018536,632,0
50,4,54,0.3341873586177826,False,581,5.859875087000091,confirmation,2015,2017,16,0.05,101232,0.9003164556962026,0.11940298507462686,67,0.33418737078028704,0.1734982268018536,632,0
10,3,13,0.32628297805786133,False,581,0.7569634080000469,confirmation,2015,2017,16,0.1,101223,0.8939873417721519,0.08955223880597014,67,0.3262830061244944,0.1700082813397968,632,0
20,3,23,0.32628297805786133,False,581,1.3413685059999807,confirmation,2015,2017,16,0.1,101223,0.8939873417721519,0.08955223880597014,67,0.3262830061244944,0.1700082813397968,632,0
50,3,53,0.32628297805786133,False,581,3.0275326030000542,confirmation,2015,2017,16,0.1,101223,0.8939873417721519,0.08955223880597014,67,0.3262830061244944,0.1700082813397968,632,0
10,2,12,0.31712502241134644,False,581,0.8117172889997164,confirmation,2015,2017,16,0.1,101224,0.8955696202531646,0.1044776119402985,67,0.31712502230906575,0.16869077105873567,632,0
20,2,22,0.31712502241134644,False,581,1.4129617969997526,confirmation,2015,2017,16,0.1,101224,0.8955696202531646,0.1044776119402985,67,0.31712502230906575,0.16869077105873567,632,0
50,2,52,0.31712502241134644,False,581,3.143757956999707,confirmation,2015,2017,16,0.1,101224,0.8955696202531646,0.1044776119402985,67,0.31712502230906575,0.16869077105873567,632,0
10,2,12,0.2931743860244751,False,581,0.6662763709996398,confirmation,2015,2017,16,0.1,101225,0.8955696202531646,0.08955223880597014,67,0.2931743711001181,0.1585102346137392,632,0
20,2,22,0.2931743860244751,False,581,1.2393130209998162,confirmation,2015,2017,16,0.1,101225,0.8955696202531646,0.08955223880597014,67,0.2931743711001181,0.1585102346137392,632,0
50,2,52,0.2931743860244751,False,581,3.1009488079998846,confirmation,2015,2017,16,0.1,101225,0.8955696202531646,0.08955223880597014,67,0.2931743711001181,0.1585102346137392,632,0
10,1,11,0.32326939702033997,False,581,1.039942547999999,confirmation,2015,2017,16,0.1,101226,0.8971518987341772,0.11940298507462686,67,0.32326943452624046,0.16432950633305365,632,0
20,1,21,0.32326939702033997,False,581,2.236080308000055,confirmation,2015,2017,16,0.1,101226,0.8971518987341772,0.11940298507462686,67,0.32326943452624046,0.16432950633305365,632,0
50,1,51,0.32326939702033997,False,581,5.490017862000059,confirmation,2015,2017,16,0.1,101226,0.8971518987341772,0.11940298507462686,67,0.32326943452624046,0.16432950633305365,632,0
10,2,12,0.29427370429039,False,581,1.3170531790001405,confirmation,2015,2017,16,0.1,101227,0.8939873417721519,0.1044776119402985,67,0.2942737284632769,0.15331699061309537,632,0
20,2,22,0.29427370429039,False,581,2.352529737000168,confirmation,2015,2017,16,0.1,101227,0.8939873417721519,0.1044776119402985,67,0.2942737284632769,0.15331699061309537,632,0
50,2,52,0.29427370429039,False,581,5.279973530999996,confirmation,2015,2017,16,0.1,101227,0.8939873417721519,0.1044776119402985,67,0.2942737284632769,0.15331699061309537,632,0
10,2,12,0.35680094361305237,False,581,1.2107805770001505,confirmation,2015,2017,16,0.1,101228,0.8781645569620253,0.08955223880597014,67,0.35680097817311207,0.18309000703620568,632,0
20,2,22,0.35680094361305237,False,581,2.204336770000282,confirmation,2015,2017,16,0.1,101228,0.8781645569620253,0.08955223880597014,67,0.35680097817311207,0.18309000703620568,632,0
50,2,52,0.35680094361305237,False,581,5.236213779000082,confirmation,2015,2017,16,0.1,101228,0.8781645569620253,0.08955223880597014,67,0.35680097817311207,0.18309000703620568,632,0
10,2,12,0.29874253273010254,False,581,1.3591311630002565,confirmation,2015,2017,16,0.1,101229,0.8987341772151899,0.11940298507462686,67,0.2987425602055227,0.15434007178502743,632,0
20,2,22,0.29874253273010254,False,581,2.4493513280003754,confirmation,2015,2017,16,0.1,101229,0.8987341772151899,0.11940298507462686,67,0.2987425602055227,0.15434007178502743,632,0
50,2,52,0.29874253273010254,False,581,5.625747395000417,confirmation,2015,2017,16,0.1,101229,0.8987341772151899,0.11940298507462686,67,0.2987425602055227,0.15434007178502743,632,0
10,2,12,0.3451298177242279,False,581,1.1557856260001245,confirmation,2015,2017,16,0.1,101230,0.8939873417721519,0.08955223880597014,67,0.3451298368128242,0.18115022619355928,632,0
20,2,22,0.3451298177242279,False,581,2.2119547900001635,confirmation,2015,2017,16,0.1,101230,0.8939873417721519,0.08955223880597014,67,0.3451298368128242,0.18115022619355928,632,0
50,2,52,0.3451298177242279,False,581,5.2764598180001485,confirmation,2015,2017,16,0.1,101230,0.8939873417721519,0.08955223880597014,67,0.3451298368128242,0.18115022619355928,632,0
10,1,11,0.3740893602371216,False,581,1.2427494790003948,confirmation,2015,2017,16,0.1,101231,0.8528481012658228,0.22388059701492538,67,0.37408932731452166,0.20179040489440309,632,0
20,1,21,0.3740893602371216,False,581,2.2929285510003865,confirmation,2015,2017,16,0.1,101231,0.8528481012658228,0.22388059701492538,67,0.37408932731452166,0.20179040489440309,632,0
50,1,51,0.3740893602371216,False,581,5.233579530000043,confirmation,2015,2017,16,0.1,101231,0.8528481012658228,0.22388059701492538,67,0.37408932731452166,0.20179040489440309,632,0
10,2,12,0.3242459297180176,False,581,1.208719929000381,confirmation,2015,2017,16,0.1,101232,0.9018987341772152,0.13432835820895522,67,0.3242459291438751,0.17014467216608684,632,0
20,2,22,0.3242459297180176,False,581,2.2723450940002294,confirmation,2015,2017,16,0.1,101232,0.9018987341772152,0.13432835820895522,67,0.3242459291438751,0.17014467216608684,632,0
50,2,52,0.3242459297180176,False,581,5.438774336000279,confirmation,2015,2017,16,0.1,101232,0.9018987341772152,0.13432835820895522,67,0.3242459291438751,0.17014467216608684,632,0
10,1,11,0.34313276410102844,False,581,0.6702499510001871,confirmation,2015,2017,16,0.2,101223,0.8575949367088608,0.26865671641791045,67,0.34313275661948134,0.18409720687343825,632,0
20,1,21,0.34313276410102844,False,581,1.2598746740000024,confirmation,2015,2017,16,0.2,101223,0.8575949367088608,0.26865671641791045,67,0.34313275661948134,0.18409720687343825,632,0
50,1,51,0.34313276410102844,False,581,2.98846458800017,confirmation,2015,2017,16,0.2,101223,0.8575949367088608,0.26865671641791045,67,0.34313275661948134,0.18409720687343825,632,0
10,1,11,0.3033699095249176,False,581,0.6226555200000803,confirmation,2015,2017,16,0.2,101224,0.8955696202531646,0.1044776119402985,67,0.3033698850178774,0.16426462490054108,632,0
20,1,21,0.3033699095249176,False,581,1.1933174989999316,confirmation,2015,2017,16,0.2,101224,0.8955696202531646,0.1044776119402985,67,0.3033698850178774,0.16426462490054108,632,0
50,1,51,0.3033699095249176,False,581,3.098635480000212,confirmation,2015,2017,16,0.2,101224,0.8955696202531646,0.1044776119402985,67,0.3033698850178774,0.16426462490054108,632,0
10,1,11,0.3004090189933777,False,581,0.6480987240001923,confirmation,2015,2017,16,0.2,101225,0.8971518987341772,0.1044776119402985,67,0.30040903852212003,0.161689850254476,632,0
20,1,21,0.3004090189933777,False,581,1.2134136160002527,confirmation,2015,2017,16,0.2,101225,0.8971518987341772,0.1044776119402985,67,0.30040903852212003,0.161689850254476,632,0
50,1,51,0.3004090189933777,False,581,3.8715325369998936,confirmation,2015,2017,16,0.2,101225,0.8971518987341772,0.1044776119402985,67,0.30040903852212003,0.161689850254476,632,0
10,1,11,0.36240240931510925,False,581,1.1061949290001394,confirmation,2015,2017,16,0.2,101226,0.8908227848101266,0.08955223880597014,67,0.3624024220978975,0.18142596827197133,632,0
20,1,21,0.36240240931510925,False,581,2.071846860000278,confirmation,2015,2017,16,0.2,101226,0.8908227848101266,0.08955223880597014,67,0.3624024220978975,0.18142596827197133,632,0
50,1,51,0.36240240931510925,False,581,5.111424508000255,confirmation,2015,2017,16,0.2,101226,0.8908227848101266,0.08955223880597014,67,0.3624024220978975,0.18142596827197133,632,0
10,1,11,0.27876853942871094,False,581,1.1174663229999169,confirmation,2015,2017,16,0.2,101227,0.9003164556962026,0.11940298507462686,67,0.2787685376558738,0.14750824072893215,632,0
20,1,21,0.27876853942871094,False,581,2.1013665840000613,confirmation,2015,2017,16,0.2,101227,0.9003164556962026,0.11940298507462686,67,0.2787685376558738,0.14750824072893215,632,0
50,1,51,0.27876853942871094,False,581,5.370758390999981,confirmation,2015,2017,16,0.2,101227,0.9003164556962026,0.11940298507462686,67,0.2787685376558738,0.14750824072893215,632,0
10,1,11,0.3545367419719696,False,581,1.1725099450000016,confirmation,2015,2017,16,0.2,101228,0.8813291139240507,0.08955223880597014,67,0.35453677303308934,0.1822293295087352,632,0
20,1,21,0.3545367419719696,False,581,2.1435584099999687,confirmation,2015,2017,16,0.2,101228,0.8813291139240507,0.08955223880597014,67,0.35453677303308934,0.1822293295087352,632,0
50,1,51,0.3545367419719696,False,581,5.149193627999921,confirmation,2015,2017,16,0.2,101228,0.8813291139240507,0.08955223880597014,67,0.35453677303308934,0.1822293295087352,632,0
10,1,11,0.3144698143005371,False,581,1.146137178999652,confirmation,2015,2017,16,0.2,101229,0.8955696202531646,0.1044776119402985,67,0.31446978825300737,0.16558452955827688,632,0
20,1,21,0.3144698143005371,False,581,2.1065821649999634,confirmation,2015,2017,16,0.2,101229,0.8955696202531646,0.1044776119402985,67,0.31446978825300737,0.16558452955827688,632,0
50,1,51,0.3144698143005371,False,581,5.508466451000004,confirmation,2015,2017,16,0.2,101229,0.8955696202531646,0.1044776119402985,67,0.31446978825300737,0.16558452955827688,632,0
10,2,12,0.3800993263721466,False,581,1.2390020819998426,confirmation,2015,2017,16,0.2,101230,0.8924050632911392,0.07462686567164178,67,0.3800993532874816,0.1828709341466288,632,0
20,2,22,0.3800993263721466,False,581,2.199467039999945,confirmation,2015,2017,16,0.2,101230,0.8924050632911392,0.07462686567164178,67,0.3800993532874816,0.1828709341466288,632,0
50,2,52,0.3800993263721466,False,581,5.246486271999856,confirmation,2015,2017,16,0.2,101230,0.8924050632911392,0.07462686567164178,67,0.3800993532874816,0.1828709341466288,632,0
10,1,11,0.380929172039032,False,581,1.118979027000023,confirmation,2015,2017,16,0.2,101231,0.8433544303797469,0.1791044776119403,67,0.3809291752391362,0.20626966010676365,632,0
20,1,21,0.380929172039032,False,581,2.105595013000311,confirmation,2015,2017,16,0.2,101231,0.8433544303797469,0.1791044776119403,67,0.3809291752391362,0.20626966010676365,632,0
50,1,51,0.380929172039032,False,581,5.309172923999995,confirmation,2015,2017,16,0.2,101231,0.8433544303797469,0.1791044776119403,67,0.3809291752391362,0.20626966010676365,632,0
10,1,11,0.36845797300338745,False,581,1.1134881439998026,confirmation,2015,2017,16,0.2,101232,0.8813291139240507,0.13432835820895522,67,0.36845796849832163,0.187583328909464,632,0
20,1,21,0.36845797300338745,False,581,2.120706738000081,confirmation,2015,2017,16,0.2,101232,0.8813291139240507,0.13432835820895522,67,0.36845796849832163,0.187583328909464,632,0
50,1,51,0.36845797300338745,False,581,5.231183234999662,confirmation,2015,2017,16,0.2,101232,0.8813291139240507,0.13432835820895522,67,0.36845796849832163,0.187583328909464,632,0
10,1,11,0.3541604280471802,False,581,1.220492639999975,confirmation,2015,2017,16,0.3,101223,0.8908227848101266,0.08955223880597014,67,0.35416047921782445,0.17909531908234128,632,0
20,1,21,0.3541604280471802,False,581,2.1444879239998045,confirmation,2015,2017,16,0.3,101223,0.8908227848101266,0.08955223880597014,67,0.35416047921782445,0.17909531908234128,632,0
50,1,51,0.3541604280471802,False,581,4.878944292999677,confirmation,2015,2017,16,0.3,101223,0.8908227848101266,0.08955223880597014,67,0.35416047921782445,0.17909531908234128,632,0
10,1,11,0.3537061810493469,False,581,1.1367422749999605,confirmation,2015,2017,16,0.3,101224,0.8939873417721519,0.08955223880597014,67,0.35370617983197084,0.1823244632088486,632,0
20,1,21,0.3537061810493469,False,581,2.094854594000026,confirmation,2015,2017,16,0.3,101224,0.8939873417721519,0.08955223880597014,67,0.35370617983197084,0.1823244632088486,632,0
50,1,51,0.3537061810493469,False,581,5.246489396000015,confirmation,2015,2017,16,0.3,101224,0.8939873417721519,0.08955223880597014,67,0.35370617983197084,0.1823244632088486,632,0
10,1,11,0.37223607301712036,False,581,1.477642188000118,confirmation,2015,2017,16,0.3,101225,0.8908227848101266,0.08955223880597014,67,0.3722360826677119,0.186722037465236,632,0
20,1,21,0.37223607301712036,False,581,2.6462496150002153,confirmation,2015,2017,16,0.3,101225,0.8908227848101266,0.08955223880597014,67,0.3722360826677119,0.186722037465236,632,0
50,1,51,0.37223607301712036,False,581,5.564640643000075,confirmation,2015,2017,16,0.3,101225,0.8908227848101266,0.08955223880597014,67,0.3722360826677119,0.186722037465236,632,0
10,1,11,0.4328997731208801,False,581,1.433402985000157,confirmation,2015,2017,16,0.3,101226,0.8892405063291139,0.07462686567164178,67,0.4328997919351223,0.19658120890367856,632,0
20,1,21,0.4328997731208801,False,581,2.3811023620000924,confirmation,2015,2017,16,0.3,101226,0.8892405063291139,0.07462686567164178,67,0.4328997919351223,0.19658120890367856,632,0
50,1,51,0.4328997731208801,False,581,5.663399482999921,confirmation,2015,2017,16,0.3,101226,0.8892405063291139,0.07462686567164178,67,0.4328997919351223,0.19658120890367856,632,0
10,1,11,0.3224858045578003,False,581,1.077079756999865,confirmation,2015,2017,16,0.3,101227,0.8924050632911392,0.08955223880597014,67,0.32248583264518466,0.16938008428037135,632,0
20,1,21,0.3224858045578003,False,581,2.0607538340000247,confirmation,2015,2017,16,0.3,101227,0.8924050632911392,0.08955223880597014,67,0.32248583264518466,0.16938008428037135,632,0
50,1,51,0.3224858045578003,False,581,4.9181221049998385,confirmation,2015,2017,16,0.3,101227,0.8924050632911392,0.08955223880597014,67,0.32248583264518466,0.16938008428037135,632,0
10,1,11,0.4293806254863739,False,581,1.2598784570000134,confirmation,2015,2017,16,0.3,101228,0.8781645569620253,0.08955223880597014,67,0.4293806404459408,0.20271242135608886,632,0
20,1,21,0.4293806254863739,False,581,2.198269169000014,confirmation,2015,2017,16,0.3,101228,0.8781645569620253,0.08955223880597014,67,0.4293806404459408,0.20271242135608886,632,0
50,1,51,0.4293806254863739,False,581,5.323578160000125,confirmation,2015,2017,16,0.3,101228,0.8781645569620253,0.08955223880597014,67,0.4293806404459408,0.20271242135608886,632,0
10,1,11,0.39120832085609436,False,581,1.1277945039996666,confirmation,2015,2017,16,0.3,101229,0.8892405063291139,0.08955223880597014,67,0.3912083449214561,0.19337790959084233,632,0
20,1,21,0.39120832085609436,False,581,2.1007649849998415,confirmation,2015,2017,16,0.3,101229,0.8892405063291139,0.08955223880597014,67,0.3912083449214561,0.19337790959084233,632,0
50,1,51,0.39120832085609436,False,581,5.028640636999626,confirmation,2015,2017,16,0.3,101229,0.8892405063291139,0.08955223880597014,67,0.3912083449214561,0.19337790959084233,632,0
10,1,11,0.42202213406562805,False,581,1.1783773249999285,confirmation,2015,2017,16,0.3,101230,0.8765822784810127,0.1044776119402985,67,0.42202215094137346,0.19920644545520783,632,0
20,1,21,0.42202213406562805,False,581,2.2857278669998777,confirmation,2015,2017,16,0.3,101230,0.8765822784810127,0.1044776119402985,67,0.42202215094137346,0.19920644545520783,632,0
50,1,51,0.42202213406562805,False,581,5.628532785000061,confirmation,2015,2017,16,0.3,101230,0.8765822784810127,0.1044776119402985,67,0.42202215094137346,0.19920644545520783,632,0
10,1,11,0.39657968282699585,False,581,1.0737414600002921,confirmation,2015,2017,16,0.3,101231,0.879746835443038,0.08955223880597014,67,0.3965796700707542,0.19720557133206681,632,0
20,1,21,0.39657968282699585,False,581,2.1551341950003007,confirmation,2015,2017,16,0.3,101231,0.879746835443038,0.08955223880597014,67,0.3965796700707542,0.19720557133206681,632,0
50,1,51,0.39657968282699585,False,581,5.110706989999926,confirmation,2015,2017,16,0.3,101231,0.879746835443038,0.08955223880597014,67,0.3965796700707542,0.19720557133206681,632,0
10,1,11,0.42458653450012207,False,581,1.0480341829997997,confirmation,2015,2017,16,0.3,101232,0.8718354430379747,0.11940298507462686,67,0.4245865712235782,0.20566458722294406,632,0
20,1,21,0.42458653450012207,False,581,2.1433816459998525,confirmation,2015,2017,16,0.3,101232,0.8718354430379747,0.11940298507462686,67,0.4245865712235782,0.20566458722294406,632,0
50,1,51,0.42458653450012207,False,581,5.221225039999808,confirmation,2015,2017,16,0.3,101232,0.8718354430379747,0.11940298507462686,67,0.4245865712235782,0.20566458722294406,632,0
10,1,11,0.4146862328052521,False,581,1.1423325179998756,confirmation,2015,2017,16,0.5,101223,0.8860759493670886,0.08955223880597014,67,0.4146862049677284,0.19296657638320489,632,0
20,1,21,0.4146862328052521,False,581,2.1883152749996952,confirmation,2015,2017,16,0.5,101223,0.8860759493670886,0.08955223880597014,67,0.4146862049677284,0.19296657638320489,632,0
50,1,51,0.4146862328052521,False,581,5.215862845999709,confirmation,2015,2017,16,0.5,101223,0.8860759493670886,0.08955223880597014,67,0.4146862049677284,0.19296657638320489,632,0
10,15,25,0.4381781816482544,False,581,2.4400787660001697,confirmation,2015,2017,16,0.5,101224,0.8987341772151899,0.1791044776119403,67,0.4381781993990719,0.1762311225763123,632,0
20,15,35,0.4381781816482544,False,581,3.2683135849997598,confirmation,2015,2017,16,0.5,101224,0.8987341772151899,0.1791044776119403,67,0.4381781993990719,0.1762311225763123,632,0
50,15,65,0.4381781816482544,False,581,5.1473821780000435,confirmation,2015,2017,16,0.5,101224,0.8987341772151899,0.1791044776119403,67,0.4381781993990719,0.1762311225763123,632,0
10,1,11,0.47670698165893555,False,581,0.672082717000194,confirmation,2015,2017,16,0.5,101225,0.8892405063291139,0.08955223880597014,67,0.47670696654960437,0.2049804973141342,632,0
20,1,21,0.47670698165893555,False,581,1.2390408639998896,confirmation,2015,2017,16,0.5,101225,0.8892405063291139,0.08955223880597014,67,0.47670696654960437,0.2049804973141342,632,0
50,1,51,0.47670698165893555,False,581,3.0060582000000977,confirmation,2015,2017,16,0.5,101225,0.8892405063291139,0.08955223880597014,67,0.47670696654960437,0.2049804973141342,632,0
10,2,12,0.4600644111633301,False,581,1.169956663999983,confirmation,2015,2017,16,0.5,101226,0.8955696202531646,0.16417910447761194,67,0.46006446212643193,0.1799303345686047,632,0
20,2,22,0.4600644111633301,False,581,2.216367192999769,confirmation,2015,2017,16,0.5,101226,0.8955696202531646,0.16417910447761194,67,0.46006446212643193,0.1799303345686047,632,0
50,2,52,0.4600644111633301,False,581,5.245381417999852,confirmation,2015,2017,16,0.5,101226,0.8955696202531646,0.16417910447761194,67,0.46006446212643193,0.1799303345686047,632,0
10,1,11,0.4225403964519501,False,581,1.018902566000179,confirmation,2015,2017,16,0.5,101227,0.884493670886076,0.08955223880597014,67,0.4225404090006913,0.20208183954576545,632,0
20,1,21,0.4225403964519501,False,581,2.0942604430001666,confirmation,2015,2017,16,0.5,101227,0.884493670886076,0.08955223880597014,67,0.4225404090006913,0.20208183954576545,632,0
50,1,51,0.4225403964519501,False,581,5.419276989000082,confirmation,2015,2017,16,0.5,101227,0.884493670886076,0.08955223880597014,67,0.4225404090006913,0.20208183954576545,632,0
10,1,11,0.5706465244293213,False,581,1.0780548870002349,confirmation,2015,2017,16,0.5,101228,0.8718354430379747,0.08955223880597014,67,0.5706465988424333,0.22093185467728457,632,0
20,1,21,0.5706465244293213,False,581,2.078582652000023,confirmation,2015,2017,16,0.5,101228,0.8718354430379747,0.08955223880597014,67,0.5706465988424333,0.22093185467728457,632,0
50,53,103,0.4676467776298523,False,581,10.468848461999642,confirmation,2015,2017,16,0.5,101228,0.8860759493670886,0.1044776119402985,67,0.4676468056395212,0.1959330722407785,632,0
10,1,11,0.5087430477142334,False,581,1.1295184749997134,confirmation,2015,2017,16,0.5,101229,0.8686708860759493,0.13432835820895522,67,0.5087430988768987,0.22586336629376683,632,0
20,31,51,0.4523221254348755,False,581,5.245043040999917,confirmation,2015,2017,16,0.5,101229,0.8987341772151899,0.2537313432835821,67,0.45232209875853246,0.1711330615224482,632,0
50,31,81,0.4523221254348755,False,581,8.175286538999899,confirmation,2015,2017,16,0.5,101229,0.8987341772151899,0.2537313432835821,67,0.45232209875853246,0.1711330615224482,632,0
10,6,16,0.5072097182273865,False,581,1.8137725169999612,confirmation,2015,2017,16,0.5,101230,0.8908227848101266,0.08955223880597014,67,0.5072097108316685,0.19792606334053567,632,0
20,6,26,0.5072097182273865,False,581,2.749833368999134,confirmation,2015,2017,16,0.5,101230,0.8908227848101266,0.08955223880597014,67,0.5072097108316685,0.19792606334053567,632,0
50,6,56,0.5072097182273865,False,581,5.837648505999823,confirmation,2015,2017,16,0.5,101230,0.8908227848101266,0.08955223880597014,67,0.5072097108316685,0.19792606334053567,632,0
10,1,11,0.5034413933753967,False,581,1.1437109480002619,confirmation,2015,2017,16,0.5,101231,0.8639240506329114,0.1044776119402985,67,0.5034413762622597,0.23081733077524338,632,0
20,21,41,0.4557221829891205,False,581,4.2867249540004195,confirmation,2015,2017,16,0.5,101231,0.8955696202531646,0.13432835820895522,67,0.45572217670352344,0.17363226169726295,632,0
50,43,93,0.425518661737442,False,581,9.666183799000464,confirmation,2015,2017,16,0.5,101231,0.8987341772151899,0.11940298507462686,67,0.4255186870677452,0.17799493592511384,632,0
10,3,13,0.4414268732070923,False,581,1.5337120579997645,confirmation,2015,2017,16,0.5,101232,0.8939873417721519,0.11940298507462686,67,0.44142683779742475,0.18479853150466402,632,0
20,3,23,0.4414268732070923,False,581,2.5872905050000554,confirmation,2015,2017,16,0.5,101232,0.8939873417721519,0.11940298507462686,67,0.44142683779742475,0.18479853150466402,632,0
50,3,53,0.4414268732070923,False,581,5.614290990999507,confirmation,2015,2017,16,0.5,101232,0.8939873417721519,0.11940298507462686,67,0.44142683779742475,0.18479853150466402,632,0
10,1,11,0.4863928258419037,False,581,0.7111133950002113,confirmation,2015,2017,16,1.0,101223,0.8876582278481012,0.08955223880597014,67,0.48639282531711303,0.2068329707775886,632,0
20,1,21,0.4863928258419037,False,581,1.2797356810001475,confirmation,2015,2017,16,1.0,101223,0.8876582278481012,0.08955223880597014,67,0.48639282531711303,0.2068329707775886,632,0
50,1,51,0.4863928258419037,False,581,3.0609155820002343,confirmation,2015,2017,16,1.0,101223,0.8876582278481012,0.08955223880597014,67,0.48639282531711303,0.2068329707775886,632,0
10,6,16,0.41172274947166443,False,581,0.9145889440001156,confirmation,2015,2017,16,1.0,101224,0.8734177215189873,0.13432835820895522,67,0.41172273863763664,0.19498065182758553,632,0
20,6,26,0.41172274947166443,False,581,1.4850700169999982,confirmation,2015,2017,16,1.0,101224,0.8734177215189873,0.13432835820895522,67,0.41172273863763664,0.19498065182758553,632,0
50,6,56,0.41172274947166443,False,581,3.257833717000267,confirmation,2015,2017,16,1.0,101224,0.8734177215189873,0.13432835820895522,67,0.41172273863763664,0.19498065182758553,632,0
10,2,12,0.46756798028945923,False,581,0.7092037100001107,confirmation,2015,2017,16,1.0,101225,0.8908227848101266,0.1044776119402985,67,0.46756797432028163,0.18873633537933454,632,0
20,2,22,0.46756798028945923,False,581,1.3231967209999311,confirmation,2015,2017,16,1.0,101225,0.8908227848101266,0.1044776119402985,67,0.46756797432028163,0.18873633537933454,632,0
50,2,52,0.46756798028945923,False,581,3.0106353240003045,confirmation,2015,2017,16,1.0,101225,0.8908227848101266,0.1044776119402985,67,0.46756797432028163,0.18873633537933454,632,0
10,2,12,0.456249475479126,False,581,1.2163172119999217,confirmation,2015,2017,16,1.0,101226,0.9018987341772152,0.26865671641791045,67,0.4562494609377881,0.17367324414185764,632,0
20,2,22,0.456249475479126,False,581,2.301185259000704,confirmation,2015,2017,16,1.0,101226,0.9018987341772152,0.26865671641791045,67,0.4562494609377881,0.17367324414185764,632,0
50,2,52,0.456249475479126,False,581,5.301348912000321,confirmation,2015,2017,16,1.0,101226,0.9018987341772152,0.26865671641791045,67,0.4562494609377881,0.17367324414185764,632,0
10,8,18,0.5003620386123657,False,581,1.7531861550005488,confirmation,2015,2017,16,1.0,101227,0.8860759493670886,0.07462686567164178,67,0.5003620489282784,0.2038299184159081,632,0
20,21,41,0.49877089262008667,False,581,4.0404351289998885,confirmation,2015,2017,16,1.0,101227,0.8971518987341772,0.208955223880597,67,0.49877089667356866,0.17928246735737835,632,0
50,21,71,0.49877089262008667,False,581,7.042727707000267,confirmation,2015,2017,16,1.0,101227,0.8971518987341772,0.208955223880597,67,0.49877089667356866,0.17928246735737835,632,0
10,20,30,0.5370046496391296,False,581,3.0873520850000205,confirmation,2015,2017,16,1.0,101228,0.8639240506329114,0.11940298507462686,67,0.5370046690212701,0.22729480780475989,632,0
20,33,53,0.5179443955421448,False,581,5.409748920000311,confirmation,2015,2017,16,1.0,101228,0.8971518987341772,0.208955223880597,67,0.5179444510920747,0.18695532712912968,632,0
50,33,83,0.5179443955421448,False,581,8.440100243000416,confirmation,2015,2017,16,1.0,101228,0.8971518987341772,0.208955223880597,67,0.5179444510920747,0.18695532712912968,632,0
10,15,25,0.4345261752605438,False,581,2.518021101999693,confirmation,2015,2017,16,1.0,101229,0.8955696202531646,0.2537313432835821,67,0.43452617274612054,0.17457122587406085,632,0
20,15,35,0.4345261752605438,False,581,3.5053151049996814,confirmation,2015,2017,16,1.0,101229,0.8955696202531646,0.2537313432835821,67,0.43452617274612054,0.17457122587406085,632,0
50,15,65,0.4345261752605438,False,581,6.395420404999641,confirmation,2015,2017,16,1.0,101229,0.8955696202531646,0.2537313432835821,67,0.43452617274612054,0.17457122587406085,632,0
10,6,16,0.4769850969314575,False,581,1.6592885569998543,confirmation,2015,2017,16,1.0,101230,0.8987341772151899,0.208955223880597,67,0.4769851789087308,0.17585732807139934,632,0
20,6,26,0.4769850969314575,False,581,2.717336488000001,confirmation,2015,2017,16,1.0,101230,0.8987341772151899,0.208955223880597,67,0.4769851789087308,0.17585732807139934,632,0
50,6,56,0.4769850969314575,False,581,5.758615595000265,confirmation,2015,2017,16,1.0,101230,0.8987341772151899,0.208955223880597,67,0.4769851789087308,0.17585732807139934,632,0
10,15,25,0.49157077074050903,False,581,2.396876089000216,confirmation,2015,2017,16,1.0,101231,0.8908227848101266,0.08955223880597014,67,0.4915708041944917,0.19276994978649423,632,0
20,15,35,0.49157077074050903,False,581,3.465646511000159,confirmation,2015,2017,16,1.0,101231,0.8908227848101266,0.08955223880597014,67,0.4915708041944917,0.19276994978649423,632,0
50,15,65,0.49157077074050903,False,581,6.28786794699954,confirmation,2015,2017,16,1.0,101231,0.8908227848101266,0.08955223880597014,67,0.4915708041944917,0.19276994978649423,632,0
10,3,13,0.44624483585357666,False,581,1.239111065000543,confirmation,2015,2017,16,1.0,101232,0.8955696202531646,0.1791044776119403,67,0.4462448195574388,0.17875064077089403,632,0
20,3,23,0.44624483585357666,False,581,2.4288497859997733,confirmation,2015,2017,16,1.0,101232,0.8955696202531646,0.1791044776119403,67,0.4462448195574388,0.17875064077089403,632,0
50,3,53,0.44624483585357666,False,581,5.27557671500017,confirmation,2015,2017,16,1.0,101232,0.8955696202531646,0.1791044776119403,67,0.4462448195574388,0.17875064077089403,632,0
10,81,91,0.2947772145271301,False,1605,8.833100801,confirmation,2005,2010,32_16,0.01,101223,0.8939873417721519,0.75,112,0.2947772551818894,0.15429709032433764,632,0
20,143,163,0.28953734040260315,False,1605,14.528240841999832,confirmation,2005,2010,32_16,0.01,101223,0.8908227848101266,0.7321428571428571,112,0.28953733375254537,0.15202169440426913,632,0
50,143,193,0.28953734040260315,False,1605,17.24511444999962,confirmation,2005,2010,32_16,0.01,101223,0.8908227848101266,0.7321428571428571,112,0.28953733375254537,0.15202169440426913,632,0
10,122,132,0.27027055621147156,False,1605,10.310688452999784,confirmation,2005,2010,32_16,0.01,101224,0.8939873417721519,0.6785714285714286,112,0.2702705647213184,0.13978181761884284,632,0
20,150,170,0.26833146810531616,False,1605,13.235783395999988,confirmation,2005,2010,32_16,0.01,101224,0.8987341772151899,0.6339285714285714,112,0.2683315046919576,0.13981933234011426,632,0
50,150,200,0.26833146810531616,False,1605,15.627194893999786,confirmation,2005,2010,32_16,0.01,101224,0.8987341772151899,0.6339285714285714,112,0.2683315046919576,0.13981933234011426,632,0
10,96,106,0.2822892665863037,False,1605,8.362315859999853,confirmation,2005,2010,32_16,0.01,101225,0.9003164556962026,0.7410714285714286,112,0.2822892292567757,0.14870393203623058,632,0
20,130,150,0.2797090411186218,False,1605,12.170899283999915,confirmation,2005,2010,32_16,0.01,101225,0.9018987341772152,0.6964285714285714,112,0.2797090192354147,0.14713475476171453,632,0
50,130,180,0.2797090411186218,False,1605,14.51621067799988,confirmation,2005,2010,32_16,0.01,101225,0.9018987341772152,0.6964285714285714,112,0.2797090192354147,0.14713475476171453,632,0
10,115,125,0.3030305504798889,False,1605,9.905944265000471,confirmation,2005,2010,32_16,0.01,101226,0.8971518987341772,0.7767857142857143,112,0.3030305626496789,0.1547909310910764,632,0
20,157,177,0.2945677638053894,False,1605,14.02590943999985,confirmation,2005,2010,32_16,0.01,101226,0.8971518987341772,0.7410714285714286,112,0.29456777713394966,0.1497491436450379,632,0
50,157,207,0.2945677638053894,False,1605,16.283211361000212,confirmation,2005,2010,32_16,0.01,101226,0.8971518987341772,0.7410714285714286,112,0.29456777713394966,0.1497491436450379,632,0
10,105,115,0.287333220243454,False,1605,9.234040020000066,confirmation,2005,2010,32_16,0.01,101227,0.8955696202531646,0.6071428571428571,112,0.28733325845623914,0.14794890563433524,632,0
20,116,136,0.286643385887146,False,1605,10.780705711000337,confirmation,2005,2010,32_16,0.01,101227,0.8987341772151899,0.6071428571428571,112,0.28664337762257375,0.1473351483272966,632,0
50,116,166,0.286643385887146,False,1605,13.506980268000007,confirmation,2005,2010,32_16,0.01,101227,0.8987341772151899,0.6071428571428571,112,0.28664337762257375,0.1473351483272966,632,0
10,148,158,0.28599250316619873,False,1605,12.882603404000292,confirmation,2005,2010,32_16,0.01,101228,0.9050632911392406,0.7321428571428571,112,0.28599252616245,0.1456149042527353,632,0
20,148,168,0.28599250316619873,False,1605,13.693001096999978,confirmation,2005,2010,32_16,0.01,101228,0.9050632911392406,0.7321428571428571,112,0.28599252616245,0.1456149042527353,632,0
50,148,198,0.28599250316619873,False,1605,16.03537524500007,confirmation,2005,2010,32_16,0.01,101228,0.9050632911392406,0.7321428571428571,112,0.28599252616245,0.1456149042527353,632,0
10,135,145,0.2777622938156128,False,1605,11.592856209999809,confirmation,2005,2010,32_16,0.01,101229,0.8955696202531646,0.6339285714285714,112,0.27776229279476666,0.14682774091642803,632,0
20,135,155,0.2777622938156128,False,1605,12.462850776999403,confirmation,2005,2010,32_16,0.01,101229,0.8955696202531646,0.6339285714285714,112,0.27776229279476666,0.14682774091642803,632,0
50,135,185,0.2777622938156128,False,1605,14.917629327000213,confirmation,2005,2010,32_16,0.01,101229,0.8955696202531646,0.6339285714285714,112,0.27776229279476666,0.14682774091642803,632,0
10,97,107,0.274736225605011,False,1605,8.727409092999551,confirmation,2005,2010,32_16,0.01,101230,0.9003164556962026,0.7410714285714286,112,0.27473624091017645,0.14295034133012385,632,0
20,118,138,0.2719097435474396,False,1605,11.121610427999258,confirmation,2005,2010,32_16,0.01,101230,0.9003164556962026,0.7321428571428571,112,0.2719097481886238,0.14191319278456874,632,0
50,168,218,0.2700517177581787,False,1605,17.77445663099934,confirmation,2005,2010,32_16,0.01,101230,0.9018987341772152,0.7142857142857143,112,0.27005174550586536,0.14213486959673127,632,0
10,111,121,0.2941049039363861,False,1605,9.626055888999872,confirmation,2005,2010,32_16,0.01,101231,0.8908227848101266,0.7589285714285714,112,0.2941049264286921,0.1531476698828153,632,0
20,111,131,0.2941049039363861,False,1605,10.36520132700025,confirmation,2005,2010,32_16,0.01,101231,0.8908227848101266,0.7589285714285714,112,0.2941049264286921,0.1531476698828153,632,0
50,185,235,0.2919125556945801,False,1605,18.83308594800019,confirmation,2005,2010,32_16,0.01,101231,0.8955696202531646,0.6875,112,0.2919125251093443,0.15125154683080586,632,0
10,110,120,0.2658410966396332,False,1605,9.499511517000428,confirmation,2005,2010,32_16,0.01,101232,0.8955696202531646,0.7142857142857143,112,0.2658410906124683,0.14111046447932885,632,0
20,140,160,0.26405251026153564,False,1605,12.6284976070001,confirmation,2005,2010,32_16,0.01,101232,0.9003164556962026,0.6785714285714286,112,0.2640525265417637,0.14114792811612364,632,0
50,140,190,0.26405251026153564,False,1605,15.15686831900075,confirmation,2005,2010,32_16,0.01,101232,0.9003164556962026,0.6785714285714286,112,0.2640525265417637,0.14114792811612364,632,0
10,29,39,0.2904815375804901,False,1605,3.2215303869998024,confirmation,2005,2010,32_16,0.03,101223,0.8987341772151899,0.7589285714285714,112,0.2904815414881832,0.15217401422366,632,0
20,53,73,0.28260335326194763,False,1605,5.762939604999701,confirmation,2005,2010,32_16,0.03,101223,0.8955696202531646,0.6785714285714286,112,0.28260335351649496,0.14885771139014534,632,0
50,53,103,0.28260335326194763,False,1605,8.124551522999809,confirmation,2005,2010,32_16,0.03,101223,0.8955696202531646,0.6785714285714286,112,0.28260335351649496,0.14885771139014534,632,0
10,56,66,0.26748260855674744,False,1605,5.093852690999938,confirmation,2005,2010,32_16,0.03,101224,0.8987341772151899,0.6160714285714286,112,0.2674826238700578,0.1399379603595395,632,0
20,56,76,0.26748260855674744,False,1605,5.874939999000162,confirmation,2005,2010,32_16,0.03,101224,0.8987341772151899,0.6160714285714286,112,0.2674826238700578,0.1399379603595395,632,0
50,56,106,0.26748260855674744,False,1605,8.10724606299982,confirmation,2005,2010,32_16,0.03,101224,0.8987341772151899,0.6160714285714286,112,0.2674826238700578,0.1399379603595395,632,0
10,42,52,0.27737390995025635,False,1605,4.060831142000097,confirmation,2005,2010,32_16,0.03,101225,0.9018987341772152,0.6696428571428571,112,0.2773739007493064,0.1459919778565361,632,0
20,42,62,0.27737390995025635,False,1605,4.965496815999813,confirmation,2005,2010,32_16,0.03,101225,0.9018987341772152,0.6696428571428571,112,0.2773739007493064,0.1459919778565361,632,0
50,42,92,0.27737390995025635,False,1605,7.344357679000041,confirmation,2005,2010,32_16,0.03,101225,0.9018987341772152,0.6696428571428571,112,0.2773739007493064,0.1459919778565361,632,0
10,47,57,0.2915310859680176,False,1605,4.570307159000549,confirmation,2005,2010,32_16,0.03,101226,0.9003164556962026,0.7321428571428571,112,0.2915310827261033,0.14856460829739626,632,0
20,47,67,0.2915310859680176,False,1605,5.377555892000601,confirmation,2005,2010,32_16,0.03,101226,0.9003164556962026,0.7321428571428571,112,0.2915310827261033,0.14856460829739626,632,0
50,47,97,0.2915310859680176,False,1605,7.795405292999931,confirmation,2005,2010,32_16,0.03,101226,0.9003164556962026,0.7321428571428571,112,0.2915310827261033,0.14856460829739626,632,0
10,48,58,0.28312116861343384,False,1605,4.761872456000674,confirmation,2005,2010,32_16,0.03,101227,0.9018987341772152,0.6785714285714286,112,0.28312115499986296,0.14337143645947195,632,0
20,48,68,0.28312116861343384,False,1605,5.636892728000021,confirmation,2005,2010,32_16,0.03,101227,0.9018987341772152,0.6785714285714286,112,0.28312115499986296,0.14337143645947195,632,0
50,48,98,0.28312116861343384,False,1605,7.951658069000587,confirmation,2005,2010,32_16,0.03,101227,0.9018987341772152,0.6785714285714286,112,0.28312115499986296,0.14337143645947195,632,0
10,40,50,0.28577184677124023,False,1605,4.113202521999483,confirmation,2005,2010,32_16,0.03,101228,0.9082278481012658,0.7232142857142857,112,0.28577184601402084,0.14442664605498676,632,0
20,63,83,0.28420060873031616,False,1605,6.666559375999896,confirmation,2005,2010,32_16,0.03,101228,0.8971518987341772,0.6875,112,0.2842006284675095,0.14623952096800152,632,0
50,63,113,0.28420060873031616,False,1605,9.06440692399974,confirmation,2005,2010,32_16,0.03,101228,0.8971518987341772,0.6875,112,0.2842006284675095,0.14623952096800152,632,0
10,45,55,0.27806976437568665,False,1605,4.521060238000246,confirmation,2005,2010,32_16,0.03,101229,0.9003164556962026,0.6875,112,0.2780697888213663,0.14621215290147008,632,0
20,45,65,0.27806976437568665,False,1605,5.37838316899979,confirmation,2005,2010,32_16,0.03,101229,0.9003164556962026,0.6875,112,0.2780697888213663,0.14621215290147008,632,0
50,45,95,0.27806976437568665,False,1605,7.658144889999676,confirmation,2005,2010,32_16,0.03,101229,0.9003164556962026,0.6875,112,0.2780697888213663,0.14621215290147008,632,0
10,54,64,0.26746782660484314,False,1605,5.231002622000233,confirmation,2005,2010,32_16,0.03,101230,0.9050632911392406,0.6964285714285714,112,0.26746781362475347,0.14060607644863143,632,0
20,54,74,0.26746782660484314,False,1605,5.977374555999631,confirmation,2005,2010,32_16,0.03,101230,0.9050632911392406,0.6964285714285714,112,0.26746781362475347,0.14060607644863143,632,0
50,54,104,0.26746782660484314,False,1605,8.871515241999987,confirmation,2005,2010,32_16,0.03,101230,0.9050632911392406,0.6964285714285714,112,0.26746781362475347,0.14060607644863143,632,0
10,46,56,0.2861950993537903,False,1605,4.447415640000145,confirmation,2005,2010,32_16,0.03,101231,0.8955696202531646,0.7142857142857143,112,0.2861951288895428,0.14801573233839768,632,0
20,46,66,0.2861950993537903,False,1605,5.248027214999638,confirmation,2005,2010,32_16,0.03,101231,0.8955696202531646,0.7142857142857143,112,0.2861951288895428,0.14801573233839768,632,0
50,46,96,0.2861950993537903,False,1605,7.559002365999731,confirmation,2005,2010,32_16,0.03,101231,0.8955696202531646,0.7142857142857143,112,0.2861951288895428,0.14801573233839768,632,0
10,32,42,0.26568323373794556,False,1605,3.5129819459998544,confirmation,2005,2010,32_16,0.03,101232,0.8987341772151899,0.7053571428571429,112,0.2656832264583474,0.14058003282846213,632,0
20,43,63,0.2645246386528015,False,1605,5.094260490999659,confirmation,2005,2010,32_16,0.03,101232,0.9018987341772152,0.6964285714285714,112,0.2645246264688064,0.14098483443586998,632,0
50,43,93,0.2645246386528015,False,1605,7.441264598000089,confirmation,2005,2010,32_16,0.03,101232,0.9018987341772152,0.6964285714285714,112,0.2645246264688064,0.14098483443586998,632,0
10,29,39,0.28865545988082886,False,1605,3.009045779999724,confirmation,2005,2010,32_16,0.05,101223,0.9034810126582279,0.75,112,0.288655468898913,0.14994836188513122,632,0
20,29,49,0.28865545988082886,False,1605,3.8164872079996712,confirmation,2005,2010,32_16,0.05,101223,0.9034810126582279,0.75,112,0.288655468898913,0.14994836188513122,632,0
50,29,79,0.28865545988082886,False,1605,6.1138587440000265,confirmation,2005,2010,32_16,0.05,101223,0.9034810126582279,0.75,112,0.288655468898913,0.14994836188513122,632,0
10,31,41,0.2704470455646515,False,1605,3.353182743999696,confirmation,2005,2010,32_16,0.05,101224,0.8971518987341772,0.625,112,0.2704470230545265,0.1410740212593476,632,0
20,31,51,0.2704470455646515,False,1605,4.081156840999938,confirmation,2005,2010,32_16,0.05,101224,0.8971518987341772,0.625,112,0.2704470230545265,0.1410740212593476,632,0
50,31,81,0.2704470455646515,False,1605,6.461014544999671,confirmation,2005,2010,32_16,0.05,101224,0.8971518987341772,0.625,112,0.2704470230545265,0.1410740212593476,632,0
10,27,37,0.2790786623954773,False,1605,2.845358860000033,confirmation,2005,2010,32_16,0.05,101225,0.9018987341772152,0.6875,112,0.27907865097117224,0.146968457545881,632,0
20,27,47,0.2790786623954773,False,1605,3.630953173999842,confirmation,2005,2010,32_16,0.05,101225,0.9018987341772152,0.6875,112,0.27907865097117224,0.146968457545881,632,0
50,27,77,0.2790786623954773,False,1605,6.211830325999927,confirmation,2005,2010,32_16,0.05,101225,0.9018987341772152,0.6875,112,0.27907865097117224,0.146968457545881,632,0
10,37,47,0.28995320200920105,False,1605,3.9913116500001706,confirmation,2005,2010,32_16,0.05,101226,0.9034810126582279,0.7053571428571429,112,0.2899531795063342,0.14784161265028478,632,0
20,37,57,0.28995320200920105,False,1605,4.900633966999521,confirmation,2005,2010,32_16,0.05,101226,0.9034810126582279,0.7053571428571429,112,0.2899531795063342,0.14784161265028478,632,0
50,37,87,0.28995320200920105,False,1605,7.357425368999429,confirmation,2005,2010,32_16,0.05,101226,0.9034810126582279,0.7053571428571429,112,0.2899531795063342,0.14784161265028478,632,0
10,22,32,0.284816175699234,False,1605,2.478877045000445,confirmation,2005,2010,32_16,0.05,101227,0.8955696202531646,0.625,112,0.2848161690649761,0.14610761885434795,632,0
20,22,42,0.284816175699234,False,1605,3.2207573320001757,confirmation,2005,2010,32_16,0.05,101227,0.8955696202531646,0.625,112,0.2848161690649761,0.14610761885434795,632,0
50,22,72,0.284816175699234,False,1605,5.616881812999964,confirmation,2005,2010,32_16,0.05,101227,0.8955696202531646,0.625,112,0.2848161690649761,0.14610761885434795,632,0
10,36,46,0.2797693610191345,False,1605,3.6703142639998987,confirmation,2005,2010,32_16,0.05,101228,0.9082278481012658,0.7232142857142857,112,0.27976938116320654,0.14296646823153344,632,0
20,36,56,0.2797693610191345,False,1605,4.496725107999737,confirmation,2005,2010,32_16,0.05,101228,0.9082278481012658,0.7232142857142857,112,0.27976938116320654,0.14296646823153344,632,0
50,36,86,0.2797693610191345,False,1605,6.886664955000015,confirmation,2005,2010,32_16,0.05,101228,0.9082278481012658,0.7232142857142857,112,0.27976938116320654,0.14296646823153344,632,0
10,27,37,0.2768317461013794,False,1605,2.8151985320000676,confirmation,2005,2010,32_16,0.05,101229,0.9003164556962026,0.6785714285714286,112,0.27683177163741224,0.14602522070225696,632,0
20,27,47,0.2768317461013794,False,1605,3.6619216099998084,confirmation,2005,2010,32_16,0.05,101229,0.9003164556962026,0.6785714285714286,112,0.27683177163741224,0.14602522070225696,632,0
50,27,77,0.2768317461013794,False,1605,6.133125407999614,confirmation,2005,2010,32_16,0.05,101229,0.9003164556962026,0.6785714285714286,112,0.27683177163741224,0.14602522070225696,632,0
10,21,31,0.26498618721961975,False,1605,2.360473714999898,confirmation,2005,2010,32_16,0.05,101230,0.9003164556962026,0.6428571428571429,112,0.2649861911785221,0.1377004739556634,632,0
20,21,41,0.26498618721961975,False,1605,3.2570609490003335,confirmation,2005,2010,32_16,0.05,101230,0.9003164556962026,0.6428571428571429,112,0.2649861911785221,0.1377004739556634,632,0
50,21,71,0.26498618721961975,False,1605,5.525241473000278,confirmation,2005,2010,32_16,0.05,101230,0.9003164556962026,0.6428571428571429,112,0.2649861911785221,0.1377004739556634,632,0
10,22,32,0.2890757918357849,False,1605,2.4368968570006473,confirmation,2005,2010,32_16,0.05,101231,0.8924050632911392,0.7589285714285714,112,0.28907579194146105,0.14991553217972506,632,0
20,22,42,0.2890757918357849,False,1605,3.4571706719998474,confirmation,2005,2010,32_16,0.05,101231,0.8924050632911392,0.7589285714285714,112,0.28907579194146105,0.14991553217972506,632,0
50,22,72,0.2890757918357849,False,1605,5.719851777000258,confirmation,2005,2010,32_16,0.05,101231,0.8924050632911392,0.7589285714285714,112,0.28907579194146105,0.14991553217972506,632,0
10,20,30,0.26426461338996887,False,1605,2.3372650609999255,confirmation,2005,2010,32_16,0.05,101232,0.9082278481012658,0.6875,112,0.2642646199821335,0.13956589734312286,632,0
20,20,40,0.26426461338996887,False,1605,3.2211122159997103,confirmation,2005,2010,32_16,0.05,101232,0.9082278481012658,0.6875,112,0.2642646199821335,0.13956589734312286,632,0
50,20,70,0.26426461338996887,False,1605,5.47465553299935,confirmation,2005,2010,32_16,0.05,101232,0.9082278481012658,0.6875,112,0.2642646199821335,0.13956589734312286,632,0
10,16,26,0.28142908215522766,False,1605,2.05064888600009,confirmation,2005,2010,32_16,0.1,101223,0.8955696202531646,0.75,112,0.2814290592042876,0.146993027949097,632,0
20,16,36,0.28142908215522766,False,1605,2.766135372000008,confirmation,2005,2010,32_16,0.1,101223,0.8955696202531646,0.75,112,0.2814290592042876,0.146993027949097,632,0
50,16,66,0.28142908215522766,False,1605,5.170669597000142,confirmation,2005,2010,32_16,0.1,101223,0.8955696202531646,0.75,112,0.2814290592042876,0.146993027949097,632,0
10,19,29,0.26779088377952576,False,1605,2.1575271460001204,confirmation,2005,2010,32_16,0.1,101224,0.9018987341772152,0.6428571428571429,112,0.2677908838860384,0.139362416418143,632,0
20,19,39,0.26779088377952576,False,1605,2.8998959850000574,confirmation,2005,2010,32_16,0.1,101224,0.9018987341772152,0.6428571428571429,112,0.2677908838860384,0.139362416418143,632,0
50,19,69,0.26779088377952576,False,1605,5.4661410170001545,confirmation,2005,2010,32_16,0.1,101224,0.9018987341772152,0.6428571428571429,112,0.2677908838860384,0.139362416418143,632,0
10,11,21,0.28021150827407837,False,1605,1.6027141979998305,confirmation,2005,2010,32_16,0.1,101225,0.9050632911392406,0.7053571428571429,112,0.2802115070688958,0.14624474746230512,632,0
20,11,31,0.28021150827407837,False,1605,2.350151221000033,confirmation,2005,2010,32_16,0.1,101225,0.9050632911392406,0.7053571428571429,112,0.2802115070688958,0.14624474746230512,632,0
50,11,61,0.28021150827407837,False,1605,4.860257125999851,confirmation,2005,2010,32_16,0.1,101225,0.9050632911392406,0.7053571428571429,112,0.2802115070688958,0.14624474746230512,632,0
10,25,35,0.28850704431533813,False,1605,3.0040395539999736,confirmation,2005,2010,32_16,0.1,101226,0.8955696202531646,0.6875,112,0.2885070325209395,0.14924387019505894,632,0
20,25,45,0.28850704431533813,False,1605,3.8053512529995714,confirmation,2005,2010,32_16,0.1,101226,0.8955696202531646,0.6875,112,0.2885070325209395,0.14924387019505894,632,0
50,25,75,0.28850704431533813,False,1605,6.21514576699974,confirmation,2005,2010,32_16,0.1,101226,0.8955696202531646,0.6875,112,0.2885070325209395,0.14924387019505894,632,0
10,15,25,0.2823847234249115,False,1605,1.9803312889998779,confirmation,2005,2010,32_16,0.1,101227,0.8939873417721519,0.6696428571428571,112,0.2823847273211427,0.14412180028975652,632,0
20,15,35,0.2823847234249115,False,1605,2.8184781059999295,confirmation,2005,2010,32_16,0.1,101227,0.8939873417721519,0.6696428571428571,112,0.2823847273211427,0.14412180028975652,632,0
50,15,65,0.2823847234249115,False,1605,5.093305389999841,confirmation,2005,2010,32_16,0.1,101227,0.8939873417721519,0.6696428571428571,112,0.2823847273211427,0.14412180028975652,632,0
10,17,27,0.273405522108078,False,1605,2.375018127999283,confirmation,2005,2010,32_16,0.1,101228,0.9003164556962026,0.6607142857142857,112,0.27340549435568334,0.14092761476213736,632,0
20,17,37,0.273405522108078,False,1605,3.2260465279996424,confirmation,2005,2010,32_16,0.1,101228,0.9003164556962026,0.6607142857142857,112,0.27340549435568334,0.14092761476213736,632,0
50,17,67,0.273405522108078,False,1605,5.495415159000004,confirmation,2005,2010,32_16,0.1,101228,0.9003164556962026,0.6607142857142857,112,0.27340549435568334,0.14092761476213736,632,0
10,11,21,0.27567437291145325,False,1605,1.696693722999953,confirmation,2005,2010,32_16,0.1,101229,0.8987341772151899,0.6696428571428571,112,0.27567436598038303,0.14452427230564874,632,0
20,11,31,0.27567437291145325,False,1605,2.4518043099997158,confirmation,2005,2010,32_16,0.1,101229,0.8987341772151899,0.6696428571428571,112,0.27567436598038303,0.14452427230564874,632,0
50,11,61,0.27567437291145325,False,1605,4.806142896999518,confirmation,2005,2010,32_16,0.1,101229,0.8987341772151899,0.6696428571428571,112,0.27567436598038303,0.14452427230564874,632,0
10,12,22,0.27029725909233093,False,1605,1.859252123999795,confirmation,2005,2010,32_16,0.1,101230,0.9034810126582279,0.6785714285714286,112,0.27029723984392573,0.140822187807592,632,0
20,12,32,0.27029725909233093,False,1605,2.6239593370000875,confirmation,2005,2010,32_16,0.1,101230,0.9034810126582279,0.6785714285714286,112,0.27029723984392573,0.140822187807592,632,0
50,12,62,0.27029725909233093,False,1605,5.008991077000246,confirmation,2005,2010,32_16,0.1,101230,0.9034810126582279,0.6785714285714286,112,0.27029723984392573,0.140822187807592,632,0
10,22,32,0.28081852197647095,False,1605,2.458747718000268,confirmation,2005,2010,32_16,0.1,101231,0.9003164556962026,0.6339285714285714,112,0.2808185304155766,0.14717891542214662,632,0
20,22,42,0.28081852197647095,False,1605,3.1897935959996175,confirmation,2005,2010,32_16,0.1,101231,0.9003164556962026,0.6339285714285714,112,0.2808185304155766,0.14717891542214662,632,0
50,22,72,0.28081852197647095,False,1605,5.563156680999782,confirmation,2005,2010,32_16,0.1,101231,0.9003164556962026,0.6339285714285714,112,0.2808185304155766,0.14717891542214662,632,0
10,15,25,0.25906887650489807,False,1605,2.107991478000258,confirmation,2005,2010,32_16,0.1,101232,0.9018987341772152,0.6517857142857143,112,0.2590688853406705,0.13831716954488602,632,0
20,15,35,0.25906887650489807,False,1605,2.8846507420003036,confirmation,2005,2010,32_16,0.1,101232,0.9018987341772152,0.6517857142857143,112,0.2590688853406705,0.13831716954488602,632,0
50,15,65,0.25906887650489807,False,1605,5.332582699999875,confirmation,2005,2010,32_16,0.1,101232,0.9018987341772152,0.6517857142857143,112,0.2590688853406705,0.13831716954488602,632,0
10,5,15,0.2807387411594391,False,1605,1.267643668999881,confirmation,2005,2010,32_16,0.2,101223,0.8924050632911392,0.6607142857142857,112,0.2807387709047514,0.1471636460095534,632,0
20,16,36,0.27930325269699097,False,1605,2.8355958830002237,confirmation,2005,2010,32_16,0.2,101223,0.9003164556962026,0.6964285714285714,112,0.2793032238700494,0.14537674771447862,632,0
50,16,66,0.27930325269699097,False,1605,5.4491719709999415,confirmation,2005,2010,32_16,0.2,101223,0.9003164556962026,0.6964285714285714,112,0.2793032238700494,0.14537674771447862,632,0
10,7,17,0.2760368287563324,False,1605,1.3463930640000399,confirmation,2005,2010,32_16,0.2,101224,0.9018987341772152,0.6160714285714286,112,0.2760368318980818,0.14348037507865255,632,0
20,7,27,0.2760368287563324,False,1605,2.126894707000247,confirmation,2005,2010,32_16,0.2,101224,0.9018987341772152,0.6160714285714286,112,0.2760368318980818,0.14348037507865255,632,0
50,7,57,0.2760368287563324,False,1605,4.4638674710004125,confirmation,2005,2010,32_16,0.2,101224,0.9018987341772152,0.6160714285714286,112,0.2760368318980818,0.14348037507865255,632,0
10,8,18,0.2844217121601105,False,1605,1.478496345000167,confirmation,2005,2010,32_16,0.2,101225,0.8892405063291139,0.5446428571428571,112,0.28442171504743585,0.15167368243218657,632,0
20,8,28,0.2844217121601105,False,1605,2.276379650000308,confirmation,2005,2010,32_16,0.2,101225,0.8892405063291139,0.5446428571428571,112,0.28442171504743585,0.15167368243218657,632,0
50,8,58,0.2844217121601105,False,1605,5.012145970999882,confirmation,2005,2010,32_16,0.2,101225,0.8892405063291139,0.5446428571428571,112,0.28442171504743585,0.15167368243218657,632,0
10,4,14,0.2854907214641571,False,1605,1.0583775750001223,confirmation,2005,2010,32_16,0.2,101226,0.8939873417721519,0.6607142857142857,112,0.28549071607995513,0.14540614412032646,632,0
20,4,24,0.2854907214641571,False,1605,1.8368544100003419,confirmation,2005,2010,32_16,0.2,101226,0.8939873417721519,0.6607142857142857,112,0.28549071607995513,0.14540614412032646,632,0
50,4,54,0.2854907214641571,False,1605,4.127560287000051,confirmation,2005,2010,32_16,0.2,101226,0.8939873417721519,0.6607142857142857,112,0.28549071607995513,0.14540614412032646,632,0
10,6,16,0.288953572511673,False,1605,1.3995291359997282,confirmation,2005,2010,32_16,0.2,101227,0.9018987341772152,0.7142857142857143,112,0.28895358795630616,0.1450978766290134,632,0
20,6,26,0.288953572511673,False,1605,2.1852752360000522,confirmation,2005,2010,32_16,0.2,101227,0.9018987341772152,0.7142857142857143,112,0.28895358795630616,0.1450978766290134,632,0
50,6,56,0.288953572511673,False,1605,4.5587316970004395,confirmation,2005,2010,32_16,0.2,101227,0.9018987341772152,0.7142857142857143,112,0.28895358795630616,0.1450978766290134,632,0
10,8,18,0.2760101854801178,False,1605,1.8726470450001216,confirmation,2005,2010,32_16,0.2,101228,0.8987341772151899,0.625,112,0.27601023035028555,0.1427520793374476,632,0
20,8,28,0.2760101854801178,False,1605,2.6055374329998813,confirmation,2005,2010,32_16,0.2,101228,0.8987341772151899,0.625,112,0.27601023035028555,0.1427520793374476,632,0
50,8,58,0.2760101854801178,False,1605,4.879988089000108,confirmation,2005,2010,32_16,0.2,101228,0.8987341772151899,0.625,112,0.27601023035028555,0.1427520793374476,632,0
10,6,16,0.2720978856086731,False,1605,1.2363572220001515,confirmation,2005,2010,32_16,0.2,101229,0.9113924050632911,0.6428571428571429,112,0.2720979246892989,0.14159042657040902,632,0
20,6,26,0.2720978856086731,False,1605,2.0809475590003785,confirmation,2005,2010,32_16,0.2,101229,0.9113924050632911,0.6428571428571429,112,0.2720979246892989,0.14159042657040902,632,0
50,6,56,0.2720978856086731,False,1605,4.544448053000451,confirmation,2005,2010,32_16,0.2,101229,0.9113924050632911,0.6428571428571429,112,0.2720979246892989,0.14159042657040902,632,0
10,20,30,0.26427605748176575,False,1605,2.665870924000046,confirmation,2005,2010,32_16,0.2,101230,0.9050632911392406,0.6785714285714286,112,0.2642760479661328,0.13592419687954102,632,0
20,20,40,0.26427605748176575,False,1605,3.5572233570001117,confirmation,2005,2010,32_16,0.2,101230,0.9050632911392406,0.6785714285714286,112,0.2642760479661328,0.13592419687954102,632,0
50,20,70,0.26427605748176575,False,1605,5.833834107000257,confirmation,2005,2010,32_16,0.2,101230,0.9050632911392406,0.6785714285714286,112,0.2642760479661328,0.13592419687954102,632,0
10,8,18,0.2861335575580597,False,1605,1.498472915000093,confirmation,2005,2010,32_16,0.2,101231,0.8987341772151899,0.6071428571428571,112,0.2861335709681652,0.15032601458515482,632,0
20,8,28,0.2861335575580597,False,1605,2.2632057820001137,confirmation,2005,2010,32_16,0.2,101231,0.8987341772151899,0.6071428571428571,112,0.2861335709681652,0.15032601458515482,632,0
50,8,58,0.2861335575580597,False,1605,4.739566329999434,confirmation,2005,2010,32_16,0.2,101231,0.8987341772151899,0.6071428571428571,112,0.2861335709681652,0.15032601458515482,632,0
10,5,15,0.2599419951438904,False,1605,1.134388559999934,confirmation,2005,2010,32_16,0.2,101232,0.9082278481012658,0.6875,112,0.25994199149402236,0.13711507797661707,632,0
20,5,25,0.2599419951438904,False,1605,1.8808509230002528,confirmation,2005,2010,32_16,0.2,101232,0.9082278481012658,0.6875,112,0.25994199149402236,0.13711507797661707,632,0
50,5,55,0.2599419951438904,False,1605,4.269981462999567,confirmation,2005,2010,32_16,0.2,101232,0.9082278481012658,0.6875,112,0.25994199149402236,0.13711507797661707,632,0
10,5,15,0.2841919958591461,False,1605,1.261422752999806,confirmation,2005,2010,32_16,0.3,101223,0.9018987341772152,0.6339285714285714,112,0.2841919693981014,0.14878657762239503,632,0
20,5,25,0.2841919958591461,False,1605,2.0884010939998916,confirmation,2005,2010,32_16,0.3,101223,0.9018987341772152,0.6339285714285714,112,0.2841919693981014,0.14878657762239503,632,0
50,5,55,0.2841919958591461,False,1605,4.419410263999907,confirmation,2005,2010,32_16,0.3,101223,0.9018987341772152,0.6339285714285714,112,0.2841919693981014,0.14878657762239503,632,0
10,4,14,0.2779770493507385,False,1605,1.1459880590000466,confirmation,2005,2010,32_16,0.3,101224,0.8939873417721519,0.7053571428571429,112,0.27797708250651654,0.14240152871528935,632,0
20,4,24,0.2779770493507385,False,1605,1.9429260450001493,confirmation,2005,2010,32_16,0.3,101224,0.8939873417721519,0.7053571428571429,112,0.27797708250651654,0.14240152871528935,632,0
50,4,54,0.2779770493507385,False,1605,4.798345047000112,confirmation,2005,2010,32_16,0.3,101224,0.8939873417721519,0.7053571428571429,112,0.27797708250651654,0.14240152871528935,632,0
10,10,20,0.288743793964386,False,1605,1.763048821999746,confirmation,2005,2010,32_16,0.3,101225,0.9018987341772152,0.7410714285714286,112,0.2887437756574298,0.14862325667365425,632,0
20,10,30,0.288743793964386,False,1605,2.5733989750001456,confirmation,2005,2010,32_16,0.3,101225,0.9018987341772152,0.7410714285714286,112,0.2887437756574298,0.14862325667365425,632,0
50,10,60,0.288743793964386,False,1605,5.18471848299987,confirmation,2005,2010,32_16,0.3,101225,0.9018987341772152,0.7410714285714286,112,0.2887437756574298,0.14862325667365425,632,0
10,4,14,0.27322039008140564,False,1605,1.0845165999999153,confirmation,2005,2010,32_16,0.3,101226,0.9098101265822784,0.6160714285714286,112,0.27322040626489125,0.13699079986198606,632,0
20,4,24,0.27322039008140564,False,1605,1.8531738029996632,confirmation,2005,2010,32_16,0.3,101226,0.9098101265822784,0.6160714285714286,112,0.27322040626489125,0.13699079986198606,632,0
50,4,54,0.27322039008140564,False,1605,4.167946769000082,confirmation,2005,2010,32_16,0.3,101226,0.9098101265822784,0.6160714285714286,112,0.27322040626489125,0.13699079986198606,632,0
10,3,13,0.2992255985736847,False,1605,1.1953699539999434,confirmation,2005,2010,32_16,0.3,101227,0.8908227848101266,0.6875,112,0.2992256374051933,0.1498661099185081,632,0
20,3,23,0.2992255985736847,False,1605,1.9383222449996538,confirmation,2005,2010,32_16,0.3,101227,0.8908227848101266,0.6875,112,0.2992256374051933,0.1498661099185081,632,0
50,3,53,0.2992255985736847,False,1605,4.350301348999892,confirmation,2005,2010,32_16,0.3,101227,0.8908227848101266,0.6875,112,0.2992256374051933,0.1498661099185081,632,0
10,7,17,0.28140929341316223,False,1605,1.3204126579994409,confirmation,2005,2010,32_16,0.3,101228,0.9050632911392406,0.7053571428571429,112,0.28140928547658955,0.145166766335575,632,0
20,7,27,0.28140929341316223,False,1605,2.1244981689997076,confirmation,2005,2010,32_16,0.3,101228,0.9050632911392406,0.7053571428571429,112,0.28140928547658955,0.145166766335575,632,0
50,7,57,0.28140929341316223,False,1605,4.4759945539999535,confirmation,2005,2010,32_16,0.3,101228,0.9050632911392406,0.7053571428571429,112,0.28140928547658955,0.145166766335575,632,0
10,6,16,0.2747989296913147,False,1605,1.3189873559995249,confirmation,2005,2010,32_16,0.3,101229,0.9082278481012658,0.6160714285714286,112,0.27479891258212324,0.14367900835427966,632,0
20,6,26,0.2747989296913147,False,1605,2.1805082589999074,confirmation,2005,2010,32_16,0.3,101229,0.9082278481012658,0.6160714285714286,112,0.27479891258212324,0.14367900835427966,632,0
50,6,56,0.2747989296913147,False,1605,4.523989138999241,confirmation,2005,2010,32_16,0.3,101229,0.9082278481012658,0.6160714285714286,112,0.27479891258212324,0.14367900835427966,632,0
10,20,30,0.2705534100532532,False,1605,2.3319234549999237,confirmation,2005,2010,32_16,0.3,101230,0.9034810126582279,0.6607142857142857,112,0.27055340834796565,0.13475786640876186,632,0
20,20,40,0.2705534100532532,False,1605,3.073901245000343,confirmation,2005,2010,32_16,0.3,101230,0.9034810126582279,0.6607142857142857,112,0.27055340834796565,0.13475786640876186,632,0
50,20,70,0.2705534100532532,False,1605,5.444364468999993,confirmation,2005,2010,32_16,0.3,101230,0.9034810126582279,0.6607142857142857,112,0.27055340834796565,0.13475786640876186,632,0
10,6,16,0.29666727781295776,False,1605,1.2678325000006225,confirmation,2005,2010,32_16,0.3,101231,0.8955696202531646,0.5982142857142857,112,0.29666728627037975,0.15503119868307774,632,0
20,6,26,0.29666727781295776,False,1605,2.054410184000517,confirmation,2005,2010,32_16,0.3,101231,0.8955696202531646,0.5982142857142857,112,0.29666728627037975,0.15503119868307774,632,0
50,6,56,0.29666727781295776,False,1605,4.495815799000411,confirmation,2005,2010,32_16,0.3,101231,0.8955696202531646,0.5982142857142857,112,0.29666728627037975,0.15503119868307774,632,0
10,5,15,0.2633526623249054,False,1605,1.2598588709997784,confirmation,2005,2010,32_16,0.3,101232,0.9050632911392406,0.5892857142857143,112,0.2633526496864433,0.14205090357086295,632,0
20,5,25,0.2633526623249054,False,1605,1.9911498000001302,confirmation,2005,2010,32_16,0.3,101232,0.9050632911392406,0.5892857142857143,112,0.2633526496864433,0.14205090357086295,632,0
50,5,55,0.2633526623249054,False,1605,4.271808352999869,confirmation,2005,2010,32_16,0.3,101232,0.9050632911392406,0.5892857142857143,112,0.2633526496864433,0.14205090357086295,632,0
10,2,12,0.28319689631462097,False,1605,0.9104701020000903,confirmation,2005,2010,32_16,0.5,101223,0.9003164556962026,0.6339285714285714,112,0.28319690002727865,0.14839351701001907,632,0
20,2,22,0.28319689631462097,False,1605,1.7510122510002475,confirmation,2005,2010,32_16,0.5,101223,0.9003164556962026,0.6339285714285714,112,0.28319690002727865,0.14839351701001907,632,0
50,2,52,0.28319689631462097,False,1605,4.12933311200004,confirmation,2005,2010,32_16,0.5,101223,0.9003164556962026,0.6339285714285714,112,0.28319690002727865,0.14839351701001907,632,0
10,4,14,0.27026963233947754,False,1605,1.1835587190003025,confirmation,2005,2010,32_16,0.5,101224,0.8987341772151899,0.625,112,0.2702696504156431,0.13899552531198694,632,0
20,4,24,0.27026963233947754,False,1605,2.0823874890002116,confirmation,2005,2010,32_16,0.5,101224,0.8987341772151899,0.625,112,0.2702696504156431,0.13899552531198694,632,0
50,4,54,0.27026963233947754,False,1605,4.392291326000304,confirmation,2005,2010,32_16,0.5,101224,0.8987341772151899,0.625,112,0.2702696504156431,0.13899552531198694,632,0
10,6,16,0.29193660616874695,False,1605,1.2347780939999211,confirmation,2005,2010,32_16,0.5,101225,0.8987341772151899,0.6339285714285714,112,0.2919366150652912,0.1468564430146013,632,0
20,6,26,0.29193660616874695,False,1605,2.0471276109997234,confirmation,2005,2010,32_16,0.5,101225,0.8987341772151899,0.6339285714285714,112,0.2919366150652912,0.1468564430146013,632,0
50,6,56,0.29193660616874695,False,1605,4.371729583999695,confirmation,2005,2010,32_16,0.5,101225,0.8987341772151899,0.6339285714285714,112,0.2919366150652912,0.1468564430146013,632,0
10,4,14,0.27627840638160706,False,1605,1.1041710549998243,confirmation,2005,2010,32_16,0.5,101226,0.9098101265822784,0.6071428571428571,112,0.2762784007547308,0.13897727865225673,632,0
20,4,24,0.27627840638160706,False,1605,1.8656418359996678,confirmation,2005,2010,32_16,0.5,101226,0.9098101265822784,0.6071428571428571,112,0.2762784007547308,0.13897727865225673,632,0
50,4,54,0.27627840638160706,False,1605,4.369265581999571,confirmation,2005,2010,32_16,0.5,101226,0.9098101265822784,0.6071428571428571,112,0.2762784007547308,0.13897727865225673,632,0
10,3,13,0.3108372390270233,False,1605,1.0307980739999039,confirmation,2005,2010,32_16,0.5,101227,0.9066455696202531,0.6964285714285714,112,0.3108372578875786,0.15143741483070253,632,0
20,15,35,0.30950838327407837,False,1605,2.8201088440000603,confirmation,2005,2010,32_16,0.5,101227,0.8955696202531646,0.625,112,0.3095083743851428,0.16111524027004917,632,0
50,15,65,0.30950838327407837,False,1605,5.191314126000179,confirmation,2005,2010,32_16,0.5,101227,0.8955696202531646,0.625,112,0.3095083743851428,0.16111524027004917,632,0
10,7,17,0.28387802839279175,False,1605,1.3375590120003835,confirmation,2005,2010,32_16,0.5,101228,0.9034810126582279,0.6785714285714286,112,0.2838780548107431,0.14761148268174598,632,0
20,7,27,0.28387802839279175,False,1605,2.0937277809998704,confirmation,2005,2010,32_16,0.5,101228,0.9034810126582279,0.6785714285714286,112,0.2838780548107431,0.14761148268174598,632,0
50,7,57,0.28387802839279175,False,1605,4.675398803000462,confirmation,2005,2010,32_16,0.5,101228,0.9034810126582279,0.6785714285714286,112,0.2838780548107431,0.14761148268174598,632,0
10,6,16,0.28914356231689453,False,1605,1.2945681929995771,confirmation,2005,2010,32_16,0.5,101229,0.8908227848101266,0.5089285714285714,112,0.28914352283413863,0.1505886907454659,632,0
20,6,26,0.28914356231689453,False,1605,2.1084089229998426,confirmation,2005,2010,32_16,0.5,101229,0.8908227848101266,0.5089285714285714,112,0.28914352283413863,0.1505886907454659,632,0
50,6,56,0.28914356231689453,False,1605,4.5773255999993125,confirmation,2005,2010,32_16,0.5,101229,0.8908227848101266,0.5089285714285714,112,0.28914352283413863,0.1505886907454659,632,0
10,2,12,0.26954445242881775,False,1605,0.9664977100001124,confirmation,2005,2010,32_16,0.5,101230,0.9098101265822784,0.7142857142857143,112,0.2695444688731735,0.1374364382457155,632,0
20,2,22,0.26954445242881775,False,1605,1.7687327789999472,confirmation,2005,2010,32_16,0.5,101230,0.9098101265822784,0.7142857142857143,112,0.2695444688731735,0.1374364382457155,632,0
50,2,52,0.26954445242881775,False,1605,4.0595064119997915,confirmation,2005,2010,32_16,0.5,101230,0.9098101265822784,0.7142857142857143,112,0.2695444688731735,0.1374364382457155,632,0
10,6,16,0.30500268936157227,False,1605,1.4241791080003168,confirmation,2005,2010,32_16,0.5,101231,0.8908227848101266,0.5892857142857143,112,0.30500269637958843,0.15887863756473952,632,0
20,20,40,0.29837971925735474,False,1605,3.350741749000008,confirmation,2005,2010,32_16,0.5,101231,0.8987341772151899,0.6071428571428571,112,0.2983797204265365,0.15036500042209944,632,0
50,20,70,0.29837971925735474,False,1605,5.741455938000399,confirmation,2005,2010,32_16,0.5,101231,0.8987341772151899,0.6071428571428571,112,0.2983797204265365,0.15036500042209944,632,0
10,6,16,0.30353355407714844,False,1605,1.4239795659996162,confirmation,2005,2010,32_16,0.5,101232,0.8987341772151899,0.6785714285714286,112,0.30353356269207193,0.15500963388809086,632,0
20,6,26,0.30353355407714844,False,1605,2.262044834000335,confirmation,2005,2010,32_16,0.5,101232,0.8987341772151899,0.6785714285714286,112,0.30353356269207193,0.15500963388809086,632,0
50,6,56,0.30353355407714844,False,1605,4.553781022999829,confirmation,2005,2010,32_16,0.5,101232,0.8987341772151899,0.6785714285714286,112,0.30353356269207193,0.15500963388809086,632,0
10,9,19,0.2995164692401886,False,1605,1.4417987050001102,confirmation,2005,2010,32_16,1.0,101223,0.8955696202531646,0.6160714285714286,112,0.2995164856400024,0.1568751442143997,632,0
20,9,29,0.2995164692401886,False,1605,2.2476918229999683,confirmation,2005,2010,32_16,1.0,101223,0.8955696202531646,0.6160714285714286,112,0.2995164856400024,0.1568751442143997,632,0
50,9,59,0.2995164692401886,False,1605,4.795022304000213,confirmation,2005,2010,32_16,1.0,101223,0.8955696202531646,0.6160714285714286,112,0.2995164856400024,0.1568751442143997,632,0
10,4,14,0.2788936197757721,False,1605,1.0529620729998896,confirmation,2005,2010,32_16,1.0,101224,0.9082278481012658,0.6964285714285714,112,0.2788936369788841,0.13767110712627081,632,0
20,4,24,0.2788936197757721,False,1605,1.846905708000122,confirmation,2005,2010,32_16,1.0,101224,0.9082278481012658,0.6964285714285714,112,0.2788936369788841,0.13767110712627081,632,0
50,4,54,0.2788936197757721,False,1605,4.388355237999804,confirmation,2005,2010,32_16,1.0,101224,0.9082278481012658,0.6964285714285714,112,0.2788936369788841,0.13767110712627081,632,0
10,16,26,0.30412667989730835,False,1605,1.9781665700002122,confirmation,2005,2010,32_16,1.0,101225,0.8924050632911392,0.6696428571428571,112,0.304126673186383,0.16349921461982644,632,0
20,16,36,0.30412667989730835,False,1605,2.7367852560000756,confirmation,2005,2010,32_16,1.0,101225,0.8924050632911392,0.6696428571428571,112,0.304126673186383,0.16349921461982644,632,0
50,16,66,0.30412667989730835,False,1605,5.321467063,confirmation,2005,2010,32_16,1.0,101225,0.8924050632911392,0.6696428571428571,112,0.304126673186383,0.16349921461982644,632,0
10,4,14,0.2830047011375427,False,1605,1.0887654340003792,confirmation,2005,2010,32_16,1.0,101226,0.9018987341772152,0.5267857142857143,112,0.28300469463346467,0.14819635266111758,632,0
20,4,24,0.2830047011375427,False,1605,2.2843619260002015,confirmation,2005,2010,32_16,1.0,101226,0.9018987341772152,0.5267857142857143,112,0.28300469463346467,0.14819635266111758,632,0
50,4,54,0.2830047011375427,False,1605,4.733604947000458,confirmation,2005,2010,32_16,1.0,101226,0.9018987341772152,0.5267857142857143,112,0.28300469463346467,0.14819635266111758,632,0
10,6,16,0.35463643074035645,False,1605,1.2422426000002815,confirmation,2005,2010,32_16,1.0,101227,0.8860759493670886,0.7589285714285714,112,0.354636432804894,0.1792581463981452,632,0
20,6,26,0.35463643074035645,False,1605,1.9974198299996715,confirmation,2005,2010,32_16,1.0,101227,0.8860759493670886,0.7589285714285714,112,0.354636432804894,0.1792581463981452,632,0
50,6,56,0.35463643074035645,False,1605,3.8960676440001407,confirmation,2005,2010,32_16,1.0,101227,0.8860759493670886,0.7589285714285714,112,0.354636432804894,0.1792581463981452,632,0
10,16,26,0.2847231924533844,False,1605,1.9649874830001863,confirmation,2005,2010,32_16,1.0,101228,0.8955696202531646,0.7589285714285714,112,0.28472317145986153,0.15061107059085577,632,0
20,16,36,0.2847231924533844,False,1605,2.685023117000128,confirmation,2005,2010,32_16,1.0,101228,0.8955696202531646,0.7589285714285714,112,0.28472317145986153,0.15061107059085577,632,0
50,16,66,0.2847231924533844,False,1605,5.302737648000402,confirmation,2005,2010,32_16,1.0,101228,0.8955696202531646,0.7589285714285714,112,0.28472317145986153,0.15061107059085577,632,0
10,7,17,0.29005932807922363,False,1605,1.3147735119991921,confirmation,2005,2010,32_16,1.0,101229,0.8892405063291139,0.5625,112,0.2900593368185923,0.15328447614966595,632,0
20,7,27,0.29005932807922363,False,1605,2.05290476799928,confirmation,2005,2010,32_16,1.0,101229,0.8892405063291139,0.5625,112,0.2900593368185923,0.15328447614966595,632,0
50,7,57,0.29005932807922363,False,1605,4.582599354999729,confirmation,2005,2010,32_16,1.0,101229,0.8892405063291139,0.5625,112,0.2900593368185923,0.15328447614966595,632,0
10,1,11,0.28825294971466064,False,1605,0.8218074389997128,confirmation,2005,2010,32_16,1.0,101230,0.8987341772151899,0.6696428571428571,112,0.28825295337678214,0.14274203275708156,632,0
20,1,21,0.28825294971466064,False,1605,1.660918231999858,confirmation,2005,2010,32_16,1.0,101230,0.8987341772151899,0.6696428571428571,112,0.28825295337678214,0.14274203275708156,632,0
50,1,51,0.28825294971466064,False,1605,4.10012017399913,confirmation,2005,2010,32_16,1.0,101230,0.8987341772151899,0.6696428571428571,112,0.28825295337678214,0.14274203275708156,632,0
10,5,15,0.31956422328948975,False,1605,1.2094717719992332,confirmation,2005,2010,32_16,1.0,101231,0.8987341772151899,0.7946428571428571,112,0.3195642184603286,0.16401781076535665,632,0
20,5,25,0.31956422328948975,False,1605,2.0119472259993927,confirmation,2005,2010,32_16,1.0,101231,0.8987341772151899,0.7946428571428571,112,0.3195642184603286,0.16401781076535665,632,0
50,5,55,0.31956422328948975,False,1605,4.339796792000016,confirmation,2005,2010,32_16,1.0,101231,0.8987341772151899,0.7946428571428571,112,0.3195642184603286,0.16401781076535665,632,0
10,6,16,0.297705739736557,False,1605,1.2194763110001077,confirmation,2005,2010,32_16,1.0,101232,0.9034810126582279,0.6428571428571429,112,0.2977057607586537,0.15228081010649494,632,0
20,6,26,0.297705739736557,False,1605,2.088162422000096,confirmation,2005,2010,32_16,1.0,101232,0.9034810126582279,0.6428571428571429,112,0.2977057607586537,0.15228081010649494,632,0
50,6,56,0.297705739736557,False,1605,4.365209856000547,confirmation,2005,2010,32_16,1.0,101232,0.9034810126582279,0.6428571428571429,112,0.2977057607586537,0.15228081010649494,632,0
10,143,153,0.2816861867904663,False,581,10.84346940999967,confirmation,2005,2010,16,0.01,101223,0.8987341772151899,0.7410714285714286,112,0.28168617672016094,0.14973789742480012,632,0
20,195,215,0.27963265776634216,False,581,15.458560579999812,confirmation,2005,2010,16,0.01,101223,0.9003164556962026,0.7321428571428571,112,0.2796326514482114,0.1488976785861321,632,0
50,195,245,0.27963265776634216,False,581,17.612373488999765,confirmation,2005,2010,16,0.01,101223,0.9003164556962026,0.7321428571428571,112,0.2796326514482114,0.1488976785861321,632,0
10,55,65,0.3124525845050812,False,581,4.690036645999953,confirmation,2005,2010,16,0.01,101224,0.884493670886076,0.7767857142857143,112,0.3124525394222664,0.16604299558739669,632,0
20,208,228,0.2944032549858093,False,581,16.27532850300031,confirmation,2005,2010,16,0.01,101224,0.8955696202531646,0.7053571428571429,112,0.2944032574931016,0.1565603179361839,632,0
50,251,301,0.29379579424858093,False,581,22.351738006000232,confirmation,2005,2010,16,0.01,101224,0.8971518987341772,0.6964285714285714,112,0.29379581390876985,0.15654520577847408,632,0
10,80,90,0.3021664023399353,False,581,6.530850032999751,confirmation,2005,2010,16,0.01,101225,0.8876582278481012,0.7767857142857143,112,0.30216640840173015,0.1605253400049229,632,0
20,190,210,0.29500359296798706,False,581,15.338775658000031,confirmation,2005,2010,16,0.01,101225,0.8987341772151899,0.7410714285714286,112,0.29500358392365567,0.15415638926258765,632,0
50,190,240,0.29500359296798706,False,581,17.955788394000137,confirmation,2005,2010,16,0.01,101225,0.8987341772151899,0.7410714285714286,112,0.29500358392365567,0.15415638926258765,632,0
10,122,132,0.2685389816761017,False,581,9.497715911000341,confirmation,2005,2010,16,0.01,101226,0.8987341772151899,0.6785714285714286,112,0.2685390230311802,0.1411348292482272,632,0
20,122,142,0.2685389816761017,False,581,10.222710125000049,confirmation,2005,2010,16,0.01,101226,0.8987341772151899,0.6785714285714286,112,0.2685390230311802,0.1411348292482272,632,0
50,122,172,0.2685389816761017,False,581,12.265089595000063,confirmation,2005,2010,16,0.01,101226,0.8987341772151899,0.6785714285714286,112,0.2685390230311802,0.1411348292482272,632,0
10,65,75,0.2743759751319885,False,581,5.232375830999445,confirmation,2005,2010,16,0.01,101227,0.8971518987341772,0.6875,112,0.2743759938711074,0.14585481691782642,632,0
20,98,118,0.27330416440963745,False,581,8.263742710999395,confirmation,2005,2010,16,0.01,101227,0.9003164556962026,0.7232142857142857,112,0.2733041887129856,0.14572517243200347,632,0
50,98,148,0.27330416440963745,False,581,10.271851047999917,confirmation,2005,2010,16,0.01,101227,0.9003164556962026,0.7232142857142857,112,0.2733041887129856,0.14572517243200347,632,0
10,68,78,0.2944415211677551,False,581,5.4527503959998285,confirmation,2005,2010,16,0.01,101228,0.8924050632911392,0.7589285714285714,112,0.29444148920033925,0.15593828168316554,632,0
20,68,88,0.2944415211677551,False,581,6.2519703589996425,confirmation,2005,2010,16,0.01,101228,0.8924050632911392,0.7589285714285714,112,0.29444148920033925,0.15593828168316554,632,0
50,113,163,0.29434752464294434,False,581,11.370892128999913,confirmation,2005,2010,16,0.01,101228,0.8924050632911392,0.7589285714285714,112,0.2943475310202373,0.15608675840105218,632,0
10,53,63,0.30489957332611084,False,581,4.436601743999745,confirmation,2005,2010,16,0.01,101229,0.8908227848101266,0.7589285714285714,112,0.3048995763543302,0.1621821753242271,632,0
20,53,73,0.30489957332611084,False,581,5.11254625499987,confirmation,2005,2010,16,0.01,101229,0.8908227848101266,0.7589285714285714,112,0.3048995763543302,0.1621821753242271,632,0
50,53,103,0.30489957332611084,False,581,7.098960874000113,confirmation,2005,2010,16,0.01,101229,0.8908227848101266,0.7589285714285714,112,0.3048995763543302,0.1621821753242271,632,0
10,168,178,0.28969869017601013,False,581,13.024641596000038,confirmation,2005,2010,16,0.01,101230,0.8892405063291139,0.7678571428571429,112,0.2896986915276657,0.15584110337410886,632,0
20,251,271,0.2802293598651886,False,581,19.456924634000643,confirmation,2005,2010,16,0.01,101230,0.8971518987341772,0.7589285714285714,112,0.2802293799140254,0.14933992777836422,632,0
50,251,301,0.2802293598651886,False,581,21.525996795000538,confirmation,2005,2010,16,0.01,101230,0.8971518987341772,0.7589285714285714,112,0.2802293799140254,0.14933992777836422,632,0
10,49,59,0.31524571776390076,False,581,4.376737425999636,confirmation,2005,2010,16,0.01,101231,0.884493670886076,0.6964285714285714,112,0.3152456933056267,0.1671614635691255,632,0
20,49,69,0.31524571776390076,False,581,5.072529488999862,confirmation,2005,2010,16,0.01,101231,0.884493670886076,0.6964285714285714,112,0.3152456933056267,0.1671614635691255,632,0
50,557,607,0.295502632856369,False,581,42.75828798200018,confirmation,2005,2010,16,0.01,101231,0.8987341772151899,0.6785714285714286,112,0.2955026469382229,0.15292509744181587,632,0
10,54,64,0.3041418492794037,False,581,4.68081458100005,confirmation,2005,2010,16,0.01,101232,0.8939873417721519,0.7589285714285714,112,0.30414182505201637,0.15954872590950617,632,0
20,67,87,0.30296844244003296,False,581,6.282059936999758,confirmation,2005,2010,16,0.01,101232,0.8939873417721519,0.7589285714285714,112,0.3029684715134989,0.15927671764870896,632,0
50,67,117,0.30296844244003296,False,581,8.412993426999492,confirmation,2005,2010,16,0.01,101232,0.8939873417721519,0.7589285714285714,112,0.3029684715134989,0.15927671764870896,632,0
10,53,63,0.27689817547798157,False,581,4.344391766000172,confirmation,2005,2010,16,0.03,101223,0.8987341772151899,0.7142857142857143,112,0.2768981966329446,0.1471196400925543,632,0
20,53,73,0.27689817547798157,False,581,5.094156843000292,confirmation,2005,2010,16,0.03,101223,0.8987341772151899,0.7142857142857143,112,0.2768981966329446,0.1471196400925543,632,0
50,53,103,0.27689817547798157,False,581,7.202476965000187,confirmation,2005,2010,16,0.03,101223,0.8987341772151899,0.7142857142857143,112,0.2768981966329446,0.1471196400925543,632,0
10,61,71,0.29411542415618896,False,581,5.187343908999992,confirmation,2005,2010,16,0.03,101224,0.8955696202531646,0.7142857142857143,112,0.29411541080008624,0.156343997581537,632,0
20,61,81,0.29411542415618896,False,581,5.852826745999664,confirmation,2005,2010,16,0.03,101224,0.8955696202531646,0.7142857142857143,112,0.29411541080008624,0.156343997581537,632,0
50,88,138,0.29313501715660095,False,581,9.89504978299965,confirmation,2005,2010,16,0.03,101224,0.8892405063291139,0.6517857142857143,112,0.29313499287359535,0.15707909134471343,632,0
10,46,56,0.2957717180252075,False,581,3.893752903999939,confirmation,2005,2010,16,0.03,101225,0.8924050632911392,0.7589285714285714,112,0.29577168531330006,0.15530665267615945,632,0
20,67,87,0.29238301515579224,False,581,6.109912181999789,confirmation,2005,2010,16,0.03,101225,0.8987341772151899,0.7142857142857143,112,0.29238299054533373,0.15216538600074572,632,0
50,67,117,0.29238301515579224,False,581,8.131155546999707,confirmation,2005,2010,16,0.03,101225,0.8987341772151899,0.7142857142857143,112,0.29238299054533373,0.15216538600074572,632,0
10,37,47,0.26868996024131775,False,581,3.3532337200003894,confirmation,2005,2010,16,0.03,101226,0.9003164556962026,0.6607142857142857,112,0.26868997893813573,0.14126288568304488,632,0
20,37,57,0.26868996024131775,False,581,4.015983251000762,confirmation,2005,2010,16,0.03,101226,0.9003164556962026,0.6607142857142857,112,0.26868997893813573,0.14126288568304488,632,0
50,37,87,0.26868996024131775,False,581,6.087883934000274,confirmation,2005,2010,16,0.03,101226,0.9003164556962026,0.6607142857142857,112,0.26868997893813573,0.14126288568304488,632,0
10,27,37,0.27182888984680176,False,581,2.4888506580000467,confirmation,2005,2010,16,0.03,101227,0.9018987341772152,0.7142857142857143,112,0.2718288888278377,0.14450226349027123,632,0
20,45,65,0.27045249938964844,False,581,4.606255644000157,confirmation,2005,2010,16,0.03,101227,0.9066455696202531,0.6964285714285714,112,0.27045249777250285,0.14405582558602925,632,0
50,45,95,0.27045249938964844,False,581,6.5701904489997105,confirmation,2005,2010,16,0.03,101227,0.9066455696202531,0.6964285714285714,112,0.27045249777250285,0.14405582558602925,632,0
10,37,47,0.29107028245925903,False,581,3.1357825810000577,confirmation,2005,2010,16,0.03,101228,0.8939873417721519,0.7589285714285714,112,0.29107030605551143,0.1541711235347613,632,0
20,37,57,0.29107028245925903,False,581,3.9314735810003185,confirmation,2005,2010,16,0.03,101228,0.8939873417721519,0.7589285714285714,112,0.29107030605551143,0.1541711235347613,632,0
50,37,87,0.29107028245925903,False,581,5.942637722000654,confirmation,2005,2010,16,0.03,101228,0.8939873417721519,0.7589285714285714,112,0.29107030605551143,0.1541711235347613,632,0
10,24,34,0.3054361343383789,False,581,2.2513420510003925,confirmation,2005,2010,16,0.03,101229,0.8892405063291139,0.7857142857142857,112,0.30543613355606075,0.16348469759537398,632,0
20,24,44,0.3054361343383789,False,581,2.8940138900006787,confirmation,2005,2010,16,0.03,101229,0.8892405063291139,0.7857142857142857,112,0.30543613355606075,0.16348469759537398,632,0
50,24,74,0.3054361343383789,False,581,5.2002757420004855,confirmation,2005,2010,16,0.03,101229,0.8892405063291139,0.7857142857142857,112,0.30543613355606075,0.16348469759537398,632,0
10,23,33,0.302266001701355,False,581,2.4062560410002334,confirmation,2005,2010,16,0.03,101230,0.8860759493670886,0.7946428571428571,112,0.30226603325268786,0.16285883164017823,632,0
20,74,94,0.27763333916664124,False,581,6.61610549299985,confirmation,2005,2010,16,0.03,101230,0.8987341772151899,0.75,112,0.2776333363840399,0.14773447898678074,632,0
50,74,124,0.27763333916664124,False,581,8.663009756000065,confirmation,2005,2010,16,0.03,101230,0.8987341772151899,0.75,112,0.2776333363840399,0.14773447898678074,632,0
10,23,33,0.31278616189956665,False,581,2.3133995150001283,confirmation,2005,2010,16,0.03,101231,0.8876582278481012,0.7410714285714286,112,0.3127861279227413,0.16594656120064777,632,0
20,89,109,0.29509255290031433,False,581,8.119595094999568,confirmation,2005,2010,16,0.03,101231,0.8924050632911392,0.7321428571428571,112,0.2950925411318792,0.15417405680782795,632,0
50,111,161,0.2922116219997406,False,581,11.674456322999504,confirmation,2005,2010,16,0.03,101231,0.8908227848101266,0.6875,112,0.2922116384965691,0.15252111213313885,632,0
10,27,37,0.29775357246398926,False,581,2.5306587949999084,confirmation,2005,2010,16,0.03,101232,0.8924050632911392,0.75,112,0.29775357858969465,0.15632572692343863,632,0
20,27,47,0.29775357246398926,False,581,3.251097598999877,confirmation,2005,2010,16,0.03,101232,0.8924050632911392,0.75,112,0.29775357858969465,0.15632572692343863,632,0
50,27,77,0.29775357246398926,False,581,5.292043468999509,confirmation,2005,2010,16,0.03,101232,0.8924050632911392,0.75,112,0.29775357858969465,0.15632572692343863,632,0
10,29,39,0.27854788303375244,False,581,2.9257455840001967,confirmation,2005,2010,16,0.05,101223,0.9018987341772152,0.7232142857142857,112,0.2785478939528555,0.14714356775030343,632,0
20,40,60,0.2770271897315979,False,581,4.419416429000194,confirmation,2005,2010,16,0.05,101223,0.9018987341772152,0.6964285714285714,112,0.27702716654065074,0.1475446255076112,632,0
50,40,90,0.2770271897315979,False,581,6.439750322000236,confirmation,2005,2010,16,0.05,101223,0.9018987341772152,0.6964285714285714,112,0.27702716654065074,0.1475446255076112,632,0
10,34,44,0.2910152077674866,False,581,3.189654729999802,confirmation,2005,2010,16,0.05,101224,0.9018987341772152,0.7053571428571429,112,0.2910152238789753,0.15463013698650957,632,0
20,52,72,0.2899053692817688,False,581,5.210660181000094,confirmation,2005,2010,16,0.05,101224,0.8924050632911392,0.6785714285714286,112,0.2899053523732549,0.15528464824161686,632,0
50,52,102,0.2899053692817688,False,581,7.3328270980000525,confirmation,2005,2010,16,0.05,101224,0.8924050632911392,0.6785714285714286,112,0.2899053523732549,0.15528464824161686,632,0
10,15,25,0.3028874695301056,False,581,1.8693204769997465,confirmation,2005,2010,16,0.05,101225,0.8908227848101266,0.7767857142857143,112,0.3028874364633532,0.1606351995894221,632,0
20,37,57,0.2914943993091583,False,581,4.033563256999969,confirmation,2005,2010,16,0.05,101225,0.8971518987341772,0.7232142857142857,112,0.2914943731024333,0.15206973933271617,632,0
50,37,87,0.2914943993091583,False,581,6.143011393000052,confirmation,2005,2010,16,0.05,101225,0.8971518987341772,0.7232142857142857,112,0.2914943731024333,0.15206973933271617,632,0
10,21,31,0.2685558497905731,False,581,2.211521537000408,confirmation,2005,2010,16,0.05,101226,0.8987341772151899,0.6607142857142857,112,0.2685558261421925,0.14063643312441504,632,0
20,21,41,0.2685558497905731,False,581,2.923306254000636,confirmation,2005,2010,16,0.05,101226,0.8987341772151899,0.6607142857142857,112,0.2685558261421925,0.14063643312441504,632,0
50,21,71,0.2685558497905731,False,581,5.102470865000214,confirmation,2005,2010,16,0.05,101226,0.8987341772151899,0.6607142857142857,112,0.2685558261421925,0.14063643312441504,632,0
10,19,29,0.26933684945106506,False,581,2.118053793999934,confirmation,2005,2010,16,0.05,101227,0.9082278481012658,0.7142857142857143,112,0.2693368526391027,0.14334058926809842,632,0
20,19,39,0.26933684945106506,False,581,2.766941346999374,confirmation,2005,2010,16,0.05,101227,0.9082278481012658,0.7142857142857143,112,0.2693368526391027,0.14334058926809842,632,0
50,19,69,0.26933684945106506,False,581,4.871753903999888,confirmation,2005,2010,16,0.05,101227,0.9082278481012658,0.7142857142857143,112,0.2693368526391027,0.14334058926809842,632,0
10,19,29,0.286506325006485,False,581,1.985136660000535,confirmation,2005,2010,16,0.05,101228,0.8987341772151899,0.7589285714285714,112,0.2865063173012343,0.15141999025672284,632,0
20,19,39,0.286506325006485,False,581,2.653717453000354,confirmation,2005,2010,16,0.05,101228,0.8987341772151899,0.7589285714285714,112,0.2865063173012343,0.15141999025672284,632,0
50,19,69,0.286506325006485,False,581,5.300989572000617,confirmation,2005,2010,16,0.05,101228,0.8987341772151899,0.7589285714285714,112,0.2865063173012343,0.15141999025672284,632,0
10,10,20,0.3043292164802551,False,581,1.5840800650003075,confirmation,2005,2010,16,0.05,101229,0.8892405063291139,0.75,112,0.30432918781048707,0.1614506489987102,632,0
20,10,30,0.3043292164802551,False,581,2.261480931000733,confirmation,2005,2010,16,0.05,101229,0.8892405063291139,0.75,112,0.30432918781048707,0.1614506489987102,632,0
50,56,106,0.29539546370506287,False,581,7.530663524999909,confirmation,2005,2010,16,0.05,101229,0.8939873417721519,0.7589285714285714,112,0.2953954840887312,0.1552863587258604,632,0
10,23,33,0.2847553789615631,False,581,2.1763282930005516,confirmation,2005,2010,16,0.05,101230,0.8971518987341772,0.7678571428571429,112,0.28475541122967735,0.1511641349572171,632,0
20,54,74,0.2765772342681885,False,581,5.085908269999891,confirmation,2005,2010,16,0.05,101230,0.9003164556962026,0.7053571428571429,112,0.2765772541315068,0.14671990380730077,632,0
50,54,104,0.2765772342681885,False,581,7.096396220000315,confirmation,2005,2010,16,0.05,101230,0.9003164556962026,0.7053571428571429,112,0.2765772541315068,0.14671990380730077,632,0
10,46,56,0.29387953877449036,False,581,3.9606437610000285,confirmation,2005,2010,16,0.05,101231,0.8971518987341772,0.7321428571428571,112,0.2938795285847027,0.15301927709616533,632,0
20,63,83,0.29152509570121765,False,581,5.743427354999767,confirmation,2005,2010,16,0.05,101231,0.8876582278481012,0.7142857142857143,112,0.2915251158915057,0.1522645101086882,632,0
50,89,139,0.2894994616508484,False,581,9.812341261000256,confirmation,2005,2010,16,0.05,101231,0.8971518987341772,0.6696428571428571,112,0.2894994740438397,0.15024941606449121,632,0
10,13,23,0.2951100170612335,False,581,1.5766402879999077,confirmation,2005,2010,16,0.05,101232,0.8987341772151899,0.7589285714285714,112,0.2951100372282057,0.15408390569637434,632,0
20,31,51,0.29296740889549255,False,581,3.7020803460000025,confirmation,2005,2010,16,0.05,101232,0.8955696202531646,0.7589285714285714,112,0.2929674045881401,0.1544370470404225,632,0
50,31,81,0.29296740889549255,False,581,5.828558492000411,confirmation,2005,2010,16,0.05,101232,0.8955696202531646,0.7589285714285714,112,0.2929674045881401,0.1544370470404225,632,0
10,19,29,0.27778369188308716,False,581,2.1090249969997785,confirmation,2005,2010,16,0.1,101223,0.8939873417721519,0.6339285714285714,112,0.27778370791876383,0.14877591933973847,632,0
20,19,39,0.27778369188308716,False,581,2.7631325419997665,confirmation,2005,2010,16,0.1,101223,0.8939873417721519,0.6339285714285714,112,0.27778370791876383,0.14877591933973847,632,0
50,19,69,0.27778369188308716,False,581,4.931937578999623,confirmation,2005,2010,16,0.1,101223,0.8939873417721519,0.6339285714285714,112,0.27778370791876383,0.14877591933973847,632,0
10,10,20,0.28508350253105164,False,581,1.3381088389996876,confirmation,2005,2010,16,0.1,101224,0.9018987341772152,0.6964285714285714,112,0.2850834853603824,0.1504349495424453,632,0
20,10,30,0.28508350253105164,False,581,2.047829891999754,confirmation,2005,2010,16,0.1,101224,0.9018987341772152,0.6964285714285714,112,0.2850834853603824,0.1504349495424453,632,0
50,10,60,0.28508350253105164,False,581,4.231036279999898,confirmation,2005,2010,16,0.1,101224,0.9018987341772152,0.6964285714285714,112,0.2850834853603824,0.1504349495424453,632,0
10,9,19,0.2921489477157593,False,581,1.5080262550000043,confirmation,2005,2010,16,0.1,101225,0.8971518987341772,0.75,112,0.2921489782022844,0.15353194249358715,632,0
20,9,29,0.2921489477157593,False,581,2.169274650999796,confirmation,2005,2010,16,0.1,101225,0.8971518987341772,0.75,112,0.2921489782022844,0.15353194249358715,632,0
50,32,82,0.28908488154411316,False,581,6.10175465500015,confirmation,2005,2010,16,0.1,101225,0.8939873417721519,0.6696428571428571,112,0.28908492050737883,0.15035300668651333,632,0
10,10,20,0.26959043741226196,False,581,1.4083795639999153,confirmation,2005,2010,16,0.1,101226,0.9018987341772152,0.7142857142857143,112,0.26959042891640134,0.14055271929019506,632,0
20,10,30,0.26959043741226196,False,581,2.079007257999365,confirmation,2005,2010,16,0.1,101226,0.9018987341772152,0.7142857142857143,112,0.26959042891640134,0.14055271929019506,632,0
50,10,60,0.26959043741226196,False,581,4.3531519469997875,confirmation,2005,2010,16,0.1,101226,0.9018987341772152,0.7142857142857143,112,0.26959042891640134,0.14055271929019506,632,0
10,12,22,0.27426382899284363,False,581,1.5836326179996831,confirmation,2005,2010,16,0.1,101227,0.9018987341772152,0.75,112,0.2742638188724805,0.14644985490336151,632,0
20,12,32,0.27426382899284363,False,581,2.3287364249999882,confirmation,2005,2010,16,0.1,101227,0.9018987341772152,0.75,112,0.2742638188724805,0.14644985490336151,632,0
50,12,62,0.27426382899284363,False,581,4.296595783999692,confirmation,2005,2010,16,0.1,101227,0.9018987341772152,0.75,112,0.2742638188724805,0.14644985490336151,632,0
10,8,18,0.2942468225955963,False,581,1.1641518280002856,confirmation,2005,2010,16,0.1,101228,0.8924050632911392,0.7678571428571429,112,0.2942468061037761,0.15659358550402971,632,0
20,36,56,0.28985220193862915,False,581,3.7533898760002558,confirmation,2005,2010,16,0.1,101228,0.9018987341772152,0.6964285714285714,112,0.2898521817558482,0.1538263584610419,632,0
50,36,86,0.28985220193862915,False,581,5.830398076000165,confirmation,2005,2010,16,0.1,101228,0.9018987341772152,0.6964285714285714,112,0.2898521817558482,0.1538263584610419,632,0
10,7,17,0.29329749941825867,False,581,1.1908631350006544,confirmation,2005,2010,16,0.1,101229,0.8924050632911392,0.7321428571428571,112,0.29329750206704264,0.15521258589489814,632,0
20,54,74,0.27488723397254944,False,581,5.348958735000451,confirmation,2005,2010,16,0.1,101229,0.9018987341772152,0.6964285714285714,112,0.2748872250853238,0.14137732846196416,632,0
50,54,104,0.27488723397254944,False,581,7.469834000999981,confirmation,2005,2010,16,0.1,101229,0.9018987341772152,0.6964285714285714,112,0.2748872250853238,0.14137732846196416,632,0
10,8,18,0.2892020344734192,False,581,1.3618451030006327,confirmation,2005,2010,16,0.1,101230,0.8908227848101266,0.7410714285714286,112,0.289202041875732,0.15408586216252762,632,0
20,21,41,0.27170974016189575,False,581,2.9280002129999048,confirmation,2005,2010,16,0.1,101230,0.9018987341772152,0.6875,112,0.2717097480227486,0.1435250970066861,632,0
50,21,71,0.27170974016189575,False,581,4.971132018999924,confirmation,2005,2010,16,0.1,101230,0.9018987341772152,0.6875,112,0.2717097480227486,0.1435250970066861,632,0
10,22,32,0.2893781065940857,False,581,2.208981155999936,confirmation,2005,2010,16,0.1,101231,0.8955696202531646,0.7410714285714286,112,0.28937811503678074,0.150729939748854,632,0
20,22,42,0.2893781065940857,False,581,2.9386182520001967,confirmation,2005,2010,16,0.1,101231,0.8955696202531646,0.7410714285714286,112,0.28937811503678074,0.150729939748854,632,0
50,64,114,0.28341466188430786,False,581,8.068111622999822,confirmation,2005,2010,16,0.1,101231,0.9050632911392406,0.6607142857142857,112,0.28341463641189873,0.14665900849767446,632,0
10,13,23,0.2860894501209259,False,581,1.7950649200001862,confirmation,2005,2010,16,0.1,101232,0.8924050632911392,0.6964285714285714,112,0.28608943792999414,0.1507326503055105,632,0
20,13,33,0.2860894501209259,False,581,2.5565281799999866,confirmation,2005,2010,16,0.1,101232,0.8924050632911392,0.6964285714285714,112,0.28608943792999414,0.1507326503055105,632,0
50,13,63,0.2860894501209259,False,581,4.594489025999792,confirmation,2005,2010,16,0.1,101232,0.8924050632911392,0.6964285714285714,112,0.28608943792999414,0.1507326503055105,632,0
10,9,19,0.2742214798927307,False,581,1.3100529779999306,confirmation,2005,2010,16,0.2,101223,0.9018987341772152,0.7142857142857143,112,0.27422153544334343,0.14437907679538342,632,0
20,9,29,0.2742214798927307,False,581,2.001592225999957,confirmation,2005,2010,16,0.2,101223,0.9018987341772152,0.7142857142857143,112,0.27422153544334343,0.14437907679538342,632,0
50,9,59,0.2742214798927307,False,581,3.989150116000019,confirmation,2005,2010,16,0.2,101223,0.9018987341772152,0.7142857142857143,112,0.27422153544334343,0.14437907679538342,632,0
10,5,15,0.28081977367401123,False,581,1.02106730100013,confirmation,2005,2010,16,0.2,101224,0.9018987341772152,0.6964285714285714,112,0.2808197896299261,0.14797792762081807,632,0
20,5,25,0.28081977367401123,False,581,1.765361270000085,confirmation,2005,2010,16,0.2,101224,0.9018987341772152,0.6964285714285714,112,0.2808197896299261,0.14797792762081807,632,0
50,5,55,0.28081977367401123,False,581,3.93849453599978,confirmation,2005,2010,16,0.2,101224,0.9018987341772152,0.6964285714285714,112,0.2808197896299261,0.14797792762081807,632,0
10,9,19,0.3019445240497589,False,581,1.2506689239999105,confirmation,2005,2010,16,0.2,101225,0.8924050632911392,0.7678571428571429,112,0.3019445245184268,0.15855368144737259,632,0
20,9,29,0.3019445240497589,False,581,1.9918258719999358,confirmation,2005,2010,16,0.2,101225,0.8924050632911392,0.7678571428571429,112,0.3019445245184268,0.15855368144737259,632,0
50,32,82,0.29816025495529175,False,581,5.586773604999962,confirmation,2005,2010,16,0.2,101225,0.8908227848101266,0.6428571428571429,112,0.29816024484063397,0.15385037581037586,632,0
10,4,14,0.2661344110965729,False,581,1.1156678739998824,confirmation,2005,2010,16,0.2,101226,0.9082278481012658,0.6071428571428571,112,0.2661343883608304,0.13997962468550862,632,0
20,4,24,0.2661344110965729,False,581,1.7682571679997636,confirmation,2005,2010,16,0.2,101226,0.9082278481012658,0.6071428571428571,112,0.2661343883608304,0.13997962468550862,632,0
50,4,54,0.2661344110965729,False,581,4.128820396999799,confirmation,2005,2010,16,0.2,101226,0.9082278481012658,0.6071428571428571,112,0.2661343883608304,0.13997962468550862,632,0
10,4,14,0.27563345432281494,False,581,0.9431538849994467,confirmation,2005,2010,16,0.2,101227,0.8908227848101266,0.6785714285714286,112,0.2756334777807321,0.14721306851290092,632,0
20,4,24,0.27563345432281494,False,581,1.5901485369995498,confirmation,2005,2010,16,0.2,101227,0.8908227848101266,0.6785714285714286,112,0.2756334777807321,0.14721306851290092,632,0
50,4,54,0.27563345432281494,False,581,3.6019308249997266,confirmation,2005,2010,16,0.2,101227,0.8908227848101266,0.6785714285714286,112,0.2756334777807321,0.14721306851290092,632,0
10,3,13,0.2817804217338562,False,581,0.8693825880000077,confirmation,2005,2010,16,0.2,101228,0.8971518987341772,0.6785714285714286,112,0.2817804154613828,0.14954274911860313,632,0
20,18,38,0.27842605113983154,False,581,2.522258922999754,confirmation,2005,2010,16,0.2,101228,0.9018987341772152,0.6875,112,0.2784260321942355,0.14667313375343535,632,0
50,18,68,0.27842605113983154,False,581,4.754416079999828,confirmation,2005,2010,16,0.2,101228,0.9018987341772152,0.6875,112,0.2784260321942355,0.14667313375343535,632,0
10,20,30,0.27464720606803894,False,581,2.0557220729997425,confirmation,2005,2010,16,0.2,101229,0.8987341772151899,0.6875,112,0.2746472404133649,0.1425788204158219,632,0
20,20,40,0.27464720606803894,False,581,2.738284518999535,confirmation,2005,2010,16,0.2,101229,0.8987341772151899,0.6875,112,0.2746472404133649,0.1425788204158219,632,0
50,20,70,0.27464720606803894,False,581,4.876911768999889,confirmation,2005,2010,16,0.2,101229,0.8987341772151899,0.6875,112,0.2746472404133649,0.1425788204158219,632,0
10,8,18,0.26856887340545654,False,581,1.2776748070000394,confirmation,2005,2010,16,0.2,101230,0.9018987341772152,0.6696428571428571,112,0.26856890002268863,0.14177903606711983,632,0
20,8,28,0.26856887340545654,False,581,2.055514243000289,confirmation,2005,2010,16,0.2,101230,0.9018987341772152,0.6696428571428571,112,0.26856890002268863,0.14177903606711983,632,0
50,8,58,0.26856887340545654,False,581,4.335604349000278,confirmation,2005,2010,16,0.2,101230,0.9018987341772152,0.6696428571428571,112,0.26856890002268863,0.14177903606711983,632,0
10,22,32,0.27933675050735474,False,581,2.2447536710005807,confirmation,2005,2010,16,0.2,101231,0.8987341772151899,0.6785714285714286,112,0.2793367671106707,0.14450836873480527,632,0
20,22,42,0.27933675050735474,False,581,2.9695633629999065,confirmation,2005,2010,16,0.2,101231,0.8987341772151899,0.6785714285714286,112,0.2793367671106707,0.14450836873480527,632,0
50,22,72,0.27933675050735474,False,581,4.989361973000086,confirmation,2005,2010,16,0.2,101231,0.8987341772151899,0.6785714285714286,112,0.2793367671106707,0.14450836873480527,632,0
10,13,23,0.29115554690361023,False,581,1.7215167609992932,confirmation,2005,2010,16,0.2,101232,0.8908227848101266,0.5892857142857143,112,0.29115556045238744,0.15711210478417795,632,0
20,13,33,0.29115554690361023,False,581,2.5009363049994136,confirmation,2005,2010,16,0.2,101232,0.8908227848101266,0.5892857142857143,112,0.29115556045238744,0.15711210478417795,632,0
50,13,63,0.29115554690361023,False,581,4.554669909999575,confirmation,2005,2010,16,0.2,101232,0.8908227848101266,0.5892857142857143,112,0.29115556045238744,0.15711210478417795,632,0
10,5,15,0.27663564682006836,False,581,1.1051519699999517,confirmation,2005,2010,16,0.3,101223,0.9003164556962026,0.6607142857142857,112,0.2766356496198119,0.14676236475239413,632,0
20,5,25,0.27663564682006836,False,581,1.848347121000188,confirmation,2005,2010,16,0.3,101223,0.9003164556962026,0.6607142857142857,112,0.2766356496198119,0.14676236475239413,632,0
50,5,55,0.27663564682006836,False,581,4.050602372999947,confirmation,2005,2010,16,0.3,101223,0.9003164556962026,0.6607142857142857,112,0.2766356496198119,0.14676236475239413,632,0
10,14,24,0.26785504817962646,False,581,1.7178162260001955,confirmation,2005,2010,16,0.3,101224,0.9082278481012658,0.6428571428571429,112,0.26785509257795126,0.14199873332020885,632,0
20,14,34,0.26785504817962646,False,581,2.397657257999981,confirmation,2005,2010,16,0.3,101224,0.9082278481012658,0.6428571428571429,112,0.26785509257795126,0.14199873332020885,632,0
50,14,64,0.26785504817962646,False,581,4.4247776590000285,confirmation,2005,2010,16,0.3,101224,0.9082278481012658,0.6428571428571429,112,0.26785509257795126,0.14199873332020885,632,0
10,9,19,0.2866365313529968,False,581,1.381427820999761,confirmation,2005,2010,16,0.3,101225,0.8908227848101266,0.7410714285714286,112,0.2866365591170017,0.14851292156841733,632,0
20,9,29,0.2866365313529968,False,581,2.045258530999945,confirmation,2005,2010,16,0.3,101225,0.8908227848101266,0.7410714285714286,112,0.2866365591170017,0.14851292156841733,632,0
50,9,59,0.2866365313529968,False,581,4.141808361999665,confirmation,2005,2010,16,0.3,101225,0.8908227848101266,0.7410714285714286,112,0.2866365591170017,0.14851292156841733,632,0
10,4,14,0.26840031147003174,False,581,0.9563947090000511,confirmation,2005,2010,16,0.3,101226,0.9082278481012658,0.5803571428571429,112,0.2684003280225775,0.14119534236537376,632,0
20,4,24,0.26840031147003174,False,581,1.6510953269998936,confirmation,2005,2010,16,0.3,101226,0.9082278481012658,0.5803571428571429,112,0.2684003280225775,0.14119534236537376,632,0
50,4,54,0.26840031147003174,False,581,3.6292576100004226,confirmation,2005,2010,16,0.3,101226,0.9082278481012658,0.5803571428571429,112,0.2684003280225775,0.14119534236537376,632,0
10,4,14,0.2788905203342438,False,581,1.1211768650000522,confirmation,2005,2010,16,0.3,101227,0.8892405063291139,0.6785714285714286,112,0.2788904941490912,0.14876935453792278,632,0
20,4,24,0.2788905203342438,False,581,1.8291798660002314,confirmation,2005,2010,16,0.3,101227,0.8892405063291139,0.6785714285714286,112,0.2788904941490912,0.14876935453792278,632,0
50,4,54,0.2788905203342438,False,581,3.913796765999905,confirmation,2005,2010,16,0.3,101227,0.8892405063291139,0.6785714285714286,112,0.2788904941490912,0.14876935453792278,632,0
10,3,13,0.2756681740283966,False,581,0.8652456660001917,confirmation,2005,2010,16,0.3,101228,0.9003164556962026,0.6964285714285714,112,0.27566816576232583,0.14546293871996444,632,0
20,18,38,0.27314043045043945,False,581,2.673252548000164,confirmation,2005,2010,16,0.3,101228,0.9082278481012658,0.6875,112,0.2731404504168687,0.14476734208117756,632,0
50,18,68,0.27314043045043945,False,581,4.861359692000406,confirmation,2005,2010,16,0.3,101228,0.9082278481012658,0.6875,112,0.2731404504168687,0.14476734208117756,632,0
10,14,24,0.2739256024360657,False,581,1.6881101939998189,confirmation,2005,2010,16,0.3,101229,0.9034810126582279,0.625,112,0.2739255926266673,0.14440770034710065,632,0
20,14,34,0.2739256024360657,False,581,2.391879837000488,confirmation,2005,2010,16,0.3,101229,0.9034810126582279,0.625,112,0.2739255926266673,0.14440770034710065,632,0
50,14,64,0.2739256024360657,False,581,4.718088921999879,confirmation,2005,2010,16,0.3,101229,0.9034810126582279,0.625,112,0.2739255926266673,0.14440770034710065,632,0
10,6,16,0.2765926718711853,False,581,1.0266110419997858,confirmation,2005,2010,16,0.3,101230,0.8987341772151899,0.6607142857142857,112,0.27659267814732164,0.1468555228556012,632,0
20,6,26,0.2765926718711853,False,581,1.671911839999666,confirmation,2005,2010,16,0.3,101230,0.8987341772151899,0.6607142857142857,112,0.27659267814732164,0.1468555228556012,632,0
50,6,56,0.2765926718711853,False,581,4.076007517999642,confirmation,2005,2010,16,0.3,101230,0.8987341772151899,0.6607142857142857,112,0.27659267814732164,0.1468555228556012,632,0
10,6,16,0.285432904958725,False,581,1.0812001980002606,confirmation,2005,2010,16,0.3,101231,0.8939873417721519,0.6875,112,0.2854329190634069,0.14685272191607643,632,0
20,22,42,0.2800649404525757,False,581,2.8981328070003656,confirmation,2005,2010,16,0.3,101231,0.9050632911392406,0.625,112,0.2800649277270811,0.14673696129227418,632,0
50,22,72,0.2800649404525757,False,581,5.070795602000544,confirmation,2005,2010,16,0.3,101231,0.9050632911392406,0.625,112,0.2800649277270811,0.14673696129227418,632,0
10,15,25,0.2841442823410034,False,581,1.7788203879999855,confirmation,2005,2010,16,0.3,101232,0.8924050632911392,0.6875,112,0.28414430788735046,0.14794546535239406,632,0
20,15,35,0.2841442823410034,False,581,2.4665869619993828,confirmation,2005,2010,16,0.3,101232,0.8924050632911392,0.6875,112,0.28414430788735046,0.14794546535239406,632,0
50,15,65,0.2841442823410034,False,581,4.5956971149998935,confirmation,2005,2010,16,0.3,101232,0.8924050632911392,0.6875,112,0.28414430788735046,0.14794546535239406,632,0
10,2,12,0.2838975787162781,False,581,0.8282414689997495,confirmation,2005,2010,16,0.5,101223,0.9003164556962026,0.5803571428571429,112,0.28389759113971813,0.1516088467640372,632,0
20,2,22,0.2838975787162781,False,581,1.6363636719997885,confirmation,2005,2010,16,0.5,101223,0.9003164556962026,0.5803571428571429,112,0.28389759113971813,0.1516088467640372,632,0
50,2,52,0.2838975787162781,False,581,3.741852335999738,confirmation,2005,2010,16,0.5,101223,0.9003164556962026,0.5803571428571429,112,0.28389759113971813,0.1516088467640372,632,0
10,2,12,0.2872207462787628,False,581,0.8431747059998997,confirmation,2005,2010,16,0.5,101224,0.884493670886076,0.5803571428571429,112,0.28722076847700834,0.15391924087056363,632,0
20,2,22,0.2872207462787628,False,581,1.528528456999993,confirmation,2005,2010,16,0.5,101224,0.884493670886076,0.5803571428571429,112,0.28722076847700834,0.15391924087056363,632,0
50,2,52,0.2872207462787628,False,581,3.6931182749999607,confirmation,2005,2010,16,0.5,101224,0.884493670886076,0.5803571428571429,112,0.28722076847700834,0.15391924087056363,632,0
10,1,11,0.2931651175022125,False,581,0.7889680100001897,confirmation,2005,2010,16,0.5,101225,0.8971518987341772,0.7321428571428571,112,0.29316512060573763,0.15462871088120797,632,0
20,1,21,0.2931651175022125,False,581,1.4382710270001553,confirmation,2005,2010,16,0.5,101225,0.8971518987341772,0.7321428571428571,112,0.29316512060573763,0.15462871088120797,632,0
50,1,51,0.2931651175022125,False,581,3.5191506999999547,confirmation,2005,2010,16,0.5,101225,0.8971518987341772,0.7321428571428571,112,0.29316512060573763,0.15462871088120797,632,0
10,10,20,0.27771398425102234,False,581,1.4798927349993392,confirmation,2005,2010,16,0.5,101226,0.9050632911392406,0.6607142857142857,112,0.2777139786300333,0.14153680264831905,632,0
20,10,30,0.27771398425102234,False,581,2.241141355999389,confirmation,2005,2010,16,0.5,101226,0.9050632911392406,0.6607142857142857,112,0.2777139786300333,0.14153680264831905,632,0
50,10,60,0.27771398425102234,False,581,4.195852745999218,confirmation,2005,2010,16,0.5,101226,0.9050632911392406,0.6607142857142857,112,0.2777139786300333,0.14153680264831905,632,0
10,3,13,0.2891837954521179,False,581,0.917760692000229,confirmation,2005,2010,16,0.5,101227,0.9050632911392406,0.7321428571428571,112,0.28918379510526965,0.15076527302448792,632,0
20,3,23,0.2891837954521179,False,581,1.5944466579994696,confirmation,2005,2010,16,0.5,101227,0.9050632911392406,0.7321428571428571,112,0.28918379510526965,0.15076527302448792,632,0
50,3,53,0.2891837954521179,False,581,3.5856781849997788,confirmation,2005,2010,16,0.5,101227,0.9050632911392406,0.7321428571428571,112,0.28918379510526965,0.15076527302448792,632,0
10,1,11,0.2755177319049835,False,581,0.7866773089999697,confirmation,2005,2010,16,0.5,101228,0.9003164556962026,0.6696428571428571,112,0.27551775238621834,0.1450266958712556,632,0
20,18,38,0.2752962112426758,False,581,2.5640782370001034,confirmation,2005,2010,16,0.5,101228,0.9066455696202531,0.6160714285714286,112,0.2752962333284516,0.14321549689518928,632,0
50,18,68,0.2752962112426758,False,581,4.871665229999962,confirmation,2005,2010,16,0.5,101228,0.9066455696202531,0.6160714285714286,112,0.2752962333284516,0.14321549689518928,632,0
10,7,17,0.2716989517211914,False,581,1.1377091020003718,confirmation,2005,2010,16,0.5,101229,0.8971518987341772,0.6517857142857143,112,0.2716989212596233,0.14250450810536694,632,0
20,7,27,0.2716989517211914,False,581,1.8051690379998035,confirmation,2005,2010,16,0.5,101229,0.8971518987341772,0.6517857142857143,112,0.2716989212596233,0.14250450810536694,632,0
50,7,57,0.2716989517211914,False,581,3.9193256690005,confirmation,2005,2010,16,0.5,101229,0.8971518987341772,0.6517857142857143,112,0.2716989212596233,0.14250450810536694,632,0
10,2,12,0.2768818438053131,False,581,0.8192256889997225,confirmation,2005,2010,16,0.5,101230,0.8908227848101266,0.6785714285714286,112,0.27688182391971694,0.146355287034499,632,0
20,2,22,0.2768818438053131,False,581,1.6893475139995644,confirmation,2005,2010,16,0.5,101230,0.8908227848101266,0.6785714285714286,112,0.27688182391971694,0.146355287034499,632,0
50,2,52,0.2768818438053131,False,581,3.715559461000339,confirmation,2005,2010,16,0.5,101230,0.8908227848101266,0.6785714285714286,112,0.27688182391971694,0.146355287034499,632,0
10,6,16,0.2803470194339752,False,581,1.0965018759998202,confirmation,2005,2010,16,0.5,101231,0.8987341772151899,0.6607142857142857,112,0.28034703466079286,0.14433881685820804,632,0
20,22,42,0.27587369084358215,False,581,2.914283040000555,confirmation,2005,2010,16,0.5,101231,0.9003164556962026,0.625,112,0.27587368419797464,0.1431579948419443,632,0
50,22,72,0.27587369084358215,False,581,4.851001863999954,confirmation,2005,2010,16,0.5,101231,0.9003164556962026,0.625,112,0.27587368419797464,0.1431579948419443,632,0
10,5,15,0.28727054595947266,False,581,0.9829913119992852,confirmation,2005,2010,16,0.5,101232,0.9003164556962026,0.7053571428571429,112,0.28727053449848045,0.15029023920494572,632,0
20,5,25,0.28727054595947266,False,581,1.666425727999922,confirmation,2005,2010,16,0.5,101232,0.9003164556962026,0.7053571428571429,112,0.28727053449848045,0.15029023920494572,632,0
50,5,55,0.28727054595947266,False,581,3.693249733999437,confirmation,2005,2010,16,0.5,101232,0.9003164556962026,0.7053571428571429,112,0.28727053449848045,0.15029023920494572,632,0
10,2,12,0.2927077114582062,False,581,0.876944142999946,confirmation,2005,2010,16,1.0,101223,0.8892405063291139,0.5535714285714286,112,0.29270767150174837,0.1570783570322287,632,0
20,2,22,0.2927077114582062,False,581,1.6233094219996929,confirmation,2005,2010,16,1.0,101223,0.8892405063291139,0.5535714285714286,112,0.29270767150174837,0.1570783570322287,632,0
50,2,52,0.2927077114582062,False,581,4.254291396999633,confirmation,2005,2010,16,1.0,101223,0.8892405063291139,0.5535714285714286,112,0.29270767150174837,0.1570783570322287,632,0
10,4,14,0.2771774232387543,False,581,0.9481357679997018,confirmation,2005,2010,16,1.0,101224,0.8971518987341772,0.5982142857142857,112,0.2771774357880138,0.14340836337133228,632,0
20,4,24,0.2771774232387543,False,581,1.6130798199997116,confirmation,2005,2010,16,1.0,101224,0.8971518987341772,0.5982142857142857,112,0.2771774357880138,0.14340836337133228,632,0
50,4,54,0.2771774232387543,False,581,3.683665658999871,confirmation,2005,2010,16,1.0,101224,0.8971518987341772,0.5982142857142857,112,0.2771774357880138,0.14340836337133228,632,0
10,1,11,0.28751838207244873,False,581,1.1545372919999863,confirmation,2005,2010,16,1.0,101225,0.9018987341772152,0.7232142857142857,112,0.28751840486194463,0.14944834792628775,632,0
20,1,21,0.28751838207244873,False,581,1.8012792620002074,confirmation,2005,2010,16,1.0,101225,0.9018987341772152,0.7232142857142857,112,0.28751840486194463,0.14944834792628775,632,0
50,1,51,0.28751838207244873,False,581,3.95788052800026,confirmation,2005,2010,16,1.0,101225,0.9018987341772152,0.7232142857142857,112,0.28751840486194463,0.14944834792628775,632,0
10,2,12,0.2816431224346161,False,581,0.9510030790006567,confirmation,2005,2010,16,1.0,101226,0.9050632911392406,0.6785714285714286,112,0.28164313063548835,0.14339979500592082,632,0
20,2,22,0.2816431224346161,False,581,1.678566229000353,confirmation,2005,2010,16,1.0,101226,0.9050632911392406,0.6785714285714286,112,0.28164313063548835,0.14339979500592082,632,0
50,2,52,0.2816431224346161,False,581,3.906467036000322,confirmation,2005,2010,16,1.0,101226,0.9050632911392406,0.6785714285714286,112,0.28164313063548835,0.14339979500592082,632,0
10,3,13,0.3156541585922241,False,581,0.9844016899996859,confirmation,2005,2010,16,1.0,101227,0.8939873417721519,0.6696428571428571,112,0.3156541709915808,0.16211592900537036,632,0
20,3,23,0.3156541585922241,False,581,1.6976076219998504,confirmation,2005,2010,16,1.0,101227,0.8939873417721519,0.6696428571428571,112,0.3156541709915808,0.16211592900537036,632,0
50,3,53,0.3156541585922241,False,581,3.8422040870000274,confirmation,2005,2010,16,1.0,101227,0.8939873417721519,0.6696428571428571,112,0.3156541709915808,0.16211592900537036,632,0
10,4,14,0.29441508650779724,False,581,1.0882247079998706,confirmation,2005,2010,16,1.0,101228,0.9129746835443038,0.6696428571428571,112,0.2944150999429514,0.15227892539606863,632,0
20,4,24,0.29441508650779724,False,581,1.7474904870005048,confirmation,2005,2010,16,1.0,101228,0.9129746835443038,0.6696428571428571,112,0.2944150999429514,0.15227892539606863,632,0
50,4,54,0.29441508650779724,False,581,3.840815894000116,confirmation,2005,2010,16,1.0,101228,0.9129746835443038,0.6696428571428571,112,0.2944150999429514,0.15227892539606863,632,0
10,1,11,0.2829563021659851,False,581,0.7518263789997945,confirmation,2005,2010,16,1.0,101229,0.9098101265822784,0.7321428571428571,112,0.2829562709878332,0.14540654145120638,632,0
20,1,21,0.2829563021659851,False,581,1.4220806499997707,confirmation,2005,2010,16,1.0,101229,0.9098101265822784,0.7321428571428571,112,0.2829562709878332,0.14540654145120638,632,0
50,1,51,0.2829563021659851,False,581,3.56064987299942,confirmation,2005,2010,16,1.0,101229,0.9098101265822784,0.7321428571428571,112,0.2829562709878332,0.14540654145120638,632,0
10,3,13,0.27348366379737854,False,581,0.993320261000008,confirmation,2005,2010,16,1.0,101230,0.9129746835443038,0.625,112,0.2734836724391637,0.14169286107630727,632,0
20,3,23,0.27348366379737854,False,581,1.6836969639998642,confirmation,2005,2010,16,1.0,101230,0.9129746835443038,0.625,112,0.2734836724391637,0.14169286107630727,632,0
50,3,53,0.27348366379737854,False,581,3.769498929999827,confirmation,2005,2010,16,1.0,101230,0.9129746835443038,0.625,112,0.2734836724391637,0.14169286107630727,632,0
10,6,16,0.2953905761241913,False,581,1.08472053100013,confirmation,2005,2010,16,1.0,101231,0.8987341772151899,0.5982142857142857,112,0.2953905899877492,0.14925604655063543,632,0
20,6,26,0.2953905761241913,False,581,1.9209919590002755,confirmation,2005,2010,16,1.0,101231,0.8987341772151899,0.5982142857142857,112,0.2953905899877492,0.14925604655063543,632,0
50,6,56,0.2953905761241913,False,581,3.992762564000259,confirmation,2005,2010,16,1.0,101231,0.8987341772151899,0.5982142857142857,112,0.2953905899877492,0.14925604655063543,632,0
10,2,12,0.28448909521102905,False,581,1.0314668990004066,confirmation,2005,2010,16,1.0,101232,0.8924050632911392,0.6071428571428571,112,0.2844891158681067,0.14920103352834632,632,0
20,2,22,0.28448909521102905,False,581,1.6705108850001125,confirmation,2005,2010,16,1.0,101232,0.8924050632911392,0.6071428571428571,112,0.2844891158681067,0.14920103352834632,632,0
50,2,52,0.28448909521102905,False,581,3.7760333440000977,confirmation,2005,2010,16,1.0,101232,0.8924050632911392,0.6071428571428571,112,0.2844891158681067,0.14920103352834632,632,0
10,219,229,0.18435978889465332,False,1541,11.05470492600034,confirmation,1997,2001,32_16,0.01,101223,0.9563182527301092,0.20833333333333334,24,0.18435976214323246,0.08258484904548116,641,0
20,289,309,0.1808256059885025,False,1541,14.86319378600001,confirmation,1997,2001,32_16,0.01,101223,0.9609984399375975,0.20833333333333334,24,0.18082559608907545,0.07926247716242774,641,0
50,289,339,0.1808256059885025,False,1541,16.16504194700019,confirmation,1997,2001,32_16,0.01,101223,0.9609984399375975,0.20833333333333334,24,0.18082559608907545,0.07926247716242774,641,0
10,75,85,0.2396930754184723,False,1541,3.93680339499997,confirmation,1997,2001,32_16,0.01,101224,0.9157566302652106,0.2916666666666667,24,0.23969308314431742,0.11662932916366689,641,0
20,328,348,0.1847531944513321,False,1541,16.755216157000177,confirmation,1997,2001,32_16,0.01,101224,0.9422776911076443,0.20833333333333334,24,0.1847531883978176,0.09143717487695457,641,0
50,328,378,0.1847531944513321,False,1541,18.323137139999744,confirmation,1997,2001,32_16,0.01,101224,0.9422776911076443,0.20833333333333334,24,0.1847531883978176,0.09143717487695457,641,0
10,74,84,0.2856268584728241,False,1541,4.030336787000124,confirmation,1997,2001,32_16,0.01,101225,0.8985959438377535,0.125,24,0.28562685614956246,0.14728072542593845,641,0
20,74,94,0.2856268584728241,False,1541,4.518113581000307,confirmation,1997,2001,32_16,0.01,101225,0.8985959438377535,0.125,24,0.28562685614956246,0.14728072542593845,641,0
50,361,411,0.23137149214744568,False,1541,19.207396640000297,confirmation,1997,2001,32_16,0.01,101225,0.9157566302652106,0.08333333333333333,24,0.23137148976526364,0.1238690168200579,641,0
10,214,224,0.16544975340366364,False,1541,10.695458852999764,confirmation,1997,2001,32_16,0.01,101226,0.9609984399375975,0.08333333333333333,24,0.1654497471301731,0.0764518812108258,641,0
20,214,234,0.16544975340366364,False,1541,11.150172837000355,confirmation,1997,2001,32_16,0.01,101226,0.9609984399375975,0.08333333333333333,24,0.1654497471301731,0.0764518812108258,641,0
50,214,264,0.16544975340366364,False,1541,12.444670621000114,confirmation,1997,2001,32_16,0.01,101226,0.9609984399375975,0.08333333333333333,24,0.1654497471301731,0.0764518812108258,641,0
10,144,154,0.18997466564178467,False,1541,7.685105438999926,confirmation,1997,2001,32_16,0.01,101227,0.9469578783151326,0.125,24,0.1899746481906623,0.08888304771982182,641,0
20,144,164,0.18997466564178467,False,1541,8.225585293999757,confirmation,1997,2001,32_16,0.01,101227,0.9469578783151326,0.125,24,0.1899746481906623,0.08888304771982182,641,0
50,144,194,0.18997466564178467,False,1541,9.649755784999797,confirmation,1997,2001,32_16,0.01,101227,0.9469578783151326,0.125,24,0.1899746481906623,0.08888304771982182,641,0
10,285,295,0.23510654270648956,False,1541,13.652164698000433,confirmation,1997,2001,32_16,0.01,101228,0.9141965678627145,0.2916666666666667,24,0.23510653326210415,0.12265019017997657,641,0
20,338,358,0.22789789736270905,False,1541,16.65252972100052,confirmation,1997,2001,32_16,0.01,101228,0.9188767550702028,0.2916666666666667,24,0.22789792544976042,0.11972341112516888,641,0
50,454,504,0.22440217435359955,False,1541,23.486990750999666,confirmation,1997,2001,32_16,0.01,101228,0.9173166926677067,0.16666666666666666,24,0.22440216818707365,0.11874832699020033,641,0
10,221,231,0.186111181974411,False,1541,10.76876984699993,confirmation,1997,2001,32_16,0.01,101229,0.9453978159126365,0.08333333333333333,24,0.1861111841932179,0.09029677985380495,641,0
20,233,253,0.18589137494564056,False,1541,11.72492272999989,confirmation,1997,2001,32_16,0.01,101229,0.9438377535101404,0.08333333333333333,24,0.1858913765806408,0.09049574896879752,641,0
50,268,318,0.18493247032165527,False,1541,14.9816339099998,confirmation,1997,2001,32_16,0.01,101229,0.9438377535101404,0.08333333333333333,24,0.1849324603682017,0.08960988818376539,641,0
10,247,257,0.17959462106227875,False,1541,12.51674498400007,confirmation,1997,2001,32_16,0.01,101230,0.9453978159126365,0.16666666666666666,24,0.1795946209226532,0.08911930077207883,641,0
20,258,278,0.17825858294963837,False,1541,13.430300758000158,confirmation,1997,2001,32_16,0.01,101230,0.9453978159126365,0.125,24,0.17825856907962964,0.08812398668918603,641,0
50,324,374,0.17614459991455078,False,1541,17.803036301000247,confirmation,1997,2001,32_16,0.01,101230,0.9469578783151326,0.08333333333333333,24,0.17614460062861204,0.0862480179730598,641,0
10,153,163,0.21779263019561768,False,1541,8.129177577000064,confirmation,1997,2001,32_16,0.01,101231,0.9375975039001561,0.08333333333333333,24,0.21779261607189637,0.10427743416069112,641,0
20,276,296,0.1953456550836563,False,1541,14.64977945999999,confirmation,1997,2001,32_16,0.01,101231,0.9438377535101404,0.08333333333333333,24,0.19534563528801732,0.09259995075702347,641,0
50,374,424,0.1923607736825943,False,1541,20.549734154999896,confirmation,1997,2001,32_16,0.01,101231,0.9422776911076443,0.08333333333333333,24,0.192360764278253,0.0898229731247567,641,0
10,124,134,0.3210963308811188,False,1541,6.212584763999985,confirmation,1997,2001,32_16,0.01,101232,0.890795631825273,0.20833333333333334,24,0.3210963205341074,0.16688488380706468,641,0
20,313,333,0.2886962294578552,False,1541,15.546815961999982,confirmation,1997,2001,32_16,0.01,101232,0.8970358814352574,0.16666666666666666,24,0.2886962388750366,0.15589043678957998,641,0
50,313,363,0.2886962294578552,False,1541,16.991728026000146,confirmation,1997,2001,32_16,0.01,101232,0.8970358814352574,0.16666666666666666,24,0.2886962388750366,0.15589043678957998,641,0
10,86,96,0.18094542622566223,False,1541,4.308081004000087,confirmation,1997,2001,32_16,0.03,101223,0.9609984399375975,0.20833333333333334,24,0.180945432013847,0.07917763632947,641,0
20,98,118,0.1806521862745285,False,1541,5.345014893000098,confirmation,1997,2001,32_16,0.03,101223,0.9609984399375975,0.20833333333333334,24,0.18065218604751185,0.07890485618125087,641,0
50,98,148,0.1806521862745285,False,1541,6.728187572000024,confirmation,1997,2001,32_16,0.03,101223,0.9609984399375975,0.20833333333333334,24,0.18065218604751185,0.07890485618125087,641,0
10,116,126,0.17798101902008057,False,1541,6.132013020000159,confirmation,1997,2001,32_16,0.03,101224,0.9438377535101404,0.125,24,0.17798101363372085,0.08511289618861695,641,0
20,116,136,0.17798101902008057,False,1541,6.614709757000128,confirmation,1997,2001,32_16,0.03,101224,0.9438377535101404,0.125,24,0.17798101363372085,0.08511289618861695,641,0
50,116,166,0.17798101902008057,False,1541,7.9480098179997185,confirmation,1997,2001,32_16,0.03,101224,0.9438377535101404,0.125,24,0.17798101363372085,0.08511289618861695,641,0
10,21,31,0.2782001793384552,False,1541,1.6190587479995884,confirmation,1997,2001,32_16,0.03,101225,0.906396255850234,0.125,24,0.2782001785741122,0.14091508095712438,641,0
20,119,139,0.2178085446357727,False,1541,6.842221849999987,confirmation,1997,2001,32_16,0.03,101225,0.921996879875195,0.08333333333333333,24,0.21780855331347634,0.11489598139281512,641,0
50,119,169,0.2178085446357727,False,1541,8.1983420079996,confirmation,1997,2001,32_16,0.03,101225,0.921996879875195,0.08333333333333333,24,0.21780855331347634,0.11489598139281512,641,0
10,70,80,0.16407746076583862,False,1541,4.015880384999946,confirmation,1997,2001,32_16,0.03,101226,0.9609984399375975,0.08333333333333333,24,0.16407745070682997,0.07542651868213901,641,0
20,70,90,0.16407746076583862,False,1541,4.6065579769997385,confirmation,1997,2001,32_16,0.03,101226,0.9609984399375975,0.08333333333333333,24,0.16407745070682997,0.07542651868213901,641,0
50,70,120,0.16407746076583862,False,1541,5.910878125999716,confirmation,1997,2001,32_16,0.03,101226,0.9609984399375975,0.08333333333333333,24,0.16407745070682997,0.07542651868213901,641,0
10,58,68,0.18635082244873047,False,1541,3.0995584899997084,confirmation,1997,2001,32_16,0.03,101227,0.9516380655226209,0.125,24,0.18635082624270197,0.08698887878974124,641,0
20,58,78,0.18635082244873047,False,1541,3.540423690999887,confirmation,1997,2001,32_16,0.03,101227,0.9516380655226209,0.125,24,0.18635082624270197,0.08698887878974124,641,0
50,58,108,0.18635082244873047,False,1541,4.924750917999972,confirmation,1997,2001,32_16,0.03,101227,0.9516380655226209,0.125,24,0.18635082624270197,0.08698887878974124,641,0
10,95,105,0.22611039876937866,False,1541,4.800286159999814,confirmation,1997,2001,32_16,0.03,101228,0.921996879875195,0.2916666666666667,24,0.22611039687811985,0.11635664586028469,641,0
20,95,115,0.22611039876937866,False,1541,5.285519056999874,confirmation,1997,2001,32_16,0.03,101228,0.921996879875195,0.2916666666666667,24,0.22611039687811985,0.11635664586028469,641,0
50,155,205,0.2201402187347412,False,1541,9.518336714999805,confirmation,1997,2001,32_16,0.03,101228,0.9173166926677067,0.20833333333333334,24,0.22014021442331755,0.11520149533485975,641,0
10,60,70,0.1790619194507599,False,1541,3.4631705010001497,confirmation,1997,2001,32_16,0.03,101229,0.9516380655226209,0.08333333333333333,24,0.17906193704469084,0.08363267978822253,641,0
20,79,99,0.1763242930173874,False,1541,4.794564344999799,confirmation,1997,2001,32_16,0.03,101229,0.9516380655226209,0.08333333333333333,24,0.17632430930716422,0.08275451014708768,641,0
50,79,129,0.1763242930173874,False,1541,6.255498984000042,confirmation,1997,2001,32_16,0.03,101229,0.9516380655226209,0.08333333333333333,24,0.17632430930716422,0.08275451014708768,641,0
10,74,84,0.17852461338043213,False,1541,3.990030282999669,confirmation,1997,2001,32_16,0.03,101230,0.9453978159126365,0.16666666666666666,24,0.17852461957707288,0.0875629687331419,641,0
20,100,120,0.17292416095733643,False,1541,5.696123453999917,confirmation,1997,2001,32_16,0.03,101230,0.9485179407176287,0.125,24,0.1729241610785074,0.08350556803466265,641,0
50,100,150,0.17292416095733643,False,1541,7.186647286999687,confirmation,1997,2001,32_16,0.03,101230,0.9485179407176287,0.125,24,0.1729241610785074,0.08350556803466265,641,0
10,78,88,0.19376926124095917,False,1541,4.10542115599992,confirmation,1997,2001,32_16,0.03,101231,0.9485179407176287,0.08333333333333333,24,0.19376926149553617,0.09025620133677026,641,0
20,109,129,0.18788671493530273,False,1541,5.924552210000002,confirmation,1997,2001,32_16,0.03,101231,0.9453978159126365,0.08333333333333333,24,0.1878867221871462,0.08693316568717802,641,0
50,109,159,0.18788671493530273,False,1541,7.333323723999911,confirmation,1997,2001,32_16,0.03,101231,0.9453978159126365,0.08333333333333333,24,0.1878867221871462,0.08693316568717802,641,0
10,29,39,0.32609373331069946,False,1541,1.907570186999692,confirmation,1997,2001,32_16,0.03,101232,0.8954758190327613,0.125,24,0.3260937565777372,0.16752024324194745,641,0
20,101,121,0.27876904606819153,False,1541,5.976737118999608,confirmation,1997,2001,32_16,0.03,101232,0.9001560062402496,0.20833333333333334,24,0.2787690411501405,0.15031251692530584,641,0
50,181,231,0.27499663829803467,False,1541,11.088762811999914,confirmation,1997,2001,32_16,0.03,101232,0.8970358814352574,0.08333333333333333,24,0.2749966349859054,0.14829300580191965,641,0
10,46,56,0.1800786256790161,False,1541,2.5828640220001944,confirmation,1997,2001,32_16,0.05,101223,0.9609984399375975,0.20833333333333334,24,0.1800786262148006,0.07875089263819991,641,0
20,46,66,0.1800786256790161,False,1541,3.02805688799981,confirmation,1997,2001,32_16,0.05,101223,0.9609984399375975,0.20833333333333334,24,0.1800786262148006,0.07875089263819991,641,0
50,46,96,0.1800786256790161,False,1541,4.4441676309998,confirmation,1997,2001,32_16,0.05,101223,0.9609984399375975,0.20833333333333334,24,0.1800786262148006,0.07875089263819991,641,0
10,55,65,0.17774216830730438,False,1541,3.122386409000228,confirmation,1997,2001,32_16,0.05,101224,0.9438377535101404,0.20833333333333334,24,0.17774217577279713,0.0849474641078338,641,0
20,55,75,0.17774216830730438,False,1541,3.611468435000006,confirmation,1997,2001,32_16,0.05,101224,0.9438377535101404,0.20833333333333334,24,0.17774217577279713,0.0849474641078338,641,0
50,55,105,0.17774216830730438,False,1541,5.064567760000045,confirmation,1997,2001,32_16,0.05,101224,0.9438377535101404,0.20833333333333334,24,0.17774217577279713,0.0849474641078338,641,0
10,21,31,0.2600244879722595,False,1541,1.6109125230000245,confirmation,1997,2001,32_16,0.05,101225,0.9095163806552262,0.25,24,0.26002448285305757,0.13566466955159479,641,0
20,50,70,0.21911856532096863,False,1541,3.483279732000028,confirmation,1997,2001,32_16,0.05,101225,0.9297971918876755,0.16666666666666666,24,0.21911857892265618,0.11593980456921639,641,0
50,73,123,0.21455013751983643,False,1541,6.141640076000385,confirmation,1997,2001,32_16,0.05,101225,0.9282371294851794,0.08333333333333333,24,0.21455018159332545,0.112222915192166,641,0
10,47,57,0.16397006809711456,False,1541,2.8746922639998047,confirmation,1997,2001,32_16,0.05,101226,0.9594383775351014,0.041666666666666664,24,0.16397007003472633,0.07520770081777962,641,0
20,47,67,0.16397006809711456,False,1541,3.308815480999783,confirmation,1997,2001,32_16,0.05,101226,0.9594383775351014,0.041666666666666664,24,0.16397007003472633,0.07520770081777962,641,0
50,47,97,0.16397006809711456,False,1541,4.8335863949996565,confirmation,1997,2001,32_16,0.05,101226,0.9594383775351014,0.041666666666666664,24,0.16397007003472633,0.07520770081777962,641,0
10,30,40,0.18173401057720184,False,1541,1.9368155590000242,confirmation,1997,2001,32_16,0.05,101227,0.9547581903276131,0.125,24,0.18173400183268767,0.08340066914907579,641,0
20,30,50,0.18173401057720184,False,1541,2.358468635999998,confirmation,1997,2001,32_16,0.05,101227,0.9547581903276131,0.125,24,0.18173400183268767,0.08340066914907579,641,0
50,30,80,0.18173401057720184,False,1541,3.73826262700004,confirmation,1997,2001,32_16,0.05,101227,0.9547581903276131,0.125,24,0.18173400183268767,0.08340066914907579,641,0
10,64,74,0.22644495964050293,False,1541,3.5717337930000213,confirmation,1997,2001,32_16,0.05,101228,0.9173166926677067,0.2916666666666667,24,0.22644494800279646,0.11798327754718411,641,0
20,86,106,0.220085009932518,False,1541,5.064004460999968,confirmation,1997,2001,32_16,0.05,101228,0.9204368174726989,0.20833333333333334,24,0.2200850126278244,0.11537536348332,641,0
50,86,136,0.220085009932518,False,1541,6.527877465000074,confirmation,1997,2001,32_16,0.05,101228,0.9204368174726989,0.20833333333333334,24,0.2200850126278244,0.11537536348332,641,0
10,47,57,0.17735978960990906,False,1541,2.6740099310000005,confirmation,1997,2001,32_16,0.05,101229,0.9516380655226209,0.08333333333333333,24,0.17735977996292052,0.08224782820060014,641,0
20,47,67,0.17735978960990906,False,1541,3.099030877000132,confirmation,1997,2001,32_16,0.05,101229,0.9516380655226209,0.08333333333333333,24,0.17735977996292052,0.08224782820060014,641,0
50,47,97,0.17735978960990906,False,1541,4.502700784999888,confirmation,1997,2001,32_16,0.05,101229,0.9516380655226209,0.08333333333333333,24,0.17735977996292052,0.08224782820060014,641,0
10,41,51,0.17729879915714264,False,1541,2.4414462230001845,confirmation,1997,2001,32_16,0.05,101230,0.9500780031201248,0.16666666666666666,24,0.17729878528980994,0.085934046322804,641,0
20,63,83,0.17435722053050995,False,1541,4.052517548000196,confirmation,1997,2001,32_16,0.05,101230,0.9485179407176287,0.16666666666666666,24,0.1743572341979587,0.08468502157196102,641,0
50,63,113,0.17435722053050995,False,1541,5.813644405000105,confirmation,1997,2001,32_16,0.05,101230,0.9485179407176287,0.16666666666666666,24,0.1743572341979587,0.08468502157196102,641,0
10,47,57,0.19588683545589447,False,1541,2.555982516000313,confirmation,1997,2001,32_16,0.05,101231,0.9469578783151326,0.08333333333333333,24,0.19588684380934632,0.09198951891985277,641,0
20,60,80,0.1877324879169464,False,1541,3.580300964000344,confirmation,1997,2001,32_16,0.05,101231,0.9453978159126365,0.08333333333333333,24,0.18773249058426275,0.0873443377057236,641,0
50,60,110,0.1877324879169464,False,1541,4.977766310000334,confirmation,1997,2001,32_16,0.05,101231,0.9453978159126365,0.08333333333333333,24,0.18773249058426275,0.0873443377057236,641,0
10,29,39,0.29957225918769836,False,1541,1.9379805250000572,confirmation,1997,2001,32_16,0.05,101232,0.8954758190327613,0.20833333333333334,24,0.2995722349687868,0.15631359549471563,641,0
20,44,64,0.27891257405281067,False,1541,3.070175170999846,confirmation,1997,2001,32_16,0.05,101232,0.9032761310452418,0.16666666666666666,24,0.2789125804396425,0.14774168399404672,641,0
50,44,94,0.27891257405281067,False,1541,4.643414634999772,confirmation,1997,2001,32_16,0.05,101232,0.9032761310452418,0.16666666666666666,24,0.2789125804396425,0.14774168399404672,641,0
10,26,36,0.1784474402666092,False,1541,1.7913861369997903,confirmation,1997,2001,32_16,0.1,101223,0.9578783151326054,0.125,24,0.17844743056112183,0.07707676170300203,641,0
20,26,46,0.1784474402666092,False,1541,2.225587768999958,confirmation,1997,2001,32_16,0.1,101223,0.9578783151326054,0.125,24,0.17844743056112183,0.07707676170300203,641,0
50,26,76,0.1784474402666092,False,1541,3.645186511999782,confirmation,1997,2001,32_16,0.1,101223,0.9578783151326054,0.125,24,0.17844743056112183,0.07707676170300203,641,0
10,29,39,0.18382732570171356,False,1541,1.8052648100001534,confirmation,1997,2001,32_16,0.1,101224,0.9407176287051482,0.20833333333333334,24,0.1838273148349686,0.0892882308517018,641,0
20,40,60,0.1810586005449295,False,1541,2.815075703000275,confirmation,1997,2001,32_16,0.1,101224,0.9407176287051482,0.125,24,0.18105858509479567,0.08561232985481643,641,0
50,40,90,0.1810586005449295,False,1541,4.349968898000043,confirmation,1997,2001,32_16,0.1,101224,0.9407176287051482,0.125,24,0.18105858509479567,0.08561232985481643,641,0
10,21,31,0.2059253305196762,False,1541,1.4266985000003842,confirmation,1997,2001,32_16,0.1,101225,0.9282371294851794,0.08333333333333333,24,0.20592533042047798,0.10607344704563162,641,0
20,21,41,0.2059253305196762,False,1541,1.9488299800000277,confirmation,1997,2001,32_16,0.1,101225,0.9282371294851794,0.08333333333333333,24,0.20592533042047798,0.10607344704563162,641,0
50,50,100,0.19474788010120392,False,1541,4.717892535000374,confirmation,1997,2001,32_16,0.1,101225,0.9407176287051482,0.08333333333333333,24,0.19474786788013615,0.09572074579931222,641,0
10,23,33,0.1660100519657135,False,1541,1.5143765120001262,confirmation,1997,2001,32_16,0.1,101226,0.9609984399375975,0.08333333333333333,24,0.1660100576625352,0.07685565696487001,641,0
20,23,43,0.1660100519657135,False,1541,1.9960837379999248,confirmation,1997,2001,32_16,0.1,101226,0.9609984399375975,0.08333333333333333,24,0.1660100576625352,0.07685565696487001,641,0
50,23,73,0.1660100519657135,False,1541,3.336481203999938,confirmation,1997,2001,32_16,0.1,101226,0.9609984399375975,0.08333333333333333,24,0.1660100576625352,0.07685565696487001,641,0
10,19,29,0.17488066852092743,False,1541,1.3185890979998476,confirmation,1997,2001,32_16,0.1,101227,0.9594383775351014,0.125,24,0.17488065451716855,0.07913033969855704,641,0
20,19,39,0.17488066852092743,False,1541,1.7974394199995913,confirmation,1997,2001,32_16,0.1,101227,0.9594383775351014,0.125,24,0.17488065451716855,0.07913033969855704,641,0
50,19,69,0.17488066852092743,False,1541,3.1070016699995904,confirmation,1997,2001,32_16,0.1,101227,0.9594383775351014,0.125,24,0.17488065451716855,0.07913033969855704,641,0
10,37,47,0.21100294589996338,False,1541,2.321886218000145,confirmation,1997,2001,32_16,0.1,101228,0.9251170046801872,0.20833333333333334,24,0.21100295144641915,0.10728196419427598,641,0
20,37,57,0.21100294589996338,False,1541,2.7525167010003315,confirmation,1997,2001,32_16,0.1,101228,0.9251170046801872,0.20833333333333334,24,0.21100295144641915,0.10728196419427598,641,0
50,37,87,0.21100294589996338,False,1541,4.2308771090001756,confirmation,1997,2001,32_16,0.1,101228,0.9251170046801872,0.20833333333333334,24,0.21100295144641915,0.10728196419427598,641,0
10,24,34,0.17777058482170105,False,1541,1.4885608599997795,confirmation,1997,2001,32_16,0.1,101229,0.9500780031201248,0.08333333333333333,24,0.17777057216575495,0.08226132352883256,641,0
20,24,44,0.17777058482170105,False,1541,2.0256971089997933,confirmation,1997,2001,32_16,0.1,101229,0.9500780031201248,0.08333333333333333,24,0.17777057216575495,0.08226132352883256,641,0
50,24,74,0.17777058482170105,False,1541,3.565973915000086,confirmation,1997,2001,32_16,0.1,101229,0.9500780031201248,0.08333333333333333,24,0.17777057216575495,0.08226132352883256,641,0
10,33,43,0.17141179740428925,False,1541,2.11382398700016,confirmation,1997,2001,32_16,0.1,101230,0.9594383775351014,0.125,24,0.17141178127254136,0.07913634766183633,641,0
20,33,53,0.17141179740428925,False,1541,2.5494015690001106,confirmation,1997,2001,32_16,0.1,101230,0.9594383775351014,0.125,24,0.17141178127254136,0.07913634766183633,641,0
50,33,83,0.17141179740428925,False,1541,3.8944913400000587,confirmation,1997,2001,32_16,0.1,101230,0.9594383775351014,0.125,24,0.17141178127254136,0.07913634766183633,641,0
10,39,49,0.18335798382759094,False,1541,2.209518152000328,confirmation,1997,2001,32_16,0.1,101231,0.9500780031201248,0.08333333333333333,24,0.18335798874920964,0.0822359653101697,641,0
20,39,59,0.18335798382759094,False,1541,2.6721849770001427,confirmation,1997,2001,32_16,0.1,101231,0.9500780031201248,0.08333333333333333,24,0.18335798874920964,0.0822359653101697,641,0
50,39,89,0.18335798382759094,False,1541,4.127156245000151,confirmation,1997,2001,32_16,0.1,101231,0.9500780031201248,0.08333333333333333,24,0.18335798874920964,0.0822359653101697,641,0
10,16,26,0.25448814034461975,False,1541,1.1878471969998827,confirmation,1997,2001,32_16,0.1,101232,0.921996879875195,0.2916666666666667,24,0.2544881471682583,0.1286952421310182,641,0
20,16,36,0.25448814034461975,False,1541,1.6265290490000552,confirmation,1997,2001,32_16,0.1,101232,0.921996879875195,0.2916666666666667,24,0.2544881471682583,0.1286952421310182,641,0
50,44,94,0.25109341740608215,False,1541,4.30382795100013,confirmation,1997,2001,32_16,0.1,101232,0.9110764430577223,0.08333333333333333,24,0.25109341909484345,0.13406189199027269,641,0
10,15,25,0.18662001192569733,False,1541,1.2158384550002665,confirmation,1997,2001,32_16,0.2,101223,0.9500780031201248,0.20833333333333334,24,0.18662000485493807,0.08350371283591294,641,0
20,15,35,0.18662001192569733,False,1541,1.7330831120002586,confirmation,1997,2001,32_16,0.2,101223,0.9500780031201248,0.20833333333333334,24,0.18662000485493807,0.08350371283591294,641,0
50,15,65,0.18662001192569733,False,1541,3.152660409999953,confirmation,1997,2001,32_16,0.2,101223,0.9500780031201248,0.20833333333333334,24,0.18662000485493807,0.08350371283591294,641,0
10,17,27,0.17857332527637482,False,1541,1.189961261999997,confirmation,1997,2001,32_16,0.2,101224,0.9485179407176287,0.16666666666666666,24,0.17857332516131913,0.08279614737291406,641,0
20,17,37,0.17857332527637482,False,1541,1.6380510550002327,confirmation,1997,2001,32_16,0.2,101224,0.9485179407176287,0.16666666666666666,24,0.17857332516131913,0.08279614737291406,641,0
50,17,67,0.17857332527637482,False,1541,3.2027595290001045,confirmation,1997,2001,32_16,0.2,101224,0.9485179407176287,0.16666666666666666,24,0.17857332516131913,0.08279614737291406,641,0
10,19,29,0.19966788589954376,False,1541,1.3584528279998267,confirmation,1997,2001,32_16,0.2,101225,0.9313572542901716,0.08333333333333333,24,0.19966788396294208,0.09781269573295578,641,0
20,19,39,0.19966788589954376,False,1541,1.8439169339999353,confirmation,1997,2001,32_16,0.2,101225,0.9313572542901716,0.08333333333333333,24,0.19966788396294208,0.09781269573295578,641,0
50,19,69,0.19966788589954376,False,1541,3.238963419999891,confirmation,1997,2001,32_16,0.2,101225,0.9313572542901716,0.08333333333333333,24,0.19966788396294208,0.09781269573295578,641,0
10,11,21,0.15831494331359863,False,1541,1.1282973079996736,confirmation,1997,2001,32_16,0.2,101226,0.9641185647425897,0.125,24,0.15831493050309717,0.06918841810436314,641,0
20,11,31,0.15831494331359863,False,1541,1.6048622959997374,confirmation,1997,2001,32_16,0.2,101226,0.9641185647425897,0.125,24,0.15831493050309717,0.06918841810436314,641,0
50,11,61,0.15831494331359863,False,1541,3.0526958249997733,confirmation,1997,2001,32_16,0.2,101226,0.9641185647425897,0.125,24,0.15831493050309717,0.06918841810436314,641,0
10,11,21,0.1732698231935501,False,1541,0.9950796549996994,confirmation,1997,2001,32_16,0.2,101227,0.9547581903276131,0.041666666666666664,24,0.1732698228206564,0.07881635207603953,641,0
20,11,31,0.1732698231935501,False,1541,1.6123403920000783,confirmation,1997,2001,32_16,0.2,101227,0.9547581903276131,0.041666666666666664,24,0.1732698228206564,0.07881635207603953,641,0
50,11,61,0.1732698231935501,False,1541,3.0053956769997967,confirmation,1997,2001,32_16,0.2,101227,0.9547581903276131,0.041666666666666664,24,0.1732698228206564,0.07881635207603953,641,0
10,20,30,0.2017872929573059,False,1541,1.371761810999942,confirmation,1997,2001,32_16,0.2,101228,0.9297971918876755,0.16666666666666666,24,0.20178728925497508,0.09925506674311926,641,0
20,20,40,0.2017872929573059,False,1541,1.9619358210002247,confirmation,1997,2001,32_16,0.2,101228,0.9297971918876755,0.16666666666666666,24,0.20178728925497508,0.09925506674311926,641,0
50,20,70,0.2017872929573059,False,1541,3.274681811999926,confirmation,1997,2001,32_16,0.2,101228,0.9297971918876755,0.16666666666666666,24,0.20178728925497508,0.09925506674311926,641,0
10,14,24,0.19100627303123474,False,1541,1.1401554199997008,confirmation,1997,2001,32_16,0.2,101229,0.9407176287051482,0.08333333333333333,24,0.1910062508549337,0.09130743045278272,641,0
20,14,34,0.19100627303123474,False,1541,1.6239603179997175,confirmation,1997,2001,32_16,0.2,101229,0.9407176287051482,0.08333333333333333,24,0.1910062508549337,0.09130743045278272,641,0
50,14,64,0.19100627303123474,False,1541,3.0880363779997424,confirmation,1997,2001,32_16,0.2,101229,0.9407176287051482,0.08333333333333333,24,0.1910062508549337,0.09130743045278272,641,0
10,15,25,0.17493097484111786,False,1541,1.0970755020002798,confirmation,1997,2001,32_16,0.2,101230,0.9578783151326054,0.041666666666666664,24,0.1749309720845188,0.07825984228294458,641,0
20,15,35,0.17493097484111786,False,1541,1.54752333200031,confirmation,1997,2001,32_16,0.2,101230,0.9578783151326054,0.041666666666666664,24,0.1749309720845188,0.07825984228294458,641,0
50,15,65,0.17493097484111786,False,1541,3.1206315330000507,confirmation,1997,2001,32_16,0.2,101230,0.9578783151326054,0.041666666666666664,24,0.1749309720845188,0.07825984228294458,641,0
10,20,30,0.18712741136550903,False,1541,1.360025281000162,confirmation,1997,2001,32_16,0.2,101231,0.9563182527301092,0.041666666666666664,24,0.18712740807471462,0.08145014116334848,641,0
20,20,40,0.18712741136550903,False,1541,1.8236635050002405,confirmation,1997,2001,32_16,0.2,101231,0.9563182527301092,0.041666666666666664,24,0.18712740807471462,0.08145014116334848,641,0
50,20,70,0.18712741136550903,False,1541,3.1889355110001816,confirmation,1997,2001,32_16,0.2,101231,0.9563182527301092,0.041666666666666664,24,0.18712740807471462,0.08145014116334848,641,0
10,16,26,0.2163642793893814,False,1541,1.2147109400002591,confirmation,1997,2001,32_16,0.2,101232,0.9282371294851794,0.08333333333333333,24,0.21636425731252862,0.10709648141175003,641,0
20,16,36,0.2163642793893814,False,1541,1.669980316999954,confirmation,1997,2001,32_16,0.2,101232,0.9282371294851794,0.08333333333333333,24,0.21636425731252862,0.10709648141175003,641,0
50,16,66,0.2163642793893814,False,1541,3.0702656880002905,confirmation,1997,2001,32_16,0.2,101232,0.9282371294851794,0.08333333333333333,24,0.21636425731252862,0.10709648141175003,641,0
10,9,19,0.18719692528247833,False,1541,0.8899083360001896,confirmation,1997,2001,32_16,0.3,101223,0.9578783151326054,0.20833333333333334,24,0.18719691447903314,0.07932699841707487,641,0
20,9,29,0.18719692528247833,False,1541,1.4130852130001585,confirmation,1997,2001,32_16,0.3,101223,0.9578783151326054,0.20833333333333334,24,0.18719691447903314,0.07932699841707487,641,0
50,9,59,0.18719692528247833,False,1541,2.8983872300000257,confirmation,1997,2001,32_16,0.3,101223,0.9578783151326054,0.20833333333333334,24,0.18719691447903314,0.07932699841707487,641,0
10,11,21,0.18222934007644653,False,1541,1.0295128799998565,confirmation,1997,2001,32_16,0.3,101224,0.9516380655226209,0.125,24,0.1822293427389707,0.08090513622409091,641,0
20,11,31,0.18222934007644653,False,1541,1.4728935120001552,confirmation,1997,2001,32_16,0.3,101224,0.9516380655226209,0.125,24,0.1822293427389707,0.08090513622409091,641,0
50,11,61,0.18222934007644653,False,1541,2.89767066100012,confirmation,1997,2001,32_16,0.3,101224,0.9516380655226209,0.125,24,0.1822293427389707,0.08090513622409091,641,0
10,19,29,0.20713841915130615,False,1541,1.3599374990003525,confirmation,1997,2001,32_16,0.3,101225,0.9297971918876755,0.08333333333333333,24,0.2071384298049089,0.09945407017780555,641,0
20,19,39,0.20713841915130615,False,1541,1.823766900999999,confirmation,1997,2001,32_16,0.3,101225,0.9297971918876755,0.08333333333333333,24,0.2071384298049089,0.09945407017780555,641,0
50,19,69,0.20713841915130615,False,1541,3.1974154750000707,confirmation,1997,2001,32_16,0.3,101225,0.9297971918876755,0.08333333333333333,24,0.2071384298049089,0.09945407017780555,641,0
10,11,21,0.1628076136112213,False,1541,1.007725419000053,confirmation,1997,2001,32_16,0.3,101226,0.9641185647425897,0.08333333333333333,24,0.16280762534215715,0.07034290756821848,641,0
20,11,31,0.1628076136112213,False,1541,1.5761535659999026,confirmation,1997,2001,32_16,0.3,101226,0.9641185647425897,0.08333333333333333,24,0.16280762534215715,0.07034290756821848,641,0
50,11,61,0.1628076136112213,False,1541,2.9395344489998934,confirmation,1997,2001,32_16,0.3,101226,0.9641185647425897,0.08333333333333333,24,0.16280762534215715,0.07034290756821848,641,0
10,11,21,0.17635469138622284,False,1541,0.9794396279999091,confirmation,1997,2001,32_16,0.3,101227,0.9516380655226209,0.041666666666666664,24,0.1763546970070171,0.08207354375152089,641,0
20,11,31,0.17635469138622284,False,1541,1.49605278800027,confirmation,1997,2001,32_16,0.3,101227,0.9516380655226209,0.041666666666666664,24,0.1763546970070171,0.08207354375152089,641,0
50,11,61,0.17635469138622284,False,1541,2.82902240500016,confirmation,1997,2001,32_16,0.3,101227,0.9516380655226209,0.041666666666666664,24,0.1763546970070171,0.08207354375152089,641,0
10,12,22,0.21018198132514954,False,1541,1.0500686599998517,confirmation,1997,2001,32_16,0.3,101228,0.9329173166926678,0.20833333333333334,24,0.21018198452329356,0.10561486530124241,641,0
20,12,32,0.21018198132514954,False,1541,1.737094746999901,confirmation,1997,2001,32_16,0.3,101228,0.9329173166926678,0.20833333333333334,24,0.21018198452329356,0.10561486530124241,641,0
50,12,62,0.21018198132514954,False,1541,3.110920533999888,confirmation,1997,2001,32_16,0.3,101228,0.9329173166926678,0.20833333333333334,24,0.21018198452329356,0.10561486530124241,641,0
10,5,15,0.19156436622142792,False,1541,0.712558448999971,confirmation,1997,2001,32_16,0.3,101229,0.9516380655226209,0.08333333333333333,24,0.19156436398251706,0.08811281550485384,641,0
20,5,25,0.19156436622142792,False,1541,1.1787429699998029,confirmation,1997,2001,32_16,0.3,101229,0.9516380655226209,0.08333333333333333,24,0.19156436398251706,0.08811281550485384,641,0
50,5,55,0.19156436622142792,False,1541,2.5394334659999913,confirmation,1997,2001,32_16,0.3,101229,0.9516380655226209,0.08333333333333333,24,0.19156436398251706,0.08811281550485384,641,0
10,5,15,0.1845051497220993,False,1541,0.7206697929996153,confirmation,1997,2001,32_16,0.3,101230,0.9391575663026521,0.20833333333333334,24,0.18450514542304436,0.08674224149147401,641,0
20,5,25,0.1845051497220993,False,1541,1.1487091079998208,confirmation,1997,2001,32_16,0.3,101230,0.9391575663026521,0.20833333333333334,24,0.18450514542304436,0.08674224149147401,641,0
50,5,55,0.1845051497220993,False,1541,2.57123447999993,confirmation,1997,2001,32_16,0.3,101230,0.9391575663026521,0.20833333333333334,24,0.18450514542304436,0.08674224149147401,641,0
10,10,20,0.1820870041847229,False,1541,0.8589675830003216,confirmation,1997,2001,32_16,0.3,101231,0.9594383775351014,0.08333333333333333,24,0.18208701418752593,0.07669365890799208,641,0
20,10,30,0.1820870041847229,False,1541,1.377070811000067,confirmation,1997,2001,32_16,0.3,101231,0.9594383775351014,0.08333333333333333,24,0.18208701418752593,0.07669365890799208,641,0
50,10,60,0.1820870041847229,False,1541,2.8191058800002793,confirmation,1997,2001,32_16,0.3,101231,0.9594383775351014,0.08333333333333333,24,0.18208701418752593,0.07669365890799208,641,0
10,16,26,0.2131972461938858,False,1541,1.173830382000233,confirmation,1997,2001,32_16,0.3,101232,0.9375975039001561,0.125,24,0.2131972701305539,0.09953547066470324,641,0
20,16,36,0.2131972461938858,False,1541,1.611788448000425,confirmation,1997,2001,32_16,0.3,101232,0.9375975039001561,0.125,24,0.2131972701305539,0.09953547066470324,641,0
50,16,66,0.2131972461938858,False,1541,2.9594221040001685,confirmation,1997,2001,32_16,0.3,101232,0.9375975039001561,0.125,24,0.2131972701305539,0.09953547066470324,641,0
10,5,15,0.1862054020166397,False,1541,1.0590860329998577,confirmation,1997,2001,32_16,0.5,101223,0.9516380655226209,0.08333333333333333,24,0.18620540554586995,0.0809677076976988,641,0
20,5,25,0.1862054020166397,False,1541,1.5164102179996917,confirmation,1997,2001,32_16,0.5,101223,0.9516380655226209,0.08333333333333333,24,0.18620540554586995,0.0809677076976988,641,0
50,5,55,0.1862054020166397,False,1541,3.026058986999942,confirmation,1997,2001,32_16,0.5,101223,0.9516380655226209,0.08333333333333333,24,0.18620540554586995,0.0809677076976988,641,0
10,3,13,0.18810205161571503,False,1541,0.5992335270002513,confirmation,1997,2001,32_16,0.5,101224,0.9469578783151326,0.20833333333333334,24,0.18810204420655502,0.08415573281733112,641,0
20,3,23,0.18810205161571503,False,1541,1.1057476979999592,confirmation,1997,2001,32_16,0.5,101224,0.9469578783151326,0.20833333333333334,24,0.18810204420655502,0.08415573281733112,641,0
50,3,53,0.18810205161571503,False,1541,2.625731244000235,confirmation,1997,2001,32_16,0.5,101224,0.9469578783151326,0.20833333333333334,24,0.18810204420655502,0.08415573281733112,641,0
10,14,24,0.20823927223682404,False,1541,1.1618347419998827,confirmation,1997,2001,32_16,0.5,101225,0.9329173166926678,0.08333333333333333,24,0.2082392470606891,0.0949020320862096,641,0
20,14,34,0.20823927223682404,False,1541,1.6509914879998178,confirmation,1997,2001,32_16,0.5,101225,0.9329173166926678,0.08333333333333333,24,0.2082392470606891,0.0949020320862096,641,0
50,14,64,0.20823927223682404,False,1541,3.007510884000112,confirmation,1997,2001,32_16,0.5,101225,0.9329173166926678,0.08333333333333333,24,0.2082392470606891,0.0949020320862096,641,0
10,11,21,0.18209916353225708,False,1541,1.0520372390001285,confirmation,1997,2001,32_16,0.5,101226,0.9578783151326054,0.16666666666666666,24,0.1820991618791475,0.0778229966511086,641,0
20,11,31,0.18209916353225708,False,1541,1.5097690150000744,confirmation,1997,2001,32_16,0.5,101226,0.9578783151326054,0.16666666666666666,24,0.1820991618791475,0.0778229966511086,641,0
50,11,61,0.18209916353225708,False,1541,2.9584408680002525,confirmation,1997,2001,32_16,0.5,101226,0.9578783151326054,0.16666666666666666,24,0.1820991618791475,0.0778229966511086,641,0
10,5,15,0.17998601496219635,False,1541,0.75573174200008,confirmation,1997,2001,32_16,0.5,101227,0.9625585023400937,0.041666666666666664,24,0.17998600835586942,0.0786948348020725,641,0
20,5,25,0.17998601496219635,False,1541,1.2240592349999133,confirmation,1997,2001,32_16,0.5,101227,0.9625585023400937,0.041666666666666664,24,0.17998600835586942,0.0786948348020725,641,0
50,5,55,0.17998601496219635,False,1541,2.516070359999958,confirmation,1997,2001,32_16,0.5,101227,0.9625585023400937,0.041666666666666664,24,0.17998600835586942,0.0786948348020725,641,0
10,9,19,0.2240135669708252,False,1541,0.9841169319997789,confirmation,1997,2001,32_16,0.5,101228,0.9188767550702028,0.20833333333333334,24,0.22401356334718264,0.11287260611443235,641,0
20,9,29,0.2240135669708252,False,1541,1.4139487100001134,confirmation,1997,2001,32_16,0.5,101228,0.9188767550702028,0.20833333333333334,24,0.22401356334718264,0.11287260611443235,641,0
50,9,59,0.2240135669708252,False,1541,2.8188176690000546,confirmation,1997,2001,32_16,0.5,101228,0.9188767550702028,0.20833333333333334,24,0.22401356334718264,0.11287260611443235,641,0
10,5,15,0.21304894983768463,False,1541,0.6690081810002084,confirmation,1997,2001,32_16,0.5,101229,0.9375975039001561,0.08333333333333333,24,0.2130489451447733,0.0996321411878405,641,0
20,5,25,0.21304894983768463,False,1541,1.1574826870000834,confirmation,1997,2001,32_16,0.5,101229,0.9375975039001561,0.08333333333333333,24,0.2130489451447733,0.0996321411878405,641,0
50,29,79,0.21172502636909485,False,1541,4.093845403000159,confirmation,1997,2001,32_16,0.5,101229,0.9422776911076443,0.125,24,0.2117250125698641,0.09692390819702076,641,0
10,5,15,0.18090207874774933,False,1541,0.7567913550001322,confirmation,1997,2001,32_16,0.5,101230,0.9453978159126365,0.20833333333333334,24,0.1809020938806891,0.08243998325238164,641,0
20,5,25,0.18090207874774933,False,1541,1.332507077000173,confirmation,1997,2001,32_16,0.5,101230,0.9453978159126365,0.20833333333333334,24,0.1809020938806891,0.08243998325238164,641,0
50,5,55,0.18090207874774933,False,1541,3.191331523000372,confirmation,1997,2001,32_16,0.5,101230,0.9453978159126365,0.20833333333333334,24,0.1809020938806891,0.08243998325238164,641,0
10,10,20,0.19253359735012054,False,1541,0.8754070080003657,confirmation,1997,2001,32_16,0.5,101231,0.9516380655226209,0.08333333333333333,24,0.19253359120925545,0.07785325946699066,641,0
20,10,30,0.19253359735012054,False,1541,1.3454273800002738,confirmation,1997,2001,32_16,0.5,101231,0.9516380655226209,0.08333333333333333,24,0.19253359120925545,0.07785325946699066,641,0
50,10,60,0.19253359735012054,False,1541,2.815448628000013,confirmation,1997,2001,32_16,0.5,101231,0.9516380655226209,0.08333333333333333,24,0.19253359120925545,0.07785325946699066,641,0
10,6,16,0.21735148131847382,False,1541,0.7587447189998784,confirmation,1997,2001,32_16,0.5,101232,0.9266770670826833,0.25,24,0.2173514843876047,0.10596044245712354,641,0
20,6,26,0.21735148131847382,False,1541,1.2035666159999892,confirmation,1997,2001,32_16,0.5,101232,0.9266770670826833,0.25,24,0.2173514843876047,0.10596044245712354,641,0
50,6,56,0.21735148131847382,False,1541,2.597065165999993,confirmation,1997,2001,32_16,0.5,101232,0.9266770670826833,0.25,24,0.2173514843876047,0.10596044245712354,641,0
10,5,15,0.19841182231903076,False,1541,0.6635496369999601,confirmation,1997,2001,32_16,1.0,101223,0.9485179407176287,0.08333333333333333,24,0.19841181620690868,0.08564226500944058,641,0
20,5,25,0.19841182231903076,False,1541,1.102810171999863,confirmation,1997,2001,32_16,1.0,101223,0.9485179407176287,0.08333333333333333,24,0.19841181620690868,0.08564226500944058,641,0
50,5,55,0.19841182231903076,False,1541,2.5756329199998618,confirmation,1997,2001,32_16,1.0,101223,0.9485179407176287,0.08333333333333333,24,0.19841181620690868,0.08564226500944058,641,0
10,3,13,0.1810809224843979,False,1541,0.8167373539999971,confirmation,1997,2001,32_16,1.0,101224,0.9578783151326054,0.20833333333333334,24,0.18108091041196012,0.07586744474236515,641,0
20,3,23,0.1810809224843979,False,1541,1.2633126529999572,confirmation,1997,2001,32_16,1.0,101224,0.9578783151326054,0.20833333333333334,24,0.18108091041196012,0.07586744474236515,641,0
50,3,53,0.1810809224843979,False,1541,2.6336868529997446,confirmation,1997,2001,32_16,1.0,101224,0.9578783151326054,0.20833333333333334,24,0.18108091041196012,0.07586744474236515,641,0
10,2,12,0.21818996965885162,False,1541,0.5347306650000974,confirmation,1997,2001,32_16,1.0,101225,0.9313572542901716,0.20833333333333334,24,0.2181899674268375,0.10359723579727871,641,0
20,2,22,0.21818996965885162,False,1541,1.0293186789999709,confirmation,1997,2001,32_16,1.0,101225,0.9313572542901716,0.20833333333333334,24,0.2181899674268375,0.10359723579727871,641,0
50,2,52,0.21818996965885162,False,1541,2.626287246999709,confirmation,1997,2001,32_16,1.0,101225,0.9313572542901716,0.20833333333333334,24,0.2181899674268375,0.10359723579727871,641,0
10,4,14,0.21093352138996124,False,1541,0.7758419179999692,confirmation,1997,2001,32_16,1.0,101226,0.9594383775351014,0.16666666666666666,24,0.21093350308697242,0.08501346092444102,641,0
20,4,24,0.21093352138996124,False,1541,1.2343753279997145,confirmation,1997,2001,32_16,1.0,101226,0.9594383775351014,0.16666666666666666,24,0.21093350308697242,0.08501346092444102,641,0
50,4,54,0.21093352138996124,False,1541,2.6817322970000532,confirmation,1997,2001,32_16,1.0,101226,0.9594383775351014,0.16666666666666666,24,0.21093350308697242,0.08501346092444102,641,0
10,5,15,0.19747957587242126,False,1541,0.8925029810002343,confirmation,1997,2001,32_16,1.0,101227,0.9547581903276131,0.08333333333333333,24,0.19747956662758603,0.08375582987660811,641,0
20,5,25,0.19747957587242126,False,1541,1.3346909560000313,confirmation,1997,2001,32_16,1.0,101227,0.9547581903276131,0.08333333333333333,24,0.19747956662758603,0.08375582987660811,641,0
50,5,55,0.19747957587242126,False,1541,2.686987878000309,confirmation,1997,2001,32_16,1.0,101227,0.9547581903276131,0.08333333333333333,24,0.19747956662758603,0.08375582987660811,641,0
10,9,19,0.2521165609359741,False,1541,0.8381638579999162,confirmation,1997,2001,32_16,1.0,101228,0.9173166926677067,0.25,24,0.25211659036772394,0.12601454404910695,641,0
20,9,29,0.2521165609359741,False,1541,1.4175595990000147,confirmation,1997,2001,32_16,1.0,101228,0.9173166926677067,0.25,24,0.25211659036772394,0.12601454404910695,641,0
50,9,59,0.2521165609359741,False,1541,2.782710810000026,confirmation,1997,2001,32_16,1.0,101228,0.9173166926677067,0.25,24,0.25211659036772394,0.12601454404910695,641,0
10,5,15,0.22821937501430511,False,1541,0.8596470150000641,confirmation,1997,2001,32_16,1.0,101229,0.9344773790951638,0.08333333333333333,24,0.22821938621219326,0.10325693078373376,641,0
20,5,25,0.22821937501430511,False,1541,1.3074307860001682,confirmation,1997,2001,32_16,1.0,101229,0.9344773790951638,0.08333333333333333,24,0.22821938621219326,0.10325693078373376,641,0
50,56,106,0.21750977635383606,False,1541,5.027266169000086,confirmation,1997,2001,32_16,1.0,101229,0.9500780031201248,0.08333333333333333,24,0.21750979857698022,0.0791094546237432,641,0
10,5,15,0.21902568638324738,False,1541,0.7354510320001282,confirmation,1997,2001,32_16,1.0,101230,0.9329173166926678,0.20833333333333334,24,0.21902567348537622,0.10074933749981019,641,0
20,5,25,0.21902568638324738,False,1541,1.1819891000000098,confirmation,1997,2001,32_16,1.0,101230,0.9329173166926678,0.20833333333333334,24,0.21902567348537622,0.10074933749981019,641,0
50,5,55,0.21902568638324738,False,1541,2.525966855000206,confirmation,1997,2001,32_16,1.0,101230,0.9329173166926678,0.20833333333333334,24,0.21902567348537622,0.10074933749981019,641,0
10,10,20,0.21053312718868256,False,1541,1.1199226820003787,confirmation,1997,2001,32_16,1.0,101231,0.9422776911076443,0.125,24,0.21053313965889314,0.09142551405585816,641,0
20,10,30,0.21053312718868256,False,1541,1.5622059840002294,confirmation,1997,2001,32_16,1.0,101231,0.9422776911076443,0.125,24,0.21053313965889314,0.09142551405585816,641,0
50,10,60,0.21053312718868256,False,1541,2.9176175250004235,confirmation,1997,2001,32_16,1.0,101231,0.9422776911076443,0.125,24,0.21053313965889314,0.09142551405585816,641,0
10,6,16,0.20771734416484833,False,1541,0.7389541689999533,confirmation,1997,2001,32_16,1.0,101232,0.9329173166926678,0.20833333333333334,24,0.20771735151233836,0.09393615165071724,641,0
20,6,26,0.20771734416484833,False,1541,1.2591089980001016,confirmation,1997,2001,32_16,1.0,101232,0.9329173166926678,0.20833333333333334,24,0.20771735151233836,0.09393615165071724,641,0
50,6,56,0.20771734416484833,False,1541,2.7178908380001303,confirmation,1997,2001,32_16,1.0,101232,0.9329173166926678,0.20833333333333334,24,0.20771735151233836,0.09393615165071724,641,0
10,136,146,0.1953301876783371,False,549,6.109060407000015,confirmation,1997,2001,16,0.01,101223,0.9407176287051482,0.125,24,0.1953301792261868,0.09453609848153012,641,0
20,368,388,0.1845569610595703,False,549,16.3752656810002,confirmation,1997,2001,16,0.01,101223,0.9469578783151326,0.08333333333333333,24,0.1845569528957948,0.08986677183083522,641,0
50,504,554,0.18238027393817902,False,549,23.340992571000243,confirmation,1997,2001,16,0.01,101223,0.9453978159126365,0.08333333333333333,24,0.18238026972335047,0.0877829554248418,641,0
10,443,453,0.16697382926940918,False,549,19.52065001300025,confirmation,1997,2001,16,0.01,101224,0.9407176287051482,0.16666666666666666,24,0.16697384042454805,0.08232684432938138,641,0
20,638,658,0.15801094472408295,False,549,28.187617944000067,confirmation,1997,2001,16,0.01,101224,0.9500780031201248,0.08333333333333333,24,0.15801095051863084,0.07712857652525923,641,0
50,705,755,0.15730911493301392,False,549,32.25475928200012,confirmation,1997,2001,16,0.01,101224,0.9516380655226209,0.08333333333333333,24,0.157309123320405,0.07665673507841227,641,0
10,417,427,0.19640758633613586,False,549,18.162323102999835,confirmation,1997,2001,16,0.01,101225,0.9266770670826833,0.16666666666666666,24,0.196407596173689,0.10337269427591192,641,0
20,549,569,0.19132348895072937,False,549,23.990348353999707,confirmation,1997,2001,16,0.01,101225,0.9313572542901716,0.16666666666666666,24,0.19132348854682474,0.10098194690048612,641,0
50,652,702,0.18853983283042908,False,549,29.66290034399981,confirmation,1997,2001,16,0.01,101225,0.9313572542901716,0.16666666666666666,24,0.18853983823412246,0.09931981231378154,641,0
10,289,299,0.15604135394096375,False,549,12.885472209999989,confirmation,1997,2001,16,0.01,101226,0.9625585023400937,0.08333333333333333,24,0.15604135034127364,0.0729761741582739,641,0
20,424,444,0.15355539321899414,False,549,20.31431584799975,confirmation,1997,2001,16,0.01,101226,0.9609984399375975,0.041666666666666664,24,0.15355539535953458,0.07106195980776994,641,0
50,424,474,0.15355539321899414,False,549,21.875547410999843,confirmation,1997,2001,16,0.01,101226,0.9609984399375975,0.041666666666666664,24,0.15355539535953458,0.07106195980776994,641,0
10,286,296,0.15233567357063293,False,549,12.913687051000124,confirmation,1997,2001,16,0.01,101227,0.9594383775351014,0.041666666666666664,24,0.15233567023773484,0.07112130976061204,641,0
20,286,306,0.15233567357063293,False,549,13.463068959000339,confirmation,1997,2001,16,0.01,101227,0.9594383775351014,0.041666666666666664,24,0.15233567023773484,0.07112130976061204,641,0
50,311,361,0.15228630602359772,False,549,15.867921611999918,confirmation,1997,2001,16,0.01,101227,0.9594383775351014,0.041666666666666664,24,0.15228630251524172,0.07121032675273409,641,0
10,285,295,0.17199182510375977,False,549,12.773923287999878,confirmation,1997,2001,16,0.01,101228,0.9485179407176287,0.20833333333333334,24,0.17199180734721858,0.08279512363594184,641,0
20,338,358,0.1712283045053482,False,549,15.550686727000084,confirmation,1997,2001,16,0.01,101228,0.9485179407176287,0.16666666666666666,24,0.171228301285146,0.08210193521312352,641,0
50,338,388,0.1712283045053482,False,549,16.75343798499989,confirmation,1997,2001,16,0.01,101228,0.9485179407176287,0.16666666666666666,24,0.171228301285146,0.08210193521312352,641,0
10,417,427,0.17028303444385529,False,549,18.582831169999736,confirmation,1997,2001,16,0.01,101229,0.9422776911076443,0.16666666666666666,24,0.17028304242449321,0.0856680833537101,641,0
20,536,556,0.16395358741283417,False,549,24.183791033000034,confirmation,1997,2001,16,0.01,101229,0.9407176287051482,0.08333333333333333,24,0.16395357756300882,0.08103827369823066,641,0
50,676,726,0.16175106167793274,False,549,31.516676903999723,confirmation,1997,2001,16,0.01,101229,0.9485179407176287,0.08333333333333333,24,0.1617510573784023,0.0790260028067935,641,0
10,247,257,0.15688741207122803,False,549,11.45361886899991,confirmation,1997,2001,16,0.01,101230,0.9641185647425897,0.16666666666666666,24,0.15688740983382585,0.0721275746494645,641,0
20,258,278,0.15683364868164062,False,549,12.27882640000007,confirmation,1997,2001,16,0.01,101230,0.9625585023400937,0.125,24,0.156833650778887,0.07201649943530593,641,0
50,258,308,0.15683364868164062,False,549,13.573666570999649,confirmation,1997,2001,16,0.01,101230,0.9625585023400937,0.125,24,0.156833650778887,0.07201649943530593,641,0
10,172,182,0.1877409964799881,False,549,7.702221499999723,confirmation,1997,2001,16,0.01,101231,0.9438377535101404,0.125,24,0.18774099118281978,0.09354502216513291,641,0
20,488,508,0.1701626181602478,False,549,21.419667220000065,confirmation,1997,2001,16,0.01,101231,0.9516380655226209,0.08333333333333333,24,0.17016262756847977,0.08044398372801176,641,0
50,488,538,0.1701626181602478,False,549,22.592699834000086,confirmation,1997,2001,16,0.01,101231,0.9516380655226209,0.08333333333333333,24,0.17016262756847977,0.08044398372801176,641,0
10,346,356,0.18952980637550354,False,549,15.369512737999685,confirmation,1997,2001,16,0.01,101232,0.9391575663026521,0.041666666666666664,24,0.18952979988648694,0.09734525937534705,641,0
20,574,594,0.18219298124313354,False,549,25.578868637999676,confirmation,1997,2001,16,0.01,101232,0.9391575663026521,0.0,24,0.18219297079581875,0.09235853569103496,641,0
50,574,624,0.18219298124313354,False,549,26.860302094999952,confirmation,1997,2001,16,0.01,101232,0.9391575663026521,0.0,24,0.18219297079581875,0.09235853569103496,641,0
10,31,41,0.19554182887077332,False,549,2.0348646459997326,confirmation,1997,2001,16,0.03,101223,0.9422776911076443,0.08333333333333333,24,0.1955418252699983,0.09019779897606076,641,0
20,46,66,0.19341692328453064,False,549,3.8794868959998894,confirmation,1997,2001,16,0.03,101223,0.9438377535101404,0.125,24,0.19341691631434646,0.09314381786204617,641,0
50,163,213,0.18149879574775696,False,549,10.759234584999831,confirmation,1997,2001,16,0.03,101223,0.9453978159126365,0.08333333333333333,24,0.18149879816788697,0.08714437689084828,641,0
10,189,199,0.15886375308036804,False,549,8.201057335999849,confirmation,1997,2001,16,0.03,101224,0.9516380655226209,0.16666666666666666,24,0.15886374806677736,0.07725186296054677,641,0
20,217,237,0.15642018616199493,False,549,9.786087232000227,confirmation,1997,2001,16,0.03,101224,0.9563182527301092,0.08333333333333333,24,0.15642019168017623,0.0757051792046161,641,0
50,246,296,0.15626978874206543,False,549,12.164057952999883,confirmation,1997,2001,16,0.03,101224,0.9547581903276131,0.08333333333333333,24,0.15626976638680506,0.07559485902273673,641,0
10,55,65,0.22187143564224243,False,549,2.535118723999858,confirmation,1997,2001,16,0.03,101225,0.9235569422776911,0.2916666666666667,24,0.22187146083703335,0.11523977971536684,641,0
20,119,139,0.19848467409610748,False,549,5.669523298999593,confirmation,1997,2001,16,0.03,101225,0.9266770670826833,0.16666666666666666,24,0.19848466151027705,0.10379429394780469,641,0
50,229,279,0.18926282227039337,False,549,11.644043065000005,confirmation,1997,2001,16,0.03,101225,0.9313572542901716,0.16666666666666666,24,0.18926282780947537,0.09993761761361146,641,0
10,120,130,0.15320293605327606,False,549,5.4891473520001455,confirmation,1997,2001,16,0.03,101226,0.9625585023400937,0.08333333333333333,24,0.1532029213609104,0.07083578455217494,641,0
20,120,140,0.15320293605327606,False,549,5.882457630999852,confirmation,1997,2001,16,0.03,101226,0.9625585023400937,0.08333333333333333,24,0.1532029213609104,0.07083578455217494,641,0
50,120,170,0.15320293605327606,False,549,7.096045754999977,confirmation,1997,2001,16,0.03,101226,0.9625585023400937,0.08333333333333333,24,0.1532029213609104,0.07083578455217494,641,0
10,85,95,0.15224836766719818,False,549,3.9322396729999127,confirmation,1997,2001,16,0.03,101227,0.9594383775351014,0.041666666666666664,24,0.15224837723317639,0.0708387055744934,641,0
20,99,119,0.15149763226509094,False,549,4.942967683000006,confirmation,1997,2001,16,0.03,101227,0.9609984399375975,0.041666666666666664,24,0.1514976294285,0.0705518123094421,641,0
50,99,149,0.15149763226509094,False,549,6.472772271999929,confirmation,1997,2001,16,0.03,101227,0.9609984399375975,0.041666666666666664,24,0.1514976294285,0.0705518123094421,641,0
10,95,105,0.17028328776359558,False,549,4.465663920999759,confirmation,1997,2001,16,0.03,101228,0.9516380655226209,0.20833333333333334,24,0.17028328648415259,0.08148518966690102,641,0
20,95,115,0.17028328776359558,False,549,4.930695666999782,confirmation,1997,2001,16,0.03,101228,0.9516380655226209,0.20833333333333334,24,0.17028328648415259,0.08148518966690102,641,0
50,95,145,0.17028328776359558,False,549,6.136014973999863,confirmation,1997,2001,16,0.03,101228,0.9516380655226209,0.20833333333333334,24,0.17028328648415259,0.08148518966690102,641,0
10,29,39,0.21893450617790222,False,549,1.6006018759999279,confirmation,1997,2001,16,0.03,101229,0.9235569422776911,0.2916666666666667,24,0.21893451829203617,0.11258071225160417,641,0
20,221,241,0.15911778807640076,False,549,10.103616854999927,confirmation,1997,2001,16,0.03,101229,0.9516380655226209,0.08333333333333333,24,0.1591177702774325,0.07740317025144863,641,0
50,221,271,0.15911778807640076,False,549,11.348130140999729,confirmation,1997,2001,16,0.03,101229,0.9516380655226209,0.08333333333333333,24,0.1591177702774325,0.07740317025144863,641,0
10,81,91,0.15663331747055054,False,549,3.738972897000167,confirmation,1997,2001,16,0.03,101230,0.9625585023400937,0.125,24,0.1566333048651926,0.07193833710106314,641,0
20,92,112,0.15638147294521332,False,549,4.602057604000038,confirmation,1997,2001,16,0.03,101230,0.9625585023400937,0.125,24,0.15638146182186297,0.07146169097880167,641,0
50,92,142,0.15638147294521332,False,549,5.900842610999916,confirmation,1997,2001,16,0.03,101230,0.9625585023400937,0.125,24,0.15638146182186297,0.07146169097880167,641,0
10,47,57,0.18870379030704498,False,549,2.372234029000083,confirmation,1997,2001,16,0.03,101231,0.9453978159126365,0.125,24,0.18870379569266102,0.09295577299030643,641,0
20,168,188,0.16847683489322662,False,549,7.9638054490001196,confirmation,1997,2001,16,0.03,101231,0.953198127925117,0.08333333333333333,24,0.16847684741902752,0.07867669681620855,641,0
50,168,218,0.16847683489322662,False,549,9.252085289000206,confirmation,1997,2001,16,0.03,101231,0.953198127925117,0.08333333333333333,24,0.16847684741902752,0.07867669681620855,641,0
10,150,160,0.1806252896785736,False,549,6.6346923730002345,confirmation,1997,2001,16,0.03,101232,0.9438377535101404,0.041666666666666664,24,0.18062530026602844,0.0918904028516792,641,0
20,181,201,0.17809097468852997,False,549,8.552890305999881,confirmation,1997,2001,16,0.03,101232,0.9391575663026521,0.0,24,0.178090970500967,0.0898057243893242,641,0
50,181,231,0.17809097468852997,False,549,9.794541493999986,confirmation,1997,2001,16,0.03,101232,0.9391575663026521,0.0,24,0.178090970500967,0.0898057243893242,641,0
10,31,41,0.19076353311538696,False,549,1.6285353640000721,confirmation,1997,2001,16,0.05,101223,0.9422776911076443,0.08333333333333333,24,0.19076354430889164,0.09186550675908271,641,0
20,86,106,0.18258769810199738,False,549,4.422818860999996,confirmation,1997,2001,16,0.05,101223,0.9453978159126365,0.08333333333333333,24,0.1825877004258811,0.08790936402493163,641,0
50,86,136,0.18258769810199738,False,549,5.632534372000009,confirmation,1997,2001,16,0.05,101223,0.9453978159126365,0.08333333333333333,24,0.1825877004258811,0.08790936402493163,641,0
10,116,126,0.15588222444057465,False,549,5.0995679770003335,confirmation,1997,2001,16,0.05,101224,0.9578783151326054,0.08333333333333333,24,0.155882235131347,0.07504657660242622,641,0
20,116,136,0.15588222444057465,False,549,5.564132255000004,confirmation,1997,2001,16,0.05,101224,0.9578783151326054,0.08333333333333333,24,0.155882235131347,0.07504657660242622,641,0
50,116,166,0.15588222444057465,False,549,6.851725052000347,confirmation,1997,2001,16,0.05,101224,0.9578783151326054,0.08333333333333333,24,0.155882235131347,0.07504657660242622,641,0
10,21,31,0.22754137217998505,False,549,1.244900171000154,confirmation,1997,2001,16,0.05,101225,0.9251170046801872,0.3333333333333333,24,0.22754136830259986,0.11483498546793343,641,0
20,119,139,0.18480871617794037,False,549,5.8371679589999985,confirmation,1997,2001,16,0.05,101225,0.9344773790951638,0.20833333333333334,24,0.18480871609624355,0.09689292945804275,641,0
50,167,217,0.18377399444580078,False,549,9.138779279000119,confirmation,1997,2001,16,0.05,101225,0.9360374414976599,0.16666666666666666,24,0.18377398997823738,0.09547004363627785,641,0
10,50,60,0.1559191346168518,False,549,2.6477421959998537,confirmation,1997,2001,16,0.05,101226,0.9641185647425897,0.08333333333333333,24,0.15591913555482842,0.07262054082779615,641,0
20,82,102,0.15325558185577393,False,549,4.47997025199993,confirmation,1997,2001,16,0.05,101226,0.9641185647425897,0.08333333333333333,24,0.153255573153689,0.07029808442102088,641,0
50,82,132,0.15325558185577393,False,549,5.6800974369998585,confirmation,1997,2001,16,0.05,101226,0.9641185647425897,0.08333333333333333,24,0.153255573153689,0.07029808442102088,641,0
10,49,59,0.1516762524843216,False,549,2.4343362909999087,confirmation,1997,2001,16,0.05,101227,0.9609984399375975,0.041666666666666664,24,0.1516762586659306,0.0700893940206585,641,0
20,49,69,0.1516762524843216,False,549,2.8264225019997866,confirmation,1997,2001,16,0.05,101227,0.9609984399375975,0.041666666666666664,24,0.1516762586659306,0.0700893940206585,641,0
50,49,99,0.1516762524843216,False,549,4.03351283999973,confirmation,1997,2001,16,0.05,101227,0.9609984399375975,0.041666666666666664,24,0.1516762586659306,0.0700893940206585,641,0
10,38,48,0.17192710936069489,False,549,2.252417315999992,confirmation,1997,2001,16,0.05,101228,0.9516380655226209,0.20833333333333334,24,0.17192712337215627,0.08173381867185112,641,0
20,59,79,0.17025721073150635,False,549,3.5508698349999577,confirmation,1997,2001,16,0.05,101228,0.9500780031201248,0.16666666666666666,24,0.1702572222496147,0.08133938858605659,641,0
50,59,109,0.17025721073150635,False,549,4.819737559000259,confirmation,1997,2001,16,0.05,101228,0.9500780031201248,0.16666666666666666,24,0.1702572222496147,0.08133938858605659,641,0
10,115,125,0.16062329709529877,False,549,5.151211653000246,confirmation,1997,2001,16,0.05,101229,0.9485179407176287,0.08333333333333333,24,0.16062330849467465,0.07815517792392124,641,0
20,135,155,0.16059309244155884,False,549,6.487166454000089,confirmation,1997,2001,16,0.05,101229,0.9516380655226209,0.08333333333333333,24,0.16059310174351582,0.07770901296109563,641,0
50,135,185,0.16059309244155884,False,549,7.928664860000026,confirmation,1997,2001,16,0.05,101229,0.9516380655226209,0.08333333333333333,24,0.16059310174351582,0.07770901296109563,641,0
10,53,63,0.15739594399929047,False,549,2.7919640599998274,confirmation,1997,2001,16,0.05,101230,0.9625585023400937,0.125,24,0.1573959475595115,0.0716751716556707,641,0
20,53,73,0.15739594399929047,False,549,3.24777476700001,confirmation,1997,2001,16,0.05,101230,0.9625585023400937,0.125,24,0.1573959475595115,0.0716751716556707,641,0
50,53,103,0.15739594399929047,False,549,4.498895528000048,confirmation,1997,2001,16,0.05,101230,0.9625585023400937,0.125,24,0.1573959475595115,0.0716751716556707,641,0
10,47,57,0.17958442866802216,False,549,2.3879331080001975,confirmation,1997,2001,16,0.05,101231,0.9500780031201248,0.125,24,0.17958441795292032,0.08891617473192708,641,0
20,109,129,0.16850192844867706,False,549,5.294282630999987,confirmation,1997,2001,16,0.05,101231,0.9500780031201248,0.08333333333333333,24,0.16850191484779573,0.07957092367602751,641,0
50,109,159,0.16850192844867706,False,549,6.606202404000214,confirmation,1997,2001,16,0.05,101231,0.9500780031201248,0.08333333333333333,24,0.16850191484779573,0.07957092367602751,641,0
10,101,111,0.1761191189289093,False,549,4.556031389000054,confirmation,1997,2001,16,0.05,101232,0.9438377535101404,0.0,24,0.17611912164697494,0.08833517240195513,641,0
20,101,121,0.1761191189289093,False,549,5.024116476000017,confirmation,1997,2001,16,0.05,101232,0.9438377535101404,0.0,24,0.17611912164697494,0.08833517240195513,641,0
50,101,151,0.1761191189289093,False,549,6.39118193000013,confirmation,1997,2001,16,0.05,101232,0.9438377535101404,0.0,24,0.17611912164697494,0.08833517240195513,641,0
10,15,25,0.18890506029129028,False,549,0.9838119920000281,confirmation,1997,2001,16,0.1,101223,0.9453978159126365,0.16666666666666666,24,0.18890507126684747,0.08990931395379283,641,0
20,46,66,0.17854750156402588,False,549,2.8286683910000647,confirmation,1997,2001,16,0.1,101223,0.9453978159126365,0.08333333333333333,24,0.17854750874828848,0.08466918290132558,641,0
50,46,96,0.17854750156402588,False,549,4.157604773000003,confirmation,1997,2001,16,0.1,101223,0.9453978159126365,0.08333333333333333,24,0.17854750874828848,0.08466918290132558,641,0
10,57,67,0.15486109256744385,False,549,2.8410818059996927,confirmation,1997,2001,16,0.1,101224,0.9609984399375975,0.08333333333333333,24,0.1548610802565906,0.07362198336161449,641,0
20,57,77,0.15486109256744385,False,549,3.326316823999605,confirmation,1997,2001,16,0.1,101224,0.9609984399375975,0.08333333333333333,24,0.1548610802565906,0.07362198336161449,641,0
50,57,107,0.15486109256744385,False,549,4.56720626599963,confirmation,1997,2001,16,0.1,101224,0.9609984399375975,0.08333333333333333,24,0.1548610802565906,0.07362198336161449,641,0
10,21,31,0.19882194697856903,False,549,1.3013963680000415,confirmation,1997,2001,16,0.1,101225,0.9297971918876755,0.2916666666666667,24,0.19882192975228052,0.10193204545850541,641,0
20,54,74,0.18089766800403595,False,549,3.13895230099979,confirmation,1997,2001,16,0.1,101225,0.9391575663026521,0.16666666666666666,24,0.18089766783354275,0.09369000831375814,641,0
50,54,104,0.18089766800403595,False,549,4.370295633999831,confirmation,1997,2001,16,0.1,101225,0.9391575663026521,0.16666666666666666,24,0.18089766783354275,0.09369000831375814,641,0
10,28,38,0.15526027977466583,False,549,1.605045071999939,confirmation,1997,2001,16,0.1,101226,0.9625585023400937,0.125,24,0.15526026923883907,0.07142976911523961,641,0
20,39,59,0.15464875102043152,False,549,2.419810458000029,confirmation,1997,2001,16,0.1,101226,0.9609984399375975,0.041666666666666664,24,0.15464876415737772,0.07090279611016381,641,0
50,39,89,0.15464875102043152,False,549,3.702908952999678,confirmation,1997,2001,16,0.1,101226,0.9609984399375975,0.041666666666666664,24,0.15464876415737772,0.07090279611016381,641,0
10,24,34,0.1507832556962967,False,549,1.6890980449998096,confirmation,1997,2001,16,0.1,101227,0.9625585023400937,0.041666666666666664,24,0.15078325671284826,0.06915921351778688,641,0
20,24,44,0.1507832556962967,False,549,2.0868196430001262,confirmation,1997,2001,16,0.1,101227,0.9625585023400937,0.041666666666666664,24,0.15078325671284826,0.06915921351778688,641,0
50,24,74,0.1507832556962967,False,549,3.4635317890001716,confirmation,1997,2001,16,0.1,101227,0.9625585023400937,0.041666666666666664,24,0.15078325671284826,0.06915921351778688,641,0
10,35,45,0.1672988086938858,False,549,1.862103554999976,confirmation,1997,2001,16,0.1,101228,0.953198127925117,0.125,24,0.1672987936760526,0.0786339984677822,641,0
20,35,55,0.1672988086938858,False,549,2.390343484999903,confirmation,1997,2001,16,0.1,101228,0.953198127925117,0.125,24,0.1672987936760526,0.0786339984677822,641,0
50,35,85,0.1672988086938858,False,549,3.642540593999911,confirmation,1997,2001,16,0.1,101228,0.953198127925117,0.125,24,0.1672987936760526,0.0786339984677822,641,0
10,47,57,0.15870511531829834,False,549,2.398328309000135,confirmation,1997,2001,16,0.1,101229,0.9516380655226209,0.08333333333333333,24,0.1587051223850361,0.07675638272776011,641,0
20,47,67,0.15870511531829834,False,549,2.7801737619997766,confirmation,1997,2001,16,0.1,101229,0.9516380655226209,0.08333333333333333,24,0.1587051223850361,0.07675638272776011,641,0
50,47,97,0.15870511531829834,False,549,3.981920491999972,confirmation,1997,2001,16,0.1,101229,0.9516380655226209,0.08333333333333333,24,0.1587051223850361,0.07675638272776011,641,0
10,23,33,0.15600796043872833,False,549,1.3073610699998426,confirmation,1997,2001,16,0.1,101230,0.9625585023400937,0.125,24,0.15600796318934793,0.07049572260210701,641,0
20,23,43,0.15600796043872833,False,549,1.6918213330000071,confirmation,1997,2001,16,0.1,101230,0.9625585023400937,0.125,24,0.15600796318934793,0.07049572260210701,641,0
50,23,73,0.15600796043872833,False,549,3.1150118639998254,confirmation,1997,2001,16,0.1,101230,0.9625585023400937,0.125,24,0.15600796318934793,0.07049572260210701,641,0
10,36,46,0.175720676779747,False,549,1.9746484939996662,confirmation,1997,2001,16,0.1,101231,0.9500780031201248,0.08333333333333333,24,0.17572067492509388,0.08639397337860456,641,0
20,60,80,0.16838133335113525,False,549,3.4179290509996463,confirmation,1997,2001,16,0.1,101231,0.9500780031201248,0.125,24,0.16838134498888402,0.07925854341778554,641,0
50,60,110,0.16838133335113525,False,549,4.619446878999952,confirmation,1997,2001,16,0.1,101231,0.9500780031201248,0.125,24,0.16838134498888402,0.07925854341778554,641,0
10,30,40,0.18383939564228058,False,549,1.8035603409998657,confirmation,1997,2001,16,0.1,101232,0.9453978159126365,0.041666666666666664,24,0.18383938439454015,0.09265374629710489,641,0
20,61,81,0.17034737765789032,False,549,3.46709485700012,confirmation,1997,2001,16,0.1,101232,0.9438377535101404,0.0,24,0.17034736787482138,0.08489523832190746,641,0
50,61,111,0.17034737765789032,False,549,4.782772636000118,confirmation,1997,2001,16,0.1,101232,0.9438377535101404,0.0,24,0.17034736787482138,0.08489523832190746,641,0
10,15,25,0.18067386746406555,False,549,1.0417793369997526,confirmation,1997,2001,16,0.2,101223,0.9500780031201248,0.16666666666666666,24,0.1806738738419896,0.08644516278613872,641,0
20,30,50,0.17925061285495758,False,549,2.0781561310000143,confirmation,1997,2001,16,0.2,101223,0.9485179407176287,0.08333333333333333,24,0.17925059959744505,0.0831252127440559,641,0
50,30,80,0.17925061285495758,False,549,3.3464204839997365,confirmation,1997,2001,16,0.2,101223,0.9485179407176287,0.08333333333333333,24,0.17925059959744505,0.0831252127440559,641,0
10,17,27,0.16643309593200684,False,549,1.1628712890001225,confirmation,1997,2001,16,0.2,101224,0.9453978159126365,0.20833333333333334,24,0.16643310715904797,0.07863014690654178,641,0
20,41,61,0.16368667781352997,False,549,2.542293995000364,confirmation,1997,2001,16,0.2,101224,0.953198127925117,0.16666666666666666,24,0.16368667415453741,0.07803355217358508,641,0
50,41,91,0.16368667781352997,False,549,3.7406416500002706,confirmation,1997,2001,16,0.2,101224,0.953198127925117,0.16666666666666666,24,0.16368667415453741,0.07803355217358508,641,0
10,21,31,0.17066507041454315,False,549,1.3381141530003333,confirmation,1997,2001,16,0.2,101225,0.9407176287051482,0.20833333333333334,24,0.17066506811888257,0.08565307328722459,641,0
20,21,41,0.17066507041454315,False,549,1.754236310000124,confirmation,1997,2001,16,0.2,101225,0.9407176287051482,0.20833333333333334,24,0.17066506811888257,0.08565307328722459,641,0
50,21,71,0.17066507041454315,False,549,2.9890072820003297,confirmation,1997,2001,16,0.2,101225,0.9407176287051482,0.20833333333333334,24,0.17066506811888257,0.08565307328722459,641,0
10,14,24,0.15247075259685516,False,549,0.9440424529998381,confirmation,1997,2001,16,0.2,101226,0.9641185647425897,0.16666666666666666,24,0.15247076629936937,0.07132650345136723,641,0
20,14,34,0.15247075259685516,False,549,1.3647387669998352,confirmation,1997,2001,16,0.2,101226,0.9641185647425897,0.16666666666666666,24,0.15247076629936937,0.07132650345136723,641,0
50,14,64,0.15247075259685516,False,549,2.5896423660001346,confirmation,1997,2001,16,0.2,101226,0.9641185647425897,0.16666666666666666,24,0.15247076629936937,0.07132650345136723,641,0
10,16,26,0.15031346678733826,False,549,1.2299876639999638,confirmation,1997,2001,16,0.2,101227,0.9656786271450858,0.20833333333333334,24,0.15031346012968078,0.0690245620688015,641,0
20,16,36,0.15031346678733826,False,549,1.7466947770003571,confirmation,1997,2001,16,0.2,101227,0.9656786271450858,0.20833333333333334,24,0.15031346012968078,0.0690245620688015,641,0
50,16,66,0.15031346678733826,False,549,2.972563206000359,confirmation,1997,2001,16,0.2,101227,0.9656786271450858,0.20833333333333334,24,0.15031346012968078,0.0690245620688015,641,0
10,12,22,0.16613760590553284,False,549,0.9086859240001104,confirmation,1997,2001,16,0.2,101228,0.953198127925117,0.16666666666666666,24,0.1661376051100233,0.07801632734887505,641,0
20,12,32,0.16613760590553284,False,549,1.306625938000252,confirmation,1997,2001,16,0.2,101228,0.953198127925117,0.16666666666666666,24,0.1661376051100233,0.07801632734887505,641,0
50,12,62,0.16613760590553284,False,549,2.5112478390001343,confirmation,1997,2001,16,0.2,101228,0.953198127925117,0.16666666666666666,24,0.1661376051100233,0.07801632734887505,641,0
10,29,39,0.15293572843074799,False,549,1.5293589870002506,confirmation,1997,2001,16,0.2,101229,0.9594383775351014,0.08333333333333333,24,0.1529357250101866,0.07184015918046324,641,0
20,29,49,0.15293572843074799,False,549,2.010649666000063,confirmation,1997,2001,16,0.2,101229,0.9594383775351014,0.08333333333333333,24,0.1529357250101866,0.07184015918046324,641,0
50,29,79,0.15293572843074799,False,549,3.45944438000015,confirmation,1997,2001,16,0.2,101229,0.9594383775351014,0.08333333333333333,24,0.1529357250101866,0.07184015918046324,641,0
10,15,25,0.1577940136194229,False,549,1.0795907769997939,confirmation,1997,2001,16,0.2,101230,0.9656786271450858,0.16666666666666666,24,0.1577940233620794,0.07016309243886205,641,0
20,15,35,0.1577940136194229,False,549,1.484096037999734,confirmation,1997,2001,16,0.2,101230,0.9656786271450858,0.16666666666666666,24,0.1577940233620794,0.07016309243886205,641,0
50,15,65,0.1577940136194229,False,549,2.7332733680000274,confirmation,1997,2001,16,0.2,101230,0.9656786271450858,0.16666666666666666,24,0.1577940233620794,0.07016309243886205,641,0
10,28,38,0.16807854175567627,False,549,1.686823877000279,confirmation,1997,2001,16,0.2,101231,0.9500780031201248,0.08333333333333333,24,0.1680785301194404,0.08010396328757625,641,0
20,28,48,0.16807854175567627,False,549,2.071074489000239,confirmation,1997,2001,16,0.2,101231,0.9500780031201248,0.08333333333333333,24,0.1680785301194404,0.08010396328757625,641,0
50,28,78,0.16807854175567627,False,549,3.324230897000234,confirmation,1997,2001,16,0.2,101231,0.9500780031201248,0.08333333333333333,24,0.1680785301194404,0.08010396328757625,641,0
10,16,26,0.16257314383983612,False,549,1.0248224179999852,confirmation,1997,2001,16,0.2,101232,0.9547581903276131,0.041666666666666664,24,0.16257315481166704,0.07641501401975764,641,0
20,16,36,0.16257314383983612,False,549,1.5225334930000827,confirmation,1997,2001,16,0.2,101232,0.9547581903276131,0.041666666666666664,24,0.16257315481166704,0.07641501401975764,641,0
50,16,66,0.16257314383983612,False,549,2.7949694500002806,confirmation,1997,2001,16,0.2,101232,0.9547581903276131,0.041666666666666664,24,0.16257315481166704,0.07641501401975764,641,0
10,15,25,0.17757828533649445,False,549,1.0480474159999176,confirmation,1997,2001,16,0.3,101223,0.9469578783151326,0.16666666666666666,24,0.17757830164135177,0.08520741117180976,641,0
20,15,35,0.17757828533649445,False,549,1.4736843470000167,confirmation,1997,2001,16,0.3,101223,0.9469578783151326,0.16666666666666666,24,0.17757830164135177,0.08520741117180976,641,0
50,15,65,0.17757828533649445,False,549,2.759356693999962,confirmation,1997,2001,16,0.3,101223,0.9469578783151326,0.16666666666666666,24,0.17757830164135177,0.08520741117180976,641,0
10,17,27,0.15499646961688995,False,549,1.396673856000234,confirmation,1997,2001,16,0.3,101224,0.9625585023400937,0.125,24,0.15499648081669354,0.07205940053458196,641,0
20,17,37,0.15499646961688995,False,549,1.8511606000001848,confirmation,1997,2001,16,0.3,101224,0.9625585023400937,0.125,24,0.15499648081669354,0.07205940053458196,641,0
50,17,67,0.15499646961688995,False,549,3.1537984639999195,confirmation,1997,2001,16,0.3,101224,0.9625585023400937,0.125,24,0.15499648081669354,0.07205940053458196,641,0
10,21,31,0.16929174959659576,False,549,1.2570442630003527,confirmation,1997,2001,16,0.3,101225,0.9469578783151326,0.16666666666666666,24,0.1692917604849282,0.08343659877319574,641,0
20,21,41,0.16929174959659576,False,549,1.6443395000001146,confirmation,1997,2001,16,0.3,101225,0.9469578783151326,0.16666666666666666,24,0.1692917604849282,0.08343659877319574,641,0
50,21,71,0.16929174959659576,False,549,3.3701397570002882,confirmation,1997,2001,16,0.3,101225,0.9469578783151326,0.16666666666666666,24,0.1692917604849282,0.08343659877319574,641,0
10,11,21,0.15439718961715698,False,549,0.8784993479998775,confirmation,1997,2001,16,0.3,101226,0.9641185647425897,0.20833333333333334,24,0.1543972015341794,0.0704143393658781,641,0
20,11,31,0.15439718961715698,False,549,1.3131101329995545,confirmation,1997,2001,16,0.3,101226,0.9641185647425897,0.20833333333333334,24,0.1543972015341794,0.0704143393658781,641,0
50,11,61,0.15439718961715698,False,549,2.5687545259997933,confirmation,1997,2001,16,0.3,101226,0.9641185647425897,0.20833333333333334,24,0.1543972015341794,0.0704143393658781,641,0
10,9,19,0.1497209668159485,False,549,0.8014775960000406,confirmation,1997,2001,16,0.3,101227,0.9641185647425897,0.041666666666666664,24,0.14972095571602595,0.06802062641298876,641,0
20,9,29,0.1497209668159485,False,549,1.2923213230001238,confirmation,1997,2001,16,0.3,101227,0.9641185647425897,0.041666666666666664,24,0.14972095571602595,0.06802062641298876,641,0
50,9,59,0.1497209668159485,False,549,2.450644753999768,confirmation,1997,2001,16,0.3,101227,0.9641185647425897,0.041666666666666664,24,0.14972095571602595,0.06802062641298876,641,0
10,12,22,0.16760806739330292,False,549,0.8553472800003874,confirmation,1997,2001,16,0.3,101228,0.9578783151326054,0.08333333333333333,24,0.16760806816041102,0.07772191485510936,641,0
20,12,32,0.16760806739330292,False,549,1.326770470000156,confirmation,1997,2001,16,0.3,101228,0.9578783151326054,0.08333333333333333,24,0.16760806816041102,0.07772191485510936,641,0
50,12,62,0.16760806739330292,False,549,2.5496733370000584,confirmation,1997,2001,16,0.3,101228,0.9578783151326054,0.08333333333333333,24,0.16760806816041102,0.07772191485510936,641,0
10,29,39,0.15849095582962036,False,549,1.5771110539999427,confirmation,1997,2001,16,0.3,101229,0.9578783151326054,0.125,24,0.1584909596602706,0.07451178089707217,641,0
20,29,49,0.15849095582962036,False,549,2.0513373499998124,confirmation,1997,2001,16,0.3,101229,0.9578783151326054,0.125,24,0.1584909596602706,0.07451178089707217,641,0
50,29,79,0.15849095582962036,False,549,3.365825796000081,confirmation,1997,2001,16,0.3,101229,0.9578783151326054,0.125,24,0.1584909596602706,0.07451178089707217,641,0
10,10,20,0.1573144495487213,False,549,0.8367725209996024,confirmation,1997,2001,16,0.3,101230,0.9641185647425897,0.16666666666666666,24,0.15731443990959168,0.07143088123330854,641,0
20,10,30,0.1573144495487213,False,549,1.233359833999657,confirmation,1997,2001,16,0.3,101230,0.9641185647425897,0.16666666666666666,24,0.15731443990959168,0.07143088123330854,641,0
50,10,60,0.1573144495487213,False,549,2.4653655439997237,confirmation,1997,2001,16,0.3,101230,0.9641185647425897,0.16666666666666666,24,0.15731443990959168,0.07143088123330854,641,0
10,20,30,0.16634297370910645,False,549,1.1683460179997383,confirmation,1997,2001,16,0.3,101231,0.9578783151326054,0.08333333333333333,24,0.1663429844400427,0.0756094789545277,641,0
20,20,40,0.16634297370910645,False,549,1.595447570000033,confirmation,1997,2001,16,0.3,101231,0.9578783151326054,0.08333333333333333,24,0.1663429844400427,0.0756094789545277,641,0
50,20,70,0.16634297370910645,False,549,2.815987092999876,confirmation,1997,2001,16,0.3,101231,0.9578783151326054,0.08333333333333333,24,0.1663429844400427,0.0756094789545277,641,0
10,16,26,0.16231049597263336,False,549,1.0401694379997934,confirmation,1997,2001,16,0.3,101232,0.9578783151326054,0.0,24,0.16231049044793824,0.07617837140104197,641,0
20,16,36,0.16231049597263336,False,549,1.4268929840000055,confirmation,1997,2001,16,0.3,101232,0.9578783151326054,0.0,24,0.16231049044793824,0.07617837140104197,641,0
50,16,66,0.16231049597263336,False,549,2.7960673179995865,confirmation,1997,2001,16,0.3,101232,0.9578783151326054,0.0,24,0.16231049044793824,0.07617837140104197,641,0
10,15,25,0.18363875150680542,False,549,1.031612879000022,confirmation,1997,2001,16,0.5,101223,0.9422776911076443,0.16666666666666666,24,0.1836387725248737,0.08947211736887417,641,0
20,15,35,0.18363875150680542,False,549,1.4244817399999192,confirmation,1997,2001,16,0.5,101223,0.9422776911076443,0.16666666666666666,24,0.1836387725248737,0.08947211736887417,641,0
50,15,65,0.18363875150680542,False,549,2.7244504880000022,confirmation,1997,2001,16,0.5,101223,0.9422776911076443,0.16666666666666666,24,0.1836387725248737,0.08947211736887417,641,0
10,11,21,0.16001157462596893,False,549,0.8640342139997301,confirmation,1997,2001,16,0.5,101224,0.9625585023400937,0.125,24,0.16001156605527786,0.07200702223896589,641,0
20,11,31,0.16001157462596893,False,549,1.287636062999809,confirmation,1997,2001,16,0.5,101224,0.9625585023400937,0.125,24,0.16001156605527786,0.07200702223896589,641,0
50,11,61,0.16001157462596893,False,549,2.534417103999658,confirmation,1997,2001,16,0.5,101224,0.9625585023400937,0.125,24,0.16001156605527786,0.07200702223896589,641,0
10,21,31,0.17571178078651428,False,549,1.348270667000179,confirmation,1997,2001,16,0.5,101225,0.9485179407176287,0.125,24,0.17571176634049498,0.08396193453332403,641,0
20,21,41,0.17571178078651428,False,549,1.7561206730001686,confirmation,1997,2001,16,0.5,101225,0.9485179407176287,0.125,24,0.17571176634049498,0.08396193453332403,641,0
50,21,71,0.17571178078651428,False,549,2.9308273639999243,confirmation,1997,2001,16,0.5,101225,0.9485179407176287,0.125,24,0.17571176634049498,0.08396193453332403,641,0
10,4,14,0.14999140799045563,False,549,0.6111157499999536,confirmation,1997,2001,16,0.5,101226,0.9641185647425897,0.041666666666666664,24,0.14999140130466646,0.06682418550334392,641,0
20,4,24,0.14999140799045563,False,549,0.9988665959999707,confirmation,1997,2001,16,0.5,101226,0.9641185647425897,0.041666666666666664,24,0.14999140130466646,0.06682418550334392,641,0
50,4,54,0.14999140799045563,False,549,2.440478193999752,confirmation,1997,2001,16,0.5,101226,0.9641185647425897,0.041666666666666664,24,0.14999140130466646,0.06682418550334392,641,0
10,5,15,0.14911974966526031,False,549,0.6192557449999185,confirmation,1997,2001,16,0.5,101227,0.9641185647425897,0.08333333333333333,24,0.14911975094546093,0.06794833216913612,641,0
20,5,25,0.14911974966526031,False,549,1.0404923230003078,confirmation,1997,2001,16,0.5,101227,0.9641185647425897,0.08333333333333333,24,0.14911975094546093,0.06794833216913612,641,0
50,5,55,0.14911974966526031,False,549,2.3408054690003155,confirmation,1997,2001,16,0.5,101227,0.9641185647425897,0.08333333333333333,24,0.14911975094546093,0.06794833216913612,641,0
10,9,19,0.17398257553577423,False,549,0.7557123960000354,confirmation,1997,2001,16,0.5,101228,0.9500780031201248,0.16666666666666666,24,0.17398257668581393,0.08301360183905916,641,0
20,9,29,0.17398257553577423,False,549,1.1640587970000524,confirmation,1997,2001,16,0.5,101228,0.9500780031201248,0.16666666666666666,24,0.17398257668581393,0.08301360183905916,641,0
50,9,59,0.17398257553577423,False,549,2.497144025000125,confirmation,1997,2001,16,0.5,101228,0.9500780031201248,0.16666666666666666,24,0.17398257668581393,0.08301360183905916,641,0
10,15,25,0.16683368384838104,False,549,1.134109109000292,confirmation,1997,2001,16,0.5,101229,0.953198127925117,0.041666666666666664,24,0.16683367719673015,0.07582787930101059,641,0
20,15,35,0.16683368384838104,False,549,1.56210733800026,confirmation,1997,2001,16,0.5,101229,0.953198127925117,0.041666666666666664,24,0.16683367719673015,0.07582787930101059,641,0
50,15,65,0.16683368384838104,False,549,2.8085389150000992,confirmation,1997,2001,16,0.5,101229,0.953198127925117,0.041666666666666664,24,0.16683367719673015,0.07582787930101059,641,0
10,5,15,0.16124321520328522,False,549,0.6113243690001582,confirmation,1997,2001,16,0.5,101230,0.9609984399375975,0.041666666666666664,24,0.16124321628206106,0.07186888258634676,641,0
20,5,25,0.16124321520328522,False,549,1.3514968389999922,confirmation,1997,2001,16,0.5,101230,0.9609984399375975,0.041666666666666664,24,0.16124321628206106,0.07186888258634676,641,0
50,5,55,0.16124321520328522,False,549,2.7715763530000004,confirmation,1997,2001,16,0.5,101230,0.9609984399375975,0.041666666666666664,24,0.16124321628206106,0.07186888258634676,641,0
10,10,20,0.1717074066400528,False,549,0.9439375960000689,confirmation,1997,2001,16,0.5,101231,0.9594383775351014,0.20833333333333334,24,0.1717074132841867,0.0772555036970375,641,0
20,10,30,0.1717074066400528,False,549,1.3526450899998963,confirmation,1997,2001,16,0.5,101231,0.9594383775351014,0.20833333333333334,24,0.1717074132841867,0.0772555036970375,641,0
50,10,60,0.1717074066400528,False,549,2.6167693419997704,confirmation,1997,2001,16,0.5,101231,0.9594383775351014,0.20833333333333334,24,0.1717074132841867,0.0772555036970375,641,0
10,6,16,0.16701343655586243,False,549,0.7532038179997471,confirmation,1997,2001,16,0.5,101232,0.9563182527301092,0.125,24,0.16701343202241603,0.07705720041518194,641,0
20,6,26,0.16701343655586243,False,549,1.1680868639996334,confirmation,1997,2001,16,0.5,101232,0.9563182527301092,0.125,24,0.16701343202241603,0.07705720041518194,641,0
50,6,56,0.16701343655586243,False,549,2.448134125999786,confirmation,1997,2001,16,0.5,101232,0.9563182527301092,0.125,24,0.16701343202241603,0.07705720041518194,641,0
10,2,12,0.18181651830673218,False,549,0.47239094699989437,confirmation,1997,2001,16,1.0,101223,0.9656786271450858,0.125,24,0.18181653172392542,0.07454997803853831,641,0
20,2,22,0.18181651830673218,False,549,0.8600860420001482,confirmation,1997,2001,16,1.0,101223,0.9656786271450858,0.125,24,0.18181653172392542,0.07454997803853831,641,0
50,2,52,0.18181651830673218,False,549,2.259132353000041,confirmation,1997,2001,16,1.0,101223,0.9656786271450858,0.125,24,0.18181653172392542,0.07454997803853831,641,0
10,3,13,0.15413299202919006,False,549,0.5089217310001004,confirmation,1997,2001,16,1.0,101224,0.9641185647425897,0.125,24,0.15413299296195002,0.0642982871115096,641,0
20,3,23,0.15413299202919006,False,549,0.9042967119999048,confirmation,1997,2001,16,1.0,101224,0.9641185647425897,0.125,24,0.15413299296195002,0.0642982871115096,641,0
50,3,53,0.15413299202919006,False,549,2.2481272529998932,confirmation,1997,2001,16,1.0,101224,0.9641185647425897,0.125,24,0.15413299296195002,0.0642982871115096,641,0
10,2,12,0.1993238478899002,False,549,0.5157555149999098,confirmation,1997,2001,16,1.0,101225,0.9422776911076443,0.2916666666666667,24,0.19932385516949647,0.09594311647307702,641,0
20,19,39,0.198881596326828,False,549,1.7489100590000817,confirmation,1997,2001,16,1.0,101225,0.9360374414976599,0.16666666666666666,24,0.19888158904433048,0.09575162767279832,641,0
50,19,69,0.198881596326828,False,549,2.971671669999978,confirmation,1997,2001,16,1.0,101225,0.9360374414976599,0.16666666666666666,24,0.19888158904433048,0.09575162767279832,641,0
10,4,14,0.1615877002477646,False,549,0.6144861639995725,confirmation,1997,2001,16,1.0,101226,0.9641185647425897,0.125,24,0.16158769277821658,0.07135974258711801,641,0
20,4,24,0.1615877002477646,False,549,1.0239713889995983,confirmation,1997,2001,16,1.0,101226,0.9641185647425897,0.125,24,0.16158769277821658,0.07135974258711801,641,0
50,4,54,0.1615877002477646,False,549,2.5809517159996176,confirmation,1997,2001,16,1.0,101226,0.9641185647425897,0.125,24,0.16158769277821658,0.07135974258711801,641,0
10,5,15,0.16186703741550446,False,549,0.5964224559998001,confirmation,1997,2001,16,1.0,101227,0.9609984399375975,0.08333333333333333,24,0.16186703350272696,0.0712342316570228,641,0
20,5,25,0.16186703741550446,False,549,0.9869462619999467,confirmation,1997,2001,16,1.0,101227,0.9609984399375975,0.08333333333333333,24,0.16186703350272696,0.0712342316570228,641,0
50,5,55,0.16186703741550446,False,549,2.4416882189998432,confirmation,1997,2001,16,1.0,101227,0.9609984399375975,0.08333333333333333,24,0.16186703350272696,0.0712342316570228,641,0
10,2,12,0.18758052587509155,False,549,0.47851228000035917,confirmation,1997,2001,16,1.0,101228,0.9453978159126365,0.16666666666666666,24,0.18758052273668718,0.08880360365668555,641,0
20,2,22,0.18758052587509155,False,549,0.9268471079999472,confirmation,1997,2001,16,1.0,101228,0.9453978159126365,0.16666666666666666,24,0.18758052273668718,0.08880360365668555,641,0
50,2,52,0.18758052587509155,False,549,2.174086127999999,confirmation,1997,2001,16,1.0,101228,0.9453978159126365,0.16666666666666666,24,0.18758052273668718,0.08880360365668555,641,0
10,5,15,0.1981702446937561,False,549,0.5947577990000354,confirmation,1997,2001,16,1.0,101229,0.9407176287051482,0.08333333333333333,24,0.19817023839349618,0.0953597626083954,641,0
20,5,25,0.1981702446937561,False,549,1.0861085810001896,confirmation,1997,2001,16,1.0,101229,0.9407176287051482,0.08333333333333333,24,0.19817023839349618,0.0953597626083954,641,0
50,5,55,0.1981702446937561,False,549,2.5166945800001486,confirmation,1997,2001,16,1.0,101229,0.9407176287051482,0.08333333333333333,24,0.19817023839349618,0.0953597626083954,641,0
10,5,15,0.1786057949066162,False,549,0.6029343489999519,confirmation,1997,2001,16,1.0,101230,0.9547581903276131,0.16666666666666666,24,0.1786057788868022,0.0796002468085644,641,0
20,5,25,0.1786057949066162,False,549,1.0238631470001565,confirmation,1997,2001,16,1.0,101230,0.9547581903276131,0.16666666666666666,24,0.1786057788868022,0.0796002468085644,641,0
50,5,55,0.1786057949066162,False,549,2.339037918000031,confirmation,1997,2001,16,1.0,101230,0.9547581903276131,0.16666666666666666,24,0.1786057788868022,0.0796002468085644,641,0
10,4,14,0.1869993358850479,False,549,0.6279143090000616,confirmation,1997,2001,16,1.0,101231,0.9578783151326054,0.08333333333333333,24,0.18699933292672796,0.07944735708332344,641,0
20,4,24,0.1869993358850479,False,549,1.0873424669998712,confirmation,1997,2001,16,1.0,101231,0.9578783151326054,0.08333333333333333,24,0.18699933292672796,0.07944735708332344,641,0
50,4,54,0.1869993358850479,False,549,2.4240568290001647,confirmation,1997,2001,16,1.0,101231,0.9578783151326054,0.08333333333333333,24,0.18699933292672796,0.07944735708332344,641,0
10,6,16,0.17003077268600464,False,549,0.7547112360002757,confirmation,1997,2001,16,1.0,101232,0.9625585023400937,0.16666666666666666,24,0.1700307607608899,0.07244598235391113,641,0
20,6,26,0.17003077268600464,False,549,1.224333967000348,confirmation,1997,2001,16,1.0,101232,0.9625585023400937,0.16666666666666666,24,0.1700307607608899,0.07244598235391113,641,0
50,6,56,0.17003077268600464,False,549,2.4576337470002727,confirmation,1997,2001,16,1.0,101232,0.9625585023400937,0.16666666666666666,24,0.1700307607608899,0.07244598235391113,641,0
