patience,best_epoch,stopping_epoch,best_validation_loss,hit_epoch_cap,parameters,elapsed_seconds,stage,train_through,validation_year,architecture,learning_rate,seed,validation_accuracy,validation_changed_seat_accuracy,validation_changed_seats,validation_log_loss,validation_brier_score,validation_rows,validation_unseen_winners
10,26,36,0.317121684551239,False,581,2.331182511999941,screening,2015,2017,16,0.01,101223,0.8908227848101266,0.11940298507462686,67,0.3171217235193594,0.16917800066856317,632,0
20,26,46,0.317121684551239,False,581,2.970296990999941,screening,2015,2017,16,0.01,101223,0.8908227848101266,0.11940298507462686,67,0.3171217235193594,0.16917800066856317,632,0
50,26,76,0.317121684551239,False,581,4.772926472000108,screening,2015,2017,16,0.01,101223,0.8908227848101266,0.11940298507462686,67,0.3171217235193594,0.16917800066856317,632,0
10,15,25,0.2936224341392517,False,581,1.50211192200004,screening,2015,2017,16,0.01,101224,0.8971518987341772,0.11940298507462686,67,0.2936224564862906,0.1554097689486438,632,0
20,15,35,0.2936224341392517,False,581,2.105518550999932,screening,2015,2017,16,0.01,101224,0.8971518987341772,0.11940298507462686,67,0.2936224564862906,0.1554097689486438,632,0
50,15,65,0.2936224341392517,False,581,3.8933815800000957,screening,2015,2017,16,0.01,101224,0.8971518987341772,0.11940298507462686,67,0.2936224564862906,0.1554097689486438,632,0
10,16,26,0.2905452251434326,False,581,1.5903456460000598,screening,2015,2017,16,0.01,101225,0.8971518987341772,0.08955223880597014,67,0.29054522117559806,0.15425614841722743,632,0
20,16,36,0.2905452251434326,False,581,2.2167895110001155,screening,2015,2017,16,0.01,101225,0.8971518987341772,0.08955223880597014,67,0.29054522117559806,0.15425614841722743,632,0
50,16,66,0.2905452251434326,False,581,3.9376027039998007,screening,2015,2017,16,0.01,101225,0.8971518987341772,0.08955223880597014,67,0.29054522117559806,0.15425614841722743,632,0
10,9,19,0.3155766725540161,False,581,1.1212806759999694,screening,2015,2017,16,0.03,101223,0.8924050632911392,0.08955223880597014,67,0.31557671477863186,0.16774875246840074,632,0
20,9,29,0.3155766725540161,False,581,1.7171056840002166,screening,2015,2017,16,0.03,101223,0.8924050632911392,0.08955223880597014,67,0.31557671477863186,0.16774875246840074,632,0
50,9,59,0.3155766725540161,False,581,3.4915512920001675,screening,2015,2017,16,0.03,101223,0.8924050632911392,0.08955223880597014,67,0.31557671477863186,0.16774875246840074,632,0
10,5,15,0.29431816935539246,False,581,0.8772690669998155,screening,2015,2017,16,0.03,101224,0.8971518987341772,0.11940298507462686,67,0.2943181819950651,0.1556477121489152,632,0
20,5,25,0.29431816935539246,False,581,1.464842256999873,screening,2015,2017,16,0.03,101224,0.8971518987341772,0.11940298507462686,67,0.2943181819950651,0.1556477121489152,632,0
50,5,55,0.29431816935539246,False,581,3.2225453239998387,screening,2015,2017,16,0.03,101224,0.8971518987341772,0.11940298507462686,67,0.2943181819950651,0.1556477121489152,632,0
10,5,15,0.2916465997695923,False,581,0.9530809180000688,screening,2015,2017,16,0.03,101225,0.8971518987341772,0.08955223880597014,67,0.29164661762112354,0.15379136729195866,632,0
20,5,25,0.2916465997695923,False,581,1.5727694049996899,screening,2015,2017,16,0.03,101225,0.8971518987341772,0.08955223880597014,67,0.29164661762112354,0.15379136729195866,632,0
50,5,55,0.2916465997695923,False,581,3.4134822500000155,screening,2015,2017,16,0.03,101225,0.8971518987341772,0.08955223880597014,67,0.29164661762112354,0.15379136729195866,632,0
10,5,15,0.317681223154068,False,581,0.8777365589999135,screening,2015,2017,16,0.05,101223,0.8765822784810127,0.16417910447761194,67,0.3176812223911976,0.17013965014500063,632,0
20,5,25,0.317681223154068,False,581,1.4440751010001804,screening,2015,2017,16,0.05,101223,0.8765822784810127,0.16417910447761194,67,0.3176812223911976,0.17013965014500063,632,0
50,5,55,0.317681223154068,False,581,3.271022076999998,screening,2015,2017,16,0.05,101223,0.8765822784810127,0.16417910447761194,67,0.3176812223911976,0.17013965014500063,632,0
10,3,13,0.2950986325740814,False,581,0.7334757500002524,screening,2015,2017,16,0.05,101224,0.8971518987341772,0.11940298507462686,67,0.2950986331198506,0.1554063620730276,632,0
20,3,23,0.2950986325740814,False,581,1.3592166810003619,screening,2015,2017,16,0.05,101224,0.8971518987341772,0.11940298507462686,67,0.2950986331198506,0.1554063620730276,632,0
50,3,53,0.2950986325740814,False,581,3.0493584690002535,screening,2015,2017,16,0.05,101224,0.8971518987341772,0.11940298507462686,67,0.2950986331198506,0.1554063620730276,632,0
10,3,13,0.29104670882225037,False,581,0.8477010749998044,screening,2015,2017,16,0.05,101225,0.8971518987341772,0.08955223880597014,67,0.291046708337045,0.15328084761770824,632,0
20,3,23,0.29104670882225037,False,581,1.4537215469999865,screening,2015,2017,16,0.05,101225,0.8971518987341772,0.08955223880597014,67,0.291046708337045,0.15328084761770824,632,0
50,3,53,0.29104670882225037,False,581,3.2309421260001727,screening,2015,2017,16,0.05,101225,0.8971518987341772,0.08955223880597014,67,0.291046708337045,0.15328084761770824,632,0
10,3,13,0.32628297805786133,False,581,0.7569634080000469,screening,2015,2017,16,0.1,101223,0.8939873417721519,0.08955223880597014,67,0.3262830061244944,0.1700082813397968,632,0
20,3,23,0.32628297805786133,False,581,1.3413685059999807,screening,2015,2017,16,0.1,101223,0.8939873417721519,0.08955223880597014,67,0.3262830061244944,0.1700082813397968,632,0
50,3,53,0.32628297805786133,False,581,3.0275326030000542,screening,2015,2017,16,0.1,101223,0.8939873417721519,0.08955223880597014,67,0.3262830061244944,0.1700082813397968,632,0
10,2,12,0.31712502241134644,False,581,0.8117172889997164,screening,2015,2017,16,0.1,101224,0.8955696202531646,0.1044776119402985,67,0.31712502230906575,0.16869077105873567,632,0
20,2,22,0.31712502241134644,False,581,1.4129617969997526,screening,2015,2017,16,0.1,101224,0.8955696202531646,0.1044776119402985,67,0.31712502230906575,0.16869077105873567,632,0
50,2,52,0.31712502241134644,False,581,3.143757956999707,screening,2015,2017,16,0.1,101224,0.8955696202531646,0.1044776119402985,67,0.31712502230906575,0.16869077105873567,632,0
10,2,12,0.2931743860244751,False,581,0.6662763709996398,screening,2015,2017,16,0.1,101225,0.8955696202531646,0.08955223880597014,67,0.2931743711001181,0.1585102346137392,632,0
20,2,22,0.2931743860244751,False,581,1.2393130209998162,screening,2015,2017,16,0.1,101225,0.8955696202531646,0.08955223880597014,67,0.2931743711001181,0.1585102346137392,632,0
50,2,52,0.2931743860244751,False,581,3.1009488079998846,screening,2015,2017,16,0.1,101225,0.8955696202531646,0.08955223880597014,67,0.2931743711001181,0.1585102346137392,632,0
10,1,11,0.34313276410102844,False,581,0.6702499510001871,screening,2015,2017,16,0.2,101223,0.8575949367088608,0.26865671641791045,67,0.34313275661948134,0.18409720687343825,632,0
20,1,21,0.34313276410102844,False,581,1.2598746740000024,screening,2015,2017,16,0.2,101223,0.8575949367088608,0.26865671641791045,67,0.34313275661948134,0.18409720687343825,632,0
50,1,51,0.34313276410102844,False,581,2.98846458800017,screening,2015,2017,16,0.2,101223,0.8575949367088608,0.26865671641791045,67,0.34313275661948134,0.18409720687343825,632,0
10,1,11,0.3033699095249176,False,581,0.6226555200000803,screening,2015,2017,16,0.2,101224,0.8955696202531646,0.1044776119402985,67,0.3033698850178774,0.16426462490054108,632,0
20,1,21,0.3033699095249176,False,581,1.1933174989999316,screening,2015,2017,16,0.2,101224,0.8955696202531646,0.1044776119402985,67,0.3033698850178774,0.16426462490054108,632,0
50,1,51,0.3033699095249176,False,581,3.098635480000212,screening,2015,2017,16,0.2,101224,0.8955696202531646,0.1044776119402985,67,0.3033698850178774,0.16426462490054108,632,0
10,1,11,0.3004090189933777,False,581,0.6480987240001923,screening,2015,2017,16,0.2,101225,0.8971518987341772,0.1044776119402985,67,0.30040903852212003,0.161689850254476,632,0
20,1,21,0.3004090189933777,False,581,1.2134136160002527,screening,2015,2017,16,0.2,101225,0.8971518987341772,0.1044776119402985,67,0.30040903852212003,0.161689850254476,632,0
50,1,51,0.3004090189933777,False,581,3.8715325369998936,screening,2015,2017,16,0.2,101225,0.8971518987341772,0.1044776119402985,67,0.30040903852212003,0.161689850254476,632,0
10,1,11,0.3541604280471802,False,581,1.220492639999975,screening,2015,2017,16,0.3,101223,0.8908227848101266,0.08955223880597014,67,0.35416047921782445,0.17909531908234128,632,0
20,1,21,0.3541604280471802,False,581,2.1444879239998045,screening,2015,2017,16,0.3,101223,0.8908227848101266,0.08955223880597014,67,0.35416047921782445,0.17909531908234128,632,0
50,1,51,0.3541604280471802,False,581,4.878944292999677,screening,2015,2017,16,0.3,101223,0.8908227848101266,0.08955223880597014,67,0.35416047921782445,0.17909531908234128,632,0
10,1,11,0.3537061810493469,False,581,1.1367422749999605,screening,2015,2017,16,0.3,101224,0.8939873417721519,0.08955223880597014,67,0.35370617983197084,0.1823244632088486,632,0
20,1,21,0.3537061810493469,False,581,2.094854594000026,screening,2015,2017,16,0.3,101224,0.8939873417721519,0.08955223880597014,67,0.35370617983197084,0.1823244632088486,632,0
50,1,51,0.3537061810493469,False,581,5.246489396000015,screening,2015,2017,16,0.3,101224,0.8939873417721519,0.08955223880597014,67,0.35370617983197084,0.1823244632088486,632,0
10,1,11,0.37223607301712036,False,581,1.477642188000118,screening,2015,2017,16,0.3,101225,0.8908227848101266,0.08955223880597014,67,0.3722360826677119,0.186722037465236,632,0
20,1,21,0.37223607301712036,False,581,2.6462496150002153,screening,2015,2017,16,0.3,101225,0.8908227848101266,0.08955223880597014,67,0.3722360826677119,0.186722037465236,632,0
50,1,51,0.37223607301712036,False,581,5.564640643000075,screening,2015,2017,16,0.3,101225,0.8908227848101266,0.08955223880597014,67,0.3722360826677119,0.186722037465236,632,0
10,1,11,0.4146862328052521,False,581,1.1423325179998756,screening,2015,2017,16,0.5,101223,0.8860759493670886,0.08955223880597014,67,0.4146862049677284,0.19296657638320489,632,0
20,1,21,0.4146862328052521,False,581,2.1883152749996952,screening,2015,2017,16,0.5,101223,0.8860759493670886,0.08955223880597014,67,0.4146862049677284,0.19296657638320489,632,0
50,1,51,0.4146862328052521,False,581,5.215862845999709,screening,2015,2017,16,0.5,101223,0.8860759493670886,0.08955223880597014,67,0.4146862049677284,0.19296657638320489,632,0
10,15,25,0.4381781816482544,False,581,2.4400787660001697,screening,2015,2017,16,0.5,101224,0.8987341772151899,0.1791044776119403,67,0.4381781993990719,0.1762311225763123,632,0
20,15,35,0.4381781816482544,False,581,3.2683135849997598,screening,2015,2017,16,0.5,101224,0.8987341772151899,0.1791044776119403,67,0.4381781993990719,0.1762311225763123,632,0
50,15,65,0.4381781816482544,False,581,5.1473821780000435,screening,2015,2017,16,0.5,101224,0.8987341772151899,0.1791044776119403,67,0.4381781993990719,0.1762311225763123,632,0
10,1,11,0.47670698165893555,False,581,0.672082717000194,screening,2015,2017,16,0.5,101225,0.8892405063291139,0.08955223880597014,67,0.47670696654960437,0.2049804973141342,632,0
20,1,21,0.47670698165893555,False,581,1.2390408639998896,screening,2015,2017,16,0.5,101225,0.8892405063291139,0.08955223880597014,67,0.47670696654960437,0.2049804973141342,632,0
50,1,51,0.47670698165893555,False,581,3.0060582000000977,screening,2015,2017,16,0.5,101225,0.8892405063291139,0.08955223880597014,67,0.47670696654960437,0.2049804973141342,632,0
10,1,11,0.4863928258419037,False,581,0.7111133950002113,screening,2015,2017,16,1.0,101223,0.8876582278481012,0.08955223880597014,67,0.48639282531711303,0.2068329707775886,632,0
20,1,21,0.4863928258419037,False,581,1.2797356810001475,screening,2015,2017,16,1.0,101223,0.8876582278481012,0.08955223880597014,67,0.48639282531711303,0.2068329707775886,632,0
50,1,51,0.4863928258419037,False,581,3.0609155820002343,screening,2015,2017,16,1.0,101223,0.8876582278481012,0.08955223880597014,67,0.48639282531711303,0.2068329707775886,632,0
10,6,16,0.41172274947166443,False,581,0.9145889440001156,screening,2015,2017,16,1.0,101224,0.8734177215189873,0.13432835820895522,67,0.41172273863763664,0.19498065182758553,632,0
20,6,26,0.41172274947166443,False,581,1.4850700169999982,screening,2015,2017,16,1.0,101224,0.8734177215189873,0.13432835820895522,67,0.41172273863763664,0.19498065182758553,632,0
50,6,56,0.41172274947166443,False,581,3.257833717000267,screening,2015,2017,16,1.0,101224,0.8734177215189873,0.13432835820895522,67,0.41172273863763664,0.19498065182758553,632,0
10,2,12,0.46756798028945923,False,581,0.7092037100001107,screening,2015,2017,16,1.0,101225,0.8908227848101266,0.1044776119402985,67,0.46756797432028163,0.18873633537933454,632,0
20,2,22,0.46756798028945923,False,581,1.3231967209999311,screening,2015,2017,16,1.0,101225,0.8908227848101266,0.1044776119402985,67,0.46756797432028163,0.18873633537933454,632,0
50,2,52,0.46756798028945923,False,581,3.0106353240003045,screening,2015,2017,16,1.0,101225,0.8908227848101266,0.1044776119402985,67,0.46756797432028163,0.18873633537933454,632,0
10,15,25,0.2875439524650574,False,1157,1.6582285979998233,screening,2015,2017,32,0.01,101223,0.8987341772151899,0.13432835820895522,67,0.28754397355691275,0.15664429638724303,632,0
20,15,35,0.2875439524650574,False,1157,2.2658849650001684,screening,2015,2017,32,0.01,101223,0.8987341772151899,0.13432835820895522,67,0.28754397355691275,0.15664429638724303,632,0
50,15,65,0.2875439524650574,False,1157,4.013291699000092,screening,2015,2017,32,0.01,101223,0.8987341772151899,0.13432835820895522,67,0.28754397355691275,0.15664429638724303,632,0
10,15,25,0.33307716250419617,False,1157,1.439926504000141,screening,2015,2017,32,0.01,101224,0.8765822784810127,0.1791044776119403,67,0.33307717658533115,0.18100476137379803,632,0
20,15,35,0.33307716250419617,False,1157,2.022445616999903,screening,2015,2017,32,0.01,101224,0.8765822784810127,0.1791044776119403,67,0.33307717658533115,0.18100476137379803,632,0
50,15,65,0.33307716250419617,False,1157,3.9024496520000866,screening,2015,2017,32,0.01,101224,0.8765822784810127,0.1791044776119403,67,0.33307717658533115,0.18100476137379803,632,0
10,21,31,0.3354925215244293,False,1157,1.8071502199995848,screening,2015,2017,32,0.01,101225,0.8955696202531646,0.08955223880597014,67,0.3354925243514122,0.17739282093946596,632,0
20,21,41,0.3354925215244293,False,1157,2.3748417009996956,screening,2015,2017,32,0.01,101225,0.8955696202531646,0.08955223880597014,67,0.3354925243514122,0.17739282093946596,632,0
50,21,71,0.3354925215244293,False,1157,4.200484180999865,screening,2015,2017,32,0.01,101225,0.8955696202531646,0.08955223880597014,67,0.3354925243514122,0.17739282093946596,632,0
10,5,15,0.28892138600349426,False,1157,0.9674283540002762,screening,2015,2017,32,0.03,101223,0.8987341772151899,0.13432835820895522,67,0.2889213747530471,0.15724711459880986,632,0
20,5,25,0.28892138600349426,False,1157,1.5548358360001657,screening,2015,2017,32,0.03,101223,0.8987341772151899,0.13432835820895522,67,0.2889213747530471,0.15724711459880986,632,0
50,5,55,0.28892138600349426,False,1157,3.304328620999968,screening,2015,2017,32,0.03,101223,0.8987341772151899,0.13432835820895522,67,0.2889213747530471,0.15724711459880986,632,0
10,5,15,0.33360806107521057,False,1157,0.8554196810000576,screening,2015,2017,32,0.03,101224,0.875,0.1791044776119403,67,0.3336080617076261,0.18136061192404912,632,0
20,5,25,0.33360806107521057,False,1157,1.4172644149998632,screening,2015,2017,32,0.03,101224,0.875,0.1791044776119403,67,0.3336080617076261,0.18136061192404912,632,0
50,5,55,0.33360806107521057,False,1157,3.319416870999703,screening,2015,2017,32,0.03,101224,0.875,0.1791044776119403,67,0.3336080617076261,0.18136061192404912,632,0
10,6,16,0.33380553126335144,False,1157,0.9305339269999422,screening,2015,2017,32,0.03,101225,0.8496835443037974,0.208955223880597,67,0.33380554887575775,0.1819943467541562,632,0
20,6,26,0.33380553126335144,False,1157,1.497732176000227,screening,2015,2017,32,0.03,101225,0.8496835443037974,0.208955223880597,67,0.33380554887575775,0.1819943467541562,632,0
50,6,56,0.33380553126335144,False,1157,3.3134953190001397,screening,2015,2017,32,0.03,101225,0.8496835443037974,0.208955223880597,67,0.33380554887575775,0.1819943467541562,632,0
10,3,13,0.2896658182144165,False,1157,0.7747622880001472,screening,2015,2017,32,0.05,101223,0.9003164556962026,0.14925373134328357,67,0.28966580065908965,0.15767804888755296,632,0
20,3,23,0.2896658182144165,False,1157,1.4552892830001838,screening,2015,2017,32,0.05,101223,0.9003164556962026,0.14925373134328357,67,0.28966580065908965,0.15767804888755296,632,0
50,3,53,0.2896658182144165,False,1157,3.22789879200036,screening,2015,2017,32,0.05,101223,0.9003164556962026,0.14925373134328357,67,0.28966580065908965,0.15767804888755296,632,0
10,3,13,0.3302805721759796,False,1157,0.7515702440000496,screening,2015,2017,32,0.05,101224,0.8876582278481012,0.16417910447761194,67,0.33028057975945957,0.17837736885660285,632,0
20,3,23,0.3302805721759796,False,1157,1.324208432999967,screening,2015,2017,32,0.05,101224,0.8876582278481012,0.16417910447761194,67,0.33028057975945957,0.17837736885660285,632,0
50,3,53,0.3302805721759796,False,1157,3.2951092169996627,screening,2015,2017,32,0.05,101224,0.8876582278481012,0.16417910447761194,67,0.33028057975945957,0.17837736885660285,632,0
10,4,14,0.3354262709617615,False,1157,0.8901004389999798,screening,2015,2017,32,0.05,101225,0.8670886075949367,0.1791044776119403,67,0.3354262310913866,0.18014570010345915,632,0
20,4,24,0.3354262709617615,False,1157,1.4556351040000663,screening,2015,2017,32,0.05,101225,0.8670886075949367,0.1791044776119403,67,0.3354262310913866,0.18014570010345915,632,0
50,4,54,0.3354262709617615,False,1157,3.1917155890000686,screening,2015,2017,32,0.05,101225,0.8670886075949367,0.1791044776119403,67,0.3354262310913866,0.18014570010345915,632,0
10,2,12,0.3241696357727051,False,1157,0.7784067649999997,screening,2015,2017,32,0.1,101223,0.8955696202531646,0.1044776119402985,67,0.3241696539668999,0.1740434954091784,632,0
20,2,22,0.3241696357727051,False,1157,1.3847751379998954,screening,2015,2017,32,0.1,101223,0.8955696202531646,0.1044776119402985,67,0.3241696539668999,0.1740434954091784,632,0
50,2,52,0.3241696357727051,False,1157,3.189488872000311,screening,2015,2017,32,0.1,101223,0.8955696202531646,0.1044776119402985,67,0.3241696539668999,0.1740434954091784,632,0
10,2,12,0.3454000651836395,False,1157,0.7032423740001832,screening,2015,2017,32,0.1,101224,0.8924050632911392,0.08955223880597014,67,0.3454000717498865,0.17998165163376023,632,0
20,2,22,0.3454000651836395,False,1157,1.2778925760003403,screening,2015,2017,32,0.1,101224,0.8924050632911392,0.08955223880597014,67,0.3454000717498865,0.17998165163376023,632,0
50,2,52,0.3454000651836395,False,1157,3.062530704999972,screening,2015,2017,32,0.1,101224,0.8924050632911392,0.08955223880597014,67,0.3454000717498865,0.17998165163376023,632,0
10,2,12,0.32414478063583374,False,1157,0.7048550300000898,screening,2015,2017,32,0.1,101225,0.8686708860759493,0.1791044776119403,67,0.3241447926055021,0.175584850419655,632,0
20,2,22,0.32414478063583374,False,1157,1.2692987910004376,screening,2015,2017,32,0.1,101225,0.8686708860759493,0.1791044776119403,67,0.3241447926055021,0.175584850419655,632,0
50,2,52,0.32414478063583374,False,1157,3.070710319000227,screening,2015,2017,32,0.1,101225,0.8686708860759493,0.1791044776119403,67,0.3241447926055021,0.175584850419655,632,0
10,1,11,0.32707422971725464,False,1157,0.6314698040000621,screening,2015,2017,32,0.2,101223,0.8924050632911392,0.1044776119402985,67,0.32707420445374247,0.1728937148819463,632,0
20,1,21,0.32707422971725464,False,1157,1.3080926799998451,screening,2015,2017,32,0.2,101223,0.8924050632911392,0.1044776119402985,67,0.32707420445374247,0.1728937148819463,632,0
50,1,51,0.32707422971725464,False,1157,3.0861726559996896,screening,2015,2017,32,0.2,101223,0.8924050632911392,0.1044776119402985,67,0.32707420445374247,0.1728937148819463,632,0
10,1,11,0.3427376449108124,False,1157,0.6270563469997796,screening,2015,2017,32,0.2,101224,0.8955696202531646,0.1044776119402985,67,0.34273766552286955,0.1794158109941011,632,0
20,1,21,0.3427376449108124,False,1157,1.2317706849999013,screening,2015,2017,32,0.2,101224,0.8955696202531646,0.1044776119402985,67,0.34273766552286955,0.1794158109941011,632,0
50,1,51,0.3427376449108124,False,1157,2.993845439999859,screening,2015,2017,32,0.2,101224,0.8955696202531646,0.1044776119402985,67,0.34273766552286955,0.1794158109941011,632,0
10,1,11,0.3405997157096863,False,1157,0.6201198009998734,screening,2015,2017,32,0.2,101225,0.8512658227848101,0.19402985074626866,67,0.34059967470829033,0.18400585062181615,632,0
20,1,21,0.3405997157096863,False,1157,1.2586291959996743,screening,2015,2017,32,0.2,101225,0.8512658227848101,0.19402985074626866,67,0.34059967470829033,0.18400585062181615,632,0
50,1,51,0.3405997157096863,False,1157,3.0113057009998556,screening,2015,2017,32,0.2,101225,0.8512658227848101,0.19402985074626866,67,0.34059967470829033,0.18400585062181615,632,0
10,1,11,0.3967590034008026,False,1157,0.6730348819996834,screening,2015,2017,32,0.3,101223,0.8813291139240507,0.1044776119402985,67,0.39675903428760695,0.1954821749862729,632,0
20,1,21,0.3967590034008026,False,1157,1.267663896999693,screening,2015,2017,32,0.3,101223,0.8813291139240507,0.1044776119402985,67,0.39675903428760695,0.1954821749862729,632,0
50,1,51,0.3967590034008026,False,1157,3.1556366449999587,screening,2015,2017,32,0.3,101223,0.8813291139240507,0.1044776119402985,67,0.39675903428760695,0.1954821749862729,632,0
10,1,11,0.3963104784488678,False,1157,0.6518945239999994,screening,2015,2017,32,0.3,101224,0.8876582278481012,0.1044776119402985,67,0.3963104436245422,0.19555550433777466,632,0
20,1,21,0.3963104784488678,False,1157,1.2485746880001898,screening,2015,2017,32,0.3,101224,0.8876582278481012,0.1044776119402985,67,0.3963104436245422,0.19555550433777466,632,0
50,1,51,0.3963104784488678,False,1157,3.129272303000107,screening,2015,2017,32,0.3,101224,0.8876582278481012,0.1044776119402985,67,0.3963104436245422,0.19555550433777466,632,0
10,1,11,0.3700930178165436,False,1157,0.6534105679997992,screening,2015,2017,32,0.3,101225,0.8939873417721519,0.08955223880597014,67,0.37009304035124263,0.18272623972385565,632,0
20,1,21,0.3700930178165436,False,1157,1.2242620959996202,screening,2015,2017,32,0.3,101225,0.8939873417721519,0.08955223880597014,67,0.37009304035124263,0.18272623972385565,632,0
50,1,51,0.3700930178165436,False,1157,3.0150075339997784,screening,2015,2017,32,0.3,101225,0.8939873417721519,0.08955223880597014,67,0.37009304035124263,0.18272623972385565,632,0
10,1,11,0.47747522592544556,False,1157,0.6202001040001051,screening,2015,2017,32,0.5,101223,0.8765822784810127,0.08955223880597014,67,0.4774752360302233,0.2082635360895952,632,0
20,1,21,0.47747522592544556,False,1157,1.2184435250001115,screening,2015,2017,32,0.5,101223,0.8765822784810127,0.08955223880597014,67,0.4774752360302233,0.2082635360895952,632,0
50,1,51,0.47747522592544556,False,1157,3.021057911999833,screening,2015,2017,32,0.5,101223,0.8765822784810127,0.08955223880597014,67,0.4774752360302233,0.2082635360895952,632,0
10,1,11,0.500476062297821,False,1157,0.7384898790000989,screening,2015,2017,32,0.5,101224,0.870253164556962,0.11940298507462686,67,0.5004760539699283,0.2188832822922518,632,0
20,1,21,0.500476062297821,False,1157,1.3578569430001153,screening,2015,2017,32,0.5,101224,0.870253164556962,0.11940298507462686,67,0.5004760539699283,0.2188832822922518,632,0
50,1,51,0.500476062297821,False,1157,3.090536322999924,screening,2015,2017,32,0.5,101224,0.870253164556962,0.11940298507462686,67,0.5004760539699283,0.2188832822922518,632,0
10,1,11,0.4868355691432953,False,1157,0.64005863400007,screening,2015,2017,32,0.5,101225,0.8781645569620253,0.08955223880597014,67,0.4868355838620947,0.21112119276488026,632,0
20,1,21,0.4868355691432953,False,1157,1.275773228000162,screening,2015,2017,32,0.5,101225,0.8781645569620253,0.08955223880597014,67,0.4868355838620947,0.21112119276488026,632,0
50,1,51,0.4868355691432953,False,1157,3.12017109899989,screening,2015,2017,32,0.5,101225,0.8781645569620253,0.08955223880597014,67,0.4868355838620947,0.21112119276488026,632,0
10,7,17,0.5577029585838318,False,1157,0.9963178330003757,screening,2015,2017,32,1.0,101223,0.875,0.11940298507462686,67,0.5577029749856265,0.21408411404195504,632,0
20,7,27,0.5577029585838318,False,1157,1.558490176000305,screening,2015,2017,32,1.0,101223,0.875,0.11940298507462686,67,0.5577029749856265,0.21408411404195504,632,0
50,7,57,0.5577029585838318,False,1157,3.2842464090003887,screening,2015,2017,32,1.0,101223,0.875,0.11940298507462686,67,0.5577029749856265,0.21408411404195504,632,0
10,15,25,0.4464774429798126,False,1157,1.7336034620002465,screening,2015,2017,32,1.0,101224,0.8955696202531646,0.08955223880597014,67,0.44647746615114237,0.18545730640277625,632,0
20,15,35,0.4464774429798126,False,1157,2.6816005969999424,screening,2015,2017,32,1.0,101224,0.8955696202531646,0.08955223880597014,67,0.44647746615114237,0.18545730640277625,632,0
50,15,65,0.4464774429798126,False,1157,5.090008944000147,screening,2015,2017,32,1.0,101224,0.8955696202531646,0.08955223880597014,67,0.44647746615114237,0.18545730640277625,632,0
10,2,12,0.43508192896842957,False,1157,0.7935016369997356,screening,2015,2017,32,1.0,101225,0.8924050632911392,0.11940298507462686,67,0.43508186414416106,0.18600823772085912,632,0
20,2,22,0.43508192896842957,False,1157,1.46294911699988,screening,2015,2017,32,1.0,101225,0.8924050632911392,0.11940298507462686,67,0.43508186414416106,0.18600823772085912,632,0
50,2,52,0.43508192896842957,False,1157,3.209546014999887,screening,2015,2017,32,1.0,101225,0.8924050632911392,0.11940298507462686,67,0.43508186414416106,0.18600823772085912,632,0
10,23,33,0.3857954740524292,False,1605,2.071606814000006,screening,2015,2017,32_16,0.01,101223,0.8449367088607594,0.22388059701492538,67,0.38579545639046287,0.1966581547236889,632,0
20,23,43,0.3857954740524292,False,1605,2.717773078999926,screening,2015,2017,32_16,0.01,101223,0.8449367088607594,0.22388059701492538,67,0.38579545639046287,0.1966581547236889,632,0
50,23,73,0.3857954740524292,False,1605,4.779594708999866,screening,2015,2017,32_16,0.01,101223,0.8449367088607594,0.22388059701492538,67,0.38579545639046287,0.1966581547236889,632,0
10,19,29,0.3250858783721924,False,1605,1.9115256330001102,screening,2015,2017,32_16,0.01,101224,0.8860759493670886,0.14925373134328357,67,0.32508584991310796,0.17051851868357698,632,0
20,19,39,0.3250858783721924,False,1605,2.5637841889997617,screening,2015,2017,32_16,0.01,101224,0.8860759493670886,0.14925373134328357,67,0.32508584991310796,0.17051851868357698,632,0
50,19,69,0.3250858783721924,False,1605,4.589620088999709,screening,2015,2017,32_16,0.01,101224,0.8860759493670886,0.14925373134328357,67,0.32508584991310796,0.17051851868357698,632,0
10,22,32,0.3326646089553833,False,1605,2.025758547999885,screening,2015,2017,32_16,0.01,101225,0.8955696202531646,0.13432835820895522,67,0.332664597376183,0.17184010054919066,632,0
20,22,42,0.3326646089553833,False,1605,2.647682237999561,screening,2015,2017,32_16,0.01,101225,0.8955696202531646,0.13432835820895522,67,0.332664597376183,0.17184010054919066,632,0
50,22,72,0.3326646089553833,False,1605,4.69290368799966,screening,2015,2017,32_16,0.01,101225,0.8955696202531646,0.13432835820895522,67,0.332664597376183,0.17184010054919066,632,0
10,9,19,0.38087621331214905,False,1605,1.2431908290000138,screening,2015,2017,32_16,0.03,101223,0.8876582278481012,0.08955223880597014,67,0.3808762232361547,0.1909710467270656,632,0
20,9,29,0.38087621331214905,False,1605,1.890057292000165,screening,2015,2017,32_16,0.03,101223,0.8876582278481012,0.08955223880597014,67,0.3808762232361547,0.1909710467270656,632,0
50,9,59,0.38087621331214905,False,1605,3.7706422530000054,screening,2015,2017,32_16,0.03,101223,0.8876582278481012,0.08955223880597014,67,0.3808762232361547,0.1909710467270656,632,0
10,7,17,0.3195036053657532,False,1605,1.0903772029996617,screening,2015,2017,32_16,0.03,101224,0.8955696202531646,0.1044776119402985,67,0.319503596033746,0.1656416664345362,632,0
20,7,27,0.3195036053657532,False,1605,1.752144871999917,screening,2015,2017,32_16,0.03,101224,0.8955696202531646,0.1044776119402985,67,0.319503596033746,0.1656416664345362,632,0
50,7,57,0.3195036053657532,False,1605,3.668975102999866,screening,2015,2017,32_16,0.03,101224,0.8955696202531646,0.1044776119402985,67,0.319503596033746,0.1656416664345362,632,0
10,9,19,0.3258984386920929,False,1605,1.2964416199997686,screening,2015,2017,32_16,0.03,101225,0.8971518987341772,0.13432835820895522,67,0.32589842727746104,0.16568606406072592,632,0
20,9,29,0.3258984386920929,False,1605,2.0110647379997317,screening,2015,2017,32_16,0.03,101225,0.8971518987341772,0.13432835820895522,67,0.32589842727746104,0.16568606406072592,632,0
50,9,59,0.3258984386920929,False,1605,3.9859701259997564,screening,2015,2017,32_16,0.03,101225,0.8971518987341772,0.13432835820895522,67,0.32589842727746104,0.16568606406072592,632,0
10,7,17,0.3910537362098694,False,1605,1.126414988000306,screening,2015,2017,32_16,0.05,101223,0.8829113924050633,0.08955223880597014,67,0.39105371683486434,0.18717513426470206,632,0
20,7,27,0.3910537362098694,False,1605,1.7468919770003595,screening,2015,2017,32_16,0.05,101223,0.8829113924050633,0.08955223880597014,67,0.39105371683486434,0.18717513426470206,632,0
50,7,57,0.3910537362098694,False,1605,3.7049064760003603,screening,2015,2017,32_16,0.05,101223,0.8829113924050633,0.08955223880597014,67,0.39105371683486434,0.18717513426470206,632,0
10,4,14,0.3318009078502655,False,1605,0.8902700710000317,screening,2015,2017,32_16,0.05,101224,0.8924050632911392,0.1044776119402985,67,0.3318009004718228,0.1719743108504553,632,0
20,4,24,0.3318009078502655,False,1605,1.506000239000059,screening,2015,2017,32_16,0.05,101224,0.8924050632911392,0.1044776119402985,67,0.3318009004718228,0.1719743108504553,632,0
50,4,54,0.3318009078502655,False,1605,3.4694377200003146,screening,2015,2017,32_16,0.05,101224,0.8924050632911392,0.1044776119402985,67,0.3318009004718228,0.1719743108504553,632,0
10,6,16,0.3300209641456604,False,1605,1.1403730860001815,screening,2015,2017,32_16,0.05,101225,0.9003164556962026,0.13432835820895522,67,0.3300209605103191,0.16531114883159034,632,0
20,6,26,0.3300209641456604,False,1605,1.8156846249999035,screening,2015,2017,32_16,0.05,101225,0.9003164556962026,0.13432835820895522,67,0.3300209605103191,0.16531114883159034,632,0
50,6,56,0.3300209641456604,False,1605,3.7339916480000284,screening,2015,2017,32_16,0.05,101225,0.9003164556962026,0.13432835820895522,67,0.3300209605103191,0.16531114883159034,632,0
10,3,13,0.4011889398097992,False,1605,0.8486809139999423,screening,2015,2017,32_16,0.1,101223,0.8829113924050633,0.08955223880597014,67,0.40118894826078527,0.19587061078614176,632,0
20,3,23,0.4011889398097992,False,1605,1.4647921000000679,screening,2015,2017,32_16,0.1,101223,0.8829113924050633,0.08955223880597014,67,0.40118894826078527,0.19587061078614176,632,0
50,3,53,0.4011889398097992,False,1605,3.387018186000205,screening,2015,2017,32_16,0.1,101223,0.8829113924050633,0.08955223880597014,67,0.40118894826078527,0.19587061078614176,632,0
10,2,12,0.32893669605255127,False,1605,0.7682684169999447,screening,2015,2017,32_16,0.1,101224,0.8924050632911392,0.13432835820895522,67,0.32893671300024474,0.17102218772334066,632,0
20,2,22,0.32893669605255127,False,1605,1.4022363469998709,screening,2015,2017,32_16,0.1,101224,0.8924050632911392,0.13432835820895522,67,0.32893671300024474,0.17102218772334066,632,0
50,2,52,0.32893669605255127,False,1605,3.404003461999764,screening,2015,2017,32_16,0.1,101224,0.8924050632911392,0.13432835820895522,67,0.32893671300024474,0.17102218772334066,632,0
10,3,13,0.3152400851249695,False,1605,0.9485105529997782,screening,2015,2017,32_16,0.1,101225,0.8971518987341772,0.13432835820895522,67,0.3152400799008901,0.1596557569865905,632,0
20,3,23,0.3152400851249695,False,1605,1.6084411140000157,screening,2015,2017,32_16,0.1,101225,0.8971518987341772,0.13432835820895522,67,0.3152400799008901,0.1596557569865905,632,0
50,3,53,0.3152400851249695,False,1605,3.5352193740000075,screening,2015,2017,32_16,0.1,101225,0.8971518987341772,0.13432835820895522,67,0.3152400799008901,0.1596557569865905,632,0
10,1,11,0.4410147964954376,False,1605,0.7194407930001034,screening,2015,2017,32_16,0.2,101223,0.8401898734177216,0.34328358208955223,67,0.4410147794273087,0.21876537293424228,632,0
20,1,21,0.4410147964954376,False,1605,1.3831863010000234,screening,2015,2017,32_16,0.2,101223,0.8401898734177216,0.34328358208955223,67,0.4410147794273087,0.21876537293424228,632,0
50,1,51,0.4410147964954376,False,1605,3.3113888520001638,screening,2015,2017,32_16,0.2,101223,0.8401898734177216,0.34328358208955223,67,0.4410147794273087,0.21876537293424228,632,0
10,1,11,0.32561925053596497,False,1605,0.7014540690001922,screening,2015,2017,32_16,0.2,101224,0.8623417721518988,0.1791044776119403,67,0.32561921922849174,0.172952634736861,632,0
20,1,21,0.32561925053596497,False,1605,1.3228644820001136,screening,2015,2017,32_16,0.2,101224,0.8623417721518988,0.1791044776119403,67,0.32561921922849174,0.172952634736861,632,0
50,1,51,0.32561925053596497,False,1605,4.321919665000223,screening,2015,2017,32_16,0.2,101224,0.8623417721518988,0.1791044776119403,67,0.32561921922849174,0.172952634736861,632,0
10,2,12,0.3221345841884613,False,1605,1.2358784170000945,screening,2015,2017,32_16,0.2,101225,0.8955696202531646,0.08955223880597014,67,0.3221345980566525,0.16131919778639064,632,0
20,2,22,0.3221345841884613,False,1605,2.274500301000444,screening,2015,2017,32_16,0.2,101225,0.8955696202531646,0.08955223880597014,67,0.3221345980566525,0.16131919778639064,632,0
50,2,52,0.3221345841884613,False,1605,5.619907395000155,screening,2015,2017,32_16,0.2,101225,0.8955696202531646,0.08955223880597014,67,0.3221345980566525,0.16131919778639064,632,0
10,1,11,0.4364999234676361,False,1605,1.1588027150000926,screening,2015,2017,32_16,0.3,101223,0.8765822784810127,0.22388059701492538,67,0.4364999304937682,0.2056790088960715,632,0
20,1,21,0.4364999234676361,False,1605,2.245652279999831,screening,2015,2017,32_16,0.3,101223,0.8765822784810127,0.22388059701492538,67,0.4364999304937682,0.2056790088960715,632,0
50,1,51,0.4364999234676361,False,1605,5.716300873999899,screening,2015,2017,32_16,0.3,101223,0.8765822784810127,0.22388059701492538,67,0.4364999304937682,0.2056790088960715,632,0
10,1,11,0.3497331440448761,False,1605,1.1608116430002156,screening,2015,2017,32_16,0.3,101224,0.8908227848101266,0.07462686567164178,67,0.34973313226845254,0.17444738937095364,632,0
20,1,21,0.3497331440448761,False,1605,2.223789840000336,screening,2015,2017,32_16,0.3,101224,0.8908227848101266,0.07462686567164178,67,0.34973313226845254,0.17444738937095364,632,0
50,1,51,0.3497331440448761,False,1605,6.10189987800004,screening,2015,2017,32_16,0.3,101224,0.8908227848101266,0.07462686567164178,67,0.34973313226845254,0.17444738937095364,632,0
10,2,12,0.3372461497783661,False,1605,1.3242399060000025,screening,2015,2017,32_16,0.3,101225,0.8987341772151899,0.16417910447761194,67,0.33724614524700025,0.16390723787632183,632,0
20,2,22,0.3372461497783661,False,1605,2.386528472000009,screening,2015,2017,32_16,0.3,101225,0.8987341772151899,0.16417910447761194,67,0.33724614524700025,0.16390723787632183,632,0
50,2,52,0.3372461497783661,False,1605,5.972827859000063,screening,2015,2017,32_16,0.3,101225,0.8987341772151899,0.16417910447761194,67,0.33724614524700025,0.16390723787632183,632,0
10,1,11,0.4843594431877136,False,1605,1.1873373940002239,screening,2015,2017,32_16,0.5,101223,0.8718354430379747,0.14925373134328357,67,0.4843594543775052,0.20912290096164052,632,0
20,1,21,0.4843594431877136,False,1605,2.2865783719998944,screening,2015,2017,32_16,0.5,101223,0.8718354430379747,0.14925373134328357,67,0.4843594543775052,0.20912290096164052,632,0
50,1,51,0.4843594431877136,False,1605,5.602678775000186,screening,2015,2017,32_16,0.5,101223,0.8718354430379747,0.14925373134328357,67,0.4843594543775052,0.20912290096164052,632,0
10,6,16,0.41050657629966736,False,1605,1.875720562999959,screening,2015,2017,32_16,0.5,101224,0.8924050632911392,0.08955223880597014,67,0.4105065900031138,0.1851699082826495,632,0
20,6,26,0.41050657629966736,False,1605,2.9055709449999085,screening,2015,2017,32_16,0.5,101224,0.8924050632911392,0.08955223880597014,67,0.4105065900031138,0.1851699082826495,632,0
50,6,56,0.41050657629966736,False,1605,6.140224262000174,screening,2015,2017,32_16,0.5,101224,0.8924050632911392,0.08955223880597014,67,0.4105065900031138,0.1851699082826495,632,0
10,2,12,0.34153786301612854,False,1605,1.2899301110001034,screening,2015,2017,32_16,0.5,101225,0.9003164556962026,0.19402985074626866,67,0.3415378432463267,0.1658507279327154,632,0
20,2,22,0.34153786301612854,False,1605,2.360120799000015,screening,2015,2017,32_16,0.5,101225,0.9003164556962026,0.19402985074626866,67,0.3415378432463267,0.1658507279327154,632,0
50,2,52,0.34153786301612854,False,1605,5.6551125740002135,screening,2015,2017,32_16,0.5,101225,0.9003164556962026,0.19402985074626866,67,0.3415378432463267,0.1658507279327154,632,0
10,7,17,0.4285013675689697,False,1605,2.0344650990000446,screening,2015,2017,32_16,1.0,101223,0.8955696202531646,0.08955223880597014,67,0.4285014020487426,0.19369993520566087,632,0
20,7,27,0.4285013675689697,False,1605,3.2544048929999008,screening,2015,2017,32_16,1.0,101223,0.8955696202531646,0.08955223880597014,67,0.4285014020487426,0.19369993520566087,632,0
50,7,57,0.4285013675689697,False,1605,6.497177603000182,screening,2015,2017,32_16,1.0,101223,0.8955696202531646,0.08955223880597014,67,0.4285014020487426,0.19369993520566087,632,0
10,15,25,0.42604008316993713,False,1605,2.812407122999957,screening,2015,2017,32_16,1.0,101224,0.8939873417721519,0.07462686567164178,67,0.4260400928056862,0.18307785342723984,632,0
20,15,35,0.42604008316993713,False,1605,3.934392694000053,screening,2015,2017,32_16,1.0,101224,0.8939873417721519,0.07462686567164178,67,0.4260400928056862,0.18307785342723984,632,0
50,15,65,0.42604008316993713,False,1605,7.665009084999838,screening,2015,2017,32_16,1.0,101224,0.8939873417721519,0.07462686567164178,67,0.4260400928056862,0.18307785342723984,632,0
10,2,12,0.36226198077201843,False,1605,1.232871688999694,screening,2015,2017,32_16,1.0,101225,0.875,0.16417910447761194,67,0.3622619553447617,0.18859653472511026,632,0
20,2,22,0.36226198077201843,False,1605,2.3591978800000106,screening,2015,2017,32_16,1.0,101225,0.875,0.16417910447761194,67,0.3622619553447617,0.18859653472511026,632,0
50,2,52,0.36226198077201843,False,1605,5.587993503999769,screening,2015,2017,32_16,1.0,101225,0.875,0.16417910447761194,67,0.3622619553447617,0.18859653472511026,632,0
10,15,25,0.36735019087791443,False,4229,3.0813017199998285,screening,2015,2017,64_32,0.01,101223,0.870253164556962,0.3880597014925373,67,0.3673501564302028,0.18834166523549367,632,0
20,15,35,0.36735019087791443,False,4229,4.25923837099981,screening,2015,2017,64_32,0.01,101223,0.870253164556962,0.3880597014925373,67,0.3673501564302028,0.18834166523549367,632,0
50,15,65,0.36735019087791443,False,4229,7.7171531849999155,screening,2015,2017,64_32,0.01,101223,0.870253164556962,0.3880597014925373,67,0.3673501564302028,0.18834166523549367,632,0
10,19,29,0.38984405994415283,False,4229,3.325659862000066,screening,2015,2017,64_32,0.01,101224,0.8560126582278481,0.26865671641791045,67,0.38984404180251,0.19742034012152448,632,0
20,19,39,0.38984405994415283,False,4229,4.7047335649999695,screening,2015,2017,64_32,0.01,101224,0.8560126582278481,0.26865671641791045,67,0.38984404180251,0.19742034012152448,632,0
50,19,69,0.38984405994415283,False,4229,8.20386504399994,screening,2015,2017,64_32,0.01,101224,0.8560126582278481,0.26865671641791045,67,0.38984404180251,0.19742034012152448,632,0
10,25,35,0.3228948712348938,False,4229,3.9517906659998516,screening,2015,2017,64_32,0.01,101225,0.9003164556962026,0.11940298507462686,67,0.3228948514519297,0.16585447435884548,632,0
20,25,45,0.3228948712348938,False,4229,5.029061891999845,screening,2015,2017,64_32,0.01,101225,0.9003164556962026,0.11940298507462686,67,0.3228948514519297,0.16585447435884548,632,0
50,25,75,0.3228948712348938,False,4229,8.629854344999785,screening,2015,2017,64_32,0.01,101225,0.9003164556962026,0.11940298507462686,67,0.3228948514519297,0.16585447435884548,632,0
10,7,17,0.36401575803756714,False,4229,1.8906710000001112,screening,2015,2017,64_32,0.03,101223,0.9098101265822784,0.2835820895522388,67,0.3640157643133689,0.18399616457099902,632,0
20,7,27,0.36401575803756714,False,4229,3.210979855000005,screening,2015,2017,64_32,0.03,101223,0.9098101265822784,0.2835820895522388,67,0.3640157643133689,0.18399616457099902,632,0
50,7,57,0.36401575803756714,False,4229,6.562980462000269,screening,2015,2017,64_32,0.03,101223,0.9098101265822784,0.2835820895522388,67,0.3640157643133689,0.18399616457099902,632,0
10,7,17,0.3846733272075653,False,4229,2.132553826000276,screening,2015,2017,64_32,0.03,101224,0.8560126582278481,0.26865671641791045,67,0.38467330381110176,0.19465646372622356,632,0
20,7,27,0.3846733272075653,False,4229,3.18357086900005,screening,2015,2017,64_32,0.03,101224,0.8560126582278481,0.26865671641791045,67,0.38467330381110176,0.19465646372622356,632,0
50,7,57,0.3846733272075653,False,4229,6.456555135000144,screening,2015,2017,64_32,0.03,101224,0.8560126582278481,0.26865671641791045,67,0.38467330381110176,0.19465646372622356,632,0
10,9,19,0.3113907277584076,False,4229,2.1396183209999435,screening,2015,2017,64_32,0.03,101225,0.8971518987341772,0.08955223880597014,67,0.31139072190024314,0.16127488335858003,632,0
20,9,29,0.3113907277584076,False,4229,3.189214600000014,screening,2015,2017,64_32,0.03,101225,0.8971518987341772,0.08955223880597014,67,0.31139072190024314,0.16127488335858003,632,0
50,9,59,0.3113907277584076,False,4229,6.723629887999778,screening,2015,2017,64_32,0.03,101225,0.8971518987341772,0.08955223880597014,67,0.31139072190024314,0.16127488335858003,632,0
10,7,17,0.36667725443840027,False,4229,1.9267028489998665,screening,2015,2017,64_32,0.05,101223,0.8939873417721519,0.08955223880597014,67,0.3666772245354933,0.17740062976502755,632,0
20,7,27,0.36667725443840027,False,4229,3.1191912200001752,screening,2015,2017,64_32,0.05,101223,0.8939873417721519,0.08955223880597014,67,0.3666772245354933,0.17740062976502755,632,0
50,7,57,0.36667725443840027,False,4229,6.5157719379999435,screening,2015,2017,64_32,0.05,101223,0.8939873417721519,0.08955223880597014,67,0.3666772245354933,0.17740062976502755,632,0
10,6,16,0.380323588848114,False,4229,1.9765819889998966,screening,2015,2017,64_32,0.05,101224,0.8876582278481012,0.08955223880597014,67,0.3803236332062846,0.18395249919531026,632,0
20,6,26,0.380323588848114,False,4229,3.185432046999722,screening,2015,2017,64_32,0.05,101224,0.8876582278481012,0.08955223880597014,67,0.3803236332062846,0.18395249919531026,632,0
50,6,56,0.380323588848114,False,4229,6.6631294779999735,screening,2015,2017,64_32,0.05,101224,0.8876582278481012,0.08955223880597014,67,0.3803236332062846,0.18395249919531026,632,0
10,6,16,0.3124827742576599,False,4229,1.7371468269998331,screening,2015,2017,64_32,0.05,101225,0.8971518987341772,0.08955223880597014,67,0.3124827732083575,0.16214156846694774,632,0
20,6,26,0.3124827742576599,False,4229,3.0396457189999637,screening,2015,2017,64_32,0.05,101225,0.8971518987341772,0.08955223880597014,67,0.3124827732083575,0.16214156846694774,632,0
50,6,56,0.3124827742576599,False,4229,6.555548648999775,screening,2015,2017,64_32,0.05,101225,0.8971518987341772,0.08955223880597014,67,0.3124827732083575,0.16214156846694774,632,0
10,1,11,0.4031181335449219,False,4229,1.2126515949998975,screening,2015,2017,64_32,0.1,101223,0.8607594936708861,0.3283582089552239,67,0.4031181118826167,0.20314869864374843,632,0
20,1,21,0.4031181335449219,False,4229,2.264800364999701,screening,2015,2017,64_32,0.1,101223,0.8607594936708861,0.3283582089552239,67,0.4031181118826167,0.20314869864374843,632,0
50,1,51,0.4031181335449219,False,4229,5.699429249999866,screening,2015,2017,64_32,0.1,101223,0.8607594936708861,0.3283582089552239,67,0.4031181118826167,0.20314869864374843,632,0
10,2,12,0.3884919285774231,False,4229,1.3133291079998344,screening,2015,2017,64_32,0.1,101224,0.8560126582278481,0.26865671641791045,67,0.3884919165000806,0.1967806638746556,632,0
20,2,22,0.3884919285774231,False,4229,2.4529806579998876,screening,2015,2017,64_32,0.1,101224,0.8560126582278481,0.26865671641791045,67,0.3884919165000806,0.1967806638746556,632,0
50,2,52,0.3884919285774231,False,4229,5.978210814999784,screening,2015,2017,64_32,0.1,101224,0.8560126582278481,0.26865671641791045,67,0.3884919165000806,0.1967806638746556,632,0
10,3,13,0.29612037539482117,False,4229,1.4572109499999897,screening,2015,2017,64_32,0.1,101225,0.8971518987341772,0.08955223880597014,67,0.29612036821755666,0.15642432319635524,632,0
20,3,23,0.29612037539482117,False,4229,2.764693180999984,screening,2015,2017,64_32,0.1,101225,0.8971518987341772,0.08955223880597014,67,0.29612036821755666,0.15642432319635524,632,0
50,3,53,0.29612037539482117,False,4229,6.072057905999827,screening,2015,2017,64_32,0.1,101225,0.8971518987341772,0.08955223880597014,67,0.29612036821755666,0.15642432319635524,632,0
10,1,11,0.4316747188568115,False,4229,1.2671729400003642,screening,2015,2017,64_32,0.2,101223,0.875,0.3283582089552239,67,0.43167471962509474,0.20485934990693108,632,0
20,1,21,0.4316747188568115,False,4229,2.5777608410003268,screening,2015,2017,64_32,0.2,101223,0.875,0.3283582089552239,67,0.43167471962509474,0.20485934990693108,632,0
50,1,51,0.4316747188568115,False,4229,5.835909288000039,screening,2015,2017,64_32,0.2,101223,0.875,0.3283582089552239,67,0.43167471962509474,0.20485934990693108,632,0
10,2,12,0.3791083097457886,False,4229,1.3815762960002758,screening,2015,2017,64_32,0.2,101224,0.8939873417721519,0.08955223880597014,67,0.3791083261536139,0.18080061250588286,632,0
20,2,22,0.3791083097457886,False,4229,2.521942579000097,screening,2015,2017,64_32,0.2,101224,0.8939873417721519,0.08955223880597014,67,0.3791083261536139,0.18080061250588286,632,0
50,2,52,0.3791083097457886,False,4229,6.115092628000184,screening,2015,2017,64_32,0.2,101224,0.8939873417721519,0.08955223880597014,67,0.3791083261536139,0.18080061250588286,632,0
10,2,12,0.30986255407333374,False,4229,1.8258629709998786,screening,2015,2017,64_32,0.2,101225,0.8971518987341772,0.16417910447761194,67,0.30986253730478064,0.16314625148792064,632,0
20,2,22,0.30986255407333374,False,4229,2.979326671999843,screening,2015,2017,64_32,0.2,101225,0.8971518987341772,0.16417910447761194,67,0.30986253730478064,0.16314625148792064,632,0
50,2,52,0.30986255407333374,False,4229,6.3512649179997425,screening,2015,2017,64_32,0.2,101225,0.8971518987341772,0.16417910447761194,67,0.30986253730478064,0.16314625148792064,632,0
10,1,11,0.4367479681968689,False,4229,1.2980943090001347,screening,2015,2017,64_32,0.3,101223,0.8860759493670886,0.16417910447761194,67,0.4367479477297691,0.19347283597912404,632,0
20,1,21,0.4367479681968689,False,4229,2.394232106000345,screening,2015,2017,64_32,0.3,101223,0.8860759493670886,0.16417910447761194,67,0.4367479477297691,0.19347283597912404,632,0
50,1,51,0.4367479681968689,False,4229,5.8484824740003205,screening,2015,2017,64_32,0.3,101223,0.8860759493670886,0.16417910447761194,67,0.4367479477297691,0.19347283597912404,632,0
10,1,11,0.3865286111831665,False,4229,1.2153743809999469,screening,2015,2017,64_32,0.3,101224,0.8829113924050633,0.1044776119402985,67,0.38652862959490564,0.1904104889858533,632,0
20,1,21,0.3865286111831665,False,4229,2.358933119000085,screening,2015,2017,64_32,0.3,101224,0.8829113924050633,0.1044776119402985,67,0.38652862959490564,0.1904104889858533,632,0
50,1,51,0.3865286111831665,False,4229,5.764463841000179,screening,2015,2017,64_32,0.3,101224,0.8829113924050633,0.1044776119402985,67,0.38652862959490564,0.1904104889858533,632,0
10,2,12,0.3473057448863983,False,4229,1.3417412339999828,screening,2015,2017,64_32,0.3,101225,0.9003164556962026,0.22388059701492538,67,0.3473057231365267,0.16958488341688502,632,0
20,2,22,0.3473057448863983,False,4229,2.417898821000108,screening,2015,2017,64_32,0.3,101225,0.9003164556962026,0.22388059701492538,67,0.3473057231365267,0.16958488341688502,632,0
50,2,52,0.3473057448863983,False,4229,5.83147748600004,screening,2015,2017,64_32,0.3,101225,0.9003164556962026,0.22388059701492538,67,0.3473057231365267,0.16958488341688502,632,0
10,1,11,0.4658414125442505,False,4229,1.2543369429999984,screening,2015,2017,64_32,0.5,101223,0.8781645569620253,0.1044776119402985,67,0.4658413888483751,0.19745302788011554,632,0
20,1,21,0.4658414125442505,False,4229,2.3358385390001786,screening,2015,2017,64_32,0.5,101223,0.8781645569620253,0.1044776119402985,67,0.4658413888483751,0.19745302788011554,632,0
50,1,51,0.4658414125442505,False,4229,5.740009382000153,screening,2015,2017,64_32,0.5,101223,0.8781645569620253,0.1044776119402985,67,0.4658413888483751,0.19745302788011554,632,0
10,6,16,0.39950576424598694,False,4229,1.7549178389999724,screening,2015,2017,64_32,0.5,101224,0.8876582278481012,0.07462686567164178,67,0.3995057668997235,0.1819280603216033,632,0
20,6,26,0.39950576424598694,False,4229,3.0011553640001694,screening,2015,2017,64_32,0.5,101224,0.8876582278481012,0.07462686567164178,67,0.3995057668997235,0.1819280603216033,632,0
50,6,56,0.39950576424598694,False,4229,6.4026277070001925,screening,2015,2017,64_32,0.5,101224,0.8876582278481012,0.07462686567164178,67,0.3995057668997235,0.1819280603216033,632,0
10,7,17,0.3679645359516144,False,4229,1.9461614159999954,screening,2015,2017,64_32,0.5,101225,0.8908227848101266,0.1044776119402985,67,0.3679645406067904,0.1791195742149748,632,0
20,7,27,0.3679645359516144,False,4229,3.114210030999857,screening,2015,2017,64_32,0.5,101225,0.8908227848101266,0.1044776119402985,67,0.3679645406067904,0.1791195742149748,632,0
50,7,57,0.3679645359516144,False,4229,6.564522463999765,screening,2015,2017,64_32,0.5,101225,0.8908227848101266,0.1044776119402985,67,0.3679645406067904,0.1791195742149748,632,0
10,9,19,0.49433377385139465,False,4229,2.1186594979999427,screening,2015,2017,64_32,1.0,101223,0.8924050632911392,0.08955223880597014,67,0.49433375925118483,0.19813650675932337,632,0
20,9,29,0.49433377385139465,False,4229,3.2819816739997805,screening,2015,2017,64_32,1.0,101223,0.8924050632911392,0.08955223880597014,67,0.49433375925118483,0.19813650675932337,632,0
50,9,59,0.49433377385139465,False,4229,6.610666994999974,screening,2015,2017,64_32,1.0,101223,0.8924050632911392,0.08955223880597014,67,0.49433375925118483,0.19813650675932337,632,0
10,6,16,0.4005483388900757,False,4229,1.7259881559998576,screening,2015,2017,64_32,1.0,101224,0.8718354430379747,0.208955223880597,67,0.40054836693317636,0.20046067561957917,632,0
20,6,26,0.4005483388900757,False,4229,3.0133039580000514,screening,2015,2017,64_32,1.0,101224,0.8718354430379747,0.208955223880597,67,0.40054836693317636,0.20046067561957917,632,0
50,6,56,0.4005483388900757,False,4229,6.404554239999925,screening,2015,2017,64_32,1.0,101224,0.8718354430379747,0.208955223880597,67,0.40054836693317636,0.20046067561957917,632,0
10,2,12,0.3339710533618927,False,4229,1.4321501310000713,screening,2015,2017,64_32,1.0,101225,0.8876582278481012,0.22388059701492538,67,0.33397107135951387,0.16543826068198225,632,0
20,2,22,0.3339710533618927,False,4229,2.519024045000151,screening,2015,2017,64_32,1.0,101225,0.8876582278481012,0.22388059701492538,67,0.33397107135951387,0.16543826068198225,632,0
50,2,52,0.3339710533618927,False,4229,6.11592233600004,screening,2015,2017,64_32,1.0,101225,0.8876582278481012,0.22388059701492538,67,0.33397107135951387,0.16543826068198225,632,0
10,143,153,0.2816861867904663,False,581,10.84346940999967,screening,2005,2010,16,0.01,101223,0.8987341772151899,0.7410714285714286,112,0.28168617672016094,0.14973789742480012,632,0
20,195,215,0.27963265776634216,False,581,15.458560579999812,screening,2005,2010,16,0.01,101223,0.9003164556962026,0.7321428571428571,112,0.2796326514482114,0.1488976785861321,632,0
50,195,245,0.27963265776634216,False,581,17.612373488999765,screening,2005,2010,16,0.01,101223,0.9003164556962026,0.7321428571428571,112,0.2796326514482114,0.1488976785861321,632,0
10,55,65,0.3124525845050812,False,581,4.690036645999953,screening,2005,2010,16,0.01,101224,0.884493670886076,0.7767857142857143,112,0.3124525394222664,0.16604299558739669,632,0
20,208,228,0.2944032549858093,False,581,16.27532850300031,screening,2005,2010,16,0.01,101224,0.8955696202531646,0.7053571428571429,112,0.2944032574931016,0.1565603179361839,632,0
50,251,301,0.29379579424858093,False,581,22.351738006000232,screening,2005,2010,16,0.01,101224,0.8971518987341772,0.6964285714285714,112,0.29379581390876985,0.15654520577847408,632,0
10,80,90,0.3021664023399353,False,581,6.530850032999751,screening,2005,2010,16,0.01,101225,0.8876582278481012,0.7767857142857143,112,0.30216640840173015,0.1605253400049229,632,0
20,190,210,0.29500359296798706,False,581,15.338775658000031,screening,2005,2010,16,0.01,101225,0.8987341772151899,0.7410714285714286,112,0.29500358392365567,0.15415638926258765,632,0
50,190,240,0.29500359296798706,False,581,17.955788394000137,screening,2005,2010,16,0.01,101225,0.8987341772151899,0.7410714285714286,112,0.29500358392365567,0.15415638926258765,632,0
10,53,63,0.27689817547798157,False,581,4.344391766000172,screening,2005,2010,16,0.03,101223,0.8987341772151899,0.7142857142857143,112,0.2768981966329446,0.1471196400925543,632,0
20,53,73,0.27689817547798157,False,581,5.094156843000292,screening,2005,2010,16,0.03,101223,0.8987341772151899,0.7142857142857143,112,0.2768981966329446,0.1471196400925543,632,0
50,53,103,0.27689817547798157,False,581,7.202476965000187,screening,2005,2010,16,0.03,101223,0.8987341772151899,0.7142857142857143,112,0.2768981966329446,0.1471196400925543,632,0
10,61,71,0.29411542415618896,False,581,5.187343908999992,screening,2005,2010,16,0.03,101224,0.8955696202531646,0.7142857142857143,112,0.29411541080008624,0.156343997581537,632,0
20,61,81,0.29411542415618896,False,581,5.852826745999664,screening,2005,2010,16,0.03,101224,0.8955696202531646,0.7142857142857143,112,0.29411541080008624,0.156343997581537,632,0
50,88,138,0.29313501715660095,False,581,9.89504978299965,screening,2005,2010,16,0.03,101224,0.8892405063291139,0.6517857142857143,112,0.29313499287359535,0.15707909134471343,632,0
10,46,56,0.2957717180252075,False,581,3.893752903999939,screening,2005,2010,16,0.03,101225,0.8924050632911392,0.7589285714285714,112,0.29577168531330006,0.15530665267615945,632,0
20,67,87,0.29238301515579224,False,581,6.109912181999789,screening,2005,2010,16,0.03,101225,0.8987341772151899,0.7142857142857143,112,0.29238299054533373,0.15216538600074572,632,0
50,67,117,0.29238301515579224,False,581,8.131155546999707,screening,2005,2010,16,0.03,101225,0.8987341772151899,0.7142857142857143,112,0.29238299054533373,0.15216538600074572,632,0
10,29,39,0.27854788303375244,False,581,2.9257455840001967,screening,2005,2010,16,0.05,101223,0.9018987341772152,0.7232142857142857,112,0.2785478939528555,0.14714356775030343,632,0
20,40,60,0.2770271897315979,False,581,4.419416429000194,screening,2005,2010,16,0.05,101223,0.9018987341772152,0.6964285714285714,112,0.27702716654065074,0.1475446255076112,632,0
50,40,90,0.2770271897315979,False,581,6.439750322000236,screening,2005,2010,16,0.05,101223,0.9018987341772152,0.6964285714285714,112,0.27702716654065074,0.1475446255076112,632,0
10,34,44,0.2910152077674866,False,581,3.189654729999802,screening,2005,2010,16,0.05,101224,0.9018987341772152,0.7053571428571429,112,0.2910152238789753,0.15463013698650957,632,0
20,52,72,0.2899053692817688,False,581,5.210660181000094,screening,2005,2010,16,0.05,101224,0.8924050632911392,0.6785714285714286,112,0.2899053523732549,0.15528464824161686,632,0
50,52,102,0.2899053692817688,False,581,7.3328270980000525,screening,2005,2010,16,0.05,101224,0.8924050632911392,0.6785714285714286,112,0.2899053523732549,0.15528464824161686,632,0
10,15,25,0.3028874695301056,False,581,1.8693204769997465,screening,2005,2010,16,0.05,101225,0.8908227848101266,0.7767857142857143,112,0.3028874364633532,0.1606351995894221,632,0
20,37,57,0.2914943993091583,False,581,4.033563256999969,screening,2005,2010,16,0.05,101225,0.8971518987341772,0.7232142857142857,112,0.2914943731024333,0.15206973933271617,632,0
50,37,87,0.2914943993091583,False,581,6.143011393000052,screening,2005,2010,16,0.05,101225,0.8971518987341772,0.7232142857142857,112,0.2914943731024333,0.15206973933271617,632,0
10,19,29,0.27778369188308716,False,581,2.1090249969997785,screening,2005,2010,16,0.1,101223,0.8939873417721519,0.6339285714285714,112,0.27778370791876383,0.14877591933973847,632,0
20,19,39,0.27778369188308716,False,581,2.7631325419997665,screening,2005,2010,16,0.1,101223,0.8939873417721519,0.6339285714285714,112,0.27778370791876383,0.14877591933973847,632,0
50,19,69,0.27778369188308716,False,581,4.931937578999623,screening,2005,2010,16,0.1,101223,0.8939873417721519,0.6339285714285714,112,0.27778370791876383,0.14877591933973847,632,0
10,10,20,0.28508350253105164,False,581,1.3381088389996876,screening,2005,2010,16,0.1,101224,0.9018987341772152,0.6964285714285714,112,0.2850834853603824,0.1504349495424453,632,0
20,10,30,0.28508350253105164,False,581,2.047829891999754,screening,2005,2010,16,0.1,101224,0.9018987341772152,0.6964285714285714,112,0.2850834853603824,0.1504349495424453,632,0
50,10,60,0.28508350253105164,False,581,4.231036279999898,screening,2005,2010,16,0.1,101224,0.9018987341772152,0.6964285714285714,112,0.2850834853603824,0.1504349495424453,632,0
10,9,19,0.2921489477157593,False,581,1.5080262550000043,screening,2005,2010,16,0.1,101225,0.8971518987341772,0.75,112,0.2921489782022844,0.15353194249358715,632,0
20,9,29,0.2921489477157593,False,581,2.169274650999796,screening,2005,2010,16,0.1,101225,0.8971518987341772,0.75,112,0.2921489782022844,0.15353194249358715,632,0
50,32,82,0.28908488154411316,False,581,6.10175465500015,screening,2005,2010,16,0.1,101225,0.8939873417721519,0.6696428571428571,112,0.28908492050737883,0.15035300668651333,632,0
10,9,19,0.2742214798927307,False,581,1.3100529779999306,screening,2005,2010,16,0.2,101223,0.9018987341772152,0.7142857142857143,112,0.27422153544334343,0.14437907679538342,632,0
20,9,29,0.2742214798927307,False,581,2.001592225999957,screening,2005,2010,16,0.2,101223,0.9018987341772152,0.7142857142857143,112,0.27422153544334343,0.14437907679538342,632,0
50,9,59,0.2742214798927307,False,581,3.989150116000019,screening,2005,2010,16,0.2,101223,0.9018987341772152,0.7142857142857143,112,0.27422153544334343,0.14437907679538342,632,0
10,5,15,0.28081977367401123,False,581,1.02106730100013,screening,2005,2010,16,0.2,101224,0.9018987341772152,0.6964285714285714,112,0.2808197896299261,0.14797792762081807,632,0
20,5,25,0.28081977367401123,False,581,1.765361270000085,screening,2005,2010,16,0.2,101224,0.9018987341772152,0.6964285714285714,112,0.2808197896299261,0.14797792762081807,632,0
50,5,55,0.28081977367401123,False,581,3.93849453599978,screening,2005,2010,16,0.2,101224,0.9018987341772152,0.6964285714285714,112,0.2808197896299261,0.14797792762081807,632,0
10,9,19,0.3019445240497589,False,581,1.2506689239999105,screening,2005,2010,16,0.2,101225,0.8924050632911392,0.7678571428571429,112,0.3019445245184268,0.15855368144737259,632,0
20,9,29,0.3019445240497589,False,581,1.9918258719999358,screening,2005,2010,16,0.2,101225,0.8924050632911392,0.7678571428571429,112,0.3019445245184268,0.15855368144737259,632,0
50,32,82,0.29816025495529175,False,581,5.586773604999962,screening,2005,2010,16,0.2,101225,0.8908227848101266,0.6428571428571429,112,0.29816024484063397,0.15385037581037586,632,0
10,5,15,0.27663564682006836,False,581,1.1051519699999517,screening,2005,2010,16,0.3,101223,0.9003164556962026,0.6607142857142857,112,0.2766356496198119,0.14676236475239413,632,0
20,5,25,0.27663564682006836,False,581,1.848347121000188,screening,2005,2010,16,0.3,101223,0.9003164556962026,0.6607142857142857,112,0.2766356496198119,0.14676236475239413,632,0
50,5,55,0.27663564682006836,False,581,4.050602372999947,screening,2005,2010,16,0.3,101223,0.9003164556962026,0.6607142857142857,112,0.2766356496198119,0.14676236475239413,632,0
10,14,24,0.26785504817962646,False,581,1.7178162260001955,screening,2005,2010,16,0.3,101224,0.9082278481012658,0.6428571428571429,112,0.26785509257795126,0.14199873332020885,632,0
20,14,34,0.26785504817962646,False,581,2.397657257999981,screening,2005,2010,16,0.3,101224,0.9082278481012658,0.6428571428571429,112,0.26785509257795126,0.14199873332020885,632,0
50,14,64,0.26785504817962646,False,581,4.4247776590000285,screening,2005,2010,16,0.3,101224,0.9082278481012658,0.6428571428571429,112,0.26785509257795126,0.14199873332020885,632,0
10,9,19,0.2866365313529968,False,581,1.381427820999761,screening,2005,2010,16,0.3,101225,0.8908227848101266,0.7410714285714286,112,0.2866365591170017,0.14851292156841733,632,0
20,9,29,0.2866365313529968,False,581,2.045258530999945,screening,2005,2010,16,0.3,101225,0.8908227848101266,0.7410714285714286,112,0.2866365591170017,0.14851292156841733,632,0
50,9,59,0.2866365313529968,False,581,4.141808361999665,screening,2005,2010,16,0.3,101225,0.8908227848101266,0.7410714285714286,112,0.2866365591170017,0.14851292156841733,632,0
10,2,12,0.2838975787162781,False,581,0.8282414689997495,screening,2005,2010,16,0.5,101223,0.9003164556962026,0.5803571428571429,112,0.28389759113971813,0.1516088467640372,632,0
20,2,22,0.2838975787162781,False,581,1.6363636719997885,screening,2005,2010,16,0.5,101223,0.9003164556962026,0.5803571428571429,112,0.28389759113971813,0.1516088467640372,632,0
50,2,52,0.2838975787162781,False,581,3.741852335999738,screening,2005,2010,16,0.5,101223,0.9003164556962026,0.5803571428571429,112,0.28389759113971813,0.1516088467640372,632,0
10,2,12,0.2872207462787628,False,581,0.8431747059998997,screening,2005,2010,16,0.5,101224,0.884493670886076,0.5803571428571429,112,0.28722076847700834,0.15391924087056363,632,0
20,2,22,0.2872207462787628,False,581,1.528528456999993,screening,2005,2010,16,0.5,101224,0.884493670886076,0.5803571428571429,112,0.28722076847700834,0.15391924087056363,632,0
50,2,52,0.2872207462787628,False,581,3.6931182749999607,screening,2005,2010,16,0.5,101224,0.884493670886076,0.5803571428571429,112,0.28722076847700834,0.15391924087056363,632,0
10,1,11,0.2931651175022125,False,581,0.7889680100001897,screening,2005,2010,16,0.5,101225,0.8971518987341772,0.7321428571428571,112,0.29316512060573763,0.15462871088120797,632,0
20,1,21,0.2931651175022125,False,581,1.4382710270001553,screening,2005,2010,16,0.5,101225,0.8971518987341772,0.7321428571428571,112,0.29316512060573763,0.15462871088120797,632,0
50,1,51,0.2931651175022125,False,581,3.5191506999999547,screening,2005,2010,16,0.5,101225,0.8971518987341772,0.7321428571428571,112,0.29316512060573763,0.15462871088120797,632,0
10,2,12,0.2927077114582062,False,581,0.876944142999946,screening,2005,2010,16,1.0,101223,0.8892405063291139,0.5535714285714286,112,0.29270767150174837,0.1570783570322287,632,0
20,2,22,0.2927077114582062,False,581,1.6233094219996929,screening,2005,2010,16,1.0,101223,0.8892405063291139,0.5535714285714286,112,0.29270767150174837,0.1570783570322287,632,0
50,2,52,0.2927077114582062,False,581,4.254291396999633,screening,2005,2010,16,1.0,101223,0.8892405063291139,0.5535714285714286,112,0.29270767150174837,0.1570783570322287,632,0
10,4,14,0.2771774232387543,False,581,0.9481357679997018,screening,2005,2010,16,1.0,101224,0.8971518987341772,0.5982142857142857,112,0.2771774357880138,0.14340836337133228,632,0
20,4,24,0.2771774232387543,False,581,1.6130798199997116,screening,2005,2010,16,1.0,101224,0.8971518987341772,0.5982142857142857,112,0.2771774357880138,0.14340836337133228,632,0
50,4,54,0.2771774232387543,False,581,3.683665658999871,screening,2005,2010,16,1.0,101224,0.8971518987341772,0.5982142857142857,112,0.2771774357880138,0.14340836337133228,632,0
10,1,11,0.28751838207244873,False,581,1.1545372919999863,screening,2005,2010,16,1.0,101225,0.9018987341772152,0.7232142857142857,112,0.28751840486194463,0.14944834792628775,632,0
20,1,21,0.28751838207244873,False,581,1.8012792620002074,screening,2005,2010,16,1.0,101225,0.9018987341772152,0.7232142857142857,112,0.28751840486194463,0.14944834792628775,632,0
50,1,51,0.28751838207244873,False,581,3.95788052800026,screening,2005,2010,16,1.0,101225,0.9018987341772152,0.7232142857142857,112,0.28751840486194463,0.14944834792628775,632,0
10,81,91,0.29019835591316223,False,1157,6.347757636000097,screening,2005,2010,32,0.01,101223,0.8987341772151899,0.7589285714285714,112,0.2901983691650831,0.15296641524639815,632,0
20,103,123,0.2894337773323059,False,1157,8.739914444000078,screening,2005,2010,32,0.01,101223,0.9018987341772152,0.7678571428571429,112,0.2894338161932499,0.1530458557615923,632,0
50,103,153,0.2894337773323059,False,1157,10.89249868800016,screening,2005,2010,32,0.01,101223,0.9018987341772152,0.7678571428571429,112,0.2894338161932499,0.1530458557615923,632,0
10,104,114,0.27633610367774963,False,1157,8.408060236999972,screening,2005,2010,32,0.01,101224,0.8971518987341772,0.6160714285714286,112,0.27633611104986705,0.1464637105794772,632,0
20,104,124,0.27633610367774963,False,1157,9.192397330999938,screening,2005,2010,32,0.01,101224,0.8971518987341772,0.6160714285714286,112,0.27633611104986705,0.1464637105794772,632,0
50,104,154,0.27633610367774963,False,1157,11.181006894000348,screening,2005,2010,32,0.01,101224,0.8971518987341772,0.6160714285714286,112,0.27633611104986705,0.1464637105794772,632,0
10,80,90,0.31785330176353455,False,1157,6.40393257300002,screening,2005,2010,32,0.01,101225,0.8734177215189873,0.8035714285714286,112,0.31785331447236315,0.17300400086378004,632,0
20,146,166,0.3109721839427948,False,1157,12.011545132000265,screening,2005,2010,32,0.01,101225,0.8860759493670886,0.7946428571428571,112,0.3109722151222178,0.16849411616714297,632,0
50,335,385,0.30196186900138855,False,1157,27.744218964000083,screening,2005,2010,32,0.01,101225,0.8939873417721519,0.7589285714285714,112,0.3019618840421925,0.16101151729693483,632,0
10,29,39,0.2874850630760193,False,1157,2.9867204559996026,screening,2005,2010,32,0.03,101223,0.9018987341772152,0.75,112,0.28748508222795494,0.1513844713051981,632,0
20,53,73,0.2834213674068451,False,1157,5.386308607999581,screening,2005,2010,32,0.03,101223,0.9050632911392406,0.7410714285714286,112,0.283421342795857,0.14938798383607596,632,0
50,53,103,0.2834213674068451,False,1157,7.4149727689996325,screening,2005,2010,32,0.03,101223,0.9050632911392406,0.7410714285714286,112,0.283421342795857,0.14938798383607596,632,0
10,37,47,0.2764928936958313,False,1157,3.3242672530000164,screening,2005,2010,32,0.03,101224,0.8971518987341772,0.6160714285714286,112,0.27649288955520845,0.14666599661944554,632,0
20,37,57,0.2764928936958313,False,1157,4.0669542519999595,screening,2005,2010,32,0.03,101224,0.8971518987341772,0.6160714285714286,112,0.27649288955520845,0.14666599661944554,632,0
50,37,87,0.2764928936958313,False,1157,6.255513935000181,screening,2005,2010,32,0.03,101224,0.8971518987341772,0.6160714285714286,112,0.27649288955520845,0.14666599661944554,632,0
10,46,56,0.3110949397087097,False,1157,3.773380165999697,screening,2005,2010,32,0.03,101225,0.8860759493670886,0.8035714285714286,112,0.3110949419525898,0.16831934639155846,632,0
20,67,87,0.3000677824020386,False,1157,5.950693604999742,screening,2005,2010,32,0.03,101225,0.8860759493670886,0.7678571428571429,112,0.3000677820118249,0.16084011736846895,632,0
50,143,193,0.2972424030303955,False,1157,13.42201255100008,screening,2005,2010,32,0.03,101225,0.9034810126582279,0.7410714285714286,112,0.29724242159908615,0.15767904528555338,632,0
10,19,29,0.28604361414909363,False,1157,2.0207730189999893,screening,2005,2010,32,0.05,101223,0.9018987341772152,0.75,112,0.2860435762662995,0.15063293576671816,632,0
20,40,60,0.2849326431751251,False,1157,4.242029509000076,screening,2005,2010,32,0.05,101223,0.9066455696202531,0.7232142857142857,112,0.28493265535871365,0.1504224162132423,632,0
50,40,90,0.2849326431751251,False,1157,6.375297694999972,screening,2005,2010,32,0.05,101223,0.9066455696202531,0.7232142857142857,112,0.28493265535871365,0.1504224162132423,632,0
10,20,30,0.2766880691051483,False,1157,2.4369988279995596,screening,2005,2010,32,0.05,101224,0.8955696202531646,0.6160714285714286,112,0.2766880420405513,0.1467417892171527,632,0
20,20,40,0.2766880691051483,False,1157,3.209458075999919,screening,2005,2010,32,0.05,101224,0.8955696202531646,0.6160714285714286,112,0.2766880420405513,0.1467417892171527,632,0
50,20,70,0.2766880691051483,False,1157,5.424488278999888,screening,2005,2010,32,0.05,101224,0.8955696202531646,0.6160714285714286,112,0.2766880420405513,0.1467417892171527,632,0
10,15,25,0.3193749487400055,False,1157,1.7416030919998775,screening,2005,2010,32,0.05,101225,0.8781645569620253,0.8035714285714286,112,0.31937495985187225,0.17369942802842958,632,0
20,67,87,0.2918131649494171,False,1157,6.153269440000258,screening,2005,2010,32,0.05,101225,0.8955696202531646,0.6964285714285714,112,0.29181318245167776,0.15534047192368816,632,0
50,67,117,0.2918131649494171,False,1157,8.239283686999897,screening,2005,2010,32,0.05,101225,0.8955696202531646,0.6964285714285714,112,0.29181318245167776,0.15534047192368816,632,0
10,9,19,0.27852579951286316,False,1157,1.2607401529999152,screening,2005,2010,32,0.1,101223,0.9082278481012658,0.75,112,0.2785258198821792,0.14596199106725785,632,0
20,9,29,0.27852579951286316,False,1157,1.9299974619998466,screening,2005,2010,32,0.1,101223,0.9082278481012658,0.75,112,0.2785258198821792,0.14596199106725785,632,0
50,9,59,0.27852579951286316,False,1157,3.9966146490000938,screening,2005,2010,32,0.1,101223,0.9082278481012658,0.75,112,0.2785258198821792,0.14596199106725785,632,0
10,11,21,0.2760637104511261,False,1157,1.5847341379999307,screening,2005,2010,32,0.1,101224,0.8955696202531646,0.5714285714285714,112,0.2760637008566442,0.14699220914603942,632,0
20,11,31,0.2760637104511261,False,1157,2.331922552999913,screening,2005,2010,32,0.1,101224,0.8955696202531646,0.5714285714285714,112,0.2760637008566442,0.14699220914603942,632,0
50,11,61,0.2760637104511261,False,1157,4.492885814000147,screening,2005,2010,32,0.1,101224,0.8955696202531646,0.5714285714285714,112,0.2760637008566442,0.14699220914603942,632,0
10,9,19,0.30138781666755676,False,1157,1.3036906359998284,screening,2005,2010,32,0.1,101225,0.8876582278481012,0.7857142857142857,112,0.3013878219243238,0.16141268134832534,632,0
20,37,57,0.28556856513023376,False,1157,3.9652678749998813,screening,2005,2010,32,0.1,101225,0.8892405063291139,0.6785714285714286,112,0.28556852500350427,0.15214478401238782,632,0
50,37,87,0.28556856513023376,False,1157,6.079802410999946,screening,2005,2010,32,0.1,101225,0.8892405063291139,0.6785714285714286,112,0.28556852500350427,0.15214478401238782,632,0
10,10,20,0.2789006233215332,False,1157,1.4904672739999114,screening,2005,2010,32,0.2,101223,0.8987341772151899,0.7232142857142857,112,0.27890061180562564,0.14709519931531553,632,0
20,10,30,0.2789006233215332,False,1157,2.2297167950000585,screening,2005,2010,32,0.2,101223,0.8987341772151899,0.7232142857142857,112,0.27890061180562564,0.14709519931531553,632,0
50,10,60,0.2789006233215332,False,1157,4.286111111000082,screening,2005,2010,32,0.2,101223,0.8987341772151899,0.7232142857142857,112,0.27890061180562564,0.14709519931531553,632,0
10,4,14,0.27731987833976746,False,1157,0.9004468739999538,screening,2005,2010,32,0.2,101224,0.8971518987341772,0.6517857142857143,112,0.2773198670859281,0.14592451925160305,632,0
20,4,24,0.27731987833976746,False,1157,1.5691930329999195,screening,2005,2010,32,0.2,101224,0.8971518987341772,0.6517857142857143,112,0.2773198670859281,0.14592451925160305,632,0
50,4,54,0.27731987833976746,False,1157,3.612079746999825,screening,2005,2010,32,0.2,101224,0.8971518987341772,0.6517857142857143,112,0.2773198670859281,0.14592451925160305,632,0
10,15,25,0.29596391320228577,False,1157,1.800418628999978,screening,2005,2010,32,0.2,101225,0.8971518987341772,0.75,112,0.2959639214826473,0.1578818750727797,632,0
20,15,35,0.29596391320228577,False,1157,2.5059577230003924,screening,2005,2010,32,0.2,101225,0.8971518987341772,0.75,112,0.2959639214826473,0.1578818750727797,632,0
50,15,65,0.29596391320228577,False,1157,4.673860409000099,screening,2005,2010,32,0.2,101225,0.8971518987341772,0.75,112,0.2959639214826473,0.1578818750727797,632,0
10,5,15,0.2804601788520813,False,1157,1.069595100999777,screening,2005,2010,32,0.3,101223,0.9050632911392406,0.6964285714285714,112,0.28046015847215694,0.14773901514470508,632,0
20,5,25,0.2804601788520813,False,1157,1.8111071449998235,screening,2005,2010,32,0.3,101223,0.9050632911392406,0.6964285714285714,112,0.28046015847215694,0.14773901514470508,632,0
50,5,55,0.2804601788520813,False,1157,3.8440103230000204,screening,2005,2010,32,0.3,101223,0.9050632911392406,0.6964285714285714,112,0.28046015847215694,0.14773901514470508,632,0
10,4,14,0.27833762764930725,False,1157,0.9565977540000858,screening,2005,2010,32,0.3,101224,0.9034810126582279,0.6785714285714286,112,0.27833763050672805,0.14647337983255515,632,0
20,4,24,0.27833762764930725,False,1157,1.6022640900000624,screening,2005,2010,32,0.3,101224,0.9034810126582279,0.6785714285714286,112,0.27833763050672805,0.14647337983255515,632,0
50,4,54,0.27833762764930725,False,1157,3.788453182000012,screening,2005,2010,32,0.3,101224,0.9034810126582279,0.6785714285714286,112,0.27833763050672805,0.14647337983255515,632,0
10,8,18,0.2867274582386017,False,1157,1.2126515199997812,screening,2005,2010,32,0.3,101225,0.8924050632911392,0.6696428571428571,112,0.2867274471756887,0.15261094875813944,632,0
20,8,28,0.2867274582386017,False,1157,1.9401786759999595,screening,2005,2010,32,0.3,101225,0.8924050632911392,0.6696428571428571,112,0.2867274471756887,0.15261094875813944,632,0
50,8,58,0.2867274582386017,False,1157,4.387199925999994,screening,2005,2010,32,0.3,101225,0.8924050632911392,0.6696428571428571,112,0.2867274471756887,0.15261094875813944,632,0
10,2,12,0.28434911370277405,False,1157,0.8289997740002946,screening,2005,2010,32,0.5,101223,0.8971518987341772,0.5982142857142857,112,0.2843491484710288,0.15116377109441112,632,0
20,2,22,0.28434911370277405,False,1157,1.4768420919999699,screening,2005,2010,32,0.5,101223,0.8971518987341772,0.5982142857142857,112,0.2843491484710288,0.15116377109441112,632,0
50,2,52,0.28434911370277405,False,1157,3.4888412220002465,screening,2005,2010,32,0.5,101223,0.8971518987341772,0.5982142857142857,112,0.2843491484710288,0.15116377109441112,632,0
10,4,14,0.28172701597213745,False,1157,1.0495218700002624,screening,2005,2010,32,0.5,101224,0.8955696202531646,0.6160714285714286,112,0.2817270028494639,0.1494468135022576,632,0
20,4,24,0.28172701597213745,False,1157,1.8289821520002079,screening,2005,2010,32,0.5,101224,0.8955696202531646,0.6160714285714286,112,0.2817270028494639,0.1494468135022576,632,0
50,4,54,0.28172701597213745,False,1157,3.861038421000103,screening,2005,2010,32,0.5,101224,0.8955696202531646,0.6160714285714286,112,0.2817270028494639,0.1494468135022576,632,0
10,8,18,0.29527658224105835,False,1157,1.2979845340000793,screening,2005,2010,32,0.5,101225,0.8971518987341772,0.5803571428571429,112,0.29527652619490335,0.1586049921616312,632,0
20,8,28,0.29527658224105835,False,1157,1.9837665390000438,screening,2005,2010,32,0.5,101225,0.8971518987341772,0.5803571428571429,112,0.29527652619490335,0.1586049921616312,632,0
50,8,58,0.29527658224105835,False,1157,4.109439097000177,screening,2005,2010,32,0.5,101225,0.8971518987341772,0.5803571428571429,112,0.29527652619490335,0.1586049921616312,632,0
10,1,11,0.3000010848045349,False,1157,0.794267396000123,screening,2005,2010,32,1.0,101223,0.8908227848101266,0.5982142857142857,112,0.300001106697036,0.16050649376630358,632,0
20,1,21,0.3000010848045349,False,1157,1.4569727359998978,screening,2005,2010,32,1.0,101223,0.8908227848101266,0.5982142857142857,112,0.300001106697036,0.16050649376630358,632,0
50,1,51,0.3000010848045349,False,1157,3.573135016999913,screening,2005,2010,32,1.0,101223,0.8908227848101266,0.5982142857142857,112,0.300001106697036,0.16050649376630358,632,0
10,4,14,0.30935439467430115,False,1157,1.0374131690000468,screening,2005,2010,32,1.0,101224,0.879746835443038,0.4732142857142857,112,0.30935441407351677,0.171223245204966,632,0
20,4,24,0.30935439467430115,False,1157,1.7689314549998016,screening,2005,2010,32,1.0,101224,0.879746835443038,0.4732142857142857,112,0.30935441407351677,0.171223245204966,632,0
50,4,54,0.30935439467430115,False,1157,3.9432578249998187,screening,2005,2010,32,1.0,101224,0.879746835443038,0.4732142857142857,112,0.30935441407351677,0.171223245204966,632,0
10,1,11,0.2841743528842926,False,1157,0.8321400899999389,screening,2005,2010,32,1.0,101225,0.9018987341772152,0.7321428571428571,112,0.28417437705974574,0.15038582544076476,632,0
20,1,21,0.2841743528842926,False,1157,1.5157883450001464,screening,2005,2010,32,1.0,101225,0.9018987341772152,0.7321428571428571,112,0.28417437705974574,0.15038582544076476,632,0
50,1,51,0.2841743528842926,False,1157,3.6829315680001855,screening,2005,2010,32,1.0,101225,0.9018987341772152,0.7321428571428571,112,0.28417437705974574,0.15038582544076476,632,0
10,81,91,0.2947772145271301,False,1605,8.833100801,screening,2005,2010,32_16,0.01,101223,0.8939873417721519,0.75,112,0.2947772551818894,0.15429709032433764,632,0
20,143,163,0.28953734040260315,False,1605,14.528240841999832,screening,2005,2010,32_16,0.01,101223,0.8908227848101266,0.7321428571428571,112,0.28953733375254537,0.15202169440426913,632,0
50,143,193,0.28953734040260315,False,1605,17.24511444999962,screening,2005,2010,32_16,0.01,101223,0.8908227848101266,0.7321428571428571,112,0.28953733375254537,0.15202169440426913,632,0
10,122,132,0.27027055621147156,False,1605,10.310688452999784,screening,2005,2010,32_16,0.01,101224,0.8939873417721519,0.6785714285714286,112,0.2702705647213184,0.13978181761884284,632,0
20,150,170,0.26833146810531616,False,1605,13.235783395999988,screening,2005,2010,32_16,0.01,101224,0.8987341772151899,0.6339285714285714,112,0.2683315046919576,0.13981933234011426,632,0
50,150,200,0.26833146810531616,False,1605,15.627194893999786,screening,2005,2010,32_16,0.01,101224,0.8987341772151899,0.6339285714285714,112,0.2683315046919576,0.13981933234011426,632,0
10,96,106,0.2822892665863037,False,1605,8.362315859999853,screening,2005,2010,32_16,0.01,101225,0.9003164556962026,0.7410714285714286,112,0.2822892292567757,0.14870393203623058,632,0
20,130,150,0.2797090411186218,False,1605,12.170899283999915,screening,2005,2010,32_16,0.01,101225,0.9018987341772152,0.6964285714285714,112,0.2797090192354147,0.14713475476171453,632,0
50,130,180,0.2797090411186218,False,1605,14.51621067799988,screening,2005,2010,32_16,0.01,101225,0.9018987341772152,0.6964285714285714,112,0.2797090192354147,0.14713475476171453,632,0
10,29,39,0.2904815375804901,False,1605,3.2215303869998024,screening,2005,2010,32_16,0.03,101223,0.8987341772151899,0.7589285714285714,112,0.2904815414881832,0.15217401422366,632,0
20,53,73,0.28260335326194763,False,1605,5.762939604999701,screening,2005,2010,32_16,0.03,101223,0.8955696202531646,0.6785714285714286,112,0.28260335351649496,0.14885771139014534,632,0
50,53,103,0.28260335326194763,False,1605,8.124551522999809,screening,2005,2010,32_16,0.03,101223,0.8955696202531646,0.6785714285714286,112,0.28260335351649496,0.14885771139014534,632,0
10,56,66,0.26748260855674744,False,1605,5.093852690999938,screening,2005,2010,32_16,0.03,101224,0.8987341772151899,0.6160714285714286,112,0.2674826238700578,0.1399379603595395,632,0
20,56,76,0.26748260855674744,False,1605,5.874939999000162,screening,2005,2010,32_16,0.03,101224,0.8987341772151899,0.6160714285714286,112,0.2674826238700578,0.1399379603595395,632,0
50,56,106,0.26748260855674744,False,1605,8.10724606299982,screening,2005,2010,32_16,0.03,101224,0.8987341772151899,0.6160714285714286,112,0.2674826238700578,0.1399379603595395,632,0
10,42,52,0.27737390995025635,False,1605,4.060831142000097,screening,2005,2010,32_16,0.03,101225,0.9018987341772152,0.6696428571428571,112,0.2773739007493064,0.1459919778565361,632,0
20,42,62,0.27737390995025635,False,1605,4.965496815999813,screening,2005,2010,32_16,0.03,101225,0.9018987341772152,0.6696428571428571,112,0.2773739007493064,0.1459919778565361,632,0
50,42,92,0.27737390995025635,False,1605,7.344357679000041,screening,2005,2010,32_16,0.03,101225,0.9018987341772152,0.6696428571428571,112,0.2773739007493064,0.1459919778565361,632,0
10,29,39,0.28865545988082886,False,1605,3.009045779999724,screening,2005,2010,32_16,0.05,101223,0.9034810126582279,0.75,112,0.288655468898913,0.14994836188513122,632,0
20,29,49,0.28865545988082886,False,1605,3.8164872079996712,screening,2005,2010,32_16,0.05,101223,0.9034810126582279,0.75,112,0.288655468898913,0.14994836188513122,632,0
50,29,79,0.28865545988082886,False,1605,6.1138587440000265,screening,2005,2010,32_16,0.05,101223,0.9034810126582279,0.75,112,0.288655468898913,0.14994836188513122,632,0
10,31,41,0.2704470455646515,False,1605,3.353182743999696,screening,2005,2010,32_16,0.05,101224,0.8971518987341772,0.625,112,0.2704470230545265,0.1410740212593476,632,0
20,31,51,0.2704470455646515,False,1605,4.081156840999938,screening,2005,2010,32_16,0.05,101224,0.8971518987341772,0.625,112,0.2704470230545265,0.1410740212593476,632,0
50,31,81,0.2704470455646515,False,1605,6.461014544999671,screening,2005,2010,32_16,0.05,101224,0.8971518987341772,0.625,112,0.2704470230545265,0.1410740212593476,632,0
10,27,37,0.2790786623954773,False,1605,2.845358860000033,screening,2005,2010,32_16,0.05,101225,0.9018987341772152,0.6875,112,0.27907865097117224,0.146968457545881,632,0
20,27,47,0.2790786623954773,False,1605,3.630953173999842,screening,2005,2010,32_16,0.05,101225,0.9018987341772152,0.6875,112,0.27907865097117224,0.146968457545881,632,0
50,27,77,0.2790786623954773,False,1605,6.211830325999927,screening,2005,2010,32_16,0.05,101225,0.9018987341772152,0.6875,112,0.27907865097117224,0.146968457545881,632,0
10,16,26,0.28142908215522766,False,1605,2.05064888600009,screening,2005,2010,32_16,0.1,101223,0.8955696202531646,0.75,112,0.2814290592042876,0.146993027949097,632,0
20,16,36,0.28142908215522766,False,1605,2.766135372000008,screening,2005,2010,32_16,0.1,101223,0.8955696202531646,0.75,112,0.2814290592042876,0.146993027949097,632,0
50,16,66,0.28142908215522766,False,1605,5.170669597000142,screening,2005,2010,32_16,0.1,101223,0.8955696202531646,0.75,112,0.2814290592042876,0.146993027949097,632,0
10,19,29,0.26779088377952576,False,1605,2.1575271460001204,screening,2005,2010,32_16,0.1,101224,0.9018987341772152,0.6428571428571429,112,0.2677908838860384,0.139362416418143,632,0
20,19,39,0.26779088377952576,False,1605,2.8998959850000574,screening,2005,2010,32_16,0.1,101224,0.9018987341772152,0.6428571428571429,112,0.2677908838860384,0.139362416418143,632,0
50,19,69,0.26779088377952576,False,1605,5.4661410170001545,screening,2005,2010,32_16,0.1,101224,0.9018987341772152,0.6428571428571429,112,0.2677908838860384,0.139362416418143,632,0
10,11,21,0.28021150827407837,False,1605,1.6027141979998305,screening,2005,2010,32_16,0.1,101225,0.9050632911392406,0.7053571428571429,112,0.2802115070688958,0.14624474746230512,632,0
20,11,31,0.28021150827407837,False,1605,2.350151221000033,screening,2005,2010,32_16,0.1,101225,0.9050632911392406,0.7053571428571429,112,0.2802115070688958,0.14624474746230512,632,0
50,11,61,0.28021150827407837,False,1605,4.860257125999851,screening,2005,2010,32_16,0.1,101225,0.9050632911392406,0.7053571428571429,112,0.2802115070688958,0.14624474746230512,632,0
10,5,15,0.2807387411594391,False,1605,1.267643668999881,screening,2005,2010,32_16,0.2,101223,0.8924050632911392,0.6607142857142857,112,0.2807387709047514,0.1471636460095534,632,0
20,16,36,0.27930325269699097,False,1605,2.8355958830002237,screening,2005,2010,32_16,0.2,101223,0.9003164556962026,0.6964285714285714,112,0.2793032238700494,0.14537674771447862,632,0
50,16,66,0.27930325269699097,False,1605,5.4491719709999415,screening,2005,2010,32_16,0.2,101223,0.9003164556962026,0.6964285714285714,112,0.2793032238700494,0.14537674771447862,632,0
10,7,17,0.2760368287563324,False,1605,1.3463930640000399,screening,2005,2010,32_16,0.2,101224,0.9018987341772152,0.6160714285714286,112,0.2760368318980818,0.14348037507865255,632,0
20,7,27,0.2760368287563324,False,1605,2.126894707000247,screening,2005,2010,32_16,0.2,101224,0.9018987341772152,0.6160714285714286,112,0.2760368318980818,0.14348037507865255,632,0
50,7,57,0.2760368287563324,False,1605,4.4638674710004125,screening,2005,2010,32_16,0.2,101224,0.9018987341772152,0.6160714285714286,112,0.2760368318980818,0.14348037507865255,632,0
10,8,18,0.2844217121601105,False,1605,1.478496345000167,screening,2005,2010,32_16,0.2,101225,0.8892405063291139,0.5446428571428571,112,0.28442171504743585,0.15167368243218657,632,0
20,8,28,0.2844217121601105,False,1605,2.276379650000308,screening,2005,2010,32_16,0.2,101225,0.8892405063291139,0.5446428571428571,112,0.28442171504743585,0.15167368243218657,632,0
50,8,58,0.2844217121601105,False,1605,5.012145970999882,screening,2005,2010,32_16,0.2,101225,0.8892405063291139,0.5446428571428571,112,0.28442171504743585,0.15167368243218657,632,0
10,5,15,0.2841919958591461,False,1605,1.261422752999806,screening,2005,2010,32_16,0.3,101223,0.9018987341772152,0.6339285714285714,112,0.2841919693981014,0.14878657762239503,632,0
20,5,25,0.2841919958591461,False,1605,2.0884010939998916,screening,2005,2010,32_16,0.3,101223,0.9018987341772152,0.6339285714285714,112,0.2841919693981014,0.14878657762239503,632,0
50,5,55,0.2841919958591461,False,1605,4.419410263999907,screening,2005,2010,32_16,0.3,101223,0.9018987341772152,0.6339285714285714,112,0.2841919693981014,0.14878657762239503,632,0
10,4,14,0.2779770493507385,False,1605,1.1459880590000466,screening,2005,2010,32_16,0.3,101224,0.8939873417721519,0.7053571428571429,112,0.27797708250651654,0.14240152871528935,632,0
20,4,24,0.2779770493507385,False,1605,1.9429260450001493,screening,2005,2010,32_16,0.3,101224,0.8939873417721519,0.7053571428571429,112,0.27797708250651654,0.14240152871528935,632,0
50,4,54,0.2779770493507385,False,1605,4.798345047000112,screening,2005,2010,32_16,0.3,101224,0.8939873417721519,0.7053571428571429,112,0.27797708250651654,0.14240152871528935,632,0
10,10,20,0.288743793964386,False,1605,1.763048821999746,screening,2005,2010,32_16,0.3,101225,0.9018987341772152,0.7410714285714286,112,0.2887437756574298,0.14862325667365425,632,0
20,10,30,0.288743793964386,False,1605,2.5733989750001456,screening,2005,2010,32_16,0.3,101225,0.9018987341772152,0.7410714285714286,112,0.2887437756574298,0.14862325667365425,632,0
50,10,60,0.288743793964386,False,1605,5.18471848299987,screening,2005,2010,32_16,0.3,101225,0.9018987341772152,0.7410714285714286,112,0.2887437756574298,0.14862325667365425,632,0
10,2,12,0.28319689631462097,False,1605,0.9104701020000903,screening,2005,2010,32_16,0.5,101223,0.9003164556962026,0.6339285714285714,112,0.28319690002727865,0.14839351701001907,632,0
20,2,22,0.28319689631462097,False,1605,1.7510122510002475,screening,2005,2010,32_16,0.5,101223,0.9003164556962026,0.6339285714285714,112,0.28319690002727865,0.14839351701001907,632,0
50,2,52,0.28319689631462097,False,1605,4.12933311200004,screening,2005,2010,32_16,0.5,101223,0.9003164556962026,0.6339285714285714,112,0.28319690002727865,0.14839351701001907,632,0
10,4,14,0.27026963233947754,False,1605,1.1835587190003025,screening,2005,2010,32_16,0.5,101224,0.8987341772151899,0.625,112,0.2702696504156431,0.13899552531198694,632,0
20,4,24,0.27026963233947754,False,1605,2.0823874890002116,screening,2005,2010,32_16,0.5,101224,0.8987341772151899,0.625,112,0.2702696504156431,0.13899552531198694,632,0
50,4,54,0.27026963233947754,False,1605,4.392291326000304,screening,2005,2010,32_16,0.5,101224,0.8987341772151899,0.625,112,0.2702696504156431,0.13899552531198694,632,0
10,6,16,0.29193660616874695,False,1605,1.2347780939999211,screening,2005,2010,32_16,0.5,101225,0.8987341772151899,0.6339285714285714,112,0.2919366150652912,0.1468564430146013,632,0
20,6,26,0.29193660616874695,False,1605,2.0471276109997234,screening,2005,2010,32_16,0.5,101225,0.8987341772151899,0.6339285714285714,112,0.2919366150652912,0.1468564430146013,632,0
50,6,56,0.29193660616874695,False,1605,4.371729583999695,screening,2005,2010,32_16,0.5,101225,0.8987341772151899,0.6339285714285714,112,0.2919366150652912,0.1468564430146013,632,0
10,9,19,0.2995164692401886,False,1605,1.4417987050001102,screening,2005,2010,32_16,1.0,101223,0.8955696202531646,0.6160714285714286,112,0.2995164856400024,0.1568751442143997,632,0
20,9,29,0.2995164692401886,False,1605,2.2476918229999683,screening,2005,2010,32_16,1.0,101223,0.8955696202531646,0.6160714285714286,112,0.2995164856400024,0.1568751442143997,632,0
50,9,59,0.2995164692401886,False,1605,4.795022304000213,screening,2005,2010,32_16,1.0,101223,0.8955696202531646,0.6160714285714286,112,0.2995164856400024,0.1568751442143997,632,0
10,4,14,0.2788936197757721,False,1605,1.0529620729998896,screening,2005,2010,32_16,1.0,101224,0.9082278481012658,0.6964285714285714,112,0.2788936369788841,0.13767110712627081,632,0
20,4,24,0.2788936197757721,False,1605,1.846905708000122,screening,2005,2010,32_16,1.0,101224,0.9082278481012658,0.6964285714285714,112,0.2788936369788841,0.13767110712627081,632,0
50,4,54,0.2788936197757721,False,1605,4.388355237999804,screening,2005,2010,32_16,1.0,101224,0.9082278481012658,0.6964285714285714,112,0.2788936369788841,0.13767110712627081,632,0
10,16,26,0.30412667989730835,False,1605,1.9781665700002122,screening,2005,2010,32_16,1.0,101225,0.8924050632911392,0.6696428571428571,112,0.304126673186383,0.16349921461982644,632,0
20,16,36,0.30412667989730835,False,1605,2.7367852560000756,screening,2005,2010,32_16,1.0,101225,0.8924050632911392,0.6696428571428571,112,0.304126673186383,0.16349921461982644,632,0
50,16,66,0.30412667989730835,False,1605,5.321467063,screening,2005,2010,32_16,1.0,101225,0.8924050632911392,0.6696428571428571,112,0.304126673186383,0.16349921461982644,632,0
10,81,91,0.2829400300979614,False,4229,7.434468251999988,screening,2005,2010,64_32,0.01,101223,0.9003164556962026,0.6339285714285714,112,0.28294001435028476,0.14812350712193623,632,0
20,81,101,0.2829400300979614,False,4229,8.266784444999757,screening,2005,2010,64_32,0.01,101223,0.9003164556962026,0.6339285714285714,112,0.28294001435028476,0.14812350712193623,632,0
50,81,131,0.2829400300979614,False,4229,10.957884817999911,screening,2005,2010,64_32,0.01,101223,0.9003164556962026,0.6339285714285714,112,0.28294001435028476,0.14812350712193623,632,0
10,152,162,0.28307971358299255,False,4229,13.6179520149999,screening,2005,2010,64_32,0.01,101224,0.8924050632911392,0.6875,112,0.28307971163942236,0.14609212352209527,632,0
20,152,172,0.28307971358299255,False,4229,14.416333040000154,screening,2005,2010,64_32,0.01,101224,0.8924050632911392,0.6875,112,0.28307971163942236,0.14609212352209527,632,0
50,152,202,0.28307971358299255,False,4229,16.88866354599986,screening,2005,2010,64_32,0.01,101224,0.8924050632911392,0.6875,112,0.28307971163942236,0.14609212352209527,632,0
10,96,106,0.2780572474002838,False,4229,9.101059076000183,screening,2005,2010,64_32,0.01,101225,0.8939873417721519,0.6696428571428571,112,0.2780572497882892,0.14698993881716987,632,0
20,96,116,0.2780572474002838,False,4229,9.912157580999974,screening,2005,2010,64_32,0.01,101225,0.8939873417721519,0.6696428571428571,112,0.2780572497882892,0.14698993881716987,632,0
50,96,146,0.2780572474002838,False,4229,12.443583325999953,screening,2005,2010,64_32,0.01,101225,0.8939873417721519,0.6696428571428571,112,0.2780572497882892,0.14698993881716987,632,0
10,33,43,0.28266221284866333,False,4229,3.7890634570003385,screening,2005,2010,64_32,0.03,101223,0.9050632911392406,0.7053571428571429,112,0.28266222236997235,0.1470395460285309,632,0
20,33,53,0.28266221284866333,False,4229,4.597952154000268,screening,2005,2010,64_32,0.03,101223,0.9050632911392406,0.7053571428571429,112,0.28266222236997235,0.1470395460285309,632,0
50,33,83,0.28266221284866333,False,4229,6.260006443000293,screening,2005,2010,64_32,0.03,101223,0.9050632911392406,0.7053571428571429,112,0.28266222236997235,0.1470395460285309,632,0
10,51,61,0.2809339165687561,False,4229,5.305109352999807,screening,2005,2010,64_32,0.03,101224,0.8987341772151899,0.6428571428571429,112,0.28093391891832054,0.14559852920738553,632,0
20,51,71,0.2809339165687561,False,4229,6.104216356999586,screening,2005,2010,64_32,0.03,101224,0.8987341772151899,0.6428571428571429,112,0.28093391891832054,0.14559852920738553,632,0
50,51,101,0.2809339165687561,False,4229,8.489507801999935,screening,2005,2010,64_32,0.03,101224,0.8987341772151899,0.6428571428571429,112,0.28093391891832054,0.14559852920738553,632,0
10,31,41,0.2773633599281311,False,4229,3.399381356000049,screening,2005,2010,64_32,0.03,101225,0.8955696202531646,0.6607142857142857,112,0.2773633770701447,0.14646744046542615,632,0
20,31,51,0.2773633599281311,False,4229,4.246837334999782,screening,2005,2010,64_32,0.03,101225,0.8955696202531646,0.6607142857142857,112,0.2773633770701447,0.14646744046542615,632,0
50,31,81,0.2773633599281311,False,4229,6.716568080999878,screening,2005,2010,64_32,0.03,101225,0.8955696202531646,0.6607142857142857,112,0.2773633770701447,0.14646744046542615,632,0
10,16,26,0.28156808018684387,False,4229,2.1998329850002847,screening,2005,2010,64_32,0.05,101223,0.9034810126582279,0.6964285714285714,112,0.2815681150843306,0.14599006731145647,632,0
20,16,36,0.28156808018684387,False,4229,3.0128031770000234,screening,2005,2010,64_32,0.05,101223,0.9034810126582279,0.6964285714285714,112,0.2815681150843306,0.14599006731145647,632,0
50,16,66,0.28156808018684387,False,4229,5.379680840000219,screening,2005,2010,64_32,0.05,101223,0.9034810126582279,0.6964285714285714,112,0.2815681150843306,0.14599006731145647,632,0
10,27,37,0.28070470690727234,False,4229,2.9750863260001097,screening,2005,2010,64_32,0.05,101224,0.9018987341772152,0.7142857142857143,112,0.28070472162755694,0.1441869448749257,632,0
20,27,47,0.28070470690727234,False,4229,3.7913149880000674,screening,2005,2010,64_32,0.05,101224,0.9018987341772152,0.7142857142857143,112,0.28070472162755694,0.1441869448749257,632,0
50,27,77,0.28070470690727234,False,4229,6.1447966840000845,screening,2005,2010,64_32,0.05,101224,0.9018987341772152,0.7142857142857143,112,0.28070472162755694,0.1441869448749257,632,0
10,22,32,0.2803719937801361,False,4229,2.6943042970001443,screening,2005,2010,64_32,0.05,101225,0.8971518987341772,0.6607142857142857,112,0.2803720200456631,0.14851237111911425,632,0
20,22,42,0.2803719937801361,False,4229,3.501560871000038,screening,2005,2010,64_32,0.05,101225,0.8971518987341772,0.6607142857142857,112,0.2803720200456631,0.14851237111911425,632,0
50,22,72,0.2803719937801361,False,4229,6.079396763000204,screening,2005,2010,64_32,0.05,101225,0.8971518987341772,0.6607142857142857,112,0.2803720200456631,0.14851237111911425,632,0
10,9,19,0.2760620713233948,False,4229,1.5075431780001054,screening,2005,2010,64_32,0.1,101223,0.9066455696202531,0.6785714285714286,112,0.27606207110871933,0.14261629488475475,632,0
20,9,29,0.2760620713233948,False,4229,2.298155663000216,screening,2005,2010,64_32,0.1,101223,0.9066455696202531,0.6785714285714286,112,0.27606207110871933,0.14261629488475475,632,0
50,9,59,0.2760620713233948,False,4229,4.772674112000004,screening,2005,2010,64_32,0.1,101223,0.9066455696202531,0.6785714285714286,112,0.27606207110871933,0.14261629488475475,632,0
10,17,27,0.2726556062698364,False,4229,2.049392233999697,screening,2005,2010,64_32,0.1,101224,0.9034810126582279,0.6607142857142857,112,0.27265559539917694,0.14041188481029226,632,0
20,17,37,0.2726556062698364,False,4229,2.8575732019999123,screening,2005,2010,64_32,0.1,101224,0.9034810126582279,0.6607142857142857,112,0.27265559539917694,0.14041188481029226,632,0
50,17,67,0.2726556062698364,False,4229,5.415870671999983,screening,2005,2010,64_32,0.1,101224,0.9034810126582279,0.6607142857142857,112,0.27265559539917694,0.14041188481029226,632,0
10,9,19,0.28218874335289,False,4229,1.470003911999811,screening,2005,2010,64_32,0.1,101225,0.8939873417721519,0.7142857142857143,112,0.28218872977289144,0.14882208266456937,632,0
20,9,29,0.28218874335289,False,4229,2.224671166999997,screening,2005,2010,64_32,0.1,101225,0.8939873417721519,0.7142857142857143,112,0.28218872977289144,0.14882208266456937,632,0
50,9,59,0.28218874335289,False,4229,4.5914599089996955,screening,2005,2010,64_32,0.1,101225,0.8939873417721519,0.7142857142857143,112,0.28218872977289144,0.14882208266456937,632,0
10,9,19,0.2844976484775543,False,4229,1.4834979739998744,screening,2005,2010,64_32,0.2,101223,0.9034810126582279,0.6875,112,0.2844976560750942,0.14563614076758374,632,0
20,9,29,0.2844976484775543,False,4229,2.383207355000195,screening,2005,2010,64_32,0.2,101223,0.9034810126582279,0.6875,112,0.2844976560750942,0.14563614076758374,632,0
50,9,59,0.2844976484775543,False,4229,4.852553832000012,screening,2005,2010,64_32,0.2,101223,0.9034810126582279,0.6875,112,0.2844976560750942,0.14563614076758374,632,0
10,14,24,0.2709144949913025,False,4229,2.0321452640000643,screening,2005,2010,64_32,0.2,101224,0.9034810126582279,0.6428571428571429,112,0.2709144728871787,0.14196484446306865,632,0
20,14,34,0.2709144949913025,False,4229,2.8395110770002248,screening,2005,2010,64_32,0.2,101224,0.9034810126582279,0.6428571428571429,112,0.2709144728871787,0.14196484446306865,632,0
50,14,64,0.2709144949913025,False,4229,5.194799865000277,screening,2005,2010,64_32,0.2,101224,0.9034810126582279,0.6428571428571429,112,0.2709144728871787,0.14196484446306865,632,0
10,10,20,0.2943795621395111,False,4229,1.5824321029999737,screening,2005,2010,64_32,0.2,101225,0.8939873417721519,0.7410714285714286,112,0.29437954959717283,0.15463990430257624,632,0
20,10,30,0.2943795621395111,False,4229,2.4497686869999598,screening,2005,2010,64_32,0.2,101225,0.8939873417721519,0.7410714285714286,112,0.29437954959717283,0.15463990430257624,632,0
50,10,60,0.2943795621395111,False,4229,4.867128193999633,screening,2005,2010,64_32,0.2,101225,0.8939873417721519,0.7410714285714286,112,0.29437954959717283,0.15463990430257624,632,0
10,2,12,0.29706424474716187,False,4229,0.9421688689999428,screening,2005,2010,64_32,0.3,101223,0.8908227848101266,0.5357142857142857,112,0.2970642593557163,0.15741830360811015,632,0
20,2,22,0.29706424474716187,False,4229,1.6785553760000766,screening,2005,2010,64_32,0.3,101223,0.8908227848101266,0.5357142857142857,112,0.2970642593557163,0.15741830360811015,632,0
50,2,52,0.29706424474716187,False,4229,3.982784496000022,screening,2005,2010,64_32,0.3,101223,0.8908227848101266,0.5357142857142857,112,0.2970642593557163,0.15741830360811015,632,0
10,14,24,0.2871856391429901,False,4229,2.051261694999994,screening,2005,2010,64_32,0.3,101224,0.9003164556962026,0.5803571428571429,112,0.28718564652529904,0.15308602881162078,632,0
20,14,34,0.2871856391429901,False,4229,2.8486502740001924,screening,2005,2010,64_32,0.3,101224,0.9003164556962026,0.5803571428571429,112,0.28718564652529904,0.15308602881162078,632,0
50,14,64,0.2871856391429901,False,4229,5.485438677000275,screening,2005,2010,64_32,0.3,101224,0.9003164556962026,0.5803571428571429,112,0.28718564652529904,0.15308602881162078,632,0
10,6,16,0.2952820360660553,False,4229,1.2676765920000435,screening,2005,2010,64_32,0.3,101225,0.8955696202531646,0.6964285714285714,112,0.2952820175729943,0.15451264903396073,632,0
20,6,26,0.2952820360660553,False,4229,2.076934749999964,screening,2005,2010,64_32,0.3,101225,0.8955696202531646,0.6964285714285714,112,0.2952820175729943,0.15451264903396073,632,0
50,6,56,0.2952820360660553,False,4229,4.851441136000176,screening,2005,2010,64_32,0.3,101225,0.8955696202531646,0.6964285714285714,112,0.2952820175729943,0.15451264903396073,632,0
10,2,12,0.3013927638530731,False,4229,1.0815146230002028,screening,2005,2010,64_32,0.5,101223,0.8813291139240507,0.4375,112,0.3013927490932338,0.16439485015784955,632,0
20,2,22,0.3013927638530731,False,4229,1.8533142790001875,screening,2005,2010,64_32,0.5,101223,0.8813291139240507,0.4375,112,0.3013927490932338,0.16439485015784955,632,0
50,2,52,0.3013927638530731,False,4229,4.263681378000001,screening,2005,2010,64_32,0.5,101223,0.8813291139240507,0.4375,112,0.3013927490932338,0.16439485015784955,632,0
10,4,14,0.27917489409446716,False,4229,1.1183329300001787,screening,2005,2010,64_32,0.5,101224,0.9018987341772152,0.6964285714285714,112,0.27917489920657534,0.14078733979098493,632,0
20,4,24,0.27917489409446716,False,4229,1.996309852000195,screening,2005,2010,64_32,0.5,101224,0.9018987341772152,0.6964285714285714,112,0.27917489920657534,0.14078733979098493,632,0
50,4,54,0.27917489409446716,False,4229,4.463532030999886,screening,2005,2010,64_32,0.5,101224,0.9018987341772152,0.6964285714285714,112,0.27917489920657534,0.14078733979098493,632,0
10,2,12,0.30076733231544495,False,4229,0.9494165890000659,screening,2005,2010,64_32,0.5,101225,0.884493670886076,0.5714285714285714,112,0.3007673519933089,0.16021101689265582,632,0
20,2,22,0.30076733231544495,False,4229,1.7431039450002572,screening,2005,2010,64_32,0.5,101225,0.884493670886076,0.5714285714285714,112,0.3007673519933089,0.16021101689265582,632,0
50,2,52,0.30076733231544495,False,4229,4.0520579140002155,screening,2005,2010,64_32,0.5,101225,0.884493670886076,0.5714285714285714,112,0.3007673519933089,0.16021101689265582,632,0
10,3,13,0.3246438801288605,False,4229,0.9701256270000158,screening,2005,2010,64_32,1.0,101223,0.8876582278481012,0.7767857142857143,112,0.32464386552957053,0.16953690773713279,632,0
20,3,23,0.3246438801288605,False,4229,1.7435470800000985,screening,2005,2010,64_32,1.0,101223,0.8876582278481012,0.7767857142857143,112,0.32464386552957053,0.16953690773713279,632,0
50,3,53,0.3246438801288605,False,4229,4.403837296000347,screening,2005,2010,64_32,1.0,101223,0.8876582278481012,0.7767857142857143,112,0.32464386552957053,0.16953690773713279,632,0
10,4,14,0.28474685549736023,False,4229,1.0621695269996962,screening,2005,2010,64_32,1.0,101224,0.8955696202531646,0.6428571428571429,112,0.28474688802850456,0.1424022527622991,632,0
20,4,24,0.28474685549736023,False,4229,1.8984693529996548,screening,2005,2010,64_32,1.0,101224,0.8955696202531646,0.6428571428571429,112,0.28474688802850456,0.1424022527622991,632,0
50,4,54,0.28474685549736023,False,4229,4.277315030999944,screening,2005,2010,64_32,1.0,101224,0.8955696202531646,0.6428571428571429,112,0.28474688802850456,0.1424022527622991,632,0
10,1,11,0.29803773760795593,False,4229,0.8352981459997864,screening,2005,2010,64_32,1.0,101225,0.9003164556962026,0.7678571428571429,112,0.2980377736419911,0.15198526183913832,632,0
20,1,21,0.29803773760795593,False,4229,1.8864264969997748,screening,2005,2010,64_32,1.0,101225,0.9003164556962026,0.7678571428571429,112,0.2980377736419911,0.15198526183913832,632,0
50,1,51,0.29803773760795593,False,4229,4.22867660699967,screening,2005,2010,64_32,1.0,101225,0.9003164556962026,0.7678571428571429,112,0.2980377736419911,0.15198526183913832,632,0
10,136,146,0.1953301876783371,False,549,6.109060407000015,screening,1997,2001,16,0.01,101223,0.9407176287051482,0.125,24,0.1953301792261868,0.09453609848153012,641,0
20,368,388,0.1845569610595703,False,549,16.3752656810002,screening,1997,2001,16,0.01,101223,0.9469578783151326,0.08333333333333333,24,0.1845569528957948,0.08986677183083522,641,0
50,504,554,0.18238027393817902,False,549,23.340992571000243,screening,1997,2001,16,0.01,101223,0.9453978159126365,0.08333333333333333,24,0.18238026972335047,0.0877829554248418,641,0
10,443,453,0.16697382926940918,False,549,19.52065001300025,screening,1997,2001,16,0.01,101224,0.9407176287051482,0.16666666666666666,24,0.16697384042454805,0.08232684432938138,641,0
20,638,658,0.15801094472408295,False,549,28.187617944000067,screening,1997,2001,16,0.01,101224,0.9500780031201248,0.08333333333333333,24,0.15801095051863084,0.07712857652525923,641,0
50,705,755,0.15730911493301392,False,549,32.25475928200012,screening,1997,2001,16,0.01,101224,0.9516380655226209,0.08333333333333333,24,0.157309123320405,0.07665673507841227,641,0
10,417,427,0.19640758633613586,False,549,18.162323102999835,screening,1997,2001,16,0.01,101225,0.9266770670826833,0.16666666666666666,24,0.196407596173689,0.10337269427591192,641,0
20,549,569,0.19132348895072937,False,549,23.990348353999707,screening,1997,2001,16,0.01,101225,0.9313572542901716,0.16666666666666666,24,0.19132348854682474,0.10098194690048612,641,0
50,652,702,0.18853983283042908,False,549,29.66290034399981,screening,1997,2001,16,0.01,101225,0.9313572542901716,0.16666666666666666,24,0.18853983823412246,0.09931981231378154,641,0
10,31,41,0.19554182887077332,False,549,2.0348646459997326,screening,1997,2001,16,0.03,101223,0.9422776911076443,0.08333333333333333,24,0.1955418252699983,0.09019779897606076,641,0
20,46,66,0.19341692328453064,False,549,3.8794868959998894,screening,1997,2001,16,0.03,101223,0.9438377535101404,0.125,24,0.19341691631434646,0.09314381786204617,641,0
50,163,213,0.18149879574775696,False,549,10.759234584999831,screening,1997,2001,16,0.03,101223,0.9453978159126365,0.08333333333333333,24,0.18149879816788697,0.08714437689084828,641,0
10,189,199,0.15886375308036804,False,549,8.201057335999849,screening,1997,2001,16,0.03,101224,0.9516380655226209,0.16666666666666666,24,0.15886374806677736,0.07725186296054677,641,0
20,217,237,0.15642018616199493,False,549,9.786087232000227,screening,1997,2001,16,0.03,101224,0.9563182527301092,0.08333333333333333,24,0.15642019168017623,0.0757051792046161,641,0
50,246,296,0.15626978874206543,False,549,12.164057952999883,screening,1997,2001,16,0.03,101224,0.9547581903276131,0.08333333333333333,24,0.15626976638680506,0.07559485902273673,641,0
10,55,65,0.22187143564224243,False,549,2.535118723999858,screening,1997,2001,16,0.03,101225,0.9235569422776911,0.2916666666666667,24,0.22187146083703335,0.11523977971536684,641,0
20,119,139,0.19848467409610748,False,549,5.669523298999593,screening,1997,2001,16,0.03,101225,0.9266770670826833,0.16666666666666666,24,0.19848466151027705,0.10379429394780469,641,0
50,229,279,0.18926282227039337,False,549,11.644043065000005,screening,1997,2001,16,0.03,101225,0.9313572542901716,0.16666666666666666,24,0.18926282780947537,0.09993761761361146,641,0
10,31,41,0.19076353311538696,False,549,1.6285353640000721,screening,1997,2001,16,0.05,101223,0.9422776911076443,0.08333333333333333,24,0.19076354430889164,0.09186550675908271,641,0
20,86,106,0.18258769810199738,False,549,4.422818860999996,screening,1997,2001,16,0.05,101223,0.9453978159126365,0.08333333333333333,24,0.1825877004258811,0.08790936402493163,641,0
50,86,136,0.18258769810199738,False,549,5.632534372000009,screening,1997,2001,16,0.05,101223,0.9453978159126365,0.08333333333333333,24,0.1825877004258811,0.08790936402493163,641,0
10,116,126,0.15588222444057465,False,549,5.0995679770003335,screening,1997,2001,16,0.05,101224,0.9578783151326054,0.08333333333333333,24,0.155882235131347,0.07504657660242622,641,0
20,116,136,0.15588222444057465,False,549,5.564132255000004,screening,1997,2001,16,0.05,101224,0.9578783151326054,0.08333333333333333,24,0.155882235131347,0.07504657660242622,641,0
50,116,166,0.15588222444057465,False,549,6.851725052000347,screening,1997,2001,16,0.05,101224,0.9578783151326054,0.08333333333333333,24,0.155882235131347,0.07504657660242622,641,0
10,21,31,0.22754137217998505,False,549,1.244900171000154,screening,1997,2001,16,0.05,101225,0.9251170046801872,0.3333333333333333,24,0.22754136830259986,0.11483498546793343,641,0
20,119,139,0.18480871617794037,False,549,5.8371679589999985,screening,1997,2001,16,0.05,101225,0.9344773790951638,0.20833333333333334,24,0.18480871609624355,0.09689292945804275,641,0
50,167,217,0.18377399444580078,False,549,9.138779279000119,screening,1997,2001,16,0.05,101225,0.9360374414976599,0.16666666666666666,24,0.18377398997823738,0.09547004363627785,641,0
10,15,25,0.18890506029129028,False,549,0.9838119920000281,screening,1997,2001,16,0.1,101223,0.9453978159126365,0.16666666666666666,24,0.18890507126684747,0.08990931395379283,641,0
20,46,66,0.17854750156402588,False,549,2.8286683910000647,screening,1997,2001,16,0.1,101223,0.9453978159126365,0.08333333333333333,24,0.17854750874828848,0.08466918290132558,641,0
50,46,96,0.17854750156402588,False,549,4.157604773000003,screening,1997,2001,16,0.1,101223,0.9453978159126365,0.08333333333333333,24,0.17854750874828848,0.08466918290132558,641,0
10,57,67,0.15486109256744385,False,549,2.8410818059996927,screening,1997,2001,16,0.1,101224,0.9609984399375975,0.08333333333333333,24,0.1548610802565906,0.07362198336161449,641,0
20,57,77,0.15486109256744385,False,549,3.326316823999605,screening,1997,2001,16,0.1,101224,0.9609984399375975,0.08333333333333333,24,0.1548610802565906,0.07362198336161449,641,0
50,57,107,0.15486109256744385,False,549,4.56720626599963,screening,1997,2001,16,0.1,101224,0.9609984399375975,0.08333333333333333,24,0.1548610802565906,0.07362198336161449,641,0
10,21,31,0.19882194697856903,False,549,1.3013963680000415,screening,1997,2001,16,0.1,101225,0.9297971918876755,0.2916666666666667,24,0.19882192975228052,0.10193204545850541,641,0
20,54,74,0.18089766800403595,False,549,3.13895230099979,screening,1997,2001,16,0.1,101225,0.9391575663026521,0.16666666666666666,24,0.18089766783354275,0.09369000831375814,641,0
50,54,104,0.18089766800403595,False,549,4.370295633999831,screening,1997,2001,16,0.1,101225,0.9391575663026521,0.16666666666666666,24,0.18089766783354275,0.09369000831375814,641,0
10,15,25,0.18067386746406555,False,549,1.0417793369997526,screening,1997,2001,16,0.2,101223,0.9500780031201248,0.16666666666666666,24,0.1806738738419896,0.08644516278613872,641,0
20,30,50,0.17925061285495758,False,549,2.0781561310000143,screening,1997,2001,16,0.2,101223,0.9485179407176287,0.08333333333333333,24,0.17925059959744505,0.0831252127440559,641,0
50,30,80,0.17925061285495758,False,549,3.3464204839997365,screening,1997,2001,16,0.2,101223,0.9485179407176287,0.08333333333333333,24,0.17925059959744505,0.0831252127440559,641,0
10,17,27,0.16643309593200684,False,549,1.1628712890001225,screening,1997,2001,16,0.2,101224,0.9453978159126365,0.20833333333333334,24,0.16643310715904797,0.07863014690654178,641,0
20,41,61,0.16368667781352997,False,549,2.542293995000364,screening,1997,2001,16,0.2,101224,0.953198127925117,0.16666666666666666,24,0.16368667415453741,0.07803355217358508,641,0
50,41,91,0.16368667781352997,False,549,3.7406416500002706,screening,1997,2001,16,0.2,101224,0.953198127925117,0.16666666666666666,24,0.16368667415453741,0.07803355217358508,641,0
10,21,31,0.17066507041454315,False,549,1.3381141530003333,screening,1997,2001,16,0.2,101225,0.9407176287051482,0.20833333333333334,24,0.17066506811888257,0.08565307328722459,641,0
20,21,41,0.17066507041454315,False,549,1.754236310000124,screening,1997,2001,16,0.2,101225,0.9407176287051482,0.20833333333333334,24,0.17066506811888257,0.08565307328722459,641,0
50,21,71,0.17066507041454315,False,549,2.9890072820003297,screening,1997,2001,16,0.2,101225,0.9407176287051482,0.20833333333333334,24,0.17066506811888257,0.08565307328722459,641,0
10,15,25,0.17757828533649445,False,549,1.0480474159999176,screening,1997,2001,16,0.3,101223,0.9469578783151326,0.16666666666666666,24,0.17757830164135177,0.08520741117180976,641,0
20,15,35,0.17757828533649445,False,549,1.4736843470000167,screening,1997,2001,16,0.3,101223,0.9469578783151326,0.16666666666666666,24,0.17757830164135177,0.08520741117180976,641,0
50,15,65,0.17757828533649445,False,549,2.759356693999962,screening,1997,2001,16,0.3,101223,0.9469578783151326,0.16666666666666666,24,0.17757830164135177,0.08520741117180976,641,0
10,17,27,0.15499646961688995,False,549,1.396673856000234,screening,1997,2001,16,0.3,101224,0.9625585023400937,0.125,24,0.15499648081669354,0.07205940053458196,641,0
20,17,37,0.15499646961688995,False,549,1.8511606000001848,screening,1997,2001,16,0.3,101224,0.9625585023400937,0.125,24,0.15499648081669354,0.07205940053458196,641,0
50,17,67,0.15499646961688995,False,549,3.1537984639999195,screening,1997,2001,16,0.3,101224,0.9625585023400937,0.125,24,0.15499648081669354,0.07205940053458196,641,0
10,21,31,0.16929174959659576,False,549,1.2570442630003527,screening,1997,2001,16,0.3,101225,0.9469578783151326,0.16666666666666666,24,0.1692917604849282,0.08343659877319574,641,0
20,21,41,0.16929174959659576,False,549,1.6443395000001146,screening,1997,2001,16,0.3,101225,0.9469578783151326,0.16666666666666666,24,0.1692917604849282,0.08343659877319574,641,0
50,21,71,0.16929174959659576,False,549,3.3701397570002882,screening,1997,2001,16,0.3,101225,0.9469578783151326,0.16666666666666666,24,0.1692917604849282,0.08343659877319574,641,0
10,15,25,0.18363875150680542,False,549,1.031612879000022,screening,1997,2001,16,0.5,101223,0.9422776911076443,0.16666666666666666,24,0.1836387725248737,0.08947211736887417,641,0
20,15,35,0.18363875150680542,False,549,1.4244817399999192,screening,1997,2001,16,0.5,101223,0.9422776911076443,0.16666666666666666,24,0.1836387725248737,0.08947211736887417,641,0
50,15,65,0.18363875150680542,False,549,2.7244504880000022,screening,1997,2001,16,0.5,101223,0.9422776911076443,0.16666666666666666,24,0.1836387725248737,0.08947211736887417,641,0
10,11,21,0.16001157462596893,False,549,0.8640342139997301,screening,1997,2001,16,0.5,101224,0.9625585023400937,0.125,24,0.16001156605527786,0.07200702223896589,641,0
20,11,31,0.16001157462596893,False,549,1.287636062999809,screening,1997,2001,16,0.5,101224,0.9625585023400937,0.125,24,0.16001156605527786,0.07200702223896589,641,0
50,11,61,0.16001157462596893,False,549,2.534417103999658,screening,1997,2001,16,0.5,101224,0.9625585023400937,0.125,24,0.16001156605527786,0.07200702223896589,641,0
10,21,31,0.17571178078651428,False,549,1.348270667000179,screening,1997,2001,16,0.5,101225,0.9485179407176287,0.125,24,0.17571176634049498,0.08396193453332403,641,0
20,21,41,0.17571178078651428,False,549,1.7561206730001686,screening,1997,2001,16,0.5,101225,0.9485179407176287,0.125,24,0.17571176634049498,0.08396193453332403,641,0
50,21,71,0.17571178078651428,False,549,2.9308273639999243,screening,1997,2001,16,0.5,101225,0.9485179407176287,0.125,24,0.17571176634049498,0.08396193453332403,641,0
10,2,12,0.18181651830673218,False,549,0.47239094699989437,screening,1997,2001,16,1.0,101223,0.9656786271450858,0.125,24,0.18181653172392542,0.07454997803853831,641,0
20,2,22,0.18181651830673218,False,549,0.8600860420001482,screening,1997,2001,16,1.0,101223,0.9656786271450858,0.125,24,0.18181653172392542,0.07454997803853831,641,0
50,2,52,0.18181651830673218,False,549,2.259132353000041,screening,1997,2001,16,1.0,101223,0.9656786271450858,0.125,24,0.18181653172392542,0.07454997803853831,641,0
10,3,13,0.15413299202919006,False,549,0.5089217310001004,screening,1997,2001,16,1.0,101224,0.9641185647425897,0.125,24,0.15413299296195002,0.0642982871115096,641,0
20,3,23,0.15413299202919006,False,549,0.9042967119999048,screening,1997,2001,16,1.0,101224,0.9641185647425897,0.125,24,0.15413299296195002,0.0642982871115096,641,0
50,3,53,0.15413299202919006,False,549,2.2481272529998932,screening,1997,2001,16,1.0,101224,0.9641185647425897,0.125,24,0.15413299296195002,0.0642982871115096,641,0
10,2,12,0.1993238478899002,False,549,0.5157555149999098,screening,1997,2001,16,1.0,101225,0.9422776911076443,0.2916666666666667,24,0.19932385516949647,0.09594311647307702,641,0
20,19,39,0.198881596326828,False,549,1.7489100590000817,screening,1997,2001,16,1.0,101225,0.9360374414976599,0.16666666666666666,24,0.19888158904433048,0.09575162767279832,641,0
50,19,69,0.198881596326828,False,549,2.971671669999978,screening,1997,2001,16,1.0,101225,0.9360374414976599,0.16666666666666666,24,0.19888158904433048,0.09575162767279832,641,0
10,368,378,0.20755049586296082,False,1093,16.0214305479999,screening,1997,2001,32,0.01,101223,0.9344773790951638,0.20833333333333334,24,0.2075504831394385,0.10532711149714584,641,0
20,368,388,0.20755049586296082,False,1093,16.43513562299995,screening,1997,2001,32,0.01,101223,0.9344773790951638,0.20833333333333334,24,0.2075504831394385,0.10532711149714584,641,0
50,735,785,0.19740812480449677,False,1093,33.33352275899961,screening,1997,2001,32,0.01,101223,0.9375975039001561,0.08333333333333333,24,0.19740811616674225,0.09619676272099482,641,0
10,268,278,0.18147212266921997,False,1093,11.971126123999966,screening,1997,2001,32,0.01,101224,0.9391575663026521,0.20833333333333334,24,0.1814721342050314,0.09241175084400675,641,0
20,443,463,0.17460936307907104,False,1093,19.815969956000117,screening,1997,2001,32,0.01,101224,0.9407176287051482,0.16666666666666666,24,0.1746093826450005,0.08753088751360984,641,0
50,480,530,0.17423713207244873,False,1093,22.559184977000314,screening,1997,2001,32,0.01,101224,0.9422776911076443,0.16666666666666666,24,0.17423713817275616,0.08716517448280625,641,0
10,119,129,0.19576230645179749,False,1093,6.018851759999961,screening,1997,2001,32,0.01,101225,0.9422776911076443,0.25,24,0.19576230309238718,0.09562965581574787,641,0
20,417,437,0.17432869970798492,False,1093,19.163264209999852,screening,1997,2001,32,0.01,101225,0.9469578783151326,0.20833333333333334,24,0.17432871451493123,0.08482961028194615,641,0
50,417,467,0.17432869970798492,False,1093,20.396768220000013,screening,1997,2001,32,0.01,101225,0.9469578783151326,0.20833333333333334,24,0.17432871451493123,0.08482961028194615,641,0
10,170,180,0.19835327565670013,False,1093,7.590056328000173,screening,1997,2001,32,0.03,101223,0.9375975039001561,0.125,24,0.19835327313169404,0.0984257115103282,641,0
20,219,239,0.19394941627979279,False,1093,10.09898672700001,screening,1997,2001,32,0.03,101223,0.9391575663026521,0.08333333333333333,24,0.1939493998991997,0.0941138683792229,641,0
50,219,269,0.19394941627979279,False,1093,11.513252314000056,screening,1997,2001,32,0.03,101223,0.9391575663026521,0.08333333333333333,24,0.1939493998991997,0.0941138683792229,641,0
10,116,126,0.17422984540462494,False,1093,5.172976475999803,screening,1997,2001,32,0.03,101224,0.9422776911076443,0.16666666666666666,24,0.17422984089192806,0.08711094099735092,641,0
20,116,136,0.17422984540462494,False,1093,5.601006984999913,screening,1997,2001,32,0.03,101224,0.9422776911076443,0.16666666666666666,24,0.17422984089192806,0.08711094099735092,641,0
50,159,209,0.17319396138191223,False,1093,8.721214673999839,screening,1997,2001,32,0.03,101224,0.9422776911076443,0.16666666666666666,24,0.17319395217443964,0.08611757305999639,641,0
10,55,65,0.1920333057641983,False,1093,2.697574813999836,screening,1997,2001,32,0.03,101225,0.9422776911076443,0.25,24,0.19203329542445816,0.0958946704093152,641,0
20,119,139,0.17476080358028412,False,1093,5.745074006999857,screening,1997,2001,32,0.03,101225,0.9485179407176287,0.20833333333333334,24,0.1747608121641555,0.08517726607816754,641,0
50,167,217,0.1735013723373413,False,1093,9.183949392999693,screening,1997,2001,32,0.03,101225,0.9500780031201248,0.16666666666666666,24,0.17350137007754038,0.0831263962108431,641,0
10,86,96,0.20035192370414734,False,1093,4.0331231279997155,screening,1997,2001,32,0.05,101223,0.9375975039001561,0.16666666666666666,24,0.20035190760367372,0.09999771135011293,641,0
20,135,155,0.1935109943151474,False,1093,6.560652113999822,screening,1997,2001,32,0.05,101223,0.9407176287051482,0.08333333333333333,24,0.19351098693269667,0.0935324696705724,641,0
50,135,185,0.1935109943151474,False,1093,7.814849063000111,screening,1997,2001,32,0.05,101223,0.9407176287051482,0.08333333333333333,24,0.19351098693269667,0.0935324696705724,641,0
10,73,83,0.173221617937088,False,1093,3.470480146999762,screening,1997,2001,32,0.05,101224,0.9422776911076443,0.16666666666666666,24,0.17322161613597076,0.08602968627286553,641,0
20,73,93,0.173221617937088,False,1093,3.9027801269999145,screening,1997,2001,32,0.05,101224,0.9422776911076443,0.16666666666666666,24,0.17322161613597076,0.08602968627286553,641,0
50,73,123,0.173221617937088,False,1093,5.092688313999588,screening,1997,2001,32,0.05,101224,0.9422776911076443,0.16666666666666666,24,0.17322161613597076,0.08602968627286553,641,0
10,21,31,0.1915927231311798,False,1093,1.3316842869999164,screening,1997,2001,32,0.05,101225,0.9453978159126365,0.20833333333333334,24,0.19159273638098165,0.0907526762083252,641,0
20,89,109,0.1739010214805603,False,1093,4.4871276669996405,screening,1997,2001,32,0.05,101225,0.9469578783151326,0.20833333333333334,24,0.17390101940156827,0.08392313020487858,641,0
50,89,139,0.1739010214805603,False,1093,5.822157474999585,screening,1997,2001,32,0.05,101225,0.9469578783151326,0.20833333333333334,24,0.17390101940156827,0.08392313020487858,641,0
10,31,41,0.20348361134529114,False,1093,1.8190597290004007,screening,1997,2001,32,0.1,101223,0.9360374414976599,0.08333333333333333,24,0.20348361742166637,0.10153129195228609,641,0
20,46,66,0.19376008212566376,False,1093,2.84521728000027,screening,1997,2001,32,0.1,101223,0.9438377535101404,0.16666666666666666,24,0.19376008241788775,0.09453630453134153,641,0
50,46,96,0.19376008212566376,False,1093,4.027526860000307,screening,1997,2001,32,0.1,101223,0.9438377535101404,0.16666666666666666,24,0.19376008241788775,0.09453630453134153,641,0
10,17,27,0.1782984584569931,False,1093,1.182690913999977,screening,1997,2001,32,0.1,101224,0.9469578783151326,0.16666666666666666,24,0.17829847155583442,0.087226118389672,641,0
20,45,65,0.1725718230009079,False,1093,2.8295000719999734,screening,1997,2001,32,0.1,101224,0.9485179407176287,0.125,24,0.17257181739818775,0.08390239823436944,641,0
50,45,95,0.1725718230009079,False,1093,4.01440122699978,screening,1997,2001,32,0.1,101224,0.9485179407176287,0.125,24,0.17257181739818775,0.08390239823436944,641,0
10,21,31,0.17514446377754211,False,1093,1.3270490150002843,screening,1997,2001,32,0.1,101225,0.9485179407176287,0.20833333333333334,24,0.17514445097347173,0.08455398466611834,641,0
20,50,70,0.16847728192806244,False,1093,2.907959550000214,screening,1997,2001,32,0.1,101225,0.953198127925117,0.20833333333333334,24,0.16847728076578578,0.07864407260010892,641,0
50,50,100,0.16847728192806244,False,1093,4.203886592999879,screening,1997,2001,32,0.1,101225,0.953198127925117,0.20833333333333334,24,0.16847728076578578,0.07864407260010892,641,0
10,30,40,0.19271042943000793,False,1093,1.8302760640003726,screening,1997,2001,32,0.2,101223,0.9407176287051482,0.16666666666666666,24,0.1927104317270711,0.09155811199222225,641,0
20,30,50,0.19271042943000793,False,1093,2.280163110000103,screening,1997,2001,32,0.2,101223,0.9407176287051482,0.16666666666666666,24,0.1927104317270711,0.09155811199222225,641,0
50,30,80,0.19271042943000793,False,1093,3.5343328690000817,screening,1997,2001,32,0.2,101223,0.9407176287051482,0.16666666666666666,24,0.1927104317270711,0.09155811199222225,641,0
10,17,27,0.16937008500099182,False,1093,1.114742465999825,screening,1997,2001,32,0.2,101224,0.9469578783151326,0.16666666666666666,24,0.1693700652437312,0.08179015083916387,641,0
20,17,37,0.16937008500099182,False,1093,1.4973108199997114,screening,1997,2001,32,0.2,101224,0.9469578783151326,0.16666666666666666,24,0.1693700652437312,0.08179015083916387,641,0
50,17,67,0.16937008500099182,False,1093,2.788999596999929,screening,1997,2001,32,0.2,101224,0.9469578783151326,0.16666666666666666,24,0.1693700652437312,0.08179015083916387,641,0
10,21,31,0.16446663439273834,False,1093,1.2705089779997252,screening,1997,2001,32,0.2,101225,0.9594383775351014,0.16666666666666666,24,0.1644666419013974,0.07521441145543924,641,0
20,21,41,0.16446663439273834,False,1093,1.6831167329996788,screening,1997,2001,32,0.2,101225,0.9594383775351014,0.16666666666666666,24,0.1644666419013974,0.07521441145543924,641,0
50,21,71,0.16446663439273834,False,1093,2.9849478909995923,screening,1997,2001,32,0.2,101225,0.9594383775351014,0.16666666666666666,24,0.1644666419013974,0.07521441145543924,641,0
10,26,36,0.1901300698518753,False,1093,1.3925194829998873,screening,1997,2001,32,0.3,101223,0.9407176287051482,0.08333333333333333,24,0.1901300678053783,0.08853144741377195,641,0
20,26,46,0.1901300698518753,False,1093,1.7962825529998554,screening,1997,2001,32,0.3,101223,0.9407176287051482,0.08333333333333333,24,0.1901300678053783,0.08853144741377195,641,0
50,26,76,0.1901300698518753,False,1093,3.0206386849999944,screening,1997,2001,32,0.3,101223,0.9407176287051482,0.08333333333333333,24,0.1901300678053783,0.08853144741377195,641,0
10,11,21,0.16976144909858704,False,1093,0.8897685169999932,screening,1997,2001,32,0.3,101224,0.9469578783151326,0.16666666666666666,24,0.16976146950866716,0.08102750029592704,641,0
20,11,31,0.16976144909858704,False,1093,1.4098692120001033,screening,1997,2001,32,0.3,101224,0.9469578783151326,0.16666666666666666,24,0.16976146950866716,0.08102750029592704,641,0
50,11,61,0.16976144909858704,False,1093,2.759709364000173,screening,1997,2001,32,0.3,101224,0.9469578783151326,0.16666666666666666,24,0.16976146950866716,0.08102750029592704,641,0
10,16,26,0.17795374989509583,False,1093,1.0593235830001504,screening,1997,2001,32,0.3,101225,0.953198127925117,0.16666666666666666,24,0.17795375334158473,0.08099545245808945,641,0
20,16,36,0.17795374989509583,False,1093,1.454428241000187,screening,1997,2001,32,0.3,101225,0.953198127925117,0.16666666666666666,24,0.17795375334158473,0.08099545245808945,641,0
50,16,66,0.17795374989509583,False,1093,2.6954665700000078,screening,1997,2001,32,0.3,101225,0.953198127925117,0.16666666666666666,24,0.17795375334158473,0.08099545245808945,641,0
10,9,19,0.2121141403913498,False,1093,0.7739677690001372,screening,1997,2001,32,0.5,101223,0.9297971918876755,0.20833333333333334,24,0.2121141550202074,0.10359347806643705,641,0
20,26,46,0.20414455235004425,False,1093,1.8207232740001018,screening,1997,2001,32,0.5,101223,0.9469578783151326,0.08333333333333333,24,0.20414458604997285,0.08972254416756704,641,0
50,26,76,0.20414455235004425,False,1093,3.1132396269999845,screening,1997,2001,32,0.5,101223,0.9469578783151326,0.08333333333333333,24,0.20414458604997285,0.08972254416756704,641,0
10,3,13,0.17197242379188538,False,1093,0.5034866599999077,screening,1997,2001,32,0.5,101224,0.9563182527301092,0.20833333333333334,24,0.17197241510843758,0.07865692028110706,641,0
20,3,23,0.17197242379188538,False,1093,0.9465679420000015,screening,1997,2001,32,0.5,101224,0.9563182527301092,0.20833333333333334,24,0.17197241510843758,0.07865692028110706,641,0
50,3,53,0.17197242379188538,False,1093,2.167492061000303,screening,1997,2001,32,0.5,101224,0.9563182527301092,0.20833333333333334,24,0.17197241510843758,0.07865692028110706,641,0
10,6,16,0.17569376528263092,False,1093,0.6620456109999395,screening,1997,2001,32,0.5,101225,0.9500780031201248,0.20833333333333334,24,0.17569375909559917,0.08198373003125996,641,0
20,6,26,0.17569376528263092,False,1093,1.0611016929997277,screening,1997,2001,32,0.5,101225,0.9500780031201248,0.20833333333333334,24,0.17569375909559917,0.08198373003125996,641,0
50,6,56,0.17569376528263092,False,1093,2.532953429999907,screening,1997,2001,32,0.5,101225,0.9500780031201248,0.20833333333333334,24,0.17569375909559917,0.08198373003125996,641,0
10,2,12,0.1845574527978897,False,1093,0.7030813229998785,screening,1997,2001,32,1.0,101223,0.9625585023400937,0.125,24,0.18455745240947907,0.07666265918793295,641,0
20,2,22,0.1845574527978897,False,1093,1.0949199219999173,screening,1997,2001,32,1.0,101223,0.9625585023400937,0.125,24,0.18455745240947907,0.07666265918793295,641,0
50,2,52,0.1845574527978897,False,1093,2.3560804959997768,screening,1997,2001,32,1.0,101223,0.9625585023400937,0.125,24,0.18455745240947907,0.07666265918793295,641,0
10,3,13,0.1756303459405899,False,1093,0.5998081780003304,screening,1997,2001,32,1.0,101224,0.9500780031201248,0.25,24,0.17563034552148188,0.08041912655090329,641,0
20,3,23,0.1756303459405899,False,1093,1.025200832000337,screening,1997,2001,32,1.0,101224,0.9500780031201248,0.25,24,0.17563034552148188,0.08041912655090329,641,0
50,3,53,0.1756303459405899,False,1093,2.308153470000434,screening,1997,2001,32,1.0,101224,0.9500780031201248,0.25,24,0.17563034552148188,0.08041912655090329,641,0
10,2,12,0.20067481696605682,False,1093,0.5393047819998174,screening,1997,2001,32,1.0,101225,0.9391575663026521,0.25,24,0.20067480379646194,0.09420603251856269,641,0
20,2,22,0.20067481696605682,False,1093,0.9349027519997435,screening,1997,2001,32,1.0,101225,0.9391575663026521,0.25,24,0.20067480379646194,0.09420603251856269,641,0
50,2,52,0.20067481696605682,False,1093,2.1763989999999467,screening,1997,2001,32,1.0,101225,0.9391575663026521,0.25,24,0.20067480379646194,0.09420603251856269,641,0
10,219,229,0.18435978889465332,False,1541,11.05470492600034,screening,1997,2001,32_16,0.01,101223,0.9563182527301092,0.20833333333333334,24,0.18435976214323246,0.08258484904548116,641,0
20,289,309,0.1808256059885025,False,1541,14.86319378600001,screening,1997,2001,32_16,0.01,101223,0.9609984399375975,0.20833333333333334,24,0.18082559608907545,0.07926247716242774,641,0
50,289,339,0.1808256059885025,False,1541,16.16504194700019,screening,1997,2001,32_16,0.01,101223,0.9609984399375975,0.20833333333333334,24,0.18082559608907545,0.07926247716242774,641,0
10,75,85,0.2396930754184723,False,1541,3.93680339499997,screening,1997,2001,32_16,0.01,101224,0.9157566302652106,0.2916666666666667,24,0.23969308314431742,0.11662932916366689,641,0
20,328,348,0.1847531944513321,False,1541,16.755216157000177,screening,1997,2001,32_16,0.01,101224,0.9422776911076443,0.20833333333333334,24,0.1847531883978176,0.09143717487695457,641,0
50,328,378,0.1847531944513321,False,1541,18.323137139999744,screening,1997,2001,32_16,0.01,101224,0.9422776911076443,0.20833333333333334,24,0.1847531883978176,0.09143717487695457,641,0
10,74,84,0.2856268584728241,False,1541,4.030336787000124,screening,1997,2001,32_16,0.01,101225,0.8985959438377535,0.125,24,0.28562685614956246,0.14728072542593845,641,0
20,74,94,0.2856268584728241,False,1541,4.518113581000307,screening,1997,2001,32_16,0.01,101225,0.8985959438377535,0.125,24,0.28562685614956246,0.14728072542593845,641,0
50,361,411,0.23137149214744568,False,1541,19.207396640000297,screening,1997,2001,32_16,0.01,101225,0.9157566302652106,0.08333333333333333,24,0.23137148976526364,0.1238690168200579,641,0
10,86,96,0.18094542622566223,False,1541,4.308081004000087,screening,1997,2001,32_16,0.03,101223,0.9609984399375975,0.20833333333333334,24,0.180945432013847,0.07917763632947,641,0
20,98,118,0.1806521862745285,False,1541,5.345014893000098,screening,1997,2001,32_16,0.03,101223,0.9609984399375975,0.20833333333333334,24,0.18065218604751185,0.07890485618125087,641,0
50,98,148,0.1806521862745285,False,1541,6.728187572000024,screening,1997,2001,32_16,0.03,101223,0.9609984399375975,0.20833333333333334,24,0.18065218604751185,0.07890485618125087,641,0
10,116,126,0.17798101902008057,False,1541,6.132013020000159,screening,1997,2001,32_16,0.03,101224,0.9438377535101404,0.125,24,0.17798101363372085,0.08511289618861695,641,0
20,116,136,0.17798101902008057,False,1541,6.614709757000128,screening,1997,2001,32_16,0.03,101224,0.9438377535101404,0.125,24,0.17798101363372085,0.08511289618861695,641,0
50,116,166,0.17798101902008057,False,1541,7.9480098179997185,screening,1997,2001,32_16,0.03,101224,0.9438377535101404,0.125,24,0.17798101363372085,0.08511289618861695,641,0
10,21,31,0.2782001793384552,False,1541,1.6190587479995884,screening,1997,2001,32_16,0.03,101225,0.906396255850234,0.125,24,0.2782001785741122,0.14091508095712438,641,0
20,119,139,0.2178085446357727,False,1541,6.842221849999987,screening,1997,2001,32_16,0.03,101225,0.921996879875195,0.08333333333333333,24,0.21780855331347634,0.11489598139281512,641,0
50,119,169,0.2178085446357727,False,1541,8.1983420079996,screening,1997,2001,32_16,0.03,101225,0.921996879875195,0.08333333333333333,24,0.21780855331347634,0.11489598139281512,641,0
10,46,56,0.1800786256790161,False,1541,2.5828640220001944,screening,1997,2001,32_16,0.05,101223,0.9609984399375975,0.20833333333333334,24,0.1800786262148006,0.07875089263819991,641,0
20,46,66,0.1800786256790161,False,1541,3.02805688799981,screening,1997,2001,32_16,0.05,101223,0.9609984399375975,0.20833333333333334,24,0.1800786262148006,0.07875089263819991,641,0
50,46,96,0.1800786256790161,False,1541,4.4441676309998,screening,1997,2001,32_16,0.05,101223,0.9609984399375975,0.20833333333333334,24,0.1800786262148006,0.07875089263819991,641,0
10,55,65,0.17774216830730438,False,1541,3.122386409000228,screening,1997,2001,32_16,0.05,101224,0.9438377535101404,0.20833333333333334,24,0.17774217577279713,0.0849474641078338,641,0
20,55,75,0.17774216830730438,False,1541,3.611468435000006,screening,1997,2001,32_16,0.05,101224,0.9438377535101404,0.20833333333333334,24,0.17774217577279713,0.0849474641078338,641,0
50,55,105,0.17774216830730438,False,1541,5.064567760000045,screening,1997,2001,32_16,0.05,101224,0.9438377535101404,0.20833333333333334,24,0.17774217577279713,0.0849474641078338,641,0
10,21,31,0.2600244879722595,False,1541,1.6109125230000245,screening,1997,2001,32_16,0.05,101225,0.9095163806552262,0.25,24,0.26002448285305757,0.13566466955159479,641,0
20,50,70,0.21911856532096863,False,1541,3.483279732000028,screening,1997,2001,32_16,0.05,101225,0.9297971918876755,0.16666666666666666,24,0.21911857892265618,0.11593980456921639,641,0
50,73,123,0.21455013751983643,False,1541,6.141640076000385,screening,1997,2001,32_16,0.05,101225,0.9282371294851794,0.08333333333333333,24,0.21455018159332545,0.112222915192166,641,0
10,26,36,0.1784474402666092,False,1541,1.7913861369997903,screening,1997,2001,32_16,0.1,101223,0.9578783151326054,0.125,24,0.17844743056112183,0.07707676170300203,641,0
20,26,46,0.1784474402666092,False,1541,2.225587768999958,screening,1997,2001,32_16,0.1,101223,0.9578783151326054,0.125,24,0.17844743056112183,0.07707676170300203,641,0
50,26,76,0.1784474402666092,False,1541,3.645186511999782,screening,1997,2001,32_16,0.1,101223,0.9578783151326054,0.125,24,0.17844743056112183,0.07707676170300203,641,0
10,29,39,0.18382732570171356,False,1541,1.8052648100001534,screening,1997,2001,32_16,0.1,101224,0.9407176287051482,0.20833333333333334,24,0.1838273148349686,0.0892882308517018,641,0
20,40,60,0.1810586005449295,False,1541,2.815075703000275,screening,1997,2001,32_16,0.1,101224,0.9407176287051482,0.125,24,0.18105858509479567,0.08561232985481643,641,0
50,40,90,0.1810586005449295,False,1541,4.349968898000043,screening,1997,2001,32_16,0.1,101224,0.9407176287051482,0.125,24,0.18105858509479567,0.08561232985481643,641,0
10,21,31,0.2059253305196762,False,1541,1.4266985000003842,screening,1997,2001,32_16,0.1,101225,0.9282371294851794,0.08333333333333333,24,0.20592533042047798,0.10607344704563162,641,0
20,21,41,0.2059253305196762,False,1541,1.9488299800000277,screening,1997,2001,32_16,0.1,101225,0.9282371294851794,0.08333333333333333,24,0.20592533042047798,0.10607344704563162,641,0
50,50,100,0.19474788010120392,False,1541,4.717892535000374,screening,1997,2001,32_16,0.1,101225,0.9407176287051482,0.08333333333333333,24,0.19474786788013615,0.09572074579931222,641,0
10,15,25,0.18662001192569733,False,1541,1.2158384550002665,screening,1997,2001,32_16,0.2,101223,0.9500780031201248,0.20833333333333334,24,0.18662000485493807,0.08350371283591294,641,0
20,15,35,0.18662001192569733,False,1541,1.7330831120002586,screening,1997,2001,32_16,0.2,101223,0.9500780031201248,0.20833333333333334,24,0.18662000485493807,0.08350371283591294,641,0
50,15,65,0.18662001192569733,False,1541,3.152660409999953,screening,1997,2001,32_16,0.2,101223,0.9500780031201248,0.20833333333333334,24,0.18662000485493807,0.08350371283591294,641,0
10,17,27,0.17857332527637482,False,1541,1.189961261999997,screening,1997,2001,32_16,0.2,101224,0.9485179407176287,0.16666666666666666,24,0.17857332516131913,0.08279614737291406,641,0
20,17,37,0.17857332527637482,False,1541,1.6380510550002327,screening,1997,2001,32_16,0.2,101224,0.9485179407176287,0.16666666666666666,24,0.17857332516131913,0.08279614737291406,641,0
50,17,67,0.17857332527637482,False,1541,3.2027595290001045,screening,1997,2001,32_16,0.2,101224,0.9485179407176287,0.16666666666666666,24,0.17857332516131913,0.08279614737291406,641,0
10,19,29,0.19966788589954376,False,1541,1.3584528279998267,screening,1997,2001,32_16,0.2,101225,0.9313572542901716,0.08333333333333333,24,0.19966788396294208,0.09781269573295578,641,0
20,19,39,0.19966788589954376,False,1541,1.8439169339999353,screening,1997,2001,32_16,0.2,101225,0.9313572542901716,0.08333333333333333,24,0.19966788396294208,0.09781269573295578,641,0
50,19,69,0.19966788589954376,False,1541,3.238963419999891,screening,1997,2001,32_16,0.2,101225,0.9313572542901716,0.08333333333333333,24,0.19966788396294208,0.09781269573295578,641,0
10,9,19,0.18719692528247833,False,1541,0.8899083360001896,screening,1997,2001,32_16,0.3,101223,0.9578783151326054,0.20833333333333334,24,0.18719691447903314,0.07932699841707487,641,0
20,9,29,0.18719692528247833,False,1541,1.4130852130001585,screening,1997,2001,32_16,0.3,101223,0.9578783151326054,0.20833333333333334,24,0.18719691447903314,0.07932699841707487,641,0
50,9,59,0.18719692528247833,False,1541,2.8983872300000257,screening,1997,2001,32_16,0.3,101223,0.9578783151326054,0.20833333333333334,24,0.18719691447903314,0.07932699841707487,641,0
10,11,21,0.18222934007644653,False,1541,1.0295128799998565,screening,1997,2001,32_16,0.3,101224,0.9516380655226209,0.125,24,0.1822293427389707,0.08090513622409091,641,0
20,11,31,0.18222934007644653,False,1541,1.4728935120001552,screening,1997,2001,32_16,0.3,101224,0.9516380655226209,0.125,24,0.1822293427389707,0.08090513622409091,641,0
50,11,61,0.18222934007644653,False,1541,2.89767066100012,screening,1997,2001,32_16,0.3,101224,0.9516380655226209,0.125,24,0.1822293427389707,0.08090513622409091,641,0
10,19,29,0.20713841915130615,False,1541,1.3599374990003525,screening,1997,2001,32_16,0.3,101225,0.9297971918876755,0.08333333333333333,24,0.2071384298049089,0.09945407017780555,641,0
20,19,39,0.20713841915130615,False,1541,1.823766900999999,screening,1997,2001,32_16,0.3,101225,0.9297971918876755,0.08333333333333333,24,0.2071384298049089,0.09945407017780555,641,0
50,19,69,0.20713841915130615,False,1541,3.1974154750000707,screening,1997,2001,32_16,0.3,101225,0.9297971918876755,0.08333333333333333,24,0.2071384298049089,0.09945407017780555,641,0
10,5,15,0.1862054020166397,False,1541,1.0590860329998577,screening,1997,2001,32_16,0.5,101223,0.9516380655226209,0.08333333333333333,24,0.18620540554586995,0.0809677076976988,641,0
20,5,25,0.1862054020166397,False,1541,1.5164102179996917,screening,1997,2001,32_16,0.5,101223,0.9516380655226209,0.08333333333333333,24,0.18620540554586995,0.0809677076976988,641,0
50,5,55,0.1862054020166397,False,1541,3.026058986999942,screening,1997,2001,32_16,0.5,101223,0.9516380655226209,0.08333333333333333,24,0.18620540554586995,0.0809677076976988,641,0
10,3,13,0.18810205161571503,False,1541,0.5992335270002513,screening,1997,2001,32_16,0.5,101224,0.9469578783151326,0.20833333333333334,24,0.18810204420655502,0.08415573281733112,641,0
20,3,23,0.18810205161571503,False,1541,1.1057476979999592,screening,1997,2001,32_16,0.5,101224,0.9469578783151326,0.20833333333333334,24,0.18810204420655502,0.08415573281733112,641,0
50,3,53,0.18810205161571503,False,1541,2.625731244000235,screening,1997,2001,32_16,0.5,101224,0.9469578783151326,0.20833333333333334,24,0.18810204420655502,0.08415573281733112,641,0
10,14,24,0.20823927223682404,False,1541,1.1618347419998827,screening,1997,2001,32_16,0.5,101225,0.9329173166926678,0.08333333333333333,24,0.2082392470606891,0.0949020320862096,641,0
20,14,34,0.20823927223682404,False,1541,1.6509914879998178,screening,1997,2001,32_16,0.5,101225,0.9329173166926678,0.08333333333333333,24,0.2082392470606891,0.0949020320862096,641,0
50,14,64,0.20823927223682404,False,1541,3.007510884000112,screening,1997,2001,32_16,0.5,101225,0.9329173166926678,0.08333333333333333,24,0.2082392470606891,0.0949020320862096,641,0
10,5,15,0.19841182231903076,False,1541,0.6635496369999601,screening,1997,2001,32_16,1.0,101223,0.9485179407176287,0.08333333333333333,24,0.19841181620690868,0.08564226500944058,641,0
20,5,25,0.19841182231903076,False,1541,1.102810171999863,screening,1997,2001,32_16,1.0,101223,0.9485179407176287,0.08333333333333333,24,0.19841181620690868,0.08564226500944058,641,0
50,5,55,0.19841182231903076,False,1541,2.5756329199998618,screening,1997,2001,32_16,1.0,101223,0.9485179407176287,0.08333333333333333,24,0.19841181620690868,0.08564226500944058,641,0
10,3,13,0.1810809224843979,False,1541,0.8167373539999971,screening,1997,2001,32_16,1.0,101224,0.9578783151326054,0.20833333333333334,24,0.18108091041196012,0.07586744474236515,641,0
20,3,23,0.1810809224843979,False,1541,1.2633126529999572,screening,1997,2001,32_16,1.0,101224,0.9578783151326054,0.20833333333333334,24,0.18108091041196012,0.07586744474236515,641,0
50,3,53,0.1810809224843979,False,1541,2.6336868529997446,screening,1997,2001,32_16,1.0,101224,0.9578783151326054,0.20833333333333334,24,0.18108091041196012,0.07586744474236515,641,0
10,2,12,0.21818996965885162,False,1541,0.5347306650000974,screening,1997,2001,32_16,1.0,101225,0.9313572542901716,0.20833333333333334,24,0.2181899674268375,0.10359723579727871,641,0
20,2,22,0.21818996965885162,False,1541,1.0293186789999709,screening,1997,2001,32_16,1.0,101225,0.9313572542901716,0.20833333333333334,24,0.2181899674268375,0.10359723579727871,641,0
50,2,52,0.21818996965885162,False,1541,2.626287246999709,screening,1997,2001,32_16,1.0,101225,0.9313572542901716,0.20833333333333334,24,0.2181899674268375,0.10359723579727871,641,0
10,219,229,0.18268288671970367,False,4101,11.219735177000075,screening,1997,2001,64_32,0.01,101223,0.9516380655226209,0.20833333333333334,24,0.1826828776479941,0.08533561244763244,641,0
20,245,265,0.1808459758758545,False,4101,12.929700017999949,screening,1997,2001,64_32,0.01,101223,0.9516380655226209,0.20833333333333334,24,0.1808459689988852,0.08439938197974611,641,0
50,276,326,0.18067790567874908,False,4101,15.769074509999882,screening,1997,2001,64_32,0.01,101223,0.953198127925117,0.20833333333333334,24,0.1806778977695564,0.0845277379371471,641,0
10,251,261,0.17093876004219055,False,4101,12.823696372000086,screening,1997,2001,64_32,0.01,101224,0.9485179407176287,0.20833333333333334,24,0.1709387599395794,0.08149841578054746,641,0
20,280,300,0.16995170712471008,False,4101,14.935549420999905,screening,1997,2001,64_32,0.01,101224,0.953198127925117,0.20833333333333334,24,0.1699516914202124,0.08076250696393746,641,0
50,313,363,0.1696729212999344,False,4101,18.246264595999946,screening,1997,2001,64_32,0.01,101224,0.9500780031201248,0.16666666666666666,24,0.16967292954044136,0.08049534157282703,641,0
10,74,84,0.3042484223842621,False,4101,4.199904865000008,screening,1997,2001,64_32,0.01,101225,0.8985959438377535,0.125,24,0.30424841760197224,0.15914960296966388,641,0
20,89,109,0.3023257553577423,False,4101,5.422321948999979,screening,1997,2001,64_32,0.01,101225,0.8985959438377535,0.125,24,0.3023257433984908,0.15838660704897004,641,0
50,314,364,0.275583416223526,False,4101,17.8516006130003,screening,1997,2001,64_32,0.01,101225,0.9001560062402496,0.041666666666666664,24,0.27558344410077845,0.14922243007723135,641,0
10,79,89,0.17996636033058167,False,4101,4.2401058240002385,screening,1997,2001,64_32,0.03,101223,0.9516380655226209,0.16666666666666666,24,0.1799663546562813,0.08327418054203098,641,0
20,79,99,0.17996636033058167,False,4101,4.849504387000252,screening,1997,2001,64_32,0.03,101223,0.9516380655226209,0.16666666666666666,24,0.1799663546562813,0.08327418054203098,641,0
50,79,129,0.17996636033058167,False,4101,6.36487682500001,screening,1997,2001,64_32,0.03,101223,0.9516380655226209,0.16666666666666666,24,0.1799663546562813,0.08327418054203098,641,0
10,78,88,0.17091266810894012,False,4101,4.319825010999921,screening,1997,2001,64_32,0.03,101224,0.9516380655226209,0.20833333333333334,24,0.17091268754462083,0.08022655018971885,641,0
20,105,125,0.16970624029636383,False,4101,6.043779472000097,screening,1997,2001,64_32,0.03,101224,0.9516380655226209,0.125,24,0.16970625508785903,0.0804063976392033,641,0
50,105,155,0.16970624029636383,False,4101,7.711887430999923,screening,1997,2001,64_32,0.03,101224,0.9516380655226209,0.125,24,0.16970625508785903,0.0804063976392033,641,0
10,50,60,0.27831903100013733,False,4101,2.853009003000352,screening,1997,2001,64_32,0.03,101225,0.9032761310452418,0.125,24,0.27831903952002207,0.14841987128738088,641,0
20,50,70,0.27831903100013733,False,4101,3.300738693000312,screening,1997,2001,64_32,0.03,101225,0.9032761310452418,0.125,24,0.27831903952002207,0.14841987128738088,641,0
50,119,169,0.2567771077156067,False,4101,8.418299177000335,screening,1997,2001,64_32,0.03,101225,0.906396255850234,0.041666666666666664,24,0.25677712047069956,0.13837723645261982,641,0
10,31,41,0.18564650416374207,False,4101,2.021071371000289,screening,1997,2001,64_32,0.05,101223,0.9500780031201248,0.08333333333333333,24,0.1856464922515875,0.0837545048828678,641,0
20,46,66,0.1788712441921234,False,4101,3.2296024170000237,screening,1997,2001,64_32,0.05,101223,0.953198127925117,0.16666666666666666,24,0.17887126140146137,0.08180827989350624,641,0
50,46,96,0.1788712441921234,False,4101,4.788871126000231,screening,1997,2001,64_32,0.05,101223,0.953198127925117,0.16666666666666666,24,0.17887126140146137,0.08180827989350624,641,0
10,57,67,0.1676308959722519,False,4101,3.074223149000318,screening,1997,2001,64_32,0.05,101224,0.9547581903276131,0.125,24,0.167630897512495,0.07760253744227245,641,0
20,57,77,0.1676308959722519,False,4101,3.5647303420000753,screening,1997,2001,64_32,0.05,101224,0.9547581903276131,0.125,24,0.167630897512495,0.07760253744227245,641,0
50,57,107,0.1676308959722519,False,4101,5.254465623000215,screening,1997,2001,64_32,0.05,101224,0.9547581903276131,0.125,24,0.167630897512495,0.07760253744227245,641,0
10,21,31,0.26859697699546814,False,4101,1.5514417819999835,screening,1997,2001,64_32,0.05,101225,0.906396255850234,0.125,24,0.2685969610075118,0.140126942540966,641,0
20,21,41,0.26859697699546814,False,4101,2.224200179000036,screening,1997,2001,64_32,0.05,101225,0.906396255850234,0.125,24,0.2685969610075118,0.140126942540966,641,0
50,50,100,0.24736782908439636,False,4101,5.228701075999652,screening,1997,2001,64_32,0.05,101225,0.9157566302652106,0.16666666666666666,24,0.2473678383109029,0.13297911193439385,641,0
10,26,36,0.17973420023918152,False,4101,1.732973027999833,screening,1997,2001,64_32,0.1,101223,0.953198127925117,0.16666666666666666,24,0.17973421921672006,0.08211821704702482,641,0
20,26,46,0.17973420023918152,False,4101,2.2068872059999194,screening,1997,2001,64_32,0.1,101223,0.953198127925117,0.16666666666666666,24,0.17973421921672006,0.08211821704702482,641,0
50,26,76,0.17973420023918152,False,4101,3.7497772000001532,screening,1997,2001,64_32,0.1,101223,0.953198127925117,0.16666666666666666,24,0.17973421921672006,0.08211821704702482,641,0
10,17,27,0.1736706644296646,False,4101,1.2208219419999295,screening,1997,2001,64_32,0.1,101224,0.9500780031201248,0.16666666666666666,24,0.17367067007478357,0.08056789758186139,641,0
20,29,49,0.17261186242103577,False,4101,2.360444990999895,screening,1997,2001,64_32,0.1,101224,0.9500780031201248,0.20833333333333334,24,0.17261185688001499,0.08054231044045417,641,0
50,29,79,0.17261186242103577,False,4101,3.72317853200002,screening,1997,2001,64_32,0.1,101224,0.9500780031201248,0.20833333333333334,24,0.17261185688001499,0.08054231044045417,641,0
10,21,31,0.22654372453689575,False,4101,1.6292817430003197,screening,1997,2001,64_32,0.1,101225,0.9235569422776911,0.08333333333333333,24,0.2265436935290771,0.11866818783109846,641,0
20,21,41,0.22654372453689575,False,4101,2.0722747000004347,screening,1997,2001,64_32,0.1,101225,0.9235569422776911,0.08333333333333333,24,0.2265436935290771,0.11866818783109846,641,0
50,21,71,0.22654372453689575,False,4101,3.536848289000318,screening,1997,2001,64_32,0.1,101225,0.9235569422776911,0.08333333333333333,24,0.2265436935290771,0.11866818783109846,641,0
10,13,23,0.18853230774402618,False,4101,1.0994992949999869,screening,1997,2001,64_32,0.2,101223,0.9438377535101404,0.08333333333333333,24,0.18853230236177396,0.08868075057102623,641,0
20,26,46,0.1884874701499939,False,4101,2.1928264349999154,screening,1997,2001,64_32,0.2,101223,0.9563182527301092,0.125,24,0.1884874951691351,0.08567705782041442,641,0
50,26,76,0.1884874701499939,False,4101,3.573297213999922,screening,1997,2001,64_32,0.2,101223,0.9563182527301092,0.125,24,0.1884874951691351,0.08567705782041442,641,0
10,11,21,0.16954828798770905,False,4101,0.9748353380000481,screening,1997,2001,64_32,0.2,101224,0.9609984399375975,0.16666666666666666,24,0.16954829065166244,0.07583533622878945,641,0
20,11,31,0.16954828798770905,False,4101,1.4431863400000111,screening,1997,2001,64_32,0.2,101224,0.9609984399375975,0.16666666666666666,24,0.16954829065166244,0.07583533622878945,641,0
50,11,61,0.16954828798770905,False,4101,2.88688335300003,screening,1997,2001,64_32,0.2,101224,0.9609984399375975,0.16666666666666666,24,0.16954829065166244,0.07583533622878945,641,0
10,16,26,0.2184191197156906,False,4101,1.4210720800001582,screening,1997,2001,64_32,0.2,101225,0.9235569422776911,0.08333333333333333,24,0.21841911641288844,0.11205428304572575,641,0
20,16,36,0.2184191197156906,False,4101,1.999796128000071,screening,1997,2001,64_32,0.2,101225,0.9235569422776911,0.08333333333333333,24,0.21841911641288844,0.11205428304572575,641,0
50,16,66,0.2184191197156906,False,4101,3.4190538929997274,screening,1997,2001,64_32,0.2,101225,0.9235569422776911,0.08333333333333333,24,0.21841911641288844,0.11205428304572575,641,0
10,5,15,0.1874312311410904,False,4101,0.7473907759999747,screening,1997,2001,64_32,0.3,101223,0.953198127925117,0.08333333333333333,24,0.18743122160031597,0.0827324543969284,641,0
20,5,25,0.1874312311410904,False,4101,1.2001871610000308,screening,1997,2001,64_32,0.3,101223,0.953198127925117,0.08333333333333333,24,0.18743122160031597,0.0827324543969284,641,0
50,5,55,0.1874312311410904,False,4101,2.695050363000064,screening,1997,2001,64_32,0.3,101223,0.953198127925117,0.08333333333333333,24,0.18743122160031597,0.0827324543969284,641,0
10,11,21,0.172989159822464,False,4101,1.0631086260000302,screening,1997,2001,64_32,0.3,101224,0.9625585023400937,0.08333333333333333,24,0.17298915315429586,0.0757188357852076,641,0
20,11,31,0.172989159822464,False,4101,1.5316655809997428,screening,1997,2001,64_32,0.3,101224,0.9625585023400937,0.08333333333333333,24,0.17298915315429586,0.0757188357852076,641,0
50,11,61,0.172989159822464,False,4101,3.0065646670000206,screening,1997,2001,64_32,0.3,101224,0.9625585023400937,0.08333333333333333,24,0.17298915315429586,0.0757188357852076,641,0
10,16,26,0.22730256617069244,False,4101,1.2833086760001606,screening,1997,2001,64_32,0.3,101225,0.9188767550702028,0.08333333333333333,24,0.22730256060325968,0.11563573775117221,641,0
20,16,36,0.22730256617069244,False,4101,1.7456622929998957,screening,1997,2001,64_32,0.3,101225,0.9188767550702028,0.08333333333333333,24,0.22730256060325968,0.11563573775117221,641,0
50,16,66,0.22730256617069244,False,4101,3.1418609689999357,screening,1997,2001,64_32,0.3,101225,0.9188767550702028,0.08333333333333333,24,0.22730256060325968,0.11563573775117221,641,0
10,5,15,0.18654505908489227,False,4101,0.6680356679999022,screening,1997,2001,64_32,0.5,101223,0.9516380655226209,0.08333333333333333,24,0.18654505065591367,0.08314680562284674,641,0
20,5,25,0.18654505908489227,False,4101,1.2490370870000334,screening,1997,2001,64_32,0.5,101223,0.9516380655226209,0.08333333333333333,24,0.18654505065591367,0.08314680562284674,641,0
50,5,55,0.18654505908489227,False,4101,2.794375098999808,screening,1997,2001,64_32,0.5,101223,0.9516380655226209,0.08333333333333333,24,0.18654505065591367,0.08314680562284674,641,0
10,3,13,0.1743718981742859,False,4101,0.6035758039997745,screening,1997,2001,64_32,0.5,101224,0.9625585023400937,0.20833333333333334,24,0.17437188589380792,0.07408410669976759,641,0
20,3,23,0.1743718981742859,False,4101,1.047738463999849,screening,1997,2001,64_32,0.5,101224,0.9625585023400937,0.20833333333333334,24,0.17437188589380792,0.07408410669976759,641,0
50,3,53,0.1743718981742859,False,4101,2.425692716999947,screening,1997,2001,64_32,0.5,101224,0.9625585023400937,0.20833333333333334,24,0.17437188589380792,0.07408410669976759,641,0
10,2,12,0.24805587530136108,False,4101,0.6188306700000794,screening,1997,2001,64_32,0.5,101225,0.9235569422776911,0.125,24,0.2480558553721323,0.12531208721691117,641,0
20,14,34,0.2330121397972107,False,4101,1.8432214129998101,screening,1997,2001,64_32,0.5,101225,0.9188767550702028,0.16666666666666666,24,0.2330121492292981,0.12290896449235778,641,0
50,14,64,0.2330121397972107,False,4101,3.8246010699999715,screening,1997,2001,64_32,0.5,101225,0.9188767550702028,0.16666666666666666,24,0.2330121492292981,0.12290896449235778,641,0
10,5,15,0.21071705222129822,False,4101,0.7691485149998698,screening,1997,2001,64_32,1.0,101223,0.9360374414976599,0.125,24,0.2107170249688968,0.09667359250069381,641,0
20,5,25,0.21071705222129822,False,4101,1.3151177459999417,screening,1997,2001,64_32,1.0,101223,0.9360374414976599,0.125,24,0.2107170249688968,0.09667359250069381,641,0
50,5,55,0.21071705222129822,False,4101,2.6549634660000265,screening,1997,2001,64_32,1.0,101223,0.9360374414976599,0.125,24,0.2107170249688968,0.09667359250069381,641,0
10,2,12,0.17861159145832062,False,4101,0.5338228189998517,screening,1997,2001,64_32,1.0,101224,0.9594383775351014,0.16666666666666666,24,0.1786115800783814,0.07625760445575602,641,0
20,2,22,0.17861159145832062,False,4101,0.971484448999945,screening,1997,2001,64_32,1.0,101224,0.9594383775351014,0.16666666666666666,24,0.1786115800783814,0.07625760445575602,641,0
50,2,52,0.17861159145832062,False,4101,2.5971624569997402,screening,1997,2001,64_32,1.0,101224,0.9594383775351014,0.16666666666666666,24,0.1786115800783814,0.07625760445575602,641,0
10,2,12,0.24186697602272034,False,4101,0.5489943950001361,screening,1997,2001,64_32,1.0,101225,0.9204368174726989,0.08333333333333333,24,0.24186698002493887,0.1207502694919361,641,0
20,2,22,0.24186697602272034,False,4101,1.003302911999981,screening,1997,2001,64_32,1.0,101225,0.9204368174726989,0.08333333333333333,24,0.24186698002493887,0.1207502694919361,641,0
50,2,52,0.24186697602272034,False,4101,2.3725188270000217,screening,1997,2001,64_32,1.0,101225,0.9204368174726989,0.08333333333333333,24,0.24186698002493887,0.1207502694919361,641,0
