candidate,election,accuracy,evaluation_rows,changed_seat_accuracy,changed_seat_evaluation_rows,retained_seat_accuracy,retained_seat_evaluation_rows,macro_f1,log_loss,previous_winner_accuracy,previous_winner_known_rows,seat_error_con,seat_error_lab,seat_error_lib,seat_error_natSW,seat_error_oth,runtime_seconds,configuration,inner_accuracy,fit_record,seed_metrics,seed_accuracy_std
XGBoost,2005,0.9156050955414012,628,0.2631578947368421,57,0.9807355516637478,571,0.651570288064756,0.2747121338947497,0.9092356687898089,628,-11,29,-13,-1,-4,4.640195553000012,"{'n_estimators': 100, 'max_depth': 2, 'learning_rate': 0.05, 'min_child_weight': 1, 'gamma': 0, 'subsample': 1, 'colsample_bytree': 1, 'reg_alpha': 0, 'reg_lambda': 1, 'tree_method': 'hist', 'random_state': 42, 'n_jobs': 1}",0.8868954758190328,"{'training_years': (1987, 1992, 1997, 2001), 'configuration': {'n_estimators': 100, 'max_depth': 2, 'learning_rate': 0.05, 'min_child_weight': 1, 'gamma': 0, 'subsample': 1, 'colsample_bytree': 1, 'reg_alpha': 0, 'reg_lambda': 1, 'tree_method': 'hist', 'random_state': 42, 'n_jobs': 1}, 'validation_year': None, 'runs': []}",{},
Random Forest,2005,0.9060509554140127,628,0.0,57,0.9964973730297724,571,0.6834635531470966,0.29879162230030304,0.9092356687898089,628,-32,47,-11,0,-4,33.11061589700057,"{'n_estimators': 300, 'max_depth': 5, 'min_samples_leaf': 1, 'max_features': 0.5, 'min_samples_split': 2, 'bootstrap': True, 'criterion': 'gini', 'class_weight': None, 'random_state': 42, 'n_jobs': 1}",0.8868954758190328,"{'training_years': (1987, 1992, 1997, 2001), 'configuration': {'n_estimators': 300, 'max_depth': 5, 'min_samples_leaf': 1, 'max_features': 0.5, 'min_samples_split': 2, 'bootstrap': True, 'criterion': 'gini', 'class_weight': None, 'random_state': 42, 'n_jobs': 1}, 'validation_year': None, 'runs': []}",{},
Logistic Regression,2005,0.9124203821656051,628,0.2631578947368421,57,0.9772329246935202,571,0.6840603885738068,0.27586525900213177,0.9092356687898089,628,-4,34,-25,-1,-4,0.9950848319995202,"{'C': 0.1, 'penalty': 'l2', 'solver': 'lbfgs', 'max_iter': 1000, 'tol': 0.0001, 'class_weight': None}",0.87597503900156,"{'training_years': (1987, 1992, 1997, 2001), 'configuration': {'C': 0.1, 'penalty': 'l2', 'solver': 'lbfgs', 'max_iter': 1000, 'tol': 0.0001, 'class_weight': None}, 'validation_year': None, 'runs': []}",{},
NN01: 32/16 validation-selected rate,2005,0.9140127388535032,628,0.3333333333333333,57,0.9719789842381786,571,0.6952715922076885,0.2564897366865306,0.9092356687898089,628,3,14,-12,-1,-4,83.94278029899942,"{'hidden_sizes': (32, 16), 'seeds': (101223, 101224, 101225, 101226, 101227, 101228, 101229, 101230, 101231, 101232), 'batch_size': 64, 'max_epochs': 1000, 'patience': 20, 'min_delta': 0.0, 'momentum': 0.0, 'weight_decay': 0.0, 'learning_rate': 0.5}",0.890795631825273,"{'training_years': (1987, 1992, 1997, 2001), 'configuration': {'hidden_sizes': (32, 16), 'learning_rate': 0.5, 'seeds': (101223, 101224, 101225, 101226, 101227, 101228, 101229, 101230, 101231, 101232), 'batch_size': 64, 'max_epochs': 1000, 'patience': 20, 'min_delta': 0.0, 'momentum': 0.0, 'weight_decay': 0.0}, 'validation_year': None, 'runs': [{'seed': 101223, 'learning_rate': 0.5, 'best_epoch': None, 'stopping_epoch': 6, 'best_validation_loss': None, 'duration': 6}, {'seed': 101224, 'learning_rate': 0.5, 'best_epoch': None, 'stopping_epoch': 8, 'best_validation_loss': None, 'duration': 8}, {'seed': 101225, 'learning_rate': 0.5, 'best_epoch': None, 'stopping_epoch': 11, 'best_validation_loss': None, 'duration': 11}, {'seed': 101226, 'learning_rate': 0.5, 'best_epoch': None, 'stopping_epoch': 8, 'best_validation_loss': None, 'duration': 8}, {'seed': 101227, 'learning_rate': 0.5, 'best_epoch': None, 'stopping_epoch': 8, 'best_validation_loss': None, 'duration': 8}, {'seed': 101228, 'learning_rate': 0.5, 'best_epoch': None, 'stopping_epoch': 2, 'best_validation_loss': None, 'duration': 2}, {'seed': 101229, 'learning_rate': 0.5, 'best_epoch': None, 'stopping_epoch': 6, 'best_validation_loss': None, 'duration': 6}, {'seed': 101230, 'learning_rate': 0.5, 'best_epoch': None, 'stopping_epoch': 4, 'best_validation_loss': None, 'duration': 4}, {'seed': 101231, 'learning_rate': 0.5, 'best_epoch': None, 'stopping_epoch': 7, 'best_validation_loss': None, 'duration': 7}, {'seed': 101232, 'learning_rate': 0.5, 'best_epoch': None, 'stopping_epoch': 3, 'best_validation_loss': None, 'duration': 3}]}","{101223: {'accuracy': 0.8853503184713376, 'evaluation_rows': 628, 'changed_seat_accuracy': 0.47368421052631576, 'changed_seat_evaluation_rows': 57, 'retained_seat_accuracy': 0.9264448336252189, 'retained_seat_evaluation_rows': 571, 'macro_f1': 0.6844267622357345, 'log_loss': 0.2998286372216222, 'previous_winner_accuracy': 0.9092356687898089, 'previous_winner_known_rows': 628, 'seat_error_con': 37, 'seat_error_lab': -21, 'seat_error_lib': -11, 'seat_error_natSW': -1, 'seat_error_oth': -4}, 101224: {'accuracy': 0.910828025477707, 'evaluation_rows': 628, 'changed_seat_accuracy': 0.543859649122807, 'changed_seat_evaluation_rows': 57, 'retained_seat_accuracy': 0.9474605954465849, 'retained_seat_evaluation_rows': 571, 'macro_f1': 0.6816299687665378, 'log_loss': 0.29215418153917283, 'previous_winner_accuracy': 0.9092356687898089, 'previous_winner_known_rows': 628, 'seat_error_con': 26, 'seat_error_lab': 0, 'seat_error_lib': -22, 'seat_error_natSW': 0, 'seat_error_oth': -4}, 101225: {'accuracy': 0.893312101910828, 'evaluation_rows': 628, 'changed_seat_accuracy': 0.43859649122807015, 'changed_seat_evaluation_rows': 57, 'retained_seat_accuracy': 0.9387040280210157, 'retained_seat_evaluation_rows': 571, 'macro_f1': 0.6862523193674633, 'log_loss': 0.3111583693039796, 'previous_winner_accuracy': 0.9092356687898089, 'previous_winner_known_rows': 628, 'seat_error_con': 27, 'seat_error_lab': -10, 'seat_error_lib': -12, 'seat_error_natSW': -1, 'seat_error_oth': -4}, 101226: {'accuracy': 0.9171974522292994, 'evaluation_rows': 628, 'changed_seat_accuracy': 0.3508771929824561, 'changed_seat_evaluation_rows': 57, 'retained_seat_accuracy': 0.9737302977232924, 'retained_seat_evaluation_rows': 571, 'macro_f1': 0.652146242497287, 'log_loss': 0.26201115767789523, 'previous_winner_accuracy': 0.9092356687898089, 'previous_winner_known_rows': 628, 'seat_error_con': -9, 'seat_error_lab': 23, 'seat_error_lib': -6, 'seat_error_natSW': -4, 'seat_error_oth': -4}, 101227: {'accuracy': 0.9044585987261147, 'evaluation_rows': 628, 'changed_seat_accuracy': 0.05263157894736842, 'changed_seat_evaluation_rows': 57, 'retained_seat_accuracy': 0.989492119089317, 'retained_seat_evaluation_rows': 571, 'macro_f1': 0.6850035461284639, 'log_loss': 0.3187785545526227, 'previous_winner_accuracy': 0.9092356687898089, 'previous_winner_known_rows': 628, 'seat_error_con': -23, 'seat_error_lab': 44, 'seat_error_lib': -16, 'seat_error_natSW': -1, 'seat_error_oth': -4}, 101228: {'accuracy': 0.9092356687898089, 'evaluation_rows': 628, 'changed_seat_accuracy': 0.47368421052631576, 'changed_seat_evaluation_rows': 57, 'retained_seat_accuracy': 0.9527145359019265, 'retained_seat_evaluation_rows': 571, 'macro_f1': 0.7004757249287735, 'log_loss': 0.266763699053464, 'previous_winner_accuracy': 0.9092356687898089, 'previous_winner_known_rows': 628, 'seat_error_con': 16, 'seat_error_lab': -5, 'seat_error_lib': -6, 'seat_error_natSW': -1, 'seat_error_oth': -4}, 101229: {'accuracy': 0.9156050955414012, 'evaluation_rows': 628, 'changed_seat_accuracy': 0.38596491228070173, 'changed_seat_evaluation_rows': 57, 'retained_seat_accuracy': 0.968476357267951, 'retained_seat_evaluation_rows': 571, 'macro_f1': 0.6772982643421565, 'log_loss': 0.2731813369318371, 'previous_winner_accuracy': 0.9092356687898089, 'previous_winner_known_rows': 628, 'seat_error_con': 7, 'seat_error_lab': 22, 'seat_error_lib': -25, 'seat_error_natSW': 0, 'seat_error_oth': -4}, 101230: {'accuracy': 0.8726114649681529, 'evaluation_rows': 628, 'changed_seat_accuracy': 0.6140350877192983, 'changed_seat_evaluation_rows': 57, 'retained_seat_accuracy': 0.8984238178633975, 'retained_seat_evaluation_rows': 571, 'macro_f1': 0.6924920634920635, 'log_loss': 0.31825150461628043, 'previous_winner_accuracy': 0.9092356687898089, 'previous_winner_known_rows': 628, 'seat_error_con': 54, 'seat_error_lab': -38, 'seat_error_lib': -12, 'seat_error_natSW': 0, 'seat_error_oth': -4}, 101231: {'accuracy': 0.9092356687898089, 'evaluation_rows': 628, 'changed_seat_accuracy': 0.49122807017543857, 'changed_seat_evaluation_rows': 57, 'retained_seat_accuracy': 0.9509632224168126, 'retained_seat_evaluation_rows': 571, 'macro_f1': 0.6249561177806584, 'log_loss': 0.3011025428398272, 'previous_winner_accuracy': 0.9092356687898089, 'previous_winner_known_rows': 628, 'seat_error_con': 20, 'seat_error_lab': 13, 'seat_error_lib': -26, 'seat_error_natSW': -3, 'seat_error_oth': -4}, 101232: {'accuracy': 0.9044585987261147, 'evaluation_rows': 628, 'changed_seat_accuracy': 0.07017543859649122, 'changed_seat_evaluation_rows': 57, 'retained_seat_accuracy': 0.9877408056042032, 'retained_seat_evaluation_rows': 571, 'macro_f1': 0.6769028458391404, 'log_loss': 0.2788000156465095, 'previous_winner_accuracy': 0.9092356687898089, 'previous_winner_known_rows': 628, 'seat_error_con': -32, 'seat_error_lab': 44, 'seat_error_lib': -6, 'seat_error_natSW': -2, 'seat_error_oth': -4}}",0.013515347244536898
NN02: 64/32 validation-selected rate,2005,0.9219745222929936,628,0.3684210526315789,57,0.9772329246935202,571,0.6993347200445221,0.2740669203620411,0.9092356687898089,628,1,16,-12,-1,-4,307.54738132200055,"{'hidden_sizes': (64, 32), 'seeds': (101223, 101224, 101225, 101226, 101227, 101228, 101229, 101230, 101231, 101232), 'batch_size': 64, 'max_epochs': 1000, 'patience': 20, 'min_delta': 0.0, 'momentum': 0.0, 'weight_decay': 0.0, 'learning_rate': 0.5}",0.8954758190327613,"{'training_years': (1987, 1992, 1997, 2001), 'configuration': {'hidden_sizes': (64, 32), 'learning_rate': 0.5, 'seeds': (101223, 101224, 101225, 101226, 101227, 101228, 101229, 101230, 101231, 101232), 'batch_size': 64, 'max_epochs': 1000, 'patience': 20, 'min_delta': 0.0, 'momentum': 0.0, 'weight_decay': 0.0}, 'validation_year': None, 'runs': [{'seed': 101223, 'learning_rate': 0.5, 'best_epoch': None, 'stopping_epoch': 6, 'best_validation_loss': None, 'duration': 6}, {'seed': 101224, 'learning_rate': 0.5, 'best_epoch': None, 'stopping_epoch': 8, 'best_validation_loss': None, 'duration': 8}, {'seed': 101225, 'learning_rate': 0.5, 'best_epoch': None, 'stopping_epoch': 6, 'best_validation_loss': None, 'duration': 6}, {'seed': 101226, 'learning_rate': 0.5, 'best_epoch': None, 'stopping_epoch': 8, 'best_validation_loss': None, 'duration': 8}, {'seed': 101227, 'learning_rate': 0.5, 'best_epoch': None, 'stopping_epoch': 7, 'best_validation_loss': None, 'duration': 7}, {'seed': 101228, 'learning_rate': 0.5, 'best_epoch': None, 'stopping_epoch': 9, 'best_validation_loss': None, 'duration': 9}, {'seed': 101229, 'learning_rate': 0.5, 'best_epoch': None, 'stopping_epoch': 13, 'best_validation_loss': None, 'duration': 13}, {'seed': 101230, 'learning_rate': 0.5, 'best_epoch': None, 'stopping_epoch': 9, 'best_validation_loss': None, 'duration': 9}, {'seed': 101231, 'learning_rate': 0.5, 'best_epoch': None, 'stopping_epoch': 20, 'best_validation_loss': None, 'duration': 20}, {'seed': 101232, 'learning_rate': 0.5, 'best_epoch': None, 'stopping_epoch': 3, 'best_validation_loss': None, 'duration': 3}]}","{101223: {'accuracy': 0.8869426751592356, 'evaluation_rows': 628, 'changed_seat_accuracy': 0.5087719298245614, 'changed_seat_evaluation_rows': 57, 'retained_seat_accuracy': 0.9246935201401051, 'retained_seat_evaluation_rows': 571, 'macro_f1': 0.6951026416201243, 'log_loss': 0.2978622219042993, 'previous_winner_accuracy': 0.9092356687898089, 'previous_winner_known_rows': 628, 'seat_error_con': 39, 'seat_error_lab': -22, 'seat_error_lib': -11, 'seat_error_natSW': -2, 'seat_error_oth': -4}, 101224: {'accuracy': 0.928343949044586, 'evaluation_rows': 628, 'changed_seat_accuracy': 0.3508771929824561, 'changed_seat_evaluation_rows': 57, 'retained_seat_accuracy': 0.9859894921190894, 'retained_seat_evaluation_rows': 571, 'macro_f1': 0.6907253407253406, 'log_loss': 0.2653452985891235, 'previous_winner_accuracy': 0.9092356687898089, 'previous_winner_known_rows': 628, 'seat_error_con': -6, 'seat_error_lab': 30, 'seat_error_lib': -20, 'seat_error_natSW': 0, 'seat_error_oth': -4}, 101225: {'accuracy': 0.910828025477707, 'evaluation_rows': 628, 'changed_seat_accuracy': 0.19298245614035087, 'changed_seat_evaluation_rows': 57, 'retained_seat_accuracy': 0.9824868651488616, 'retained_seat_evaluation_rows': 571, 'macro_f1': 0.6363099419496663, 'log_loss': 0.3048763313062957, 'previous_winner_accuracy': 0.9092356687898089, 'previous_winner_known_rows': 628, 'seat_error_con': -15, 'seat_error_lab': 41, 'seat_error_lib': -19, 'seat_error_natSW': -3, 'seat_error_oth': -4}, 101226: {'accuracy': 0.9251592356687898, 'evaluation_rows': 628, 'changed_seat_accuracy': 0.3508771929824561, 'changed_seat_evaluation_rows': 57, 'retained_seat_accuracy': 0.9824868651488616, 'retained_seat_evaluation_rows': 571, 'macro_f1': 0.6875320900523543, 'log_loss': 0.27143882622147314, 'previous_winner_accuracy': 0.9092356687898089, 'previous_winner_known_rows': 628, 'seat_error_con': -9, 'seat_error_lab': 23, 'seat_error_lib': -8, 'seat_error_natSW': -2, 'seat_error_oth': -4}, 101227: {'accuracy': 0.9187898089171974, 'evaluation_rows': 628, 'changed_seat_accuracy': 0.19298245614035087, 'changed_seat_evaluation_rows': 57, 'retained_seat_accuracy': 0.9912434325744308, 'retained_seat_evaluation_rows': 571, 'macro_f1': 0.6993463486674847, 'log_loss': 0.2774533994805993, 'previous_winner_accuracy': 0.9092356687898089, 'previous_winner_known_rows': 628, 'seat_error_con': -20, 'seat_error_lab': 34, 'seat_error_lib': -9, 'seat_error_natSW': -1, 'seat_error_oth': -4}, 101228: {'accuracy': 0.8343949044585988, 'evaluation_rows': 628, 'changed_seat_accuracy': 0.5789473684210527, 'changed_seat_evaluation_rows': 57, 'retained_seat_accuracy': 0.8598949211908932, 'retained_seat_evaluation_rows': 571, 'macro_f1': 0.6272637409233053, 'log_loss': 0.4400289814821054, 'previous_winner_accuracy': 0.9092356687898089, 'previous_winner_known_rows': 628, 'seat_error_con': 79, 'seat_error_lab': -48, 'seat_error_lib': -28, 'seat_error_natSW': 1, 'seat_error_oth': -4}, 101229: {'accuracy': 0.9156050955414012, 'evaluation_rows': 628, 'changed_seat_accuracy': 0.40350877192982454, 'changed_seat_evaluation_rows': 57, 'retained_seat_accuracy': 0.9667250437828371, 'retained_seat_evaluation_rows': 571, 'macro_f1': 0.6658428429528113, 'log_loss': 0.301439104798143, 'previous_winner_accuracy': 0.9092356687898089, 'previous_winner_known_rows': 628, 'seat_error_con': 8, 'seat_error_lab': 11, 'seat_error_lib': -12, 'seat_error_natSW': -3, 'seat_error_oth': -4}, 101230: {'accuracy': 0.8264331210191083, 'evaluation_rows': 628, 'changed_seat_accuracy': 0.5964912280701754, 'changed_seat_evaluation_rows': 57, 'retained_seat_accuracy': 0.8493870402802102, 'retained_seat_evaluation_rows': 571, 'macro_f1': 0.5911881316620194, 'log_loss': 0.4283869483064113, 'previous_winner_accuracy': 0.9092356687898089, 'previous_winner_known_rows': 628, 'seat_error_con': 88, 'seat_error_lab': -52, 'seat_error_lib': -28, 'seat_error_natSW': -4, 'seat_error_oth': -4}, 101231: {'accuracy': 0.9156050955414012, 'evaluation_rows': 628, 'changed_seat_accuracy': 0.42105263157894735, 'changed_seat_evaluation_rows': 57, 'retained_seat_accuracy': 0.9649737302977233, 'retained_seat_evaluation_rows': 571, 'macro_f1': 0.6017814963430946, 'log_loss': 0.3711232656561953, 'previous_winner_accuracy': 0.9092356687898089, 'previous_winner_known_rows': 628, 'seat_error_con': 7, 'seat_error_lab': 21, 'seat_error_lib': -18, 'seat_error_natSW': -6, 'seat_error_oth': -4}, 101232: {'accuracy': 0.9124203821656051, 'evaluation_rows': 628, 'changed_seat_accuracy': 0.19298245614035087, 'changed_seat_evaluation_rows': 57, 'retained_seat_accuracy': 0.9842381786339754, 'retained_seat_evaluation_rows': 571, 'macro_f1': 0.6936193504329113, 'log_loss': 0.2809674344039311, 'previous_winner_accuracy': 0.9092356687898089, 'previous_winner_known_rows': 628, 'seat_error_con': -30, 'seat_error_lab': 37, 'seat_error_lib': -2, 'seat_error_natSW': -1, 'seat_error_oth': -4}}",0.03517054189115546
NN03: 16 units fixed rate 0.3,2005,0.910828025477707,628,0.45614035087719296,57,0.9562171628721541,571,0.6905171793186181,0.2805844813105421,0.9092356687898089,628,19,8,-22,-1,-4,23.998412725999515,"{'hidden_sizes': (16,), 'seeds': (101223, 101224, 101225, 101226, 101227, 101228, 101229, 101230, 101231, 101232), 'batch_size': 64, 'max_epochs': 1000, 'patience': 20, 'min_delta': 0.0, 'momentum': 0.0, 'weight_decay': 0.0, 'learning_rate': 0.3}",0.8861154446177848,"{'training_years': (1987, 1992, 1997, 2001), 'configuration': {'hidden_sizes': (16,), 'learning_rate': 0.3, 'seeds': (101223, 101224, 101225, 101226, 101227, 101228, 101229, 101230, 101231, 101232), 'batch_size': 64, 'max_epochs': 1000, 'patience': 20, 'min_delta': 0.0, 'momentum': 0.0, 'weight_decay': 0.0}, 'validation_year': None, 'runs': [{'seed': 101223, 'learning_rate': 0.3, 'best_epoch': None, 'stopping_epoch': 17, 'best_validation_loss': None, 'duration': 17}, {'seed': 101224, 'learning_rate': 0.3, 'best_epoch': None, 'stopping_epoch': 22, 'best_validation_loss': None, 'duration': 22}, {'seed': 101225, 'learning_rate': 0.3, 'best_epoch': None, 'stopping_epoch': 11, 'best_validation_loss': None, 'duration': 11}, {'seed': 101226, 'learning_rate': 0.3, 'best_epoch': None, 'stopping_epoch': 10, 'best_validation_loss': None, 'duration': 10}, {'seed': 101227, 'learning_rate': 0.3, 'best_epoch': None, 'stopping_epoch': 8, 'best_validation_loss': None, 'duration': 8}, {'seed': 101228, 'learning_rate': 0.3, 'best_epoch': None, 'stopping_epoch': 16, 'best_validation_loss': None, 'duration': 16}, {'seed': 101229, 'learning_rate': 0.3, 'best_epoch': None, 'stopping_epoch': 18, 'best_validation_loss': None, 'duration': 18}, {'seed': 101230, 'learning_rate': 0.3, 'best_epoch': None, 'stopping_epoch': 22, 'best_validation_loss': None, 'duration': 22}, {'seed': 101231, 'learning_rate': 0.3, 'best_epoch': None, 'stopping_epoch': 18, 'best_validation_loss': None, 'duration': 18}, {'seed': 101232, 'learning_rate': 0.3, 'best_epoch': None, 'stopping_epoch': 12, 'best_validation_loss': None, 'duration': 12}]}","{101223: {'accuracy': 0.9140127388535032, 'evaluation_rows': 628, 'changed_seat_accuracy': 0.42105263157894735, 'changed_seat_evaluation_rows': 57, 'retained_seat_accuracy': 0.9632224168126094, 'retained_seat_evaluation_rows': 571, 'macro_f1': 0.683724412977525, 'log_loss': 0.2695570674207105, 'previous_winner_accuracy': 0.9092356687898089, 'previous_winner_known_rows': 628, 'seat_error_con': 11, 'seat_error_lab': 13, 'seat_error_lib': -20, 'seat_error_natSW': 0, 'seat_error_oth': -4}, 101224: {'accuracy': 0.8949044585987261, 'evaluation_rows': 628, 'changed_seat_accuracy': 0.5263157894736842, 'changed_seat_evaluation_rows': 57, 'retained_seat_accuracy': 0.9316987740805605, 'retained_seat_evaluation_rows': 571, 'macro_f1': 0.6509435731053975, 'log_loss': 0.3173319411703317, 'previous_winner_accuracy': 0.9092356687898089, 'previous_winner_known_rows': 628, 'seat_error_con': 35, 'seat_error_lab': -5, 'seat_error_lib': -23, 'seat_error_natSW': -3, 'seat_error_oth': -4}, 101225: {'accuracy': 0.9044585987261147, 'evaluation_rows': 628, 'changed_seat_accuracy': 0.3333333333333333, 'changed_seat_evaluation_rows': 57, 'retained_seat_accuracy': 0.9614711033274956, 'retained_seat_evaluation_rows': 571, 'macro_f1': 0.6850323841389223, 'log_loss': 0.28087486188324046, 'previous_winner_accuracy': 0.9092356687898089, 'previous_winner_known_rows': 628, 'seat_error_con': 9, 'seat_error_lab': 19, 'seat_error_lib': -23, 'seat_error_natSW': -1, 'seat_error_oth': -4}, 101226: {'accuracy': 0.8885350318471338, 'evaluation_rows': 628, 'changed_seat_accuracy': 0.5087719298245614, 'changed_seat_evaluation_rows': 57, 'retained_seat_accuracy': 0.9264448336252189, 'retained_seat_evaluation_rows': 571, 'macro_f1': 0.664959238946472, 'log_loss': 0.3005780874398076, 'previous_winner_accuracy': 0.9092356687898089, 'previous_winner_known_rows': 628, 'seat_error_con': 38, 'seat_error_lab': -4, 'seat_error_lib': -29, 'seat_error_natSW': -1, 'seat_error_oth': -4}, 101227: {'accuracy': 0.910828025477707, 'evaluation_rows': 628, 'changed_seat_accuracy': 0.22807017543859648, 'changed_seat_evaluation_rows': 57, 'retained_seat_accuracy': 0.978984238178634, 'retained_seat_evaluation_rows': 571, 'macro_f1': 0.681002714798368, 'log_loss': 0.27047270748728436, 'previous_winner_accuracy': 0.9092356687898089, 'previous_winner_known_rows': 628, 'seat_error_con': -8, 'seat_error_lab': 34, 'seat_error_lib': -22, 'seat_error_natSW': 0, 'seat_error_oth': -4}, 101228: {'accuracy': 0.9235668789808917, 'evaluation_rows': 628, 'changed_seat_accuracy': 0.3333333333333333, 'changed_seat_evaluation_rows': 57, 'retained_seat_accuracy': 0.9824868651488616, 'retained_seat_evaluation_rows': 571, 'macro_f1': 0.7009688440751191, 'log_loss': 0.27377698356664915, 'previous_winner_accuracy': 0.9092356687898089, 'previous_winner_known_rows': 628, 'seat_error_con': -3, 'seat_error_lab': 21, 'seat_error_lib': -13, 'seat_error_natSW': -1, 'seat_error_oth': -4}, 101229: {'accuracy': 0.9156050955414012, 'evaluation_rows': 628, 'changed_seat_accuracy': 0.3508771929824561, 'changed_seat_evaluation_rows': 57, 'retained_seat_accuracy': 0.9719789842381786, 'retained_seat_evaluation_rows': 571, 'macro_f1': 0.697265834570352, 'log_loss': 0.2575973769804655, 'previous_winner_accuracy': 0.9092356687898089, 'previous_winner_known_rows': 628, 'seat_error_con': 4, 'seat_error_lab': 14, 'seat_error_lib': -13, 'seat_error_natSW': -1, 'seat_error_oth': -4}, 101230: {'accuracy': 0.8471337579617835, 'evaluation_rows': 628, 'changed_seat_accuracy': 0.5614035087719298, 'changed_seat_evaluation_rows': 57, 'retained_seat_accuracy': 0.8756567425569177, 'retained_seat_evaluation_rows': 571, 'macro_f1': 0.6046026943526611, 'log_loss': 0.3734172459429115, 'previous_winner_accuracy': 0.9092356687898089, 'previous_winner_known_rows': 628, 'seat_error_con': 70, 'seat_error_lab': -36, 'seat_error_lib': -26, 'seat_error_natSW': -4, 'seat_error_oth': -4}, 101231: {'accuracy': 0.9044585987261147, 'evaluation_rows': 628, 'changed_seat_accuracy': 0.49122807017543857, 'changed_seat_evaluation_rows': 57, 'retained_seat_accuracy': 0.9457092819614711, 'retained_seat_evaluation_rows': 571, 'macro_f1': 0.6876579279393841, 'log_loss': 0.28385333191308665, 'previous_winner_accuracy': 0.9092356687898089, 'previous_winner_known_rows': 628, 'seat_error_con': 25, 'seat_error_lab': 2, 'seat_error_lib': -22, 'seat_error_natSW': -1, 'seat_error_oth': -4}, 101232: {'accuracy': 0.8853503184713376, 'evaluation_rows': 628, 'changed_seat_accuracy': 0.543859649122807, 'changed_seat_evaluation_rows': 57, 'retained_seat_accuracy': 0.9194395796847635, 'retained_seat_evaluation_rows': 571, 'macro_f1': 0.6584596848143647, 'log_loss': 0.3037653575213367, 'previous_winner_accuracy': 0.9092356687898089, 'previous_winner_known_rows': 628, 'seat_error_con': 45, 'seat_error_lab': -14, 'seat_error_lib': -25, 'seat_error_natSW': -2, 'seat_error_oth': -4}}",0.020752629464256253
XGBoost Expanded,2005,0.9203821656050956,628,0.2631578947368421,57,0.9859894921190894,571,0.6638546838795101,0.31412985448759295,0.9092356687898089,628,-16,32,-10,-2,-4,5.795962437000526,"{'n_estimators': 50, 'max_depth': 4, 'learning_rate': 0.05, 'min_child_weight': 1, 'gamma': 0, 'subsample': 1, 'colsample_bytree': 1, 'reg_alpha': 0, 'reg_lambda': 1, 'tree_method': 'hist', 'random_state': 42, 'n_jobs': 1}",0.8767550702028082,"{'training_years': (1987, 1992, 1997, 2001), 'configuration': {'n_estimators': 50, 'max_depth': 4, 'learning_rate': 0.05, 'min_child_weight': 1, 'gamma': 0, 'subsample': 1, 'colsample_bytree': 1, 'reg_alpha': 0, 'reg_lambda': 1, 'tree_method': 'hist', 'random_state': 42, 'n_jobs': 1}, 'validation_year': None, 'runs': []}",{},
Conditional XGBoost,2005,0.9092356687898089,628,0.0,57,1.0,571,0.8261946394169195,0.2627734409076917,0.9092356687898089,628,-32,46,-11,-1,-2,25.369945005999398,"{'n_estimators': 100, 'max_depth': 3, 'learning_rate': 0.05, 'min_child_weight': 1, 'gamma': 0, 'subsample': 1, 'colsample_bytree': 1, 'reg_alpha': 0, 'reg_lambda': 1, 'tree_method': 'hist', 'random_state': 42, 'n_jobs': 1, 'challenger.max_depth': 2, 'challenger.n_estimators': 25, 'change.max_depth': 2, 'change.n_estimators': 50}",0.8697347893915757,"{'training_years': (1987, 1992, 1997, 2001), 'configuration': {'change.n_estimators': 50, 'change.max_depth': 2, 'change.learning_rate': 0.05, 'change.min_child_weight': 1, 'change.gamma': 0, 'change.subsample': 1, 'change.colsample_bytree': 1, 'change.reg_alpha': 0, 'change.reg_lambda': 1, 'change.tree_method': 'hist', 'change.random_state': 42, 'change.n_jobs': 1, 'challenger.n_estimators': 25, 'challenger.max_depth': 2, 'challenger.learning_rate': 0.05, 'challenger.min_child_weight': 1, 'challenger.gamma': 0, 'challenger.subsample': 1, 'challenger.colsample_bytree': 1, 'challenger.reg_alpha': 0, 'challenger.reg_lambda': 1, 'challenger.tree_method': 'hist', 'challenger.random_state': 42, 'challenger.n_jobs': 1}, 'validation_year': None, 'runs': []}",{},
XGBoost,2010,0.8670886075949367,632,0.44642857142857145,112,0.9576923076923077,520,0.6762085549746265,0.3424356017521624,0.8227848101265823,632,-43,24,19,2,-2,3.1911101850000705,"{'n_estimators': 100, 'max_depth': 2, 'learning_rate': 0.05, 'min_child_weight': 1, 'gamma': 0, 'subsample': 1, 'colsample_bytree': 1, 'reg_alpha': 0, 'reg_lambda': 1, 'tree_method': 'hist', 'random_state': 42, 'n_jobs': 1}",0.8964653490598223,"{'training_years': (1987, 1992, 1997, 2001, 2005), 'configuration': {'n_estimators': 100, 'max_depth': 2, 'learning_rate': 0.05, 'min_child_weight': 1, 'gamma': 0, 'subsample': 1, 'colsample_bytree': 1, 'reg_alpha': 0, 'reg_lambda': 1, 'tree_method': 'hist', 'random_state': 42, 'n_jobs': 1}, 'validation_year': None, 'runs': []}",{},
Random Forest,2010,0.8718354430379747,632,0.4375,112,0.9653846153846154,520,0.6807690146641254,0.37191928878014674,0.8227848101265823,632,-45,25,22,0,-2,24.808296189999965,"{'n_estimators': 300, 'max_depth': None, 'min_samples_leaf': 5, 'max_features': 0.5, 'min_samples_split': 2, 'bootstrap': True, 'criterion': 'gini', 'class_weight': None, 'random_state': 42, 'n_jobs': 1}",0.895956093020791,"{'training_years': (1987, 1992, 1997, 2001, 2005), 'configuration': {'n_estimators': 300, 'max_depth': None, 'min_samples_leaf': 5, 'max_features': 0.5, 'min_samples_split': 2, 'bootstrap': True, 'criterion': 'gini', 'class_weight': None, 'random_state': 42, 'n_jobs': 1}, 'validation_year': None, 'runs': []}",{},
Logistic Regression,2010,0.8908227848101266,632,0.6964285714285714,112,0.9326923076923077,520,0.6754396667402938,0.29826994843296634,0.8227848101265823,632,10,-8,2,-2,-2,0.7392499830002635,"{'C': 0.1, 'penalty': 'l2', 'solver': 'lbfgs', 'max_iter': 1000, 'tol': 0.0001, 'class_weight': None}",0.8881234867229084,"{'training_years': (1987, 1992, 1997, 2001, 2005), 'configuration': {'C': 0.1, 'penalty': 'l2', 'solver': 'lbfgs', 'max_iter': 1000, 'tol': 0.0001, 'class_weight': None}, 'validation_year': None, 'runs': []}",{},
NN01: 32/16 validation-selected rate,2010,0.9050632911392406,632,0.75,112,0.9384615384615385,520,0.7083995661035181,0.28354170480630064,0.8227848101265823,632,9,-16,10,-1,-2,56.889734390999365,"{'hidden_sizes': (32, 16), 'seeds': (101223, 101224, 101225, 101226, 101227, 101228, 101229, 101230, 101231, 101232), 'batch_size': 64, 'max_epochs': 1000, 'patience': 20, 'min_delta': 0.0, 'momentum': 0.0, 'weight_decay': 0.0, 'learning_rate': 0.5}",0.903311737565044,"{'training_years': (1987, 1992, 1997, 2001, 2005), 'configuration': {'hidden_sizes': (32, 16), 'learning_rate': 0.5, 'seeds': (101223, 101224, 101225, 101226, 101227, 101228, 101229, 101230, 101231, 101232), 'batch_size': 64, 'max_epochs': 1000, 'patience': 20, 'min_delta': 0.0, 'momentum': 0.0, 'weight_decay': 0.0}, 'validation_year': None, 'runs': [{'seed': 101223, 'learning_rate': 0.5, 'best_epoch': None, 'stopping_epoch': 5, 'best_validation_loss': None, 'duration': 5}, {'seed': 101224, 'learning_rate': 0.5, 'best_epoch': None, 'stopping_epoch': 5, 'best_validation_loss': None, 'duration': 5}, {'seed': 101225, 'learning_rate': 0.5, 'best_epoch': None, 'stopping_epoch': 3, 'best_validation_loss': None, 'duration': 3}, {'seed': 101226, 'learning_rate': 0.5, 'best_epoch': None, 'stopping_epoch': 8, 'best_validation_loss': None, 'duration': 8}, {'seed': 101227, 'learning_rate': 0.5, 'best_epoch': None, 'stopping_epoch': 12, 'best_validation_loss': None, 'duration': 12}, {'seed': 101228, 'learning_rate': 0.5, 'best_epoch': None, 'stopping_epoch': 2, 'best_validation_loss': None, 'duration': 2}, {'seed': 101229, 'learning_rate': 0.5, 'best_epoch': None, 'stopping_epoch': 11, 'best_validation_loss': None, 'duration': 11}, {'seed': 101230, 'learning_rate': 0.5, 'best_epoch': None, 'stopping_epoch': 3, 'best_validation_loss': None, 'duration': 3}, {'seed': 101231, 'learning_rate': 0.5, 'best_epoch': None, 'stopping_epoch': 11, 'best_validation_loss': None, 'duration': 11}, {'seed': 101232, 'learning_rate': 0.5, 'best_epoch': None, 'stopping_epoch': 4, 'best_validation_loss': None, 'duration': 4}]}","{101223: {'accuracy': 0.8860759493670886, 'evaluation_rows': 632, 'changed_seat_accuracy': 0.75, 'changed_seat_evaluation_rows': 112, 'retained_seat_accuracy': 0.9153846153846154, 'retained_seat_evaluation_rows': 520, 'macro_f1': 0.6687894729214671, 'log_loss': 0.3584423017724827, 'previous_winner_accuracy': 0.8227848101265823, 'previous_winner_known_rows': 632, 'seat_error_con': 0, 'seat_error_lab': -24, 'seat_error_lib': 29, 'seat_error_natSW': -3, 'seat_error_oth': -2}, 101224: {'accuracy': 0.8164556962025317, 'evaluation_rows': 632, 'changed_seat_accuracy': 0.8214285714285714, 'changed_seat_evaluation_rows': 112, 'retained_seat_accuracy': 0.8153846153846154, 'retained_seat_evaluation_rows': 520, 'macro_f1': 0.5890642358801139, 'log_loss': 0.4953541121194243, 'previous_winner_accuracy': 0.8227848101265823, 'previous_winner_known_rows': 632, 'seat_error_con': 53, 'seat_error_lab': -89, 'seat_error_lib': 37, 'seat_error_natSW': 1, 'seat_error_oth': -2}, 101225: {'accuracy': 0.8892405063291139, 'evaluation_rows': 632, 'changed_seat_accuracy': 0.8303571428571429, 'changed_seat_evaluation_rows': 112, 'retained_seat_accuracy': 0.9019230769230769, 'retained_seat_evaluation_rows': 520, 'macro_f1': 0.6466472612408503, 'log_loss': 0.29944918277550714, 'previous_winner_accuracy': 0.8227848101265823, 'previous_winner_known_rows': 632, 'seat_error_con': 49, 'seat_error_lab': -26, 'seat_error_lib': -17, 'seat_error_natSW': -4, 'seat_error_oth': -2}, 101226: {'accuracy': 0.8939873417721519, 'evaluation_rows': 632, 'changed_seat_accuracy': 0.6696428571428571, 'changed_seat_evaluation_rows': 112, 'retained_seat_accuracy': 0.9423076923076923, 'retained_seat_evaluation_rows': 520, 'macro_f1': 0.6741172081422041, 'log_loss': 0.28947378220301007, 'previous_winner_accuracy': 0.8227848101265823, 'previous_winner_known_rows': 632, 'seat_error_con': 1, 'seat_error_lab': 11, 'seat_error_lib': -8, 'seat_error_natSW': -2, 'seat_error_oth': -2}, 101227: {'accuracy': 0.8781645569620253, 'evaluation_rows': 632, 'changed_seat_accuracy': 0.5714285714285714, 'changed_seat_evaluation_rows': 112, 'retained_seat_accuracy': 0.9442307692307692, 'retained_seat_evaluation_rows': 520, 'macro_f1': 0.6917411669620708, 'log_loss': 0.3366323464514901, 'previous_winner_accuracy': 0.8227848101265823, 'previous_winner_known_rows': 632, 'seat_error_con': -24, 'seat_error_lab': 5, 'seat_error_lib': 20, 'seat_error_natSW': 1, 'seat_error_oth': -2}, 101228: {'accuracy': 0.8987341772151899, 'evaluation_rows': 632, 'changed_seat_accuracy': 0.7142857142857143, 'changed_seat_evaluation_rows': 112, 'retained_seat_accuracy': 0.9384615384615385, 'retained_seat_evaluation_rows': 520, 'macro_f1': 0.7054697874309699, 'log_loss': 0.3441354410035234, 'previous_winner_accuracy': 0.8227848101265823, 'previous_winner_known_rows': 632, 'seat_error_con': 3, 'seat_error_lab': -22, 'seat_error_lib': 20, 'seat_error_natSW': 1, 'seat_error_oth': -2}, 101229: {'accuracy': 0.8639240506329114, 'evaluation_rows': 632, 'changed_seat_accuracy': 0.8482142857142857, 'changed_seat_evaluation_rows': 112, 'retained_seat_accuracy': 0.8673076923076923, 'retained_seat_evaluation_rows': 520, 'macro_f1': 0.6607227972181988, 'log_loss': 0.3946993137788599, 'previous_winner_accuracy': 0.8227848101265823, 'previous_winner_known_rows': 632, 'seat_error_con': 39, 'seat_error_lab': -56, 'seat_error_lib': 17, 'seat_error_natSW': 2, 'seat_error_oth': -2}, 101230: {'accuracy': 0.8465189873417721, 'evaluation_rows': 632, 'changed_seat_accuracy': 0.22321428571428573, 'changed_seat_evaluation_rows': 112, 'retained_seat_accuracy': 0.9807692307692307, 'retained_seat_evaluation_rows': 520, 'macro_f1': 0.6788297795741428, 'log_loss': 0.37165654238341345, 'previous_winner_accuracy': 0.8227848101265823, 'previous_winner_known_rows': 632, 'seat_error_con': -62, 'seat_error_lab': 71, 'seat_error_lib': -6, 'seat_error_natSW': -1, 'seat_error_oth': -2}, 101231: {'accuracy': 0.9003164556962026, 'evaluation_rows': 632, 'changed_seat_accuracy': 0.7232142857142857, 'changed_seat_evaluation_rows': 112, 'retained_seat_accuracy': 0.9384615384615385, 'retained_seat_evaluation_rows': 520, 'macro_f1': 0.708525675278913, 'log_loss': 0.2985625522773893, 'previous_winner_accuracy': 0.8227848101265823, 'previous_winner_known_rows': 632, 'seat_error_con': 10, 'seat_error_lab': -8, 'seat_error_lib': 0, 'seat_error_natSW': 0, 'seat_error_oth': -2}, 101232: {'accuracy': 0.8560126582278481, 'evaluation_rows': 632, 'changed_seat_accuracy': 0.48214285714285715, 'changed_seat_evaluation_rows': 112, 'retained_seat_accuracy': 0.9365384615384615, 'retained_seat_evaluation_rows': 520, 'macro_f1': 0.652334380421023, 'log_loss': 0.42212874721987526, 'previous_winner_accuracy': 0.8227848101265823, 'previous_winner_known_rows': 632, 'seat_error_con': -58, 'seat_error_lab': 23, 'seat_error_lib': 40, 'seat_error_natSW': -3, 'seat_error_oth': -2}}",0.025650974257749648
NN02: 64/32 validation-selected rate,2010,0.8876582278481012,632,0.7589285714285714,112,0.9153846153846154,520,0.6908151380723468,0.3150354036806591,0.8227848101265823,632,12,-25,14,1,-2,152.97070801900009,"{'hidden_sizes': (64, 32), 'seeds': (101223, 101224, 101225, 101226, 101227, 101228, 101229, 101230, 101231, 101232), 'batch_size': 64, 'max_epochs': 1000, 'patience': 20, 'min_delta': 0.0, 'momentum': 0.0, 'weight_decay': 0.0, 'learning_rate': 0.5}",0.9080242190579343,"{'training_years': (1987, 1992, 1997, 2001, 2005), 'configuration': {'hidden_sizes': (64, 32), 'learning_rate': 0.5, 'seeds': (101223, 101224, 101225, 101226, 101227, 101228, 101229, 101230, 101231, 101232), 'batch_size': 64, 'max_epochs': 1000, 'patience': 20, 'min_delta': 0.0, 'momentum': 0.0, 'weight_decay': 0.0}, 'validation_year': None, 'runs': [{'seed': 101223, 'learning_rate': 0.5, 'best_epoch': None, 'stopping_epoch': 6, 'best_validation_loss': None, 'duration': 6}, {'seed': 101224, 'learning_rate': 0.5, 'best_epoch': None, 'stopping_epoch': 5, 'best_validation_loss': None, 'duration': 5}, {'seed': 101225, 'learning_rate': 0.5, 'best_epoch': None, 'stopping_epoch': 4, 'best_validation_loss': None, 'duration': 4}, {'seed': 101226, 'learning_rate': 0.5, 'best_epoch': None, 'stopping_epoch': 4, 'best_validation_loss': None, 'duration': 4}, {'seed': 101227, 'learning_rate': 0.5, 'best_epoch': None, 'stopping_epoch': 10, 'best_validation_loss': None, 'duration': 10}, {'seed': 101228, 'learning_rate': 0.5, 'best_epoch': None, 'stopping_epoch': 3, 'best_validation_loss': None, 'duration': 3}, {'seed': 101229, 'learning_rate': 0.5, 'best_epoch': None, 'stopping_epoch': 7, 'best_validation_loss': None, 'duration': 7}, {'seed': 101230, 'learning_rate': 0.5, 'best_epoch': None, 'stopping_epoch': 5, 'best_validation_loss': None, 'duration': 5}, {'seed': 101231, 'learning_rate': 0.5, 'best_epoch': None, 'stopping_epoch': 11, 'best_validation_loss': None, 'duration': 11}, {'seed': 101232, 'learning_rate': 0.5, 'best_epoch': None, 'stopping_epoch': 4, 'best_validation_loss': None, 'duration': 4}]}","{101223: {'accuracy': 0.8781645569620253, 'evaluation_rows': 632, 'changed_seat_accuracy': 0.75, 'changed_seat_evaluation_rows': 112, 'retained_seat_accuracy': 0.9057692307692308, 'retained_seat_evaluation_rows': 520, 'macro_f1': 0.6852491062883043, 'log_loss': 0.34132628146801103, 'previous_winner_accuracy': 0.8227848101265823, 'previous_winner_known_rows': 632, 'seat_error_con': 7, 'seat_error_lab': -34, 'seat_error_lib': 28, 'seat_error_natSW': 1, 'seat_error_oth': -2}, 101224: {'accuracy': 0.8623417721518988, 'evaluation_rows': 632, 'changed_seat_accuracy': 0.8214285714285714, 'changed_seat_evaluation_rows': 112, 'retained_seat_accuracy': 0.8711538461538462, 'retained_seat_evaluation_rows': 520, 'macro_f1': 0.6477510194920627, 'log_loss': 0.38304488509530366, 'previous_winner_accuracy': 0.8227848101265823, 'previous_winner_known_rows': 632, 'seat_error_con': 39, 'seat_error_lab': -60, 'seat_error_lib': 23, 'seat_error_natSW': 0, 'seat_error_oth': -2}, 101225: {'accuracy': 0.879746835443038, 'evaluation_rows': 632, 'changed_seat_accuracy': 0.8035714285714286, 'changed_seat_evaluation_rows': 112, 'retained_seat_accuracy': 0.8961538461538462, 'retained_seat_evaluation_rows': 520, 'macro_f1': 0.655326926601001, 'log_loss': 0.39602353350353636, 'previous_winner_accuracy': 0.8227848101265823, 'previous_winner_known_rows': 632, 'seat_error_con': 40, 'seat_error_lab': -15, 'seat_error_lib': -24, 'seat_error_natSW': 1, 'seat_error_oth': -2}, 101226: {'accuracy': 0.8892405063291139, 'evaluation_rows': 632, 'changed_seat_accuracy': 0.6339285714285714, 'changed_seat_evaluation_rows': 112, 'retained_seat_accuracy': 0.9442307692307692, 'retained_seat_evaluation_rows': 520, 'macro_f1': 0.6871807786241522, 'log_loss': 0.2964001235102149, 'previous_winner_accuracy': 0.8227848101265823, 'previous_winner_known_rows': 632, 'seat_error_con': -4, 'seat_error_lab': 11, 'seat_error_lib': -4, 'seat_error_natSW': -1, 'seat_error_oth': -2}, 101227: {'accuracy': 0.8496835443037974, 'evaluation_rows': 632, 'changed_seat_accuracy': 0.7142857142857143, 'changed_seat_evaluation_rows': 112, 'retained_seat_accuracy': 0.8788461538461538, 'retained_seat_evaluation_rows': 520, 'macro_f1': 0.6166800888717756, 'log_loss': 0.4040300980859039, 'previous_winner_accuracy': 0.8227848101265823, 'previous_winner_known_rows': 632, 'seat_error_con': 12, 'seat_error_lab': -19, 'seat_error_lib': 9, 'seat_error_natSW': 0, 'seat_error_oth': -2}, 101228: {'accuracy': 0.870253164556962, 'evaluation_rows': 632, 'changed_seat_accuracy': 0.6696428571428571, 'changed_seat_evaluation_rows': 112, 'retained_seat_accuracy': 0.9134615384615384, 'retained_seat_evaluation_rows': 520, 'macro_f1': 0.655991506078223, 'log_loss': 0.3595259518743616, 'previous_winner_accuracy': 0.8227848101265823, 'previous_winner_known_rows': 632, 'seat_error_con': -5, 'seat_error_lab': -20, 'seat_error_lib': 23, 'seat_error_natSW': 4, 'seat_error_oth': -2}, 101229: {'accuracy': 0.8322784810126582, 'evaluation_rows': 632, 'changed_seat_accuracy': 0.6875, 'changed_seat_evaluation_rows': 112, 'retained_seat_accuracy': 0.8634615384615385, 'retained_seat_evaluation_rows': 520, 'macro_f1': 0.6399288299143586, 'log_loss': 0.47657245794275055, 'previous_winner_accuracy': 0.8227848101265823, 'previous_winner_known_rows': 632, 'seat_error_con': -5, 'seat_error_lab': -52, 'seat_error_lib': 57, 'seat_error_natSW': 2, 'seat_error_oth': -2}, 101230: {'accuracy': 0.8686708860759493, 'evaluation_rows': 632, 'changed_seat_accuracy': 0.8660714285714286, 'changed_seat_evaluation_rows': 112, 'retained_seat_accuracy': 0.8692307692307693, 'retained_seat_evaluation_rows': 520, 'macro_f1': 0.6609188851709213, 'log_loss': 0.3741024597057683, 'previous_winner_accuracy': 0.8227848101265823, 'previous_winner_known_rows': 632, 'seat_error_con': 62, 'seat_error_lab': -46, 'seat_error_lib': -14, 'seat_error_natSW': 0, 'seat_error_oth': -2}, 101231: {'accuracy': 0.8924050632911392, 'evaluation_rows': 632, 'changed_seat_accuracy': 0.6607142857142857, 'changed_seat_evaluation_rows': 112, 'retained_seat_accuracy': 0.9423076923076923, 'retained_seat_evaluation_rows': 520, 'macro_f1': 0.6728837303617363, 'log_loss': 0.31362355738927683, 'previous_winner_accuracy': 0.8227848101265823, 'previous_winner_known_rows': 632, 'seat_error_con': -7, 'seat_error_lab': 2, 'seat_error_lib': 10, 'seat_error_natSW': -3, 'seat_error_oth': -2}, 101232: {'accuracy': 0.8623417721518988, 'evaluation_rows': 632, 'changed_seat_accuracy': 0.6696428571428571, 'changed_seat_evaluation_rows': 112, 'retained_seat_accuracy': 0.9038461538461539, 'retained_seat_evaluation_rows': 520, 'macro_f1': 0.6342133368639393, 'log_loss': 0.42101813289358897, 'previous_winner_accuracy': 0.8227848101265823, 'previous_winner_known_rows': 632, 'seat_error_con': -27, 'seat_error_lab': -18, 'seat_error_lib': 51, 'seat_error_natSW': -4, 'seat_error_oth': -2}}",0.017223593676638987
NN03: 16 units fixed rate 0.3,2010,0.8908227848101266,632,0.7232142857142857,112,0.926923076923077,520,0.6863188171288975,0.2955022343376,0.8227848101265823,632,16,-14,1,-1,-2,12.359441868000431,"{'hidden_sizes': (16,), 'seeds': (101223, 101224, 101225, 101226, 101227, 101228, 101229, 101230, 101231, 101232), 'batch_size': 64, 'max_epochs': 1000, 'patience': 20, 'min_delta': 0.0, 'momentum': 0.0, 'weight_decay': 0.0, 'learning_rate': 0.3}",0.8975376849468883,"{'training_years': (1987, 1992, 1997, 2001, 2005), 'configuration': {'hidden_sizes': (16,), 'learning_rate': 0.3, 'seeds': (101223, 101224, 101225, 101226, 101227, 101228, 101229, 101230, 101231, 101232), 'batch_size': 64, 'max_epochs': 1000, 'patience': 20, 'min_delta': 0.0, 'momentum': 0.0, 'weight_decay': 0.0}, 'validation_year': None, 'runs': [{'seed': 101223, 'learning_rate': 0.3, 'best_epoch': None, 'stopping_epoch': 6, 'best_validation_loss': None, 'duration': 6}, {'seed': 101224, 'learning_rate': 0.3, 'best_epoch': None, 'stopping_epoch': 19, 'best_validation_loss': None, 'duration': 19}, {'seed': 101225, 'learning_rate': 0.3, 'best_epoch': None, 'stopping_epoch': 3, 'best_validation_loss': None, 'duration': 3}, {'seed': 101226, 'learning_rate': 0.3, 'best_epoch': None, 'stopping_epoch': 4, 'best_validation_loss': None, 'duration': 4}, {'seed': 101227, 'learning_rate': 0.3, 'best_epoch': None, 'stopping_epoch': 2, 'best_validation_loss': None, 'duration': 2}, {'seed': 101228, 'learning_rate': 0.3, 'best_epoch': None, 'stopping_epoch': 3, 'best_validation_loss': None, 'duration': 3}, {'seed': 101229, 'learning_rate': 0.3, 'best_epoch': None, 'stopping_epoch': 6, 'best_validation_loss': None, 'duration': 6}, {'seed': 101230, 'learning_rate': 0.3, 'best_epoch': None, 'stopping_epoch': 5, 'best_validation_loss': None, 'duration': 5}, {'seed': 101231, 'learning_rate': 0.3, 'best_epoch': None, 'stopping_epoch': 6, 'best_validation_loss': None, 'duration': 6}, {'seed': 101232, 'learning_rate': 0.3, 'best_epoch': None, 'stopping_epoch': 4, 'best_validation_loss': None, 'duration': 4}]}","{101223: {'accuracy': 0.9003164556962026, 'evaluation_rows': 632, 'changed_seat_accuracy': 0.7321428571428571, 'changed_seat_evaluation_rows': 112, 'retained_seat_accuracy': 0.9365384615384615, 'retained_seat_evaluation_rows': 520, 'macro_f1': 0.6922569472142776, 'log_loss': 0.2963507227828355, 'previous_winner_accuracy': 0.8227848101265823, 'previous_winner_known_rows': 632, 'seat_error_con': 12, 'seat_error_lab': -8, 'seat_error_lib': -1, 'seat_error_natSW': -1, 'seat_error_oth': -2}, 101224: {'accuracy': 0.879746835443038, 'evaluation_rows': 632, 'changed_seat_accuracy': 0.6607142857142857, 'changed_seat_evaluation_rows': 112, 'retained_seat_accuracy': 0.926923076923077, 'retained_seat_evaluation_rows': 520, 'macro_f1': 0.63604907568993, 'log_loss': 0.3048774888500592, 'previous_winner_accuracy': 0.8227848101265823, 'previous_winner_known_rows': 632, 'seat_error_con': 5, 'seat_error_lab': 2, 'seat_error_lib': -1, 'seat_error_natSW': -4, 'seat_error_oth': -2}, 101225: {'accuracy': 0.8892405063291139, 'evaluation_rows': 632, 'changed_seat_accuracy': 0.8482142857142857, 'changed_seat_evaluation_rows': 112, 'retained_seat_accuracy': 0.8980769230769231, 'retained_seat_evaluation_rows': 520, 'macro_f1': 0.6491809857109138, 'log_loss': 0.32444528541058726, 'previous_winner_accuracy': 0.8227848101265823, 'previous_winner_known_rows': 632, 'seat_error_con': 50, 'seat_error_lab': -25, 'seat_error_lib': -20, 'seat_error_natSW': -3, 'seat_error_oth': -2}, 101226: {'accuracy': 0.8939873417721519, 'evaluation_rows': 632, 'changed_seat_accuracy': 0.7410714285714286, 'changed_seat_evaluation_rows': 112, 'retained_seat_accuracy': 0.926923076923077, 'retained_seat_evaluation_rows': 520, 'macro_f1': 0.686618511899433, 'log_loss': 0.30293901994729805, 'previous_winner_accuracy': 0.8227848101265823, 'previous_winner_known_rows': 632, 'seat_error_con': 16, 'seat_error_lab': -12, 'seat_error_lib': -1, 'seat_error_natSW': -1, 'seat_error_oth': -2}, 101227: {'accuracy': 0.9003164556962026, 'evaluation_rows': 632, 'changed_seat_accuracy': 0.7232142857142857, 'changed_seat_evaluation_rows': 112, 'retained_seat_accuracy': 0.9384615384615385, 'retained_seat_evaluation_rows': 520, 'macro_f1': 0.6892319514889744, 'log_loss': 0.3064717352248168, 'previous_winner_accuracy': 0.8227848101265823, 'previous_winner_known_rows': 632, 'seat_error_con': 14, 'seat_error_lab': 3, 'seat_error_lib': -14, 'seat_error_natSW': -1, 'seat_error_oth': -2}, 101228: {'accuracy': 0.8955696202531646, 'evaluation_rows': 632, 'changed_seat_accuracy': 0.6696428571428571, 'changed_seat_evaluation_rows': 112, 'retained_seat_accuracy': 0.9442307692307692, 'retained_seat_evaluation_rows': 520, 'macro_f1': 0.6893654618057268, 'log_loss': 0.29195470164346266, 'previous_winner_accuracy': 0.8227848101265823, 'previous_winner_known_rows': 632, 'seat_error_con': 1, 'seat_error_lab': 2, 'seat_error_lib': 0, 'seat_error_natSW': -1, 'seat_error_oth': -2}, 101229: {'accuracy': 0.8971518987341772, 'evaluation_rows': 632, 'changed_seat_accuracy': 0.5625, 'changed_seat_evaluation_rows': 112, 'retained_seat_accuracy': 0.9692307692307692, 'retained_seat_evaluation_rows': 520, 'macro_f1': 0.7046451294272356, 'log_loss': 0.2852279117624865, 'previous_winner_accuracy': 0.8227848101265823, 'previous_winner_known_rows': 632, 'seat_error_con': -24, 'seat_error_lab': 22, 'seat_error_lib': 5, 'seat_error_natSW': -1, 'seat_error_oth': -2}, 101230: {'accuracy': 0.875, 'evaluation_rows': 632, 'changed_seat_accuracy': 0.8303571428571429, 'changed_seat_evaluation_rows': 112, 'retained_seat_accuracy': 0.8846153846153846, 'retained_seat_evaluation_rows': 520, 'macro_f1': 0.6758944419873213, 'log_loss': 0.3293707557274223, 'previous_winner_accuracy': 0.8227848101265823, 'previous_winner_known_rows': 632, 'seat_error_con': 53, 'seat_error_lab': -41, 'seat_error_lib': -9, 'seat_error_natSW': -1, 'seat_error_oth': -2}, 101231: {'accuracy': 0.7784810126582279, 'evaluation_rows': 632, 'changed_seat_accuracy': 0.8214285714285714, 'changed_seat_evaluation_rows': 112, 'retained_seat_accuracy': 0.7692307692307693, 'retained_seat_evaluation_rows': 520, 'macro_f1': 0.579679583591448, 'log_loss': 0.5709118006014814, 'previous_winner_accuracy': 0.8227848101265823, 'previous_winner_known_rows': 632, 'seat_error_con': 66, 'seat_error_lab': -117, 'seat_error_lib': 49, 'seat_error_natSW': 4, 'seat_error_oth': -2}, 101232: {'accuracy': 0.9034810126582279, 'evaluation_rows': 632, 'changed_seat_accuracy': 0.5982142857142857, 'changed_seat_evaluation_rows': 112, 'retained_seat_accuracy': 0.9692307692307692, 'retained_seat_evaluation_rows': 520, 'macro_f1': 0.7078214935921732, 'log_loss': 0.2901811789190114, 'previous_winner_accuracy': 0.8227848101265823, 'previous_winner_known_rows': 632, 'seat_error_con': -20, 'seat_error_lab': 10, 'seat_error_lib': 13, 'seat_error_natSW': -1, 'seat_error_oth': -2}}",0.035366667268224065
XGBoost Expanded,2010,0.8591772151898734,632,0.45535714285714285,112,0.9461538461538461,520,0.6555958161492319,0.36631988639455343,0.8227848101265823,632,-41,22,22,-1,-2,4.252179281999815,"{'n_estimators': 50, 'max_depth': 4, 'learning_rate': 0.05, 'min_child_weight': 1, 'gamma': 0, 'subsample': 1, 'colsample_bytree': 1, 'reg_alpha': 0, 'reg_lambda': 1, 'tree_method': 'hist', 'random_state': 42, 'n_jobs': 1}",0.891297435336904,"{'training_years': (1987, 1992, 1997, 2001, 2005), 'configuration': {'n_estimators': 50, 'max_depth': 4, 'learning_rate': 0.05, 'min_child_weight': 1, 'gamma': 0, 'subsample': 1, 'colsample_bytree': 1, 'reg_alpha': 0, 'reg_lambda': 1, 'tree_method': 'hist', 'random_state': 42, 'n_jobs': 1}, 'validation_year': None, 'runs': []}",{},
Conditional XGBoost,2010,0.8860759493670886,632,0.5357142857142857,112,0.9615384615384616,520,0.700757922237998,0.33833846089209807,0.8227848101265823,632,-27,11,18,-1,-1,14.297724781000397,"{'n_estimators': 100, 'max_depth': 3, 'learning_rate': 0.05, 'min_child_weight': 1, 'gamma': 0, 'subsample': 1, 'colsample_bytree': 1, 'reg_alpha': 0, 'reg_lambda': 1, 'tree_method': 'hist', 'random_state': 42, 'n_jobs': 1, 'challenger.max_depth': 2, 'challenger.n_estimators': 25, 'change.max_depth': 2, 'change.n_estimators': 50}",0.8829017491909866,"{'training_years': (1987, 1992, 1997, 2001, 2005), 'configuration': {'change.n_estimators': 50, 'change.max_depth': 2, 'change.learning_rate': 0.05, 'change.min_child_weight': 1, 'change.gamma': 0, 'change.subsample': 1, 'change.colsample_bytree': 1, 'change.reg_alpha': 0, 'change.reg_lambda': 1, 'change.tree_method': 'hist', 'change.random_state': 42, 'change.n_jobs': 1, 'challenger.n_estimators': 25, 'challenger.max_depth': 2, 'challenger.learning_rate': 0.05, 'challenger.min_child_weight': 1, 'challenger.gamma': 0, 'challenger.subsample': 1, 'challenger.colsample_bytree': 1, 'challenger.reg_alpha': 0, 'challenger.reg_lambda': 1, 'challenger.tree_method': 'hist', 'challenger.random_state': 42, 'challenger.n_jobs': 1}, 'validation_year': None, 'runs': []}",{},
XGBoost,2015,0.814873417721519,632,0.12844036697247707,109,0.9579349904397706,523,0.5352848798878453,0.7795345371087391,0.8275316455696202,632,-47,62,39,-51,-3,3.754002851000223,"{'n_estimators': 100, 'max_depth': 2, 'learning_rate': 0.05, 'min_child_weight': 1, 'gamma': 0, 'subsample': 1, 'colsample_bytree': 1, 'reg_alpha': 0, 'reg_lambda': 1, 'tree_method': 'hist', 'random_state': 42, 'n_jobs': 1}",0.889121163693601,"{'training_years': (1987, 1992, 1997, 2001, 2005, 2010), 'configuration': {'n_estimators': 100, 'max_depth': 2, 'learning_rate': 0.05, 'min_child_weight': 1, 'gamma': 0, 'subsample': 1, 'colsample_bytree': 1, 'reg_alpha': 0, 'reg_lambda': 1, 'tree_method': 'hist', 'random_state': 42, 'n_jobs': 1}, 'validation_year': None, 'runs': []}",{},
Random Forest,2015,0.7879746835443038,632,0.11926605504587157,109,0.9273422562141491,523,0.4457110986864509,0.9400473005128058,0.8275316455696202,632,-69,79,44,-50,-4,30.057288048999908,"{'n_estimators': 300, 'max_depth': 10, 'min_samples_leaf': 10, 'max_features': 0.5, 'min_samples_split': 2, 'bootstrap': True, 'criterion': 'gini', 'class_weight': None, 'random_state': 42, 'n_jobs': 1}",0.8899370385643451,"{'training_years': (1987, 1992, 1997, 2001, 2005, 2010), 'configuration': {'n_estimators': 300, 'max_depth': 10, 'min_samples_leaf': 10, 'max_features': 0.5, 'min_samples_split': 2, 'bootstrap': True, 'criterion': 'gini', 'class_weight': None, 'random_state': 42, 'n_jobs': 1}, 'validation_year': None, 'runs': []}",{},
Logistic Regression,2015,0.754746835443038,632,0.1651376146788991,109,0.8776290630975143,523,0.5004482280083418,0.9271932987823341,0.8275316455696202,632,-94,112,38,-53,-3,0.9889137560003292,"{'C': 0.1, 'penalty': 'l2', 'solver': 'lbfgs', 'max_iter': 1000, 'tol': 0.0001, 'class_weight': None}",0.888798311244713,"{'training_years': (1987, 1992, 1997, 2001, 2005, 2010), 'configuration': {'C': 0.1, 'penalty': 'l2', 'solver': 'lbfgs', 'max_iter': 1000, 'tol': 0.0001, 'class_weight': None}, 'validation_year': None, 'runs': []}",{},
NN01: 32/16 validation-selected rate,2015,0.7183544303797469,632,0.1651376146788991,109,0.8336520076481836,523,0.40489378558621836,0.9992706699342495,0.8275316455696202,632,-116,135,38,-53,-4,71.9571380289999,"{'hidden_sizes': (32, 16), 'seeds': (101223, 101224, 101225, 101226, 101227, 101228, 101229, 101230, 101231, 101232), 'batch_size': 64, 'max_epochs': 1000, 'patience': 20, 'min_delta': 0.0, 'momentum': 0.0, 'weight_decay': 0.0, 'learning_rate': 0.5}",0.9037496259585931,"{'training_years': (1987, 1992, 1997, 2001, 2005, 2010), 'configuration': {'hidden_sizes': (32, 16), 'learning_rate': 0.5, 'seeds': (101223, 101224, 101225, 101226, 101227, 101228, 101229, 101230, 101231, 101232), 'batch_size': 64, 'max_epochs': 1000, 'patience': 20, 'min_delta': 0.0, 'momentum': 0.0, 'weight_decay': 0.0}, 'validation_year': None, 'runs': [{'seed': 101223, 'learning_rate': 0.5, 'best_epoch': None, 'stopping_epoch': 6, 'best_validation_loss': None, 'duration': 6}, {'seed': 101224, 'learning_rate': 0.5, 'best_epoch': None, 'stopping_epoch': 8, 'best_validation_loss': None, 'duration': 8}, {'seed': 101225, 'learning_rate': 0.5, 'best_epoch': None, 'stopping_epoch': 5, 'best_validation_loss': None, 'duration': 5}, {'seed': 101226, 'learning_rate': 0.5, 'best_epoch': None, 'stopping_epoch': 10, 'best_validation_loss': None, 'duration': 10}, {'seed': 101227, 'learning_rate': 0.5, 'best_epoch': None, 'stopping_epoch': 9, 'best_validation_loss': None, 'duration': 9}, {'seed': 101228, 'learning_rate': 0.5, 'best_epoch': None, 'stopping_epoch': 3, 'best_validation_loss': None, 'duration': 3}, {'seed': 101229, 'learning_rate': 0.5, 'best_epoch': None, 'stopping_epoch': 8, 'best_validation_loss': None, 'duration': 8}, {'seed': 101230, 'learning_rate': 0.5, 'best_epoch': None, 'stopping_epoch': 4, 'best_validation_loss': None, 'duration': 4}, {'seed': 101231, 'learning_rate': 0.5, 'best_epoch': None, 'stopping_epoch': 7, 'best_validation_loss': None, 'duration': 7}, {'seed': 101232, 'learning_rate': 0.5, 'best_epoch': None, 'stopping_epoch': 4, 'best_validation_loss': None, 'duration': 4}]}","{101223: {'accuracy': 0.7579113924050633, 'evaluation_rows': 632, 'changed_seat_accuracy': 0.10091743119266056, 'changed_seat_evaluation_rows': 109, 'retained_seat_accuracy': 0.8948374760994264, 'retained_seat_evaluation_rows': 523, 'macro_f1': 0.4278451927309355, 'log_loss': 0.8724415797658419, 'previous_winner_accuracy': 0.8275316455696202, 'previous_winner_known_rows': 632, 'seat_error_con': -85, 'seat_error_lab': 85, 'seat_error_lib': 54, 'seat_error_natSW': -50, 'seat_error_oth': -4}, 101224: {'accuracy': 0.7136075949367089, 'evaluation_rows': 632, 'changed_seat_accuracy': 0.23853211009174313, 'changed_seat_evaluation_rows': 109, 'retained_seat_accuracy': 0.8126195028680688, 'retained_seat_evaluation_rows': 523, 'macro_f1': 0.40991245698636913, 'log_loss': 1.2689322884159497, 'previous_winner_accuracy': 0.8275316455696202, 'previous_winner_known_rows': 632, 'seat_error_con': -120, 'seat_error_lab': 151, 'seat_error_lib': 27, 'seat_error_natSW': -54, 'seat_error_oth': -4}, 101225: {'accuracy': 0.7199367088607594, 'evaluation_rows': 632, 'changed_seat_accuracy': 0.1743119266055046, 'changed_seat_evaluation_rows': 109, 'retained_seat_accuracy': 0.8336520076481836, 'retained_seat_evaluation_rows': 523, 'macro_f1': 0.4011999398780657, 'log_loss': 1.2341808346096874, 'previous_winner_accuracy': 0.8275316455696202, 'previous_winner_known_rows': 632, 'seat_error_con': -115, 'seat_error_lab': 136, 'seat_error_lib': 37, 'seat_error_natSW': -54, 'seat_error_oth': -4}, 101226: {'accuracy': 0.7674050632911392, 'evaluation_rows': 632, 'changed_seat_accuracy': 0.1926605504587156, 'changed_seat_evaluation_rows': 109, 'retained_seat_accuracy': 0.887189292543021, 'retained_seat_evaluation_rows': 523, 'macro_f1': 0.4246471441103369, 'log_loss': 1.0507583961420794, 'previous_winner_accuracy': 0.8275316455696202, 'previous_winner_known_rows': 632, 'seat_error_con': -82, 'seat_error_lab': 106, 'seat_error_lib': 34, 'seat_error_natSW': -54, 'seat_error_oth': -4}, 101227: {'accuracy': 0.6962025316455697, 'evaluation_rows': 632, 'changed_seat_accuracy': 0.12844036697247707, 'changed_seat_evaluation_rows': 109, 'retained_seat_accuracy': 0.8145315487571702, 'retained_seat_evaluation_rows': 523, 'macro_f1': 0.3843011258086158, 'log_loss': 1.469995058836167, 'previous_winner_accuracy': 0.8275316455696202, 'previous_winner_known_rows': 632, 'seat_error_con': -125, 'seat_error_lab': 137, 'seat_error_lib': 46, 'seat_error_natSW': -54, 'seat_error_oth': -4}, 101228: {'accuracy': 0.7420886075949367, 'evaluation_rows': 632, 'changed_seat_accuracy': 0.23853211009174313, 'changed_seat_evaluation_rows': 109, 'retained_seat_accuracy': 0.847036328871893, 'retained_seat_evaluation_rows': 523, 'macro_f1': 0.43349758259232624, 'log_loss': 1.0405884953198874, 'previous_winner_accuracy': 0.8275316455696202, 'previous_winner_known_rows': 632, 'seat_error_con': -105, 'seat_error_lab': 130, 'seat_error_lib': 30, 'seat_error_natSW': -51, 'seat_error_oth': -4}, 101229: {'accuracy': 0.6914556962025317, 'evaluation_rows': 632, 'changed_seat_accuracy': 0.1743119266055046, 'changed_seat_evaluation_rows': 109, 'retained_seat_accuracy': 0.7992351816443595, 'retained_seat_evaluation_rows': 523, 'macro_f1': 0.36047827460435156, 'log_loss': 1.575006437390974, 'previous_winner_accuracy': 0.8275316455696202, 'previous_winner_known_rows': 632, 'seat_error_con': -128, 'seat_error_lab': 155, 'seat_error_lib': 36, 'seat_error_natSW': -59, 'seat_error_oth': -4}, 101230: {'accuracy': 0.7262658227848101, 'evaluation_rows': 632, 'changed_seat_accuracy': 0.28440366972477066, 'changed_seat_evaluation_rows': 109, 'retained_seat_accuracy': 0.8183556405353728, 'retained_seat_evaluation_rows': 523, 'macro_f1': 0.4238610674997739, 'log_loss': 1.2319579207170648, 'previous_winner_accuracy': 0.8275316455696202, 'previous_winner_known_rows': 632, 'seat_error_con': -112, 'seat_error_lab': 144, 'seat_error_lib': 25, 'seat_error_natSW': -53, 'seat_error_oth': -4}, 101231: {'accuracy': 0.7009493670886076, 'evaluation_rows': 632, 'changed_seat_accuracy': 0.14678899082568808, 'changed_seat_evaluation_rows': 109, 'retained_seat_accuracy': 0.8164435946462715, 'retained_seat_evaluation_rows': 523, 'macro_f1': 0.3998472141789986, 'log_loss': 1.359505049924162, 'previous_winner_accuracy': 0.8275316455696202, 'previous_winner_known_rows': 632, 'seat_error_con': -127, 'seat_error_lab': 133, 'seat_error_lib': 49, 'seat_error_natSW': -51, 'seat_error_oth': -4}, 101232: {'accuracy': 0.7120253164556962, 'evaluation_rows': 632, 'changed_seat_accuracy': 0.1559633027522936, 'changed_seat_evaluation_rows': 109, 'retained_seat_accuracy': 0.8279158699808795, 'retained_seat_evaluation_rows': 523, 'macro_f1': 0.40955576680826794, 'log_loss': 1.2396106788177434, 'previous_winner_accuracy': 0.8275316455696202, 'previous_winner_known_rows': 632, 'seat_error_con': -122, 'seat_error_lab': 127, 'seat_error_lib': 49, 'seat_error_natSW': -50, 'seat_error_oth': -4}}",0.024459384631569103
NN02: 64/32 validation-selected rate,2015,0.7341772151898734,632,0.13761467889908258,109,0.858508604206501,523,0.41818949182795623,1.0726318708319185,0.8275316455696202,632,-105,117,43,-51,-4,176.98266512100054,"{'hidden_sizes': (64, 32), 'seeds': (101223, 101224, 101225, 101226, 101227, 101228, 101229, 101230, 101231, 101232), 'batch_size': 64, 'max_epochs': 1000, 'patience': 20, 'min_delta': 0.0, 'momentum': 0.0, 'weight_decay': 0.0, 'learning_rate': 1.0}",0.9057133315526928,"{'training_years': (1987, 1992, 1997, 2001, 2005, 2010), 'configuration': {'hidden_sizes': (64, 32), 'learning_rate': 1.0, 'seeds': (101223, 101224, 101225, 101226, 101227, 101228, 101229, 101230, 101231, 101232), 'batch_size': 64, 'max_epochs': 1000, 'patience': 20, 'min_delta': 0.0, 'momentum': 0.0, 'weight_decay': 0.0}, 'validation_year': None, 'runs': [{'seed': 101223, 'learning_rate': 1.0, 'best_epoch': None, 'stopping_epoch': 5, 'best_validation_loss': None, 'duration': 5}, {'seed': 101224, 'learning_rate': 1.0, 'best_epoch': None, 'stopping_epoch': 8, 'best_validation_loss': None, 'duration': 8}, {'seed': 101225, 'learning_rate': 1.0, 'best_epoch': None, 'stopping_epoch': 3, 'best_validation_loss': None, 'duration': 3}, {'seed': 101226, 'learning_rate': 1.0, 'best_epoch': None, 'stopping_epoch': 4, 'best_validation_loss': None, 'duration': 4}, {'seed': 101227, 'learning_rate': 1.0, 'best_epoch': None, 'stopping_epoch': 11, 'best_validation_loss': None, 'duration': 11}, {'seed': 101228, 'learning_rate': 1.0, 'best_epoch': None, 'stopping_epoch': 3, 'best_validation_loss': None, 'duration': 3}, {'seed': 101229, 'learning_rate': 1.0, 'best_epoch': None, 'stopping_epoch': 6, 'best_validation_loss': None, 'duration': 6}, {'seed': 101230, 'learning_rate': 1.0, 'best_epoch': None, 'stopping_epoch': 3, 'best_validation_loss': None, 'duration': 3}, {'seed': 101231, 'learning_rate': 1.0, 'best_epoch': None, 'stopping_epoch': 7, 'best_validation_loss': None, 'duration': 7}, {'seed': 101232, 'learning_rate': 1.0, 'best_epoch': None, 'stopping_epoch': 6, 'best_validation_loss': None, 'duration': 6}]}","{101223: {'accuracy': 0.7674050632911392, 'evaluation_rows': 632, 'changed_seat_accuracy': 0.10091743119266056, 'changed_seat_evaluation_rows': 109, 'retained_seat_accuracy': 0.9063097514340345, 'retained_seat_evaluation_rows': 523, 'macro_f1': 0.4202208596641013, 'log_loss': 1.044043971884555, 'previous_winner_accuracy': 0.8275316455696202, 'previous_winner_known_rows': 632, 'seat_error_con': -77, 'seat_error_lab': 87, 'seat_error_lib': 47, 'seat_error_natSW': -53, 'seat_error_oth': -4}, 101224: {'accuracy': 0.7151898734177216, 'evaluation_rows': 632, 'changed_seat_accuracy': 0.25688073394495414, 'changed_seat_evaluation_rows': 109, 'retained_seat_accuracy': 0.8107074569789675, 'retained_seat_evaluation_rows': 523, 'macro_f1': 0.4060648148148148, 'log_loss': 1.3417253095995898, 'previous_winner_accuracy': 0.8275316455696202, 'previous_winner_known_rows': 632, 'seat_error_con': -120, 'seat_error_lab': 154, 'seat_error_lib': 24, 'seat_error_natSW': -54, 'seat_error_oth': -4}, 101225: {'accuracy': 0.7294303797468354, 'evaluation_rows': 632, 'changed_seat_accuracy': 0.11926605504587157, 'changed_seat_evaluation_rows': 109, 'retained_seat_accuracy': 0.8565965583173997, 'retained_seat_evaluation_rows': 523, 'macro_f1': 0.4190322216102034, 'log_loss': 1.1753365767259223, 'previous_winner_accuracy': 0.8275316455696202, 'previous_winner_known_rows': 632, 'seat_error_con': -107, 'seat_error_lab': 115, 'seat_error_lib': 46, 'seat_error_natSW': -50, 'seat_error_oth': -4}, 101226: {'accuracy': 0.7041139240506329, 'evaluation_rows': 632, 'changed_seat_accuracy': 0.14678899082568808, 'changed_seat_evaluation_rows': 109, 'retained_seat_accuracy': 0.8202676864244742, 'retained_seat_evaluation_rows': 523, 'macro_f1': 0.40692907678825724, 'log_loss': 1.2789416464823729, 'previous_winner_accuracy': 0.8275316455696202, 'previous_winner_known_rows': 632, 'seat_error_con': -125, 'seat_error_lab': 140, 'seat_error_lib': 40, 'seat_error_natSW': -51, 'seat_error_oth': -4}, 101227: {'accuracy': 0.7231012658227848, 'evaluation_rows': 632, 'changed_seat_accuracy': 0.2018348623853211, 'changed_seat_evaluation_rows': 109, 'retained_seat_accuracy': 0.8317399617590823, 'retained_seat_evaluation_rows': 523, 'macro_f1': 0.42542918224871434, 'log_loss': 1.010344872948473, 'previous_winner_accuracy': 0.8275316455696202, 'previous_winner_known_rows': 632, 'seat_error_con': -115, 'seat_error_lab': 135, 'seat_error_lib': 34, 'seat_error_natSW': -50, 'seat_error_oth': -4}, 101228: {'accuracy': 0.7515822784810127, 'evaluation_rows': 632, 'changed_seat_accuracy': 0.1834862385321101, 'changed_seat_evaluation_rows': 109, 'retained_seat_accuracy': 0.869980879541109, 'retained_seat_evaluation_rows': 523, 'macro_f1': 0.43598587500248653, 'log_loss': 1.1615894860720257, 'previous_winner_accuracy': 0.8275316455696202, 'previous_winner_known_rows': 632, 'seat_error_con': -98, 'seat_error_lab': 116, 'seat_error_lib': 36, 'seat_error_natSW': -50, 'seat_error_oth': -4}, 101229: {'accuracy': 0.7341772151898734, 'evaluation_rows': 632, 'changed_seat_accuracy': 0.11009174311926606, 'changed_seat_evaluation_rows': 109, 'retained_seat_accuracy': 0.864244741873805, 'retained_seat_evaluation_rows': 523, 'macro_f1': 0.3990772373375376, 'log_loss': 1.2991478729474035, 'previous_winner_accuracy': 0.8275316455696202, 'previous_winner_known_rows': 632, 'seat_error_con': -98, 'seat_error_lab': 106, 'seat_error_lib': 50, 'seat_error_natSW': -54, 'seat_error_oth': -4}, 101230: {'accuracy': 0.7389240506329114, 'evaluation_rows': 632, 'changed_seat_accuracy': 0.21100917431192662, 'changed_seat_evaluation_rows': 109, 'retained_seat_accuracy': 0.8489483747609943, 'retained_seat_evaluation_rows': 523, 'macro_f1': 0.4134397293156085, 'log_loss': 1.4122581612256329, 'previous_winner_accuracy': 0.8275316455696202, 'previous_winner_known_rows': 632, 'seat_error_con': -102, 'seat_error_lab': 127, 'seat_error_lib': 33, 'seat_error_natSW': -54, 'seat_error_oth': -4}, 101231: {'accuracy': 0.7025316455696202, 'evaluation_rows': 632, 'changed_seat_accuracy': 0.12844036697247707, 'changed_seat_evaluation_rows': 109, 'retained_seat_accuracy': 0.8221797323135756, 'retained_seat_evaluation_rows': 523, 'macro_f1': 0.39924821612500766, 'log_loss': 1.3133494652997704, 'previous_winner_accuracy': 0.8275316455696202, 'previous_winner_known_rows': 632, 'seat_error_con': -124, 'seat_error_lab': 127, 'seat_error_lib': 52, 'seat_error_natSW': -51, 'seat_error_oth': -4}, 101232: {'accuracy': 0.7579113924050633, 'evaluation_rows': 632, 'changed_seat_accuracy': 0.11009174311926606, 'changed_seat_evaluation_rows': 109, 'retained_seat_accuracy': 0.892925430210325, 'retained_seat_evaluation_rows': 523, 'macro_f1': 0.4309649803145736, 'log_loss': 0.990113891212849, 'previous_winner_accuracy': 0.8275316455696202, 'previous_winner_known_rows': 632, 'seat_error_con': -87, 'seat_error_lab': 94, 'seat_error_lib': 47, 'seat_error_natSW': -50, 'seat_error_oth': -4}}",0.020913029213839272
NN03: 16 units fixed rate 0.3,2015,0.7357594936708861,632,0.1651376146788991,109,0.8546845124282982,523,0.40732856831713243,1.0246130275121026,0.8275316455696202,632,-104,124,38,-54,-4,17.841215375000502,"{'hidden_sizes': (16,), 'seeds': (101223, 101224, 101225, 101226, 101227, 101228, 101229, 101230, 101231, 101232), 'batch_size': 64, 'max_epochs': 1000, 'patience': 20, 'min_delta': 0.0, 'momentum': 0.0, 'weight_decay': 0.0, 'learning_rate': 0.3}",0.8982323776342169,"{'training_years': (1987, 1992, 1997, 2001, 2005, 2010), 'configuration': {'hidden_sizes': (16,), 'learning_rate': 0.3, 'seeds': (101223, 101224, 101225, 101226, 101227, 101228, 101229, 101230, 101231, 101232), 'batch_size': 64, 'max_epochs': 1000, 'patience': 20, 'min_delta': 0.0, 'momentum': 0.0, 'weight_decay': 0.0}, 'validation_year': None, 'runs': [{'seed': 101223, 'learning_rate': 0.3, 'best_epoch': None, 'stopping_epoch': 7, 'best_validation_loss': None, 'duration': 7}, {'seed': 101224, 'learning_rate': 0.3, 'best_epoch': None, 'stopping_epoch': 13, 'best_validation_loss': None, 'duration': 13}, {'seed': 101225, 'learning_rate': 0.3, 'best_epoch': None, 'stopping_epoch': 5, 'best_validation_loss': None, 'duration': 5}, {'seed': 101226, 'learning_rate': 0.3, 'best_epoch': None, 'stopping_epoch': 10, 'best_validation_loss': None, 'duration': 10}, {'seed': 101227, 'learning_rate': 0.3, 'best_epoch': None, 'stopping_epoch': 4, 'best_validation_loss': None, 'duration': 4}, {'seed': 101228, 'learning_rate': 0.3, 'best_epoch': None, 'stopping_epoch': 3, 'best_validation_loss': None, 'duration': 3}, {'seed': 101229, 'learning_rate': 0.3, 'best_epoch': None, 'stopping_epoch': 6, 'best_validation_loss': None, 'duration': 6}, {'seed': 101230, 'learning_rate': 0.3, 'best_epoch': None, 'stopping_epoch': 7, 'best_validation_loss': None, 'duration': 7}, {'seed': 101231, 'learning_rate': 0.3, 'best_epoch': None, 'stopping_epoch': 8, 'best_validation_loss': None, 'duration': 8}, {'seed': 101232, 'learning_rate': 0.3, 'best_epoch': None, 'stopping_epoch': 7, 'best_validation_loss': None, 'duration': 7}]}","{101223: {'accuracy': 0.7088607594936709, 'evaluation_rows': 632, 'changed_seat_accuracy': 0.14678899082568808, 'changed_seat_evaluation_rows': 109, 'retained_seat_accuracy': 0.8260038240917782, 'retained_seat_evaluation_rows': 523, 'macro_f1': 0.3939112966862736, 'log_loss': 1.128752851519152, 'previous_winner_accuracy': 0.8275316455696202, 'previous_winner_known_rows': 632, 'seat_error_con': -119, 'seat_error_lab': 137, 'seat_error_lib': 40, 'seat_error_natSW': -54, 'seat_error_oth': -4}, 101224: {'accuracy': 0.7373417721518988, 'evaluation_rows': 632, 'changed_seat_accuracy': 0.14678899082568808, 'changed_seat_evaluation_rows': 109, 'retained_seat_accuracy': 0.8604206500956023, 'retained_seat_evaluation_rows': 523, 'macro_f1': 0.426430810683114, 'log_loss': 1.0239212060863114, 'previous_winner_accuracy': 0.8275316455696202, 'previous_winner_known_rows': 632, 'seat_error_con': -105, 'seat_error_lab': 119, 'seat_error_lib': 40, 'seat_error_natSW': -50, 'seat_error_oth': -4}, 101225: {'accuracy': 0.7262658227848101, 'evaluation_rows': 632, 'changed_seat_accuracy': 0.1834862385321101, 'changed_seat_evaluation_rows': 109, 'retained_seat_accuracy': 0.8393881453154876, 'retained_seat_evaluation_rows': 523, 'macro_f1': 0.4078718189260765, 'log_loss': 1.1036184944792786, 'previous_winner_accuracy': 0.8275316455696202, 'previous_winner_known_rows': 632, 'seat_error_con': -112, 'seat_error_lab': 137, 'seat_error_lib': 33, 'seat_error_natSW': -54, 'seat_error_oth': -4}, 101226: {'accuracy': 0.7420886075949367, 'evaluation_rows': 632, 'changed_seat_accuracy': 0.13761467889908258, 'changed_seat_evaluation_rows': 109, 'retained_seat_accuracy': 0.8680688336520076, 'retained_seat_evaluation_rows': 523, 'macro_f1': 0.4084874197906113, 'log_loss': 1.0323218638184923, 'previous_winner_accuracy': 0.8275316455696202, 'previous_winner_known_rows': 632, 'seat_error_con': -96, 'seat_error_lab': 114, 'seat_error_lib': 40, 'seat_error_natSW': -54, 'seat_error_oth': -4}, 101227: {'accuracy': 0.7721518987341772, 'evaluation_rows': 632, 'changed_seat_accuracy': 0.21100917431192662, 'changed_seat_evaluation_rows': 109, 'retained_seat_accuracy': 0.8891013384321224, 'retained_seat_evaluation_rows': 523, 'macro_f1': 0.4478844808797038, 'log_loss': 0.8613514291413097, 'previous_winner_accuracy': 0.8275316455696202, 'previous_winner_known_rows': 632, 'seat_error_con': -87, 'seat_error_lab': 108, 'seat_error_lib': 33, 'seat_error_natSW': -50, 'seat_error_oth': -4}, 101228: {'accuracy': 0.7689873417721519, 'evaluation_rows': 632, 'changed_seat_accuracy': 0.1559633027522936, 'changed_seat_evaluation_rows': 109, 'retained_seat_accuracy': 0.8967495219885278, 'retained_seat_evaluation_rows': 523, 'macro_f1': 0.44100447384163743, 'log_loss': 0.9181168101196368, 'previous_winner_accuracy': 0.8275316455696202, 'previous_winner_known_rows': 632, 'seat_error_con': -85, 'seat_error_lab': 100, 'seat_error_lib': 39, 'seat_error_natSW': -50, 'seat_error_oth': -4}, 101229: {'accuracy': 0.7357594936708861, 'evaluation_rows': 632, 'changed_seat_accuracy': 0.12844036697247707, 'changed_seat_evaluation_rows': 109, 'retained_seat_accuracy': 0.8623326959847036, 'retained_seat_evaluation_rows': 523, 'macro_f1': 0.3988873685807226, 'log_loss': 1.121509355561891, 'previous_winner_accuracy': 0.8275316455696202, 'previous_winner_known_rows': 632, 'seat_error_con': -99, 'seat_error_lab': 116, 'seat_error_lib': 42, 'seat_error_natSW': -55, 'seat_error_oth': -4}, 101230: {'accuracy': 0.6819620253164557, 'evaluation_rows': 632, 'changed_seat_accuracy': 0.1651376146788991, 'changed_seat_evaluation_rows': 109, 'retained_seat_accuracy': 0.7896749521988528, 'retained_seat_evaluation_rows': 523, 'macro_f1': 0.38515819022421105, 'log_loss': 1.461743616028418, 'previous_winner_accuracy': 0.8275316455696202, 'previous_winner_known_rows': 632, 'seat_error_con': -140, 'seat_error_lab': 145, 'seat_error_lib': 51, 'seat_error_natSW': -52, 'seat_error_oth': -4}, 101231: {'accuracy': 0.7563291139240507, 'evaluation_rows': 632, 'changed_seat_accuracy': 0.1743119266055046, 'changed_seat_evaluation_rows': 109, 'retained_seat_accuracy': 0.8776290630975143, 'retained_seat_evaluation_rows': 523, 'macro_f1': 0.420949673935531, 'log_loss': 1.0336071943959348, 'previous_winner_accuracy': 0.8275316455696202, 'previous_winner_known_rows': 632, 'seat_error_con': -91, 'seat_error_lab': 116, 'seat_error_lib': 33, 'seat_error_natSW': -54, 'seat_error_oth': -4}, 101232: {'accuracy': 0.7484177215189873, 'evaluation_rows': 632, 'changed_seat_accuracy': 0.1743119266055046, 'changed_seat_evaluation_rows': 109, 'retained_seat_accuracy': 0.8680688336520076, 'retained_seat_evaluation_rows': 523, 'macro_f1': 0.41369999890215414, 'log_loss': 1.093029172394877, 'previous_winner_accuracy': 0.8275316455696202, 'previous_winner_known_rows': 632, 'seat_error_con': -97, 'seat_error_lab': 118, 'seat_error_lib': 37, 'seat_error_natSW': -54, 'seat_error_oth': -4}}",0.025922821402077356
XGBoost Expanded,2015,0.8259493670886076,632,0.28440366972477066,109,0.9388145315487572,523,0.4764307472463599,0.7273967464020882,0.8275316455696202,632,-43,77,22,-52,-4,4.7056908630002,"{'n_estimators': 50, 'max_depth': 4, 'learning_rate': 0.05, 'min_child_weight': 1, 'gamma': 0, 'subsample': 1, 'colsample_bytree': 1, 'reg_alpha': 0, 'reg_lambda': 1, 'tree_method': 'hist', 'random_state': 42, 'n_jobs': 1}",0.8832673803001463,"{'training_years': (1987, 1992, 1997, 2001, 2005, 2010), 'configuration': {'n_estimators': 50, 'max_depth': 4, 'learning_rate': 0.05, 'min_child_weight': 1, 'gamma': 0, 'subsample': 1, 'colsample_bytree': 1, 'reg_alpha': 0, 'reg_lambda': 1, 'tree_method': 'hist', 'random_state': 42, 'n_jobs': 1}, 'validation_year': None, 'runs': []}",{},
Conditional XGBoost,2015,0.8560126582278481,632,0.24770642201834864,109,0.982791586998088,523,0.6351268623391385,0.5705827448556925,0.8275316455696202,632,-16,48,20,-50,-2,14.874637550999978,"{'n_estimators': 100, 'max_depth': 3, 'learning_rate': 0.05, 'min_child_weight': 1, 'gamma': 0, 'subsample': 1, 'colsample_bytree': 1, 'reg_alpha': 0, 'reg_lambda': 1, 'tree_method': 'hist', 'random_state': 42, 'n_jobs': 1, 'challenger.max_depth': 2, 'challenger.n_estimators': 200, 'change.max_depth': 2, 'change.n_estimators': 50}",0.8837064072742704,"{'training_years': (1987, 1992, 1997, 2001, 2005, 2010), 'configuration': {'change.n_estimators': 50, 'change.max_depth': 2, 'change.learning_rate': 0.05, 'change.min_child_weight': 1, 'change.gamma': 0, 'change.subsample': 1, 'change.colsample_bytree': 1, 'change.reg_alpha': 0, 'change.reg_lambda': 1, 'change.tree_method': 'hist', 'change.random_state': 42, 'change.n_jobs': 1, 'challenger.n_estimators': 200, 'challenger.max_depth': 2, 'challenger.learning_rate': 0.05, 'challenger.min_child_weight': 1, 'challenger.gamma': 0, 'challenger.subsample': 1, 'challenger.colsample_bytree': 1, 'challenger.reg_alpha': 0, 'challenger.reg_lambda': 1, 'challenger.tree_method': 'hist', 'challenger.random_state': 42, 'challenger.n_jobs': 1}, 'validation_year': None, 'runs': []}",{},
XGBoost,2017,0.8670886075949367,632,0.11940298507462686,67,0.9557522123893806,565,0.5037435490758251,0.33766927889523024,0.8939873417721519,632,38,-47,-12,23,-2,4.125106182000309,"{'n_estimators': 50, 'max_depth': 4, 'learning_rate': 0.05, 'min_child_weight': 1, 'gamma': 0, 'subsample': 1, 'colsample_bytree': 1, 'reg_alpha': 0, 'reg_lambda': 1, 'tree_method': 'hist', 'random_state': 42, 'n_jobs': 1}",0.8752322955935249,"{'training_years': (1987, 1992, 1997, 2001, 2005, 2010, 2015), 'configuration': {'n_estimators': 50, 'max_depth': 4, 'learning_rate': 0.05, 'min_child_weight': 1, 'gamma': 0, 'subsample': 1, 'colsample_bytree': 1, 'reg_alpha': 0, 'reg_lambda': 1, 'tree_method': 'hist', 'random_state': 42, 'n_jobs': 1}, 'validation_year': None, 'runs': []}",{},
Random Forest,2017,0.8955696202531646,632,0.07462686567164178,67,0.9929203539823008,565,0.5850583593452215,0.31072444084003353,0.8939873417721519,632,17,-28,-8,21,-2,35.64571473900014,"{'n_estimators': 300, 'max_depth': 10, 'min_samples_leaf': 10, 'max_features': 0.5, 'min_samples_split': 2, 'bootstrap': True, 'criterion': 'gini', 'class_weight': None, 'random_state': 42, 'n_jobs': 1}",0.8695445675603368,"{'training_years': (1987, 1992, 1997, 2001, 2005, 2010, 2015), 'configuration': {'n_estimators': 300, 'max_depth': 10, 'min_samples_leaf': 10, 'max_features': 0.5, 'min_samples_split': 2, 'bootstrap': True, 'criterion': 'gini', 'class_weight': None, 'random_state': 42, 'n_jobs': 1}, 'validation_year': None, 'runs': []}",{},
Logistic Regression,2017,0.8734177215189873,632,0.1044776119402985,67,0.9646017699115044,565,0.6662200240219411,0.5749813150833625,0.8939873417721519,632,29,-43,-12,27,-1,1.1413801720000265,"{'C': 0.1, 'penalty': 'l2', 'solver': 'lbfgs', 'max_iter': 1000, 'tol': 0.0001, 'class_weight': None}",0.8619880160843779,"{'training_years': (1987, 1992, 1997, 2001, 2005, 2010, 2015), 'configuration': {'C': 0.1, 'penalty': 'l2', 'solver': 'lbfgs', 'max_iter': 1000, 'tol': 0.0001, 'class_weight': None}, 'validation_year': None, 'runs': []}",{},
NN01: 32/16 validation-selected rate,2017,0.865506329113924,632,0.11940298507462686,67,0.9539823008849557,565,0.5296396169581369,0.5124839547629294,0.8939873417721519,632,36,-49,-12,27,-2,76.31222692499978,"{'hidden_sizes': (32, 16), 'seeds': (101223, 101224, 101225, 101226, 101227, 101228, 101229, 101230, 101231, 101232), 'batch_size': 64, 'max_epochs': 1000, 'patience': 20, 'min_delta': 0.0, 'momentum': 0.0, 'weight_decay': 0.0, 'learning_rate': 0.5}",0.8783794476023175,"{'training_years': (1987, 1992, 1997, 2001, 2005, 2010, 2015), 'configuration': {'hidden_sizes': (32, 16), 'learning_rate': 0.5, 'seeds': (101223, 101224, 101225, 101226, 101227, 101228, 101229, 101230, 101231, 101232), 'batch_size': 64, 'max_epochs': 1000, 'patience': 20, 'min_delta': 0.0, 'momentum': 0.0, 'weight_decay': 0.0}, 'validation_year': None, 'runs': [{'seed': 101223, 'learning_rate': 0.5, 'best_epoch': None, 'stopping_epoch': 6, 'best_validation_loss': None, 'duration': 6}, {'seed': 101224, 'learning_rate': 0.5, 'best_epoch': None, 'stopping_epoch': 10, 'best_validation_loss': None, 'duration': 10}, {'seed': 101225, 'learning_rate': 0.5, 'best_epoch': None, 'stopping_epoch': 7, 'best_validation_loss': None, 'duration': 7}, {'seed': 101226, 'learning_rate': 0.5, 'best_epoch': None, 'stopping_epoch': 8, 'best_validation_loss': None, 'duration': 8}, {'seed': 101227, 'learning_rate': 0.5, 'best_epoch': None, 'stopping_epoch': 12, 'best_validation_loss': None, 'duration': 12}, {'seed': 101228, 'learning_rate': 0.5, 'best_epoch': None, 'stopping_epoch': 2, 'best_validation_loss': None, 'duration': 2}, {'seed': 101229, 'learning_rate': 0.5, 'best_epoch': None, 'stopping_epoch': 11, 'best_validation_loss': None, 'duration': 11}, {'seed': 101230, 'learning_rate': 0.5, 'best_epoch': None, 'stopping_epoch': 3, 'best_validation_loss': None, 'duration': 3}, {'seed': 101231, 'learning_rate': 0.5, 'best_epoch': None, 'stopping_epoch': 3, 'best_validation_loss': None, 'duration': 3}, {'seed': 101232, 'learning_rate': 0.5, 'best_epoch': None, 'stopping_epoch': 3, 'best_validation_loss': None, 'duration': 3}]}","{101223: {'accuracy': 0.8924050632911392, 'evaluation_rows': 632, 'changed_seat_accuracy': 0.08955223880597014, 'changed_seat_evaluation_rows': 67, 'retained_seat_accuracy': 0.9876106194690265, 'retained_seat_evaluation_rows': 565, 'macro_f1': 0.5442684363536111, 'log_loss': 0.47476337989848405, 'previous_winner_accuracy': 0.8939873417721519, 'previous_winner_known_rows': 632, 'seat_error_con': 17, 'seat_error_lab': -28, 'seat_error_lib': -12, 'seat_error_natSW': 25, 'seat_error_oth': -2}, 101224: {'accuracy': 0.865506329113924, 'evaluation_rows': 632, 'changed_seat_accuracy': 0.07462686567164178, 'changed_seat_evaluation_rows': 67, 'retained_seat_accuracy': 0.95929203539823, 'retained_seat_evaluation_rows': 565, 'macro_f1': 0.5270959196427988, 'log_loss': 0.6269270254923388, 'previous_winner_accuracy': 0.8939873417721519, 'previous_winner_known_rows': 632, 'seat_error_con': 31, 'seat_error_lab': -43, 'seat_error_lib': -11, 'seat_error_natSW': 25, 'seat_error_oth': -2}, 101225: {'accuracy': 0.8401898734177216, 'evaluation_rows': 632, 'changed_seat_accuracy': 0.16417910447761194, 'changed_seat_evaluation_rows': 67, 'retained_seat_accuracy': 0.9203539823008849, 'retained_seat_evaluation_rows': 565, 'macro_f1': 0.5151043817450711, 'log_loss': 0.7655588972502702, 'previous_winner_accuracy': 0.8939873417721519, 'previous_winner_known_rows': 632, 'seat_error_con': 56, 'seat_error_lab': -71, 'seat_error_lib': -12, 'seat_error_natSW': 29, 'seat_error_oth': -2}, 101226: {'accuracy': 0.8481012658227848, 'evaluation_rows': 632, 'changed_seat_accuracy': 0.16417910447761194, 'changed_seat_evaluation_rows': 67, 'retained_seat_accuracy': 0.9292035398230089, 'retained_seat_evaluation_rows': 565, 'macro_f1': 0.4931898355976065, 'log_loss': 0.6189935244550734, 'previous_winner_accuracy': 0.8939873417721519, 'previous_winner_known_rows': 632, 'seat_error_con': 53, 'seat_error_lab': -65, 'seat_error_lib': -13, 'seat_error_natSW': 27, 'seat_error_oth': -2}, 101227: {'accuracy': 0.8575949367088608, 'evaluation_rows': 632, 'changed_seat_accuracy': 0.16417910447761194, 'changed_seat_evaluation_rows': 67, 'retained_seat_accuracy': 0.9398230088495575, 'retained_seat_evaluation_rows': 565, 'macro_f1': 0.5269910769502607, 'log_loss': 0.6708405286656085, 'previous_winner_accuracy': 0.8939873417721519, 'previous_winner_known_rows': 632, 'seat_error_con': 48, 'seat_error_lab': -60, 'seat_error_lib': -12, 'seat_error_natSW': 26, 'seat_error_oth': -2}, 101228: {'accuracy': 0.8876582278481012, 'evaluation_rows': 632, 'changed_seat_accuracy': 0.07462686567164178, 'changed_seat_evaluation_rows': 67, 'retained_seat_accuracy': 0.984070796460177, 'retained_seat_evaluation_rows': 565, 'macro_f1': 0.5386777884944991, 'log_loss': 0.4701582445620978, 'previous_winner_accuracy': 0.8939873417721519, 'previous_winner_known_rows': 632, 'seat_error_con': 14, 'seat_error_lab': -28, 'seat_error_lib': -12, 'seat_error_natSW': 28, 'seat_error_oth': -2}, 101229: {'accuracy': 0.8560126582278481, 'evaluation_rows': 632, 'changed_seat_accuracy': 0.16417910447761194, 'changed_seat_evaluation_rows': 67, 'retained_seat_accuracy': 0.9380530973451328, 'retained_seat_evaluation_rows': 565, 'macro_f1': 0.5273085059139202, 'log_loss': 0.6716448110525108, 'previous_winner_accuracy': 0.8939873417721519, 'previous_winner_known_rows': 632, 'seat_error_con': 51, 'seat_error_lab': -62, 'seat_error_lib': -12, 'seat_error_natSW': 25, 'seat_error_oth': -2}, 101230: {'accuracy': 0.8876582278481012, 'evaluation_rows': 632, 'changed_seat_accuracy': 0.08955223880597014, 'changed_seat_evaluation_rows': 67, 'retained_seat_accuracy': 0.9823008849557522, 'retained_seat_evaluation_rows': 565, 'macro_f1': 0.5398153230223148, 'log_loss': 0.5296557410235937, 'previous_winner_accuracy': 0.8939873417721519, 'previous_winner_known_rows': 632, 'seat_error_con': 17, 'seat_error_lab': -30, 'seat_error_lib': -12, 'seat_error_natSW': 27, 'seat_error_oth': -2}, 101231: {'accuracy': 0.8496835443037974, 'evaluation_rows': 632, 'changed_seat_accuracy': 0.16417910447761194, 'changed_seat_evaluation_rows': 67, 'retained_seat_accuracy': 0.9309734513274336, 'retained_seat_evaluation_rows': 565, 'macro_f1': 0.48939089547234993, 'log_loss': 0.6869262275434853, 'previous_winner_accuracy': 0.8939873417721519, 'previous_winner_known_rows': 632, 'seat_error_con': 48, 'seat_error_lab': -64, 'seat_error_lib': -13, 'seat_error_natSW': 31, 'seat_error_oth': -2}, 101232: {'accuracy': 0.884493670886076, 'evaluation_rows': 632, 'changed_seat_accuracy': 0.07462686567164178, 'changed_seat_evaluation_rows': 67, 'retained_seat_accuracy': 0.9805309734513274, 'retained_seat_evaluation_rows': 565, 'macro_f1': 0.5078879244965436, 'log_loss': 0.47018121542418445, 'previous_winner_accuracy': 0.8939873417721519, 'previous_winner_known_rows': 632, 'seat_error_con': 14, 'seat_error_lab': -28, 'seat_error_lib': -13, 'seat_error_natSW': 29, 'seat_error_oth': -2}}",0.01841774870588275
NN02: 64/32 validation-selected rate,2017,0.865506329113924,632,0.13432835820895522,67,0.952212389380531,565,0.5308018757484648,0.4912304577319939,0.8939873417721519,632,39,-51,-12,26,-2,147.11571486699995,"{'hidden_sizes': (64, 32), 'seeds': (101223, 101224, 101225, 101226, 101227, 101228, 101229, 101230, 101231, 101232), 'batch_size': 64, 'max_epochs': 1000, 'patience': 20, 'min_delta': 0.0, 'momentum': 0.0, 'weight_decay': 0.0, 'learning_rate': 0.5}",0.8812069364980516,"{'training_years': (1987, 1992, 1997, 2001, 2005, 2010, 2015), 'configuration': {'hidden_sizes': (64, 32), 'learning_rate': 0.5, 'seeds': (101223, 101224, 101225, 101226, 101227, 101228, 101229, 101230, 101231, 101232), 'batch_size': 64, 'max_epochs': 1000, 'patience': 20, 'min_delta': 0.0, 'momentum': 0.0, 'weight_decay': 0.0}, 'validation_year': None, 'runs': [{'seed': 101223, 'learning_rate': 0.5, 'best_epoch': None, 'stopping_epoch': 6, 'best_validation_loss': None, 'duration': 6}, {'seed': 101224, 'learning_rate': 0.5, 'best_epoch': None, 'stopping_epoch': 6, 'best_validation_loss': None, 'duration': 6}, {'seed': 101225, 'learning_rate': 0.5, 'best_epoch': None, 'stopping_epoch': 4, 'best_validation_loss': None, 'duration': 4}, {'seed': 101226, 'learning_rate': 0.5, 'best_epoch': None, 'stopping_epoch': 9, 'best_validation_loss': None, 'duration': 9}, {'seed': 101227, 'learning_rate': 0.5, 'best_epoch': None, 'stopping_epoch': 10, 'best_validation_loss': None, 'duration': 10}, {'seed': 101228, 'learning_rate': 0.5, 'best_epoch': None, 'stopping_epoch': 3, 'best_validation_loss': None, 'duration': 3}, {'seed': 101229, 'learning_rate': 0.5, 'best_epoch': None, 'stopping_epoch': 7, 'best_validation_loss': None, 'duration': 7}, {'seed': 101230, 'learning_rate': 0.5, 'best_epoch': None, 'stopping_epoch': 9, 'best_validation_loss': None, 'duration': 9}, {'seed': 101231, 'learning_rate': 0.5, 'best_epoch': None, 'stopping_epoch': 10, 'best_validation_loss': None, 'duration': 10}, {'seed': 101232, 'learning_rate': 0.5, 'best_epoch': None, 'stopping_epoch': 3, 'best_validation_loss': None, 'duration': 3}]}","{101223: {'accuracy': 0.875, 'evaluation_rows': 632, 'changed_seat_accuracy': 0.1044776119402985, 'changed_seat_evaluation_rows': 67, 'retained_seat_accuracy': 0.9663716814159292, 'retained_seat_evaluation_rows': 565, 'macro_f1': 0.5082592329229101, 'log_loss': 0.48332465104299627, 'previous_winner_accuracy': 0.8939873417721519, 'previous_winner_known_rows': 632, 'seat_error_con': 31, 'seat_error_lab': -41, 'seat_error_lib': -13, 'seat_error_natSW': 25, 'seat_error_oth': -2}, 101224: {'accuracy': 0.870253164556962, 'evaluation_rows': 632, 'changed_seat_accuracy': 0.08955223880597014, 'changed_seat_evaluation_rows': 67, 'retained_seat_accuracy': 0.9628318584070796, 'retained_seat_evaluation_rows': 565, 'macro_f1': 0.5318166387473318, 'log_loss': 0.6197089717405554, 'previous_winner_accuracy': 0.8939873417721519, 'previous_winner_known_rows': 632, 'seat_error_con': 28, 'seat_error_lab': -41, 'seat_error_lib': -12, 'seat_error_natSW': 27, 'seat_error_oth': -2}, 101225: {'accuracy': 0.8449367088607594, 'evaluation_rows': 632, 'changed_seat_accuracy': 0.16417910447761194, 'changed_seat_evaluation_rows': 67, 'retained_seat_accuracy': 0.9256637168141593, 'retained_seat_evaluation_rows': 565, 'macro_f1': 0.5209505624946725, 'log_loss': 0.725365328068023, 'previous_winner_accuracy': 0.8939873417721519, 'previous_winner_known_rows': 632, 'seat_error_con': 56, 'seat_error_lab': -68, 'seat_error_lib': -12, 'seat_error_natSW': 26, 'seat_error_oth': -2}, 101226: {'accuracy': 0.8354430379746836, 'evaluation_rows': 632, 'changed_seat_accuracy': 0.16417910447761194, 'changed_seat_evaluation_rows': 67, 'retained_seat_accuracy': 0.9150442477876106, 'retained_seat_evaluation_rows': 565, 'macro_f1': 0.5162798848718131, 'log_loss': 0.7022882145622517, 'previous_winner_accuracy': 0.8939873417721519, 'previous_winner_known_rows': 632, 'seat_error_con': 64, 'seat_error_lab': -76, 'seat_error_lib': -12, 'seat_error_natSW': 26, 'seat_error_oth': -2}, 101227: {'accuracy': 0.865506329113924, 'evaluation_rows': 632, 'changed_seat_accuracy': 0.11940298507462686, 'changed_seat_evaluation_rows': 67, 'retained_seat_accuracy': 0.9539823008849557, 'retained_seat_evaluation_rows': 565, 'macro_f1': 0.5522705480525179, 'log_loss': 0.5327329515834712, 'previous_winner_accuracy': 0.8939873417721519, 'previous_winner_known_rows': 632, 'seat_error_con': 41, 'seat_error_lab': -52, 'seat_error_lib': -10, 'seat_error_natSW': 23, 'seat_error_oth': -2}, 101228: {'accuracy': 0.814873417721519, 'evaluation_rows': 632, 'changed_seat_accuracy': 0.16417910447761194, 'changed_seat_evaluation_rows': 67, 'retained_seat_accuracy': 0.8920353982300885, 'retained_seat_evaluation_rows': 565, 'macro_f1': 0.4700811457984317, 'log_loss': 0.938742866792812, 'previous_winner_accuracy': 0.8939873417721519, 'previous_winner_known_rows': 632, 'seat_error_con': 70, 'seat_error_lab': -88, 'seat_error_lib': -13, 'seat_error_natSW': 33, 'seat_error_oth': -2}, 101229: {'accuracy': 0.8939873417721519, 'evaluation_rows': 632, 'changed_seat_accuracy': 0.11940298507462686, 'changed_seat_evaluation_rows': 67, 'retained_seat_accuracy': 0.9858407079646018, 'retained_seat_evaluation_rows': 565, 'macro_f1': 0.5438208555289509, 'log_loss': 0.4083787590557062, 'previous_winner_accuracy': 0.8939873417721519, 'previous_winner_known_rows': 632, 'seat_error_con': 9, 'seat_error_lab': -21, 'seat_error_lib': -12, 'seat_error_natSW': 26, 'seat_error_oth': -2}, 101230: {'accuracy': 0.8386075949367089, 'evaluation_rows': 632, 'changed_seat_accuracy': 0.16417910447761194, 'changed_seat_evaluation_rows': 67, 'retained_seat_accuracy': 0.9185840707964602, 'retained_seat_evaluation_rows': 565, 'macro_f1': 0.48902977500503964, 'log_loss': 0.7561566719857997, 'previous_winner_accuracy': 0.8939873417721519, 'previous_winner_known_rows': 632, 'seat_error_con': 63, 'seat_error_lab': -73, 'seat_error_lib': -12, 'seat_error_natSW': 24, 'seat_error_oth': -2}, 101231: {'accuracy': 0.8544303797468354, 'evaluation_rows': 632, 'changed_seat_accuracy': 0.13432835820895522, 'changed_seat_evaluation_rows': 67, 'retained_seat_accuracy': 0.9398230088495575, 'retained_seat_evaluation_rows': 565, 'macro_f1': 0.5198462918761532, 'log_loss': 0.8269426046343432, 'previous_winner_accuracy': 0.8939873417721519, 'previous_winner_known_rows': 632, 'seat_error_con': 41, 'seat_error_lab': -58, 'seat_error_lib': -12, 'seat_error_natSW': 31, 'seat_error_oth': -2}, 101232: {'accuracy': 0.8971518987341772, 'evaluation_rows': 632, 'changed_seat_accuracy': 0.14925373134328357, 'changed_seat_evaluation_rows': 67, 'retained_seat_accuracy': 0.9858407079646018, 'retained_seat_evaluation_rows': 565, 'macro_f1': 0.5452505168325594, 'log_loss': 0.39605746683054577, 'previous_winner_accuracy': 0.8939873417721519, 'previous_winner_known_rows': 632, 'seat_error_con': 7, 'seat_error_lab': -19, 'seat_error_lib': -12, 'seat_error_natSW': 26, 'seat_error_oth': -2}}",0.024982468616671635
NN03: 16 units fixed rate 0.3,2017,0.865506329113924,632,0.1044776119402985,67,0.9557522123893806,565,0.5284041974998954,0.5298886507956821,0.8939873417721519,632,32,-46,-12,28,-2,19.0599891009997,"{'hidden_sizes': (16,), 'seeds': (101223, 101224, 101225, 101226, 101227, 101228, 101229, 101230, 101231, 101232), 'batch_size': 64, 'max_epochs': 1000, 'patience': 20, 'min_delta': 0.0, 'momentum': 0.0, 'weight_decay': 0.0, 'learning_rate': 0.3}",0.873649193246614,"{'training_years': (1987, 1992, 1997, 2001, 2005, 2010, 2015), 'configuration': {'hidden_sizes': (16,), 'learning_rate': 0.3, 'seeds': (101223, 101224, 101225, 101226, 101227, 101228, 101229, 101230, 101231, 101232), 'batch_size': 64, 'max_epochs': 1000, 'patience': 20, 'min_delta': 0.0, 'momentum': 0.0, 'weight_decay': 0.0}, 'validation_year': None, 'runs': [{'seed': 101223, 'learning_rate': 0.3, 'best_epoch': None, 'stopping_epoch': 6, 'best_validation_loss': None, 'duration': 6}, {'seed': 101224, 'learning_rate': 0.3, 'best_epoch': None, 'stopping_epoch': 10, 'best_validation_loss': None, 'duration': 10}, {'seed': 101225, 'learning_rate': 0.3, 'best_epoch': None, 'stopping_epoch': 3, 'best_validation_loss': None, 'duration': 3}, {'seed': 101226, 'learning_rate': 0.3, 'best_epoch': None, 'stopping_epoch': 4, 'best_validation_loss': None, 'duration': 4}, {'seed': 101227, 'learning_rate': 0.3, 'best_epoch': None, 'stopping_epoch': 6, 'best_validation_loss': None, 'duration': 6}, {'seed': 101228, 'learning_rate': 0.3, 'best_epoch': None, 'stopping_epoch': 3, 'best_validation_loss': None, 'duration': 3}, {'seed': 101229, 'learning_rate': 0.3, 'best_epoch': None, 'stopping_epoch': 6, 'best_validation_loss': None, 'duration': 6}, {'seed': 101230, 'learning_rate': 0.3, 'best_epoch': None, 'stopping_epoch': 5, 'best_validation_loss': None, 'duration': 5}, {'seed': 101231, 'learning_rate': 0.3, 'best_epoch': None, 'stopping_epoch': 6, 'best_validation_loss': None, 'duration': 6}, {'seed': 101232, 'learning_rate': 0.3, 'best_epoch': None, 'stopping_epoch': 4, 'best_validation_loss': None, 'duration': 4}]}","{101223: {'accuracy': 0.865506329113924, 'evaluation_rows': 632, 'changed_seat_accuracy': 0.11940298507462686, 'changed_seat_evaluation_rows': 67, 'retained_seat_accuracy': 0.9539823008849557, 'retained_seat_evaluation_rows': 565, 'macro_f1': 0.5295339539623429, 'log_loss': 0.6132679469058799, 'previous_winner_accuracy': 0.8939873417721519, 'previous_winner_known_rows': 632, 'seat_error_con': 35, 'seat_error_lab': -48, 'seat_error_lib': -12, 'seat_error_natSW': 27, 'seat_error_oth': -2}, 101224: {'accuracy': 0.8623417721518988, 'evaluation_rows': 632, 'changed_seat_accuracy': 0.14925373134328357, 'changed_seat_evaluation_rows': 67, 'retained_seat_accuracy': 0.9469026548672567, 'retained_seat_evaluation_rows': 565, 'macro_f1': 0.5291656970480499, 'log_loss': 0.6408587458508183, 'previous_winner_accuracy': 0.8939873417721519, 'previous_winner_known_rows': 632, 'seat_error_con': 42, 'seat_error_lab': -54, 'seat_error_lib': -12, 'seat_error_natSW': 26, 'seat_error_oth': -2}, 101225: {'accuracy': 0.8591772151898734, 'evaluation_rows': 632, 'changed_seat_accuracy': 0.11940298507462686, 'changed_seat_evaluation_rows': 67, 'retained_seat_accuracy': 0.9469026548672567, 'retained_seat_evaluation_rows': 565, 'macro_f1': 0.5242481406067443, 'log_loss': 0.5641448767285795, 'previous_winner_accuracy': 0.8939873417721519, 'previous_winner_known_rows': 632, 'seat_error_con': 37, 'seat_error_lab': -52, 'seat_error_lib': -12, 'seat_error_natSW': 29, 'seat_error_oth': -2}, 101226: {'accuracy': 0.8259493670886076, 'evaluation_rows': 632, 'changed_seat_accuracy': 0.14925373134328357, 'changed_seat_evaluation_rows': 67, 'retained_seat_accuracy': 0.9061946902654867, 'retained_seat_evaluation_rows': 565, 'macro_f1': 0.5085139923038838, 'log_loss': 0.6852550140043587, 'previous_winner_accuracy': 0.8939873417721519, 'previous_winner_known_rows': 632, 'seat_error_con': 69, 'seat_error_lab': -83, 'seat_error_lib': -11, 'seat_error_natSW': 27, 'seat_error_oth': -2}, 101227: {'accuracy': 0.8623417721518988, 'evaluation_rows': 632, 'changed_seat_accuracy': 0.11940298507462686, 'changed_seat_evaluation_rows': 67, 'retained_seat_accuracy': 0.9504424778761061, 'retained_seat_evaluation_rows': 565, 'macro_f1': 0.526986759601222, 'log_loss': 0.5220574630518534, 'previous_winner_accuracy': 0.8939873417721519, 'previous_winner_known_rows': 632, 'seat_error_con': 37, 'seat_error_lab': -51, 'seat_error_lib': -12, 'seat_error_natSW': 28, 'seat_error_oth': -2}, 101228: {'accuracy': 0.865506329113924, 'evaluation_rows': 632, 'changed_seat_accuracy': 0.08955223880597014, 'changed_seat_evaluation_rows': 67, 'retained_seat_accuracy': 0.9575221238938053, 'retained_seat_evaluation_rows': 565, 'macro_f1': 0.4959435409736792, 'log_loss': 0.5775784796362675, 'previous_winner_accuracy': 0.8939873417721519, 'previous_winner_known_rows': 632, 'seat_error_con': 26, 'seat_error_lab': -43, 'seat_error_lib': -13, 'seat_error_natSW': 32, 'seat_error_oth': -2}, 101229: {'accuracy': 0.8908227848101266, 'evaluation_rows': 632, 'changed_seat_accuracy': 0.08955223880597014, 'changed_seat_evaluation_rows': 67, 'retained_seat_accuracy': 0.9858407079646018, 'retained_seat_evaluation_rows': 565, 'macro_f1': 0.5142191868794151, 'log_loss': 0.5435611803028789, 'previous_winner_accuracy': 0.8939873417721519, 'previous_winner_known_rows': 632, 'seat_error_con': 15, 'seat_error_lab': -26, 'seat_error_lib': -13, 'seat_error_natSW': 26, 'seat_error_oth': -2}, 101230: {'accuracy': 0.865506329113924, 'evaluation_rows': 632, 'changed_seat_accuracy': 0.1044776119402985, 'changed_seat_evaluation_rows': 67, 'retained_seat_accuracy': 0.9557522123893806, 'retained_seat_evaluation_rows': 565, 'macro_f1': 0.5527963545960934, 'log_loss': 0.5533671791657775, 'previous_winner_accuracy': 0.8939873417721519, 'previous_winner_known_rows': 632, 'seat_error_con': 33, 'seat_error_lab': -48, 'seat_error_lib': -11, 'seat_error_natSW': 28, 'seat_error_oth': -2}, 101231: {'accuracy': 0.8813291139240507, 'evaluation_rows': 632, 'changed_seat_accuracy': 0.08955223880597014, 'changed_seat_evaluation_rows': 67, 'retained_seat_accuracy': 0.9752212389380531, 'retained_seat_evaluation_rows': 565, 'macro_f1': 0.5381114186360089, 'log_loss': 0.5490393863844993, 'previous_winner_accuracy': 0.8939873417721519, 'previous_winner_known_rows': 632, 'seat_error_con': 22, 'seat_error_lab': -34, 'seat_error_lib': -12, 'seat_error_natSW': 26, 'seat_error_oth': -2}, 101232: {'accuracy': 0.8765822784810127, 'evaluation_rows': 632, 'changed_seat_accuracy': 0.1044776119402985, 'changed_seat_evaluation_rows': 67, 'retained_seat_accuracy': 0.968141592920354, 'retained_seat_evaluation_rows': 565, 'macro_f1': 0.5055310757094876, 'log_loss': 0.562017416614391, 'previous_winner_accuracy': 0.8939873417721519, 'previous_winner_known_rows': 632, 'seat_error_con': 26, 'seat_error_lab': -39, 'seat_error_lib': -13, 'seat_error_natSW': 28, 'seat_error_oth': -2}}",0.016244383250266586
XGBoost Expanded,2017,0.8496835443037974,632,0.31343283582089554,67,0.9132743362831859,565,0.49246055533010313,0.3468394395370556,0.8939873417721519,632,43,-12,-8,-21,-2,5.218325337999886,"{'n_estimators': 50, 'max_depth': 5, 'learning_rate': 0.05, 'min_child_weight': 1, 'gamma': 0, 'subsample': 1, 'colsample_bytree': 1, 'reg_alpha': 0, 'reg_lambda': 1, 'tree_method': 'hist', 'random_state': 42, 'n_jobs': 1}",0.8730946560284407,"{'training_years': (1987, 1992, 1997, 2001, 2005, 2010, 2015), 'configuration': {'n_estimators': 50, 'max_depth': 5, 'learning_rate': 0.05, 'min_child_weight': 1, 'gamma': 0, 'subsample': 1, 'colsample_bytree': 1, 'reg_alpha': 0, 'reg_lambda': 1, 'tree_method': 'hist', 'random_state': 42, 'n_jobs': 1}, 'validation_year': None, 'runs': []}",{},
Conditional XGBoost,2017,0.8955696202531646,632,0.029850746268656716,67,0.9982300884955753,565,0.7170844978703383,0.30964829206489747,0.8939873417721519,632,13,-29,-8,22,2,16.0166597740008,"{'n_estimators': 100, 'max_depth': 3, 'learning_rate': 0.05, 'min_child_weight': 1, 'gamma': 0, 'subsample': 1, 'colsample_bytree': 1, 'reg_alpha': 0, 'reg_lambda': 1, 'tree_method': 'hist', 'random_state': 42, 'n_jobs': 1, 'challenger.max_depth': 2, 'challenger.n_estimators': 200, 'change.max_depth': 2, 'change.n_estimators': 50}",0.8781676574649859,"{'training_years': (1987, 1992, 1997, 2001, 2005, 2010, 2015), 'configuration': {'change.n_estimators': 50, 'change.max_depth': 2, 'change.learning_rate': 0.05, 'change.min_child_weight': 1, 'change.gamma': 0, 'change.subsample': 1, 'change.colsample_bytree': 1, 'change.reg_alpha': 0, 'change.reg_lambda': 1, 'change.tree_method': 'hist', 'change.random_state': 42, 'change.n_jobs': 1, 'challenger.n_estimators': 200, 'challenger.max_depth': 2, 'challenger.learning_rate': 0.05, 'challenger.min_child_weight': 1, 'challenger.gamma': 0, 'challenger.subsample': 1, 'challenger.colsample_bytree': 1, 'challenger.reg_alpha': 0, 'challenger.reg_lambda': 1, 'challenger.tree_method': 'hist', 'challenger.random_state': 42, 'challenger.n_jobs': 1}, 'validation_year': None, 'runs': []}",{},
XGBoost,2019,0.9177215189873418,632,0.5,76,0.9748201438848921,556,0.784873809551802,0.19753017096125305,0.879746835443038,632,-5,15,-4,-6,0,4.374526599000092,"{'n_estimators': 100, 'max_depth': 2, 'learning_rate': 0.05, 'min_child_weight': 1, 'gamma': 0, 'subsample': 1, 'colsample_bytree': 1, 'reg_alpha': 0, 'reg_lambda': 1, 'tree_method': 'hist', 'random_state': 42, 'n_jobs': 1}",0.8767664298041727,"{'training_years': (1987, 1992, 1997, 2001, 2005, 2010, 2015, 2017), 'configuration': {'n_estimators': 100, 'max_depth': 2, 'learning_rate': 0.05, 'min_child_weight': 1, 'gamma': 0, 'subsample': 1, 'colsample_bytree': 1, 'reg_alpha': 0, 'reg_lambda': 1, 'tree_method': 'hist', 'random_state': 42, 'n_jobs': 1}, 'validation_year': None, 'runs': []}",{},
Random Forest,2019,0.8860759493670886,632,0.14473684210526316,76,0.987410071942446,556,0.667994580111652,0.2907746832607253,0.879746835443038,632,-29,46,0,-15,-2,40.90907214799972,"{'n_estimators': 300, 'max_depth': None, 'min_samples_leaf': 10, 'max_features': 'sqrt', 'min_samples_split': 2, 'bootstrap': True, 'criterion': 'gini', 'class_weight': None, 'random_state': 42, 'n_jobs': 1}",0.8744125553137905,"{'training_years': (1987, 1992, 1997, 2001, 2005, 2010, 2015, 2017), 'configuration': {'n_estimators': 300, 'max_depth': None, 'min_samples_leaf': 10, 'max_features': 'sqrt', 'min_samples_split': 2, 'bootstrap': True, 'criterion': 'gini', 'class_weight': None, 'random_state': 42, 'n_jobs': 1}, 'validation_year': None, 'runs': []}",{},
Logistic Regression,2019,0.8686708860759493,632,0.09210526315789473,76,0.9748201438848921,556,0.6293816461454201,0.31167990431538206,0.879746835443038,632,-29,54,1,-25,-1,0.994343905000278,"{'C': 0.1, 'penalty': 'l2', 'solver': 'lbfgs', 'max_iter': 1000, 'tol': 0.0001, 'class_weight': None}",0.8638929669901462,"{'training_years': (1987, 1992, 1997, 2001, 2005, 2010, 2015, 2017), 'configuration': {'C': 0.1, 'penalty': 'l2', 'solver': 'lbfgs', 'max_iter': 1000, 'tol': 0.0001, 'class_weight': None}, 'validation_year': None, 'runs': []}",{},
NN01: 32/16 validation-selected rate,2019,0.8924050632911392,632,0.14473684210526316,76,0.9946043165467626,556,0.6798282670387261,0.25426051352083756,0.879746835443038,632,-37,50,0,-11,-2,70.4195733179995,"{'hidden_sizes': (32, 16), 'seeds': (101223, 101224, 101225, 101226, 101227, 101228, 101229, 101230, 101231, 101232), 'batch_size': 64, 'max_epochs': 1000, 'patience': 20, 'min_delta': 0.0, 'momentum': 0.0, 'weight_decay': 0.0, 'learning_rate': 0.5}",0.8807170502171212,"{'training_years': (1987, 1992, 1997, 2001, 2005, 2010, 2015, 2017), 'configuration': {'hidden_sizes': (32, 16), 'learning_rate': 0.5, 'seeds': (101223, 101224, 101225, 101226, 101227, 101228, 101229, 101230, 101231, 101232), 'batch_size': 64, 'max_epochs': 1000, 'patience': 20, 'min_delta': 0.0, 'momentum': 0.0, 'weight_decay': 0.0}, 'validation_year': None, 'runs': [{'seed': 101223, 'learning_rate': 0.5, 'best_epoch': None, 'stopping_epoch': 6, 'best_validation_loss': None, 'duration': 6}, {'seed': 101224, 'learning_rate': 0.5, 'best_epoch': None, 'stopping_epoch': 8, 'best_validation_loss': None, 'duration': 8}, {'seed': 101225, 'learning_rate': 0.5, 'best_epoch': None, 'stopping_epoch': 5, 'best_validation_loss': None, 'duration': 5}, {'seed': 101226, 'learning_rate': 0.5, 'best_epoch': None, 'stopping_epoch': 6, 'best_validation_loss': None, 'duration': 6}, {'seed': 101227, 'learning_rate': 0.5, 'best_epoch': None, 'stopping_epoch': 9, 'best_validation_loss': None, 'duration': 9}, {'seed': 101228, 'learning_rate': 0.5, 'best_epoch': None, 'stopping_epoch': 2, 'best_validation_loss': None, 'duration': 2}, {'seed': 101229, 'learning_rate': 0.5, 'best_epoch': None, 'stopping_epoch': 8, 'best_validation_loss': None, 'duration': 8}, {'seed': 101230, 'learning_rate': 0.5, 'best_epoch': None, 'stopping_epoch': 3, 'best_validation_loss': None, 'duration': 3}, {'seed': 101231, 'learning_rate': 0.5, 'best_epoch': None, 'stopping_epoch': 3, 'best_validation_loss': None, 'duration': 3}, {'seed': 101232, 'learning_rate': 0.5, 'best_epoch': None, 'stopping_epoch': 3, 'best_validation_loss': None, 'duration': 3}]}","{101223: {'accuracy': 0.8892405063291139, 'evaluation_rows': 632, 'changed_seat_accuracy': 0.13157894736842105, 'changed_seat_evaluation_rows': 76, 'retained_seat_accuracy': 0.9928057553956835, 'retained_seat_evaluation_rows': 556, 'macro_f1': 0.6682013638535378, 'log_loss': 0.28806409141410316, 'previous_winner_accuracy': 0.879746835443038, 'previous_winner_known_rows': 632, 'seat_error_con': -37, 'seat_error_lab': 51, 'seat_error_lib': 1, 'seat_error_natSW': -13, 'seat_error_oth': -2}, 101224: {'accuracy': 0.8987341772151899, 'evaluation_rows': 632, 'changed_seat_accuracy': 0.35526315789473684, 'changed_seat_evaluation_rows': 76, 'retained_seat_accuracy': 0.9730215827338129, 'retained_seat_evaluation_rows': 556, 'macro_f1': 0.6501452285863755, 'log_loss': 0.2307670154805756, 'previous_winner_accuracy': 0.879746835443038, 'previous_winner_known_rows': 632, 'seat_error_con': -6, 'seat_error_lab': 29, 'seat_error_lib': 3, 'seat_error_natSW': -24, 'seat_error_oth': -2}, 101225: {'accuracy': 0.8496835443037974, 'evaluation_rows': 632, 'changed_seat_accuracy': 0.039473684210526314, 'changed_seat_evaluation_rows': 76, 'retained_seat_accuracy': 0.960431654676259, 'retained_seat_evaluation_rows': 556, 'macro_f1': 0.632293955254107, 'log_loss': 0.3697407571042116, 'previous_winner_accuracy': 0.879746835443038, 'previous_winner_known_rows': 632, 'seat_error_con': -48, 'seat_error_lab': 72, 'seat_error_lib': 4, 'seat_error_natSW': -26, 'seat_error_oth': -2}, 101226: {'accuracy': 0.8164556962025317, 'evaluation_rows': 632, 'changed_seat_accuracy': 0.09210526315789473, 'changed_seat_evaluation_rows': 76, 'retained_seat_accuracy': 0.9154676258992805, 'retained_seat_evaluation_rows': 556, 'macro_f1': 0.6456023019839467, 'log_loss': 0.6630844066386493, 'previous_winner_accuracy': 0.879746835443038, 'previous_winner_known_rows': 632, 'seat_error_con': -91, 'seat_error_lab': 101, 'seat_error_lib': 3, 'seat_error_natSW': -11, 'seat_error_oth': -2}, 101227: {'accuracy': 0.9145569620253164, 'evaluation_rows': 632, 'changed_seat_accuracy': 0.39473684210526316, 'changed_seat_evaluation_rows': 76, 'retained_seat_accuracy': 0.9856115107913669, 'retained_seat_evaluation_rows': 556, 'macro_f1': 0.6747459021615976, 'log_loss': 0.22296816211114462, 'previous_winner_accuracy': 0.879746835443038, 'previous_winner_known_rows': 632, 'seat_error_con': -35, 'seat_error_lab': 37, 'seat_error_lib': -2, 'seat_error_natSW': 2, 'seat_error_oth': -2}, 101228: {'accuracy': 0.8860759493670886, 'evaluation_rows': 632, 'changed_seat_accuracy': 0.11842105263157894, 'changed_seat_evaluation_rows': 76, 'retained_seat_accuracy': 0.9910071942446043, 'retained_seat_evaluation_rows': 556, 'macro_f1': 0.63783090723334, 'log_loss': 0.2769092404366373, 'previous_winner_accuracy': 0.879746835443038, 'previous_winner_known_rows': 632, 'seat_error_con': -45, 'seat_error_lab': 54, 'seat_error_lib': -3, 'seat_error_natSW': -4, 'seat_error_oth': -2}, 101229: {'accuracy': 0.9066455696202531, 'evaluation_rows': 632, 'changed_seat_accuracy': 0.6447368421052632, 'changed_seat_evaluation_rows': 76, 'retained_seat_accuracy': 0.9424460431654677, 'retained_seat_evaluation_rows': 556, 'macro_f1': 0.6030869809670043, 'log_loss': 0.2463672782035684, 'previous_winner_accuracy': 0.879746835443038, 'previous_winner_known_rows': 632, 'seat_error_con': 35, 'seat_error_lab': 0, 'seat_error_lib': -6, 'seat_error_natSW': -27, 'seat_error_oth': -2}, 101230: {'accuracy': 0.8765822784810127, 'evaluation_rows': 632, 'changed_seat_accuracy': 0.07894736842105263, 'changed_seat_evaluation_rows': 76, 'retained_seat_accuracy': 0.9856115107913669, 'retained_seat_evaluation_rows': 556, 'macro_f1': 0.6562824819748061, 'log_loss': 0.3020608445180693, 'previous_winner_accuracy': 0.879746835443038, 'previous_winner_known_rows': 632, 'seat_error_con': -34, 'seat_error_lab': 58, 'seat_error_lib': -3, 'seat_error_natSW': -19, 'seat_error_oth': -2}, 101231: {'accuracy': 0.8892405063291139, 'evaluation_rows': 632, 'changed_seat_accuracy': 0.17105263157894737, 'changed_seat_evaluation_rows': 76, 'retained_seat_accuracy': 0.987410071942446, 'retained_seat_evaluation_rows': 556, 'macro_f1': 0.6611894424747569, 'log_loss': 0.26131617849584726, 'previous_winner_accuracy': 0.879746835443038, 'previous_winner_known_rows': 632, 'seat_error_con': -31, 'seat_error_lab': 46, 'seat_error_lib': -1, 'seat_error_natSW': -12, 'seat_error_oth': -2}, 101232: {'accuracy': 0.9018987341772152, 'evaluation_rows': 632, 'changed_seat_accuracy': 0.23684210526315788, 'changed_seat_evaluation_rows': 76, 'retained_seat_accuracy': 0.9928057553956835, 'retained_seat_evaluation_rows': 556, 'macro_f1': 0.70002413874843, 'log_loss': 0.2926330305277105, 'previous_winner_accuracy': 0.879746835443038, 'previous_winner_known_rows': 632, 'seat_error_con': -45, 'seat_error_lab': 49, 'seat_error_lib': 0, 'seat_error_natSW': -2, 'seat_error_oth': -2}}",0.027975471092643124
NN02: 64/32 validation-selected rate,2019,0.9003164556962026,632,0.2236842105263158,76,0.9928057553956835,556,0.6877501855399645,0.25438611938996053,0.879746835443038,632,-30,41,2,-11,-2,169.22078496699942,"{'hidden_sizes': (64, 32), 'seeds': (101223, 101224, 101225, 101226, 101227, 101228, 101229, 101230, 101231, 101232), 'batch_size': 64, 'max_epochs': 1000, 'patience': 20, 'min_delta': 0.0, 'momentum': 0.0, 'weight_decay': 0.0, 'learning_rate': 0.3}",0.8833831159019158,"{'training_years': (1987, 1992, 1997, 2001, 2005, 2010, 2015, 2017), 'configuration': {'hidden_sizes': (64, 32), 'learning_rate': 0.3, 'seeds': (101223, 101224, 101225, 101226, 101227, 101228, 101229, 101230, 101231, 101232), 'batch_size': 64, 'max_epochs': 1000, 'patience': 20, 'min_delta': 0.0, 'momentum': 0.0, 'weight_decay': 0.0}, 'validation_year': None, 'runs': [{'seed': 101223, 'learning_rate': 0.3, 'best_epoch': None, 'stopping_epoch': 5, 'best_validation_loss': None, 'duration': 5}, {'seed': 101224, 'learning_rate': 0.3, 'best_epoch': None, 'stopping_epoch': 8, 'best_validation_loss': None, 'duration': 8}, {'seed': 101225, 'learning_rate': 0.3, 'best_epoch': None, 'stopping_epoch': 6, 'best_validation_loss': None, 'duration': 6}, {'seed': 101226, 'learning_rate': 0.3, 'best_epoch': None, 'stopping_epoch': 6, 'best_validation_loss': None, 'duration': 6}, {'seed': 101227, 'learning_rate': 0.3, 'best_epoch': None, 'stopping_epoch': 9, 'best_validation_loss': None, 'duration': 9}, {'seed': 101228, 'learning_rate': 0.3, 'best_epoch': None, 'stopping_epoch': 3, 'best_validation_loss': None, 'duration': 3}, {'seed': 101229, 'learning_rate': 0.3, 'best_epoch': None, 'stopping_epoch': 6, 'best_validation_loss': None, 'duration': 6}, {'seed': 101230, 'learning_rate': 0.3, 'best_epoch': None, 'stopping_epoch': 4, 'best_validation_loss': None, 'duration': 4}, {'seed': 101231, 'learning_rate': 0.3, 'best_epoch': None, 'stopping_epoch': 8, 'best_validation_loss': None, 'duration': 8}, {'seed': 101232, 'learning_rate': 0.3, 'best_epoch': None, 'stopping_epoch': 3, 'best_validation_loss': None, 'duration': 3}]}","{101223: {'accuracy': 0.9066455696202531, 'evaluation_rows': 632, 'changed_seat_accuracy': 0.3157894736842105, 'changed_seat_evaluation_rows': 76, 'retained_seat_accuracy': 0.987410071942446, 'retained_seat_evaluation_rows': 556, 'macro_f1': 0.6799881643657681, 'log_loss': 0.23505359683246316, 'previous_winner_accuracy': 0.879746835443038, 'previous_winner_known_rows': 632, 'seat_error_con': -24, 'seat_error_lab': 38, 'seat_error_lib': -4, 'seat_error_natSW': -8, 'seat_error_oth': -2}, 101224: {'accuracy': 0.9082278481012658, 'evaluation_rows': 632, 'changed_seat_accuracy': 0.3684210526315789, 'changed_seat_evaluation_rows': 76, 'retained_seat_accuracy': 0.9820143884892086, 'retained_seat_evaluation_rows': 556, 'macro_f1': 0.6647298987341699, 'log_loss': 0.2142617442030095, 'previous_winner_accuracy': 0.879746835443038, 'previous_winner_known_rows': 632, 'seat_error_con': -13, 'seat_error_lab': 29, 'seat_error_lib': 2, 'seat_error_natSW': -16, 'seat_error_oth': -2}, 101225: {'accuracy': 0.8781645569620253, 'evaluation_rows': 632, 'changed_seat_accuracy': 0.13157894736842105, 'changed_seat_evaluation_rows': 76, 'retained_seat_accuracy': 0.9802158273381295, 'retained_seat_evaluation_rows': 556, 'macro_f1': 0.6521365982740259, 'log_loss': 0.29986298465118144, 'previous_winner_accuracy': 0.879746835443038, 'previous_winner_known_rows': 632, 'seat_error_con': -25, 'seat_error_lab': 51, 'seat_error_lib': -3, 'seat_error_natSW': -21, 'seat_error_oth': -2}, 101226: {'accuracy': 0.814873417721519, 'evaluation_rows': 632, 'changed_seat_accuracy': 0.039473684210526314, 'changed_seat_evaluation_rows': 76, 'retained_seat_accuracy': 0.920863309352518, 'retained_seat_evaluation_rows': 556, 'macro_f1': 0.6385077251808021, 'log_loss': 0.614423358658816, 'previous_winner_accuracy': 0.879746835443038, 'previous_winner_known_rows': 632, 'seat_error_con': -90, 'seat_error_lab': 103, 'seat_error_lib': 3, 'seat_error_natSW': -14, 'seat_error_oth': -2}, 101227: {'accuracy': 0.9066455696202531, 'evaluation_rows': 632, 'changed_seat_accuracy': 0.3157894736842105, 'changed_seat_evaluation_rows': 76, 'retained_seat_accuracy': 0.987410071942446, 'retained_seat_evaluation_rows': 556, 'macro_f1': 0.6808295882237052, 'log_loss': 0.22284658705989085, 'previous_winner_accuracy': 0.879746835443038, 'previous_winner_known_rows': 632, 'seat_error_con': -32, 'seat_error_lab': 40, 'seat_error_lib': 1, 'seat_error_natSW': -7, 'seat_error_oth': -2}, 101228: {'accuracy': 0.8987341772151899, 'evaluation_rows': 632, 'changed_seat_accuracy': 0.23684210526315788, 'changed_seat_evaluation_rows': 76, 'retained_seat_accuracy': 0.9892086330935251, 'retained_seat_evaluation_rows': 556, 'macro_f1': 0.6815306119139136, 'log_loss': 0.25035390410088326, 'previous_winner_accuracy': 0.879746835443038, 'previous_winner_known_rows': 632, 'seat_error_con': -28, 'seat_error_lab': 38, 'seat_error_lib': 3, 'seat_error_natSW': -11, 'seat_error_oth': -2}, 101229: {'accuracy': 0.8781645569620253, 'evaluation_rows': 632, 'changed_seat_accuracy': 0.19736842105263158, 'changed_seat_evaluation_rows': 76, 'retained_seat_accuracy': 0.9712230215827338, 'retained_seat_evaluation_rows': 556, 'macro_f1': 0.6435481670338243, 'log_loss': 0.28318799621965013, 'previous_winner_accuracy': 0.879746835443038, 'previous_winner_known_rows': 632, 'seat_error_con': -36, 'seat_error_lab': 43, 'seat_error_lib': 10, 'seat_error_natSW': -15, 'seat_error_oth': -2}, 101230: {'accuracy': 0.8860759493670886, 'evaluation_rows': 632, 'changed_seat_accuracy': 0.09210526315789473, 'changed_seat_evaluation_rows': 76, 'retained_seat_accuracy': 0.9946043165467626, 'retained_seat_evaluation_rows': 556, 'macro_f1': 0.6780037647923, 'log_loss': 0.3108899050899326, 'previous_winner_accuracy': 0.879746835443038, 'previous_winner_known_rows': 632, 'seat_error_con': -44, 'seat_error_lab': 53, 'seat_error_lib': 0, 'seat_error_natSW': -7, 'seat_error_oth': -2}, 101231: {'accuracy': 0.8544303797468354, 'evaluation_rows': 632, 'changed_seat_accuracy': 0.35526315789473684, 'changed_seat_evaluation_rows': 76, 'retained_seat_accuracy': 0.9226618705035972, 'retained_seat_evaluation_rows': 556, 'macro_f1': 0.5009756101140659, 'log_loss': 0.4754808255395493, 'previous_winner_accuracy': 0.879746835443038, 'previous_winner_known_rows': 632, 'seat_error_con': -15, 'seat_error_lab': 61, 'seat_error_lib': 7, 'seat_error_natSW': -51, 'seat_error_oth': -2}, 101232: {'accuracy': 0.9082278481012658, 'evaluation_rows': 632, 'changed_seat_accuracy': 0.3157894736842105, 'changed_seat_evaluation_rows': 76, 'retained_seat_accuracy': 0.9892086330935251, 'retained_seat_evaluation_rows': 556, 'macro_f1': 0.6794550786004149, 'log_loss': 0.22987504807893755, 'previous_winner_accuracy': 0.879746835443038, 'previous_winner_known_rows': 632, 'seat_error_con': -26, 'seat_error_lab': 35, 'seat_error_lib': 2, 'seat_error_natSW': -9, 'seat_error_oth': -2}}",0.028534145235486193
NN03: 16 units fixed rate 0.3,2019,0.8924050632911392,632,0.15789473684210525,76,0.9928057553956835,556,0.6738931441233996,0.26964364236252564,0.879746835443038,632,-37,49,1,-11,-2,18.23264968700005,"{'hidden_sizes': (16,), 'seeds': (101223, 101224, 101225, 101226, 101227, 101228, 101229, 101230, 101231, 101232), 'batch_size': 64, 'max_epochs': 1000, 'patience': 20, 'min_delta': 0.0, 'momentum': 0.0, 'weight_decay': 0.0, 'learning_rate': 0.3}",0.8770388846675371,"{'training_years': (1987, 1992, 1997, 2001, 2005, 2010, 2015, 2017), 'configuration': {'hidden_sizes': (16,), 'learning_rate': 0.3, 'seeds': (101223, 101224, 101225, 101226, 101227, 101228, 101229, 101230, 101231, 101232), 'batch_size': 64, 'max_epochs': 1000, 'patience': 20, 'min_delta': 0.0, 'momentum': 0.0, 'weight_decay': 0.0}, 'validation_year': None, 'runs': [{'seed': 101223, 'learning_rate': 0.3, 'best_epoch': None, 'stopping_epoch': 5, 'best_validation_loss': None, 'duration': 5}, {'seed': 101224, 'learning_rate': 0.3, 'best_epoch': None, 'stopping_epoch': 8, 'best_validation_loss': None, 'duration': 8}, {'seed': 101225, 'learning_rate': 0.3, 'best_epoch': None, 'stopping_epoch': 3, 'best_validation_loss': None, 'duration': 3}, {'seed': 101226, 'learning_rate': 0.3, 'best_epoch': None, 'stopping_epoch': 3, 'best_validation_loss': None, 'duration': 3}, {'seed': 101227, 'learning_rate': 0.3, 'best_epoch': None, 'stopping_epoch': 4, 'best_validation_loss': None, 'duration': 4}, {'seed': 101228, 'learning_rate': 0.3, 'best_epoch': None, 'stopping_epoch': 3, 'best_validation_loss': None, 'duration': 3}, {'seed': 101229, 'learning_rate': 0.3, 'best_epoch': None, 'stopping_epoch': 6, 'best_validation_loss': None, 'duration': 6}, {'seed': 101230, 'learning_rate': 0.3, 'best_epoch': None, 'stopping_epoch': 4, 'best_validation_loss': None, 'duration': 4}, {'seed': 101231, 'learning_rate': 0.3, 'best_epoch': None, 'stopping_epoch': 6, 'best_validation_loss': None, 'duration': 6}, {'seed': 101232, 'learning_rate': 0.3, 'best_epoch': None, 'stopping_epoch': 4, 'best_validation_loss': None, 'duration': 4}]}","{101223: {'accuracy': 0.8781645569620253, 'evaluation_rows': 632, 'changed_seat_accuracy': 0.10526315789473684, 'changed_seat_evaluation_rows': 76, 'retained_seat_accuracy': 0.9838129496402878, 'retained_seat_evaluation_rows': 556, 'macro_f1': 0.6554438534861353, 'log_loss': 0.27436397916801714, 'previous_winner_accuracy': 0.879746835443038, 'previous_winner_known_rows': 632, 'seat_error_con': -32, 'seat_error_lab': 53, 'seat_error_lib': 0, 'seat_error_natSW': -19, 'seat_error_oth': -2}, 101224: {'accuracy': 0.9003164556962026, 'evaluation_rows': 632, 'changed_seat_accuracy': 0.35526315789473684, 'changed_seat_evaluation_rows': 76, 'retained_seat_accuracy': 0.9748201438848921, 'retained_seat_evaluation_rows': 556, 'macro_f1': 0.6638445823839081, 'log_loss': 0.2126735201131289, 'previous_winner_accuracy': 0.879746835443038, 'previous_winner_known_rows': 632, 'seat_error_con': -10, 'seat_error_lab': 25, 'seat_error_lib': 2, 'seat_error_natSW': -15, 'seat_error_oth': -2}, 101225: {'accuracy': 0.8813291139240507, 'evaluation_rows': 632, 'changed_seat_accuracy': 0.039473684210526314, 'changed_seat_evaluation_rows': 76, 'retained_seat_accuracy': 0.9964028776978417, 'retained_seat_evaluation_rows': 556, 'macro_f1': 0.669571504518873, 'log_loss': 0.33790984216948355, 'previous_winner_accuracy': 0.879746835443038, 'previous_winner_known_rows': 632, 'seat_error_con': -46, 'seat_error_lab': 58, 'seat_error_lib': 3, 'seat_error_natSW': -13, 'seat_error_oth': -2}, 101226: {'accuracy': 0.8860759493670886, 'evaluation_rows': 632, 'changed_seat_accuracy': 0.11842105263157894, 'changed_seat_evaluation_rows': 76, 'retained_seat_accuracy': 0.9910071942446043, 'retained_seat_evaluation_rows': 556, 'macro_f1': 0.6633487539666029, 'log_loss': 0.2886659097693636, 'previous_winner_accuracy': 0.879746835443038, 'previous_winner_known_rows': 632, 'seat_error_con': -37, 'seat_error_lab': 52, 'seat_error_lib': -1, 'seat_error_natSW': -12, 'seat_error_oth': -2}, 101227: {'accuracy': 0.884493670886076, 'evaluation_rows': 632, 'changed_seat_accuracy': 0.09210526315789473, 'changed_seat_evaluation_rows': 76, 'retained_seat_accuracy': 0.9928057553956835, 'retained_seat_evaluation_rows': 556, 'macro_f1': 0.659402095270606, 'log_loss': 0.2871474495808953, 'previous_winner_accuracy': 0.879746835443038, 'previous_winner_known_rows': 632, 'seat_error_con': -42, 'seat_error_lab': 53, 'seat_error_lib': 0, 'seat_error_natSW': -9, 'seat_error_oth': -2}, 101228: {'accuracy': 0.8971518987341772, 'evaluation_rows': 632, 'changed_seat_accuracy': 0.27631578947368424, 'changed_seat_evaluation_rows': 76, 'retained_seat_accuracy': 0.9820143884892086, 'retained_seat_evaluation_rows': 556, 'macro_f1': 0.6645137489964335, 'log_loss': 0.24112763629144918, 'previous_winner_accuracy': 0.879746835443038, 'previous_winner_known_rows': 632, 'seat_error_con': -21, 'seat_error_lab': 35, 'seat_error_lib': 2, 'seat_error_natSW': -14, 'seat_error_oth': -2}, 101229: {'accuracy': 0.8813291139240507, 'evaluation_rows': 632, 'changed_seat_accuracy': 0.14473684210526316, 'changed_seat_evaluation_rows': 76, 'retained_seat_accuracy': 0.9820143884892086, 'retained_seat_evaluation_rows': 556, 'macro_f1': 0.6653691836480973, 'log_loss': 0.2813446270243514, 'previous_winner_accuracy': 0.879746835443038, 'previous_winner_known_rows': 632, 'seat_error_con': -34, 'seat_error_lab': 48, 'seat_error_lib': 5, 'seat_error_natSW': -17, 'seat_error_oth': -2}, 101230: {'accuracy': 0.8955696202531646, 'evaluation_rows': 632, 'changed_seat_accuracy': 0.18421052631578946, 'changed_seat_evaluation_rows': 76, 'retained_seat_accuracy': 0.9928057553956835, 'retained_seat_evaluation_rows': 556, 'macro_f1': 0.6800454189989846, 'log_loss': 0.27530123154551706, 'previous_winner_accuracy': 0.879746835443038, 'previous_winner_known_rows': 632, 'seat_error_con': -34, 'seat_error_lab': 47, 'seat_error_lib': -2, 'seat_error_natSW': -9, 'seat_error_oth': -2}, 101231: {'accuracy': 0.8876582278481012, 'evaluation_rows': 632, 'changed_seat_accuracy': 0.14473684210526316, 'changed_seat_evaluation_rows': 76, 'retained_seat_accuracy': 0.9892086330935251, 'retained_seat_evaluation_rows': 556, 'macro_f1': 0.669839218677555, 'log_loss': 0.33579497430036115, 'previous_winner_accuracy': 0.879746835443038, 'previous_winner_known_rows': 632, 'seat_error_con': -40, 'seat_error_lab': 55, 'seat_error_lib': -4, 'seat_error_natSW': -9, 'seat_error_oth': -2}, 101232: {'accuracy': 0.8386075949367089, 'evaluation_rows': 632, 'changed_seat_accuracy': 0.07894736842105263, 'changed_seat_evaluation_rows': 76, 'retained_seat_accuracy': 0.9424460431654677, 'retained_seat_evaluation_rows': 556, 'macro_f1': 0.5382377055172786, 'log_loss': 0.3579007544530895, 'previous_winner_accuracy': 0.879746835443038, 'previous_winner_known_rows': 632, 'seat_error_con': -38, 'seat_error_lab': 83, 'seat_error_lib': 1, 'seat_error_natSW': -44, 'seat_error_oth': -2}}",0.01640464940288958
XGBoost Expanded,2019,0.9082278481012658,632,0.39473684210526316,76,0.9784172661870504,556,0.672214145788599,0.34401385783579597,0.879746835443038,632,-5,24,-2,-15,-2,5.486060469999757,"{'n_estimators': 35, 'max_depth': 2, 'learning_rate': 0.05, 'min_child_weight': 1, 'gamma': 0, 'subsample': 1, 'colsample_bytree': 1, 'reg_alpha': 0, 'reg_lambda': 1, 'tree_method': 'hist', 'random_state': 42, 'n_jobs': 1}",0.8734314133107128,"{'training_years': (1987, 1992, 1997, 2001, 2005, 2010, 2015, 2017), 'configuration': {'n_estimators': 35, 'max_depth': 2, 'learning_rate': 0.05, 'min_child_weight': 1, 'gamma': 0, 'subsample': 1, 'colsample_bytree': 1, 'reg_alpha': 0, 'reg_lambda': 1, 'tree_method': 'hist', 'random_state': 42, 'n_jobs': 1}, 'validation_year': None, 'runs': []}",{},
Conditional XGBoost,2019,0.8924050632911392,632,0.15789473684210525,76,0.9928057553956835,556,0.7696972293576774,0.2538977316401571,0.879746835443038,632,-31,43,3,-15,0,16.89876361200004,"{'n_estimators': 100, 'max_depth': 3, 'learning_rate': 0.05, 'min_child_weight': 1, 'gamma': 0, 'subsample': 1, 'colsample_bytree': 1, 'reg_alpha': 0, 'reg_lambda': 1, 'tree_method': 'hist', 'random_state': 42, 'n_jobs': 1, 'challenger.max_depth': 2, 'challenger.n_estimators': 200, 'change.max_depth': 2, 'change.n_estimators': 50}",0.881067984596349,"{'training_years': (1987, 1992, 1997, 2001, 2005, 2010, 2015, 2017), 'configuration': {'change.n_estimators': 50, 'change.max_depth': 2, 'change.learning_rate': 0.05, 'change.min_child_weight': 1, 'change.gamma': 0, 'change.subsample': 1, 'change.colsample_bytree': 1, 'change.reg_alpha': 0, 'change.reg_lambda': 1, 'change.tree_method': 'hist', 'change.random_state': 42, 'change.n_jobs': 1, 'challenger.n_estimators': 200, 'challenger.max_depth': 2, 'challenger.learning_rate': 0.05, 'challenger.min_child_weight': 1, 'challenger.gamma': 0, 'challenger.subsample': 1, 'challenger.colsample_bytree': 1, 'challenger.reg_alpha': 0, 'challenger.reg_lambda': 1, 'challenger.tree_method': 'hist', 'challenger.random_state': 42, 'challenger.n_jobs': 1}, 'validation_year': None, 'runs': []}",{},
