constituency_name,country/region,election,majority_proportion,winner,constituency_id,boundary_set,election_type,con_share,lab_share,lib_share,natSW_share,previous_election
Aberafan Maesteg,Wales,2024,0.49889525940427915,lab,W07000081,2023-current,actual,0.08119144175639771,0.49889525940427915,0.02561879457418543,0.13198154104321075,2019_notional
Aberdeen North,Scotland,2024,0.3452429029575959,natSW,S14000060,2023-current,actual,0.13970780377717068,0.3034327117234826,0.061361206794156076,0.3452429029575959,2019_notional
Aberdeen South,Scotland,2024,0.32825547524004745,natSW,S14000061,2023-current,actual,0.24382349768044018,0.24716797928579134,0.0630272952853598,0.32825547524004745,2019_notional
Aberdeenshire North and Moray East,Scotland,2024,0.3523358122970567,natSW,S14000062,2023-current,actual,0.3276683775007856,0.10149785272860584,0.07285010998219336,0.3523358122970567,2019_notional
Airdrie and Shotts,Scotland,2024,0.5146729940544373,lab,S14000063,2023-current,actual,0.046255386461572026,0.5146729940544373,0.019773086783396062,0.3088419789450717,2019_notional
Aldershot,South East,2024,0.4071357943309163,lab,E14001063,2023-current,actual,0.2900667435728411,0.4071357943309163,0.08347066578773896,0.0,2019_notional
Aldridge-Brownhills,West Midlands,2024,0.3886634728197106,con,E14001064,2023-current,actual,0.3886634728197106,0.28370649198279235,0.04289694955025421,0.0,2019_notional
Alloa and Grangemouth,Scotland,2024,0.43782917890342465,lab,S14000064,2023-current,actual,0.07589621611125943,0.43782917890342465,0.027936215140409212,0.2892405524137764,2019_notional
Altrincham and Sale West,North West,2024,0.4042214102464433,lab,E14001065,2023-current,actual,0.323097255694628,0.4042214102464433,0.09187203607245588,0.0,2019_notional
Alyn and Deeside,Wales,2024,0.4239260693215339,lab,W07000082,2023-current,actual,0.18187684365781712,0.4239260693215339,0.047589417404129794,0.04466261061946902,2019_notional
Amber Valley,East Midlands,2024,0.37022407185347156,lab,E14001066,2023-current,actual,0.2521690061367003,0.37022407185347156,0.03738449601467165,0.0,2019_notional
Angus and Perthshire Glens,Scotland,2024,0.40428317985976175,natSW,S14000065,2023-current,actual,0.30142772661992057,0.14359635042662836,0.06665540255132213,0.40428317985976175,2019_notional
Arbroath and Broughty Ferry,Scotland,2024,0.353174513226194,natSW,S14000066,2023-current,actual,0.1550649409524673,0.33370356098556114,0.05097808101185484,0.353174513226194,2019_notional
"Argyll, Bute and South Lochaber",Scotland,2024,0.34733181757389325,natSW,S14000067,2023-current,actual,0.20841692300833667,0.19136462930765458,0.16403637822656145,0.34733181757389325,2019_notional
Arundel and South Downs,South East,2024,0.40191815856777496,con,E14001067,2023-current,actual,0.40191815856777496,0.17869930580928023,0.18025210084033613,0.0,2019_notional
Ashfield,East Midlands,2024,0.4278120455343263,oth,E14001068,2023-current,actual,0.0820169500025074,0.2897046286545309,0.015520786319642947,0.0,2019_notional
Ashford,South East,2024,0.3248962213943587,lab,E14001069,2023-current,actual,0.28702501330494945,0.3248962213943587,0.05204896221394359,0.0,2019_notional
Ashton-under-Lyne,North West,2024,0.4392149121570176,lab,E14001070,2023-current,actual,0.12337497532500494,0.4392149121570176,0.03979019204196159,0.0,2019_notional
Aylesbury,South East,2024,0.30198237885462553,lab,E14001071,2023-current,actual,0.2893672406888266,0.30198237885462553,0.2090508610332399,0.0,2019_notional
"Ayr, Carrick and Cumnock",Scotland,2024,0.3647156537033418,lab,S14000107,2023-current,actual,0.2258891928864569,0.3647156537033418,0.02640707445769005,0.26324017979284736,2019_notional
Banbury,South East,2024,0.38332849018224086,lab,E14001072,2023-current,actual,0.31574577608036863,0.38332849018224086,0.0903316866619619,0.0,2019_notional
Bangor Aberconwy,Wales,2024,0.33624579932789245,lab,W07000083,2023-current,actual,0.2168987037926068,0.33624579932789245,0.03658185309649544,0.2187229956793087,2019_notional
Barking,London,2024,0.4448556624722428,lab,E14001073,2023-current,actual,0.11771801409107109,0.4448556624722428,0.02782575321435425,0.0,2019_notional
Barnsley North,Yorkshire and The Humber,2024,0.5044180625575975,lab,E14001074,2023-current,actual,0.08356372309860682,0.5044180625575975,0.03621185016533854,0.0,2019_notional
Barnsley South,Yorkshire and The Humber,2024,0.4674476939741178,lab,E14001075,2023-current,actual,0.09255458639758281,0.4674476939741178,0.03340744541360242,0.0,2019_notional
Barrow and Furness,North West,2024,0.43904691977925675,lab,E14001076,2023-current,actual,0.312948532720684,0.43904691977925675,0.0397906255181071,0.0,2019_notional
Basildon and Billericay,East of England,2024,0.30635742094767826,con,E14001077,2023-current,actual,0.30635742094767826,0.30588263222865825,0.05441078719969614,0.0,2019_notional
Basingstoke,South East,2024,0.42707546592092105,lab,E14001078,2023-current,actual,0.29471922268264306,0.42707546592092105,0.06483088040172283,0.0,2019_notional
Bassetlaw,East Midlands,2024,0.4116939257542671,lab,E14001079,2023-current,actual,0.2831676990953251,0.4116939257542671,0.04447613530014707,0.0,2019_notional
Bath,South West,2024,0.4131103261998753,lib,E14001080,2023-current,actual,0.15913151880324122,0.18003324329939746,0.4131103261998753,0.0,2019_notional
Bathgate and Linlithgow,Scotland,2024,0.4700820159277309,lab,S14000068,2023-current,actual,0.07474147153215262,0.4700820159277309,0.051610602638773324,0.2722215618685368,2019_notional
Battersea,London,2024,0.4881483369440551,lab,E14001081,2023-current,actual,0.2324455205811138,0.4881483369440551,0.10250201775625505,0.0,2019_notional
Beaconsfield,South East,2024,0.38750366676444703,con,E14001082,2023-current,actual,0.38750366676444703,0.1511964128567238,0.2732053807149143,0.0,2019_notional
Beckenham and Penge,London,2024,0.49314465167936883,lab,E14001083,2023-current,actual,0.2460265788365057,0.49314465167936883,0.08494504231932902,0.0,2019_notional
Bedford,East of England,2024,0.45111783368995795,lab,E14001084,2023-current,actual,0.21918886347426153,0.45111783368995795,0.09899407265304115,0.0,2019_notional
Bermondsey and Old Southwark,London,2024,0.44828870036965135,lab,E14001085,2023-current,actual,0.07656304018296413,0.44828870036965135,0.24120415924261362,0.0,2019_notional
"Berwickshire, Roxburgh and Selkirk",Scotland,2024,0.405343872159457,con,S14000108,2023-current,actual,0.405343872159457,0.13555135529876713,0.07917006744275956,0.2636066841359165,2019_notional
Bethnal Green and Stepney,London,2024,0.3407721825626514,lab,E14001086,2023-current,actual,0.04116020322850344,0.3407721825626514,0.10240744313675049,0.0,2019_notional
Beverley and Holderness,Yorkshire and The Humber,2024,0.34525692139786623,con,E14001087,2023-current,actual,0.34525692139786623,0.3424950442123082,0.07541706572822238,0.0,2019_notional
Bexhill and Battle,South East,2024,0.3389738219895288,con,E14001088,2023-current,actual,0.3389738219895288,0.2833298429319372,0.07273298429319372,0.0,2019_notional
Bexleyheath and Crayford,London,2024,0.36163456892386275,lab,E14001089,2023-current,actual,0.31299325832355446,0.36163456892386275,0.05071213271668853,0.0,2019_notional
Bicester and Woodstock,South East,2024,0.38668631394492126,lib,E14001090,2023-current,actual,0.2879587407156654,0.16400167267368923,0.38668631394492126,0.0,2019_notional
Birkenhead,North West,2024,0.5208883943061158,lab,E14001091,2023-current,actual,0.07506839152408773,0.5208883943061158,0.05313673668104048,0.0,2019_notional
Birmingham Edgbaston,West Midlands,2024,0.4434915036870792,lab,E14001092,2023-current,actual,0.2199155712300951,0.4434915036870792,0.05616116276584375,0.0,2019_notional
Birmingham Erdington,West Midlands,2024,0.4327855406157542,lab,E14001093,2023-current,actual,0.15824471980548965,0.4327855406157542,0.033043325424026715,0.0,2019_notional
Birmingham Hall Green and Moseley,West Midlands,2024,0.337307119165505,lab,E14001094,2023-current,actual,0.09241455559294333,0.3075998654040283,0.11322886122193915,0.0,2019_notional
Birmingham Hodge Hill and Solihull North,West Midlands,2024,0.3121338176704945,lab,E14001095,2023-current,actual,0.1357511131942817,0.3121338176704945,0.027595500351535036,0.0,2019_notional
Birmingham Ladywood,West Midlands,2024,0.4253260067251702,lab,E14001096,2023-current,actual,0.06063588397714536,0.4253260067251702,0.04677547226550753,0.0,2019_notional
Birmingham Northfield,West Midlands,2024,0.3964995219377457,lab,E14001097,2023-current,actual,0.2533729947944332,0.3964995219377457,0.04756719430574737,0.0,2019_notional
Birmingham Perry Barr,West Midlands,2024,0.38064361191162344,oth,E14001098,2023-current,actual,0.1127921869996798,0.3414451915892838,0.03474223503041947,0.0,2019_notional
Birmingham Selly Oak,West Midlands,2024,0.4520990032012076,lab,E14001099,2023-current,actual,0.1518361398120917,0.4520990032012076,0.06048460557478594,0.0,2019_notional
Birmingham Yardley,West Midlands,2024,0.3119466578131917,lab,E14001100,2023-current,actual,0.10054227534307215,0.3119466578131917,0.10054227534307215,0.0,2019_notional
Bishop Auckland,North East,2024,0.42140153857570434,lab,E14001101,2023-current,actual,0.25636332154253344,0.42140153857570434,0.0339624508373117,0.0,2019_notional
Blackburn,North West,2024,0.4648854372926685,oth,E14001102,2023-current,actual,0.0893357677372901,0.26708154396070666,0.017718003445881658,0.0,2019_notional
Blackley and Middleton South,North West,2024,0.5380982769623485,lab,E14001103,2023-current,actual,0.09805360561582642,0.5380982769623485,0.05079770261646458,0.0,2019_notional
Blackpool North and Fleetwood,North West,2024,0.40047835446065533,lab,E14001104,2023-current,actual,0.2893326955273858,0.40047835446065533,0.031523558957187274,0.0,2019_notional
Blackpool South,North West,2024,0.4808413871517908,lab,E14001105,2023-current,actual,0.1564525298465037,0.4808413871517908,0.029590676520750425,0.0,2019_notional
Blaenau Gwent and Rhymney,Wales,2024,0.5356259608314953,lab,W07000084,2023-current,actual,0.126194773076666,0.5356259608314953,0.04237684646748212,0.12846734843927546,2019_notional
Blaydon and Consett,North East,2024,0.501231760469964,lab,E14001106,2023-current,actual,0.1433579685427326,0.501231760469964,0.053842145158233844,0.0,2019_notional
Blyth and Ashington,North East,2024,0.49577980743050915,lab,E14001107,2023-current,actual,0.15150615083785055,0.49577980743050915,0.0354694190737853,0.0,2019_notional
Bognor Regis and Littlehampton,South East,2024,0.32780646914922534,con,E14001108,2023-current,actual,0.32780646914922534,0.29090262822255214,0.10623706274698393,0.0,2019_notional
Bolsover,East Midlands,2024,0.40526464627421405,lab,E14001109,2023-current,actual,0.25625677522741197,0.40526464627421405,0.0348305603996795,0.0,2019_notional
Bolton North East,North West,2024,0.3728407020457114,lab,E14001110,2023-current,actual,0.21940081643949352,0.3728407020457114,0.03475633663137988,0.0,2019_notional
Bolton South and Walkden,North West,2024,0.4086921202274574,lab,E14001111,2023-current,actual,0.11291632818846466,0.4086921202274574,0.03747630652585973,0.0,2019_notional
Bolton West,North West,2024,0.3893223911386161,lab,E14001112,2023-current,actual,0.27844297950580743,0.3893223911386161,0.04408269429122382,0.0,2019_notional
Bootle,North West,2024,0.687474279835391,lab,E14001113,2023-current,actual,0.043055555555555555,0.687474279835391,0.0334619341563786,0.0,2019_notional
Boston and Skegness,East Midlands,2024,0.38363613891978743,oth,E14001114,2023-current,actual,0.3339513039179335,0.1885799035965888,0.03398838215300952,0.0,2019_notional
Bournemouth East,South West,2024,0.40783789801825876,lab,E14001115,2023-current,actual,0.28583834335337344,0.40783789801825876,0.06862614117123135,0.0,2019_notional
Bournemouth West,South West,2024,0.36442741894565933,lab,E14001116,2023-current,actual,0.28263737378862447,0.36442741894565933,0.10936627936475722,0.0,2019_notional
Bracknell,South East,2024,0.33722654378721173,lab,E14001117,2023-current,actual,0.3193421082647079,0.33722654378721173,0.10876656705522732,0.0,2019_notional
Bradford East,Yorkshire and The Humber,2024,0.37881556319862425,lab,E14001118,2023-current,actual,0.09270206362854685,0.37881556319862425,0.05132201203783319,0.0,2019_notional
Bradford South,Yorkshire and The Humber,2024,0.3581199685249077,lab,E14001119,2023-current,actual,0.14687367592760728,0.3581199685249077,0.028872344289086617,0.0,2019_notional
Bradford West,Yorkshire and The Humber,2024,0.40176910007820715,lab,E14001120,2023-current,actual,0.08238720638601979,0.31617270300153716,0.02038779968177773,0.0,2019_notional
Braintree,East of England,2024,0.3551847923635474,con,E14001121,2023-current,actual,0.3551847923635474,0.2803296075711838,0.05872154687117565,0.0,2019_notional
"Brecon, Radnor and Cwm Tawe",Wales,2024,0.2950932370885967,lib,W07000085,2023-current,actual,0.2634699664862078,0.21276961416172552,0.2950932370885967,0.048981696313482856,2019_notional
Brent East,London,2024,0.5124067509655573,lab,E14001122,2023-current,actual,0.16726628220729062,0.5124067509655573,0.06970530659753452,0.0,2019_notional
Brent West,London,2024,0.4171017014694509,lab,E14001123,2023-current,actual,0.3254302010827533,0.4171017014694509,0.07281999226604795,0.0,2019_notional
Brentford and Isleworth,London,2024,0.4421045653422902,lab,E14001124,2023-current,actual,0.22501878287002253,0.4421045653422902,0.08536261987890573,0.0,2019_notional
Brentwood and Ongar,East of England,2024,0.36685839609368537,con,E14001125,2023-current,actual,0.36685839609368537,0.2292890838367955,0.12018952246958536,0.0,2019_notional
Bridgend,Wales,2024,0.39918789577995845,lab,W07000086,2023-current,actual,0.1634843138202736,0.39918789577995845,0.034949485183931935,0.0877120897181805,2019_notional
Bridgwater,South West,2024,0.30603802736175834,con,E14001126,2023-current,actual,0.30603802736175834,0.27242144085324826,0.14406040519325175,0.0,2019_notional
Bridlington and The Wolds,Yorkshire and The Humber,2024,0.3457623960686587,con,E14001127,2023-current,actual,0.3457623960686587,0.2729813447609288,0.07212893308801267,0.0,2019_notional
Brigg and Immingham,Yorkshire and The Humber,2024,0.37416486308459584,con,E14001128,2023-current,actual,0.37416486308459584,0.29787334148866096,0.03392302625388162,0.0,2019_notional
Brighton Kemptown and Peacehaven,South East,2024,0.43978272624489995,lab,E14001129,2023-current,actual,0.2022808828589687,0.43978272624489995,0.09706041390158777,0.0,2019_notional
Brighton Pavilion,South East,2024,0.5501785611977923,oth,E14001130,2023-current,actual,0.07591238087962875,0.2772759391173157,0.030632316712182268,0.0,2019_notional
Bristol Central,South West,2024,0.565871094200392,oth,E14001131,2023-current,actual,0.04607402282947077,0.32588493024328374,0.026795803066989508,0.0,2019_notional
Bristol East,South West,2024,0.44997722787308336,lab,E14001132,2023-current,actual,0.13956060638920817,0.44997722787308336,0.05883883840464985,0.0,2019_notional
Bristol North East,South West,2024,0.4525947271904546,lab,E14001133,2023-current,actual,0.14803877205934887,0.4525947271904546,0.04677415513586892,0.0,2019_notional
Bristol North West,South West,2024,0.49640970617365465,lab,E14001134,2023-current,actual,0.13975321888412018,0.49640970617365465,0.08581627599867943,0.0,2019_notional
Bristol South,South West,2024,0.42672165518512545,lab,E14001135,2023-current,actual,0.11397829643112227,0.42672165518512545,0.06269151901942262,0.0,2019_notional
Broadland and Fakenham,East of England,2024,0.3296507987801183,con,E14001136,2023-current,actual,0.3296507987801183,0.3151293599660695,0.11160705269323208,0.0,2019_notional
Bromley and Biggin Hill,London,2024,0.34045054287424126,con,E14001137,2023-current,actual,0.34045054287424126,0.33399589638368815,0.09301530306916303,0.0,2019_notional
Bromsgrove,West Midlands,2024,0.32800317428826503,con,E14001138,2023-current,actual,0.32800317428826503,0.2681678404920147,0.14663227854379526,0.0,2019_notional
Broxbourne,East of England,2024,0.3680853045259825,con,E14001139,2023-current,actual,0.3680853045259825,0.30154591171540324,0.06258148631029987,0.0,2019_notional
Broxtowe,East Midlands,2024,0.40890087378234874,lab,E14001140,2023-current,actual,0.23324553702077847,0.40890087378234874,0.07958108616580961,0.0,2019_notional
Buckingham and Bletchley,South East,2024,0.36947167355848953,lab,E14001141,2023-current,actual,0.31865410045968806,0.36947167355848953,0.09025839088180349,0.0,2019_notional
Burnley,North West,2024,0.3171781766912561,lab,E14001142,2023-current,actual,0.2028751982678315,0.3171781766912561,0.23107328986127545,0.0,2019_notional
Burton and Uttoxeter,West Midlands,2024,0.35553509983124026,lab,E14001143,2023-current,actual,0.3058715234400684,0.35553509983124026,0.03644771736033489,0.0,2019_notional
Bury North,North West,2024,0.43112917398945516,lab,E14001144,2023-current,actual,0.27858084358523727,0.43112917398945516,0.028932337434094905,0.0,2019_notional
Bury South,North West,2024,0.45593878807978394,lab,E14001145,2023-current,actual,0.23418771023830956,0.45593878807978394,0.042545127208982805,0.0,2019_notional
Bury St Edmunds and Stowmarket,East of England,2024,0.32902363782838506,lab,E14001146,2023-current,actual,0.30049319159805865,0.32902363782838506,0.06197315937358772,0.0,2019_notional
Caerfyrddin,Wales,2024,0.34032102447153756,natSW,W07000087,2023-current,actual,0.19351372686606438,0.24087799315849487,0.03203666345057451,0.34032102447153756,2019_notional
Caerphilly,Wales,2024,0.38023748496102944,lab,W07000088,2023-current,actual,0.11468849714913427,0.38023748496102944,0.0467646597269446,0.21235026416278704,2019_notional
"Caithness, Sutherland and Easter Ross",Scotland,2024,0.49374565670604587,lib,S14000069,2023-current,actual,0.040392633773453784,0.07403144544822794,0.49374565670604587,0.26596160528144547,2019_notional
Calder Valley,Yorkshire and The Humber,2024,0.44440412836639254,lab,E14001147,2023-current,actual,0.2631631994839542,0.44440412836639254,0.052148846960167715,0.0,2019_notional
Camborne and Redruth,South West,2024,0.40514805901433504,lab,E14001148,2023-current,actual,0.24179135712043529,0.40514805901433504,0.08607303547138223,0.0,2019_notional
Cambridge,East of England,2024,0.46589073634204275,lab,E14001149,2023-current,actual,0.12049881235154394,0.46589073634204275,0.20275534441805226,0.0,2019_notional
Cannock Chase,West Midlands,2024,0.3648406397690499,lab,E14001150,2023-current,actual,0.29208669941564036,0.3648406397690499,0.023956417479570693,0.0,2019_notional
Canterbury,South East,2024,0.41352078084309035,lab,E14001151,2023-current,actual,0.23031483559526583,0.41352078084309035,0.08070970337278482,0.0,2019_notional
Cardiff East,Wales,2024,0.40469800373182013,lab,W07000089,2023-current,actual,0.10001789228842368,0.40469800373182013,0.17217493545995963,0.09073946272013905,2019_notional
Cardiff North,Wales,2024,0.4391759526467676,lab,W07000090,2023-current,actual,0.20310492279822215,0.4391759526467676,0.06673266909611779,0.09835064141722663,2019_notional
Cardiff South and Penarth,Wales,2024,0.44486420257300385,lab,W07000091,2023-current,actual,0.13934551766387585,0.44486420257300385,0.07422911986930773,0.08237186032264651,2019_notional
Cardiff West,Wales,2024,0.3673615300399937,lab,W07000092,2023-current,actual,0.15271354201577406,0.3673615300399937,0.042920660455347766,0.21053689925598232,2019_notional
Carlisle,North West,2024,0.39428869701385416,lab,E14001152,2023-current,actual,0.2811935883773027,0.39428869701385416,0.06485569499119163,0.0,2019_notional
Carshalton and Wallington,London,2024,0.43124062566959503,lib,E14001153,2023-current,actual,0.26185986715234627,0.13087636597385902,0.43124062566959503,0.0,2019_notional
Castle Point,East of England,2024,0.3810941845298157,con,E14001154,2023-current,actual,0.3810941845298157,0.23269263898801468,0.033002731769743804,0.0,2019_notional
Central Ayrshire,Scotland,2024,0.43678022163741276,lab,S14000109,2023-current,actual,0.148410149931191,0.43678022163741276,0.023733069364301407,0.27093845819551415,2019_notional
Central Devon,South West,2024,0.31499850276987573,con,E14001155,2023-current,actual,0.31499850276987573,0.31385686480011976,0.15406497978739334,0.0,2019_notional
Central Suffolk and North Ipswich,East of England,2024,0.3262176076513797,con,E14001156,2023-current,actual,0.3262176076513797,0.23380651832066002,0.11647243823104926,0.0,2019_notional
Ceredigion Preseli,Wales,2024,0.46948295969936504,natSW,W07000093,2023-current,actual,0.10286812664679712,0.11632326897326249,0.15007991015506889,0.46948295969936504,2019_notional
Chatham and Aylesford,South East,2024,0.33514506059493204,lab,E14001157,2023-current,actual,0.28622842453176645,0.33514506059493204,0.05325009181050312,0.0,2019_notional
Cheadle,North West,2024,0.46679545051349275,lib,E14001158,2023-current,actual,0.22562141491395793,0.15590073130827306,0.46679545051349275,0.0,2019_notional
Chelmsford,East of England,2024,0.39857244262165786,lib,E14001159,2023-current,actual,0.3048544837920972,0.12043536556510766,0.39857244262165786,0.0,2019_notional
Chelsea and Fulham,London,2024,0.39383648866627047,lab,E14001160,2023-current,actual,0.3906104083538501,0.39383648866627047,0.07664063163256643,0.0,2019_notional
Cheltenham,South West,2024,0.5061563925558112,lib,E14001161,2023-current,actual,0.36062330951515886,0.05379274151225223,0.5061563925558112,0.0,2019_notional
Chesham and Amersham,South East,2024,0.4484803966577908,lib,E14001162,2023-current,actual,0.3483793958314204,0.06430998071802406,0.4484803966577908,0.0,2019_notional
Chester North and Neston,North West,2024,0.49800868125475456,lab,E14001163,2023-current,actual,0.23242493399561462,0.49800868125475456,0.04644918781044435,0.0,2019_notional
Chester South and Eddisbury,North West,2024,0.37924398887322336,con,E14001164,2023-current,actual,0.37924398887322336,0.3209998856838014,0.10345615973783485,0.0,2019_notional
Chesterfield,East Midlands,2024,0.4648297437131512,lab,E14001165,2023-current,actual,0.20445193117555047,0.4648297437131512,0.06143665022259656,0.0,2019_notional
Chichester,South East,2024,0.49165495601285925,lib,E14001166,2023-current,actual,0.25733921111902514,0.06111998767975051,0.49165495601285925,0.0,2019_notional
Chingford and Woodford Green,London,2024,0.3562211411609499,con,E14001167,2023-current,actual,0.3562211411609499,0.25816292875989444,0.026282156992084433,0.0,2019_notional
Chippenham,South West,2024,0.45548553885926646,lib,E14001168,2023-current,actual,0.29112134432056874,0.07927371142349329,0.45548553885926646,0.0,2019_notional
Chipping Barnet,London,2024,0.4244086592343538,lab,E14001169,2023-current,actual,0.36711299868263236,0.4244086592343538,0.05139699954776932,0.0,2019_notional
Chorley,North West,2024,0.8627075727240607,oth,E14001170,2023-current,actual,0.0,0.0,0.0,0.0,2019_notional
Christchurch,South West,2024,0.3578958487377205,con,E14001171,2023-current,actual,0.3578958487377205,0.1639801415443118,0.20040139431710152,0.0,2019_notional
Cities of London and Westminster,London,2024,0.39020782863700115,lab,E14001172,2023-current,actual,0.321152620170853,0.39020782863700115,0.11054443452760424,0.0,2019_notional
City of Durham,North East,2024,0.4708937406158466,lab,E14001173,2023-current,actual,0.12851059640140794,0.4708937406158466,0.1457159032170724,0.0,2019_notional
Clacton,East of England,2024,0.4618347186561643,oth,E14001174,2023-current,actual,0.2789503459680578,0.1620610122285565,0.04386613864833108,0.0,2019_notional
Clapham and Brixton Hill,London,2024,0.5654055824618048,lab,E14001175,2023-current,actual,0.10200977983669077,0.5654055824618048,0.14414730586556235,0.0,2019_notional
Clwyd East,Wales,2024,0.3865166659696374,lab,W07000094,2023-current,actual,0.2898665885993894,0.3865166659696374,0.03887332190205345,0.07806030697168667,2019_notional
Clwyd North,Wales,2024,0.35539433540730775,lab,W07000095,2023-current,actual,0.3266629831599683,0.35539433540730775,0.040478535565858696,0.07588824560982055,2019_notional
Coatbridge and Bellshill,Scotland,2024,0.4980764762076889,lab,S14000070,2023-current,actual,0.03568201182515298,0.4980764762076889,0.01732462368645271,0.3342800340812269,2019_notional
Colchester,East of England,2024,0.4187693472596486,lab,E14001176,2023-current,actual,0.23503997505734583,0.4187693472596486,0.14237356078658442,0.0,2019_notional
Colne Valley,Yorkshire and The Humber,2024,0.41041950628502194,lab,E14001177,2023-current,actual,0.3030440708768741,0.41041950628502194,0.04342182125008113,0.0,2019_notional
Congleton,North West,2024,0.3765586034912718,lab,E14001178,2023-current,actual,0.30898753117206984,0.3765586034912718,0.05556109725685786,0.0,2019_notional
Corby and East Northamptonshire,East Midlands,2024,0.4238843291859082,lab,E14001179,2023-current,actual,0.2962148863659279,0.4238843291859082,0.044183185787170544,0.0,2019_notional
Coventry East,West Midlands,2024,0.4946236559139785,lab,E14001180,2023-current,actual,0.1685848597827849,0.4946236559139785,0.033149619063057224,0.0,2019_notional
Coventry North West,West Midlands,2024,0.4686176540566262,lab,E14001181,2023-current,actual,0.20275993338091838,0.4686176540566262,0.04594337378063288,0.0,2019_notional
Coventry South,West Midlands,2024,0.4764924761882474,lab,E14001182,2023-current,actual,0.2377664927102104,0.4764924761882474,0.05923100325290773,0.0,2019_notional
Cowdenbeath and Kirkcaldy,Scotland,2024,0.4572450629685892,lab,S14000071,2023-current,actual,0.07847797324447493,0.4572450629685892,0.03903072475131082,0.2796589405596119,2019_notional
Cramlington and Killingworth,North East,2024,0.49068158787504956,lab,E14001183,2023-current,actual,0.18927611578622724,0.49068158787504956,0.041811693175309514,0.0,2019_notional
Crawley,South East,2024,0.3823890276499715,lab,E14001184,2023-current,actual,0.2676920380351431,0.3823890276499715,0.048310766399369,0.0,2019_notional
Crewe and Nantwich,North West,2024,0.4414899252071106,lab,E14001185,2023-current,actual,0.23539631756255694,0.4414899252071106,0.04843528190351082,0.0,2019_notional
Croydon East,London,2024,0.42351355672811164,lab,E14001186,2023-current,actual,0.2676168939445853,0.42351355672811164,0.08138605267365633,0.0,2019_notional
Croydon South,London,2024,0.40011746121754627,con,E14001187,2023-current,actual,0.40011746121754627,0.35327473773745394,0.08878447891773665,0.0,2019_notional
Croydon West,London,2024,0.5406851686690101,lab,E14001188,2023-current,actual,0.16751482083836106,0.5406851686690101,0.0961911756990714,0.0,2019_notional
Cumbernauld and Kirkintilloch,Scotland,2024,0.4518010542756736,lab,S14000072,2023-current,actual,0.047320382663022256,0.4518010542756736,0.03157946114798907,0.3506686841077704,2019_notional
Dagenham and Rainham,London,2024,0.4263514035042581,lab,E14001189,2023-current,actual,0.17819744256052691,0.4263514035042581,0.026577816656803973,0.0,2019_notional
Darlington,North East,2024,0.3922082212468734,lab,E14001190,2023-current,actual,0.33798197177780925,0.3922082212468734,0.04094105432063807,0.0,2019_notional
Dartford,South East,2024,0.3459809386800935,lab,E14001191,2023-current,actual,0.3191871965473836,0.3459809386800935,0.0490918899478511,0.0,2019_notional
Daventry,East Midlands,2024,0.33668663577107116,con,E14001192,2023-current,actual,0.33668663577107116,0.2799442372178893,0.127255943634377,0.0,2019_notional
Derby North,East Midlands,2024,0.4550208949387815,lab,E14001193,2023-current,actual,0.23715144553874729,0.4550208949387815,0.04452699235074171,0.0,2019_notional
Derby South,East Midlands,2024,0.3877911174095564,lab,E14001194,2023-current,actual,0.13882724137009012,0.3877911174095564,0.048316799914436215,0.0,2019_notional
Derbyshire Dales,East Midlands,2024,0.346368388204088,lab,E14001195,2023-current,actual,0.3395420502418474,0.346368388204088,0.09478857856139804,0.0,2019_notional
Dewsbury and Batley,Yorkshire and The Humber,2024,0.41084843708957186,oth,E14001196,2023-current,actual,0.10985027580772262,0.22871027055424217,0.035198318886262146,0.0,2019_notional
Didcot and Wantage,South East,2024,0.3981692945754846,lib,E14001197,2023-current,actual,0.28428918568322586,0.14698627884457274,0.3981692945754846,0.0,2019_notional
Doncaster Central,Yorkshire and The Humber,2024,0.4616013071895425,lab,E14001198,2023-current,actual,0.20988825637781994,0.4616013071895425,0.03159919881931267,0.0,2019_notional
Doncaster East and the Isle of Axholme,Yorkshire and The Humber,2024,0.3864356536849637,lab,E14001199,2023-current,actual,0.32737912705713995,0.3864356536849637,0.029796585914341204,0.0,2019_notional
Doncaster North,Yorkshire and The Humber,2024,0.5235468679440036,lab,E14001200,2023-current,actual,0.22917876266047352,0.5235468679440036,0.0337075027417586,0.0,2019_notional
Dorking and Horley,South East,2024,0.41871309916941857,lib,E14001201,2023-current,actual,0.3108175723006104,0.08111678174722306,0.41871309916941857,0.0,2019_notional
Dover and Deal,South East,2024,0.3964416535845107,lab,E14001202,2023-current,actual,0.21705913134484564,0.3964416535845107,0.054317111459968606,0.0,2019_notional
Droitwich and Evesham,West Midlands,2024,0.4026487129351529,con,E14001203,2023-current,actual,0.4026487129351529,0.22133080691003648,0.10342881332016368,0.0,2019_notional
Dudley,West Midlands,2024,0.3412392446083361,lab,E14001204,2023-current,actual,0.2881606883450665,0.3412392446083361,0.02950050284948039,0.0,2019_notional
Dulwich and West Norwood,London,2024,0.6028471946758341,lab,E14001205,2023-current,actual,0.08534972894354093,0.6028471946758341,0.07679933007184098,0.0,2019_notional
Dumfries and Galloway,Scotland,2024,0.2955106499180776,con,S14000073,2023-current,actual,0.2955106499180776,0.25706171490988533,0.04570180229382851,0.27519388312397597,2019_notional
"Dumfriesshire, Clydesdale and Tweeddale",Scotland,2024,0.3392364409463066,con,S14000074,2023-current,actual,0.3392364409463066,0.22933912335459355,0.06332835753381282,0.24329397928258018,2019_notional
Dundee Central,Scotland,2024,0.4001235584843493,natSW,S14000075,2023-current,actual,0.04038817957166392,0.38274814662273476,0.06183072487644151,0.4001235584843493,2019_notional
Dunfermline and Dollar,Scotland,2024,0.4566091115252487,lab,S14000076,2023-current,actual,0.0740283359903002,0.4566091115252487,0.07142376001975885,0.27157195141118623,2019_notional
Dunstable and Leighton Buzzard,East of England,2024,0.3252470409382126,lab,E14001206,2023-current,actual,0.310761211857965,0.3252470409382126,0.14110109675317625,0.0,2019_notional
Dwyfor Meirionnydd,Wales,2024,0.5393736848619879,natSW,W07000096,2023-current,actual,0.11664810001237777,0.1463547468746132,0.0341873994306226,0.5393736848619879,2019_notional
Ealing Central and Acton,London,2024,0.4676673156231029,lab,E14001207,2023-current,actual,0.17469488580460132,0.4676673156231029,0.1267767799200318,0.0,2019_notional
Ealing North,London,2024,0.4779561435973353,lab,E14001208,2023-current,actual,0.18837897853441896,0.4779561435973353,0.05882216876387861,0.0,2019_notional
Ealing Southall,London,2024,0.491285030758715,lab,E14001209,2023-current,actual,0.1539430963773069,0.491285030758715,0.06049213943950786,0.0,2019_notional
Earley and Woodley,South East,2024,0.39658927560221285,lab,E14001210,2023-current,actual,0.3781199634098532,0.39658927560221285,0.13377183429890666,0.0,2019_notional
Easington,North East,2024,0.48869595618226314,lab,E14001211,2023-current,actual,0.10934040321640834,0.48869595618226314,0.023627782309754108,0.0,2019_notional
East Grinstead and Uckfield,South East,2024,0.3833667374436926,con,E14001212,2023-current,actual,0.3833667374436926,0.20717163098049332,0.21508939733693172,0.0,2019_notional
East Ham,London,2024,0.5164678560118231,lab,E14001213,2023-current,actual,0.10229072099651641,0.5164678560118231,0.031932861817797954,0.0,2019_notional
East Hampshire,South East,2024,0.3701355837299524,con,E14001214,2023-current,actual,0.3701355837299524,0.09732832060152782,0.3446386433627965,0.0,2019_notional
East Kilbride and Strathaven,Scotland,2024,0.4856231400004282,lab,S14000077,2023-current,actual,0.0759415076969191,0.4856231400004282,0.022994411972509475,0.2917121630590704,2019_notional
East Renfrewshire,Scotland,2024,0.43671730344237164,lab,S14000021,2023-current,actual,0.16911223047364962,0.43671730344237164,0.022896051924263843,0.2690584745256535,2019_notional
East Surrey,South East,2024,0.35576063094560534,con,E14001215,2023-current,actual,0.35576063094560534,0.20432555492316448,0.17954711765184161,0.0,2019_notional
East Thanet,South East,2024,0.39926954323039826,lab,E14001216,2023-current,actual,0.23606396179149206,0.39926954323039826,0.03195748367007702,0.0,2019_notional
East Wiltshire,South West,2024,0.3570232873519378,con,E14001217,2023-current,actual,0.3570232873519378,0.25709321297650073,0.17383934058017078,0.0,2019_notional
East Worthing and Shoreham,South East,2024,0.450711112922287,lab,E14001218,2023-current,actual,0.2567545539753046,0.450711112922287,0.06479481641468683,0.0,2019_notional
Eastbourne,South East,2024,0.5206008113145488,lib,E14001219,2023-current,actual,0.25299857471768444,0.05896283302269488,0.5206008113145488,0.0,2019_notional
Eastleigh,South East,2024,0.34403274450667815,lib,E14001220,2023-current,actual,0.3107281344248169,0.1509047824213701,0.34403274450667815,0.0,2019_notional
Edinburgh East and Musselburgh,Scotland,2024,0.41228743828853537,lab,S14000078,2023-current,actual,0.0570049369171695,0.41228743828853537,0.04276467361492046,0.33077345035655514,2019_notional
Edinburgh North and Leith,Scotland,2024,0.42051541182415364,lab,S14000079,2023-current,actual,0.06577059120768065,0.42051541182415364,0.07840323395654371,0.27361293582617485,2019_notional
Edinburgh South,Scotland,2024,0.533378892068509,lab,S14000080,2023-current,actual,0.0854439841113911,0.533378892068509,0.05864263443386153,0.16497245120232348,2019_notional
Edinburgh South West,Scotland,2024,0.40870269796776454,lab,S14000081,2023-current,actual,0.12171513665031534,0.40870269796776454,0.06600385423966364,0.27255606166783464,2019_notional
Edinburgh West,Scotland,2024,0.5078043109527167,lib,S14000082,2023-current,actual,0.055211450134359935,0.14968268186236205,0.5078043109527167,0.19391663966762593,2019_notional
Edmonton and Winchmore Hill,London,2024,0.4999390912413205,lab,E14001221,2023-current,actual,0.19217931538555244,0.4999390912413205,0.06629309294676575,0.0,2019_notional
Ellesmere Port and Bromborough,North West,2024,0.5763511581355447,lab,E14001222,2023-current,actual,0.124154036793442,0.5763511581355447,0.05547612239062053,0.0,2019_notional
Eltham and Chislehurst,London,2024,0.44043804591142516,lab,E14001223,2023-current,actual,0.2554536277048677,0.44043804591142516,0.05317561339595312,0.0,2019_notional
Ely and East Cambridgeshire,East of England,2024,0.3270446256373045,lib,E14001224,2023-current,actual,0.3175924688269778,0.17491263915675304,0.3270446256373045,0.0,2019_notional
Enfield North,London,2024,0.4913087464361262,lab,E14001225,2023-current,actual,0.1984732824427481,0.4913087464361262,0.05787271222293755,0.0,2019_notional
Epping Forest,East of England,2024,0.43201686106387566,con,E14001226,2023-current,actual,0.43201686106387566,0.29593083131751013,0.12617057456949202,0.0,2019_notional
Epsom and Ewell,South East,2024,0.3791655204034846,lib,E14001227,2023-current,actual,0.3115635029802843,0.15268225584594222,0.3791655204034846,0.0,2019_notional
Erewash,East Midlands,2024,0.4005022554992327,lab,E14001228,2023-current,actual,0.2642654513323722,0.4005022554992327,0.05641073338603916,0.0,2019_notional
Erith and Thamesmead,London,2024,0.5509299388295896,lab,E14001229,2023-current,actual,0.13779439807820898,0.5509299388295896,0.04636073206369647,0.0,2019_notional
Esher and Walton,South East,2024,0.5255196733481812,lib,E14001230,2023-current,actual,0.30274684484038605,0.05282108389012621,0.5255196733481812,0.0,2019_notional
Exeter,South West,2024,0.4534146038064436,lab,E14001231,2023-current,actual,0.15643736783181988,0.4534146038064436,0.10451548700087075,0.0,2019_notional
Exmouth and Exeter East,South West,2024,0.2870060020266583,con,E14001232,2023-current,actual,0.2870060020266583,0.2846480629823057,0.2218996024631694,0.0,2019_notional
Falkirk,Scotland,2024,0.4303343108504399,lab,S14000083,2023-current,actual,0.08389442815249266,0.4303343108504399,0.025618768328445746,0.3131260997067449,2019_notional
Fareham and Waterlooville,South East,2024,0.3503581190271931,con,E14001233,2023-current,actual,0.3503581190271931,0.22907647187917723,0.19019212736667798,0.0,2019_notional
Farnham and Bordon,South East,2024,0.3574648684334622,con,E14001234,2023-current,actual,0.3574648684334622,0.13822503065170236,0.33201923983778175,0.0,2019_notional
Faversham and Mid Kent,South East,2024,0.31798085590419367,con,E14001235,2023-current,actual,0.31798085590419367,0.2864531913980341,0.08923895780572606,0.0,2019_notional
Feltham and Heston,London,2024,0.4150230154036053,lab,E14001236,2023-current,actual,0.2107388073134981,0.4150230154036053,0.046827988788026846,0.0,2019_notional
Filton and Bradley Stoke,South West,2024,0.45476204657811664,lab,E14001237,2023-current,actual,0.2562193499712113,0.45476204657811664,0.07139595369984315,0.0,2019_notional
Finchley and Golders Green,London,2024,0.4434457992655562,lab,E14001238,2023-current,actual,0.3505041692872649,0.4434457992655562,0.06847369595650145,0.0,2019_notional
Folkestone and Hythe,South East,2024,0.3473153586458863,lab,E14001239,2023-current,actual,0.2610877306571706,0.3473153586458863,0.04014244091939139,0.0,2019_notional
Forest of Dean,South West,2024,0.34045871368863195,lab,E14001240,2023-current,actual,0.3346780062797613,0.34045871368863195,0.05414734565719157,0.0,2019_notional
Frome and East Somerset,South West,2024,0.35491052316122956,lib,E14001241,2023-current,actual,0.23899734566315609,0.13734052572994263,0.35491052316122956,0.0,2019_notional
Fylde,North West,2024,0.33188073394495415,con,E14001242,2023-current,actual,0.33188073394495415,0.3201834862385321,0.04420350291909925,0.0,2019_notional
Gainsborough,East Midlands,2024,0.3563457213237657,con,E14001243,2023-current,actual,0.3563457213237657,0.28068972903502193,0.10712220199207455,0.0,2019_notional
Gateshead Central and Whickham,North East,2024,0.45366387348633663,lab,E14001244,2023-current,actual,0.11507571425019271,0.45366387348633663,0.12400228758982519,0.0,2019_notional
Gedling,East Midlands,2024,0.4777718484462871,lab,E14001245,2023-current,actual,0.23391896884364352,0.4777718484462871,0.05075735807232872,0.0,2019_notional
Gillingham and Rainham,South East,2024,0.3782693242586291,lab,E14001246,2023-current,actual,0.2817209528439475,0.3782693242586291,0.054642683519688866,0.0,2019_notional
Glasgow East,Scotland,2024,0.4385103681760474,lab,S14000084,2023-current,actual,0.04815911976301312,0.4385103681760474,0.02460149527436874,0.33175342079277753,2019_notional
Glasgow North,Scotland,2024,0.42186015717205444,lab,S14000085,2023-current,actual,0.039321799706381874,0.42186015717205444,0.032873715420708716,0.3199861826765307,2019_notional
Glasgow North East,Scotland,2024,0.45874277668592883,lab,S14000086,2023-current,actual,0.03467190754157989,0.45874277668592883,0.017365287025901264,0.32272447273473936,2019_notional
Glasgow South,Scotland,2024,0.4175751569210439,lab,S14000087,2023-current,actual,0.038156590683845394,0.4175751569210439,0.031053848695077636,0.31955259804615604,2019_notional
Glasgow South West,Scotland,2024,0.4360088592335081,lab,S14000088,2023-current,actual,0.03888530656872915,0.4360088592335081,0.026858056015027054,0.34391208051809696,2019_notional
Glasgow West,Scotland,2024,0.4666683374266954,lab,S14000089,2023-current,actual,0.043105608741416473,0.4666683374266954,0.03298080296726981,0.30512255024810786,2019_notional
Glastonbury and Somerton,South West,2024,0.4274379748961001,lib,E14001247,2023-current,actual,0.28867385919986566,0.06529952562864699,0.4274379748961001,0.0,2019_notional
Glenrothes and Mid Fife,Scotland,2024,0.4425689698110075,lab,S14000090,2023-current,actual,0.05459475912449155,0.4425689698110075,0.04438418329228811,0.3608290212789507,2019_notional
Gloucester,South West,2024,0.36050074411275496,lab,E14001248,2023-current,actual,0.2854110128687735,0.36050074411275496,0.1041539000262628,0.0,2019_notional
Godalming and Ash,South East,2024,0.42586295158695336,con,E14001249,2023-current,actual,0.42586295158695336,0.050241333918385256,0.40957291209594854,0.0,2019_notional
Goole and Pocklington,Yorkshire and The Humber,2024,0.38158899923605805,con,E14001250,2023-current,actual,0.38158899923605805,0.3097784568372804,0.06795062522616702,0.0,2019_notional
Gordon and Buchan,Scotland,2024,0.3288177339901478,con,S14000091,2023-current,actual,0.3288177339901478,0.10686918445539136,0.16664386060937786,0.3087940156905674,2019_notional
Gorton and Denton,North West,2024,0.5075218818380745,lab,E14001251,2023-current,actual,0.07899343544857768,0.5075218818380745,0.03826586433260394,0.0,2019_notional
Gosport,South East,2024,0.40269214264742414,con,E14001252,2023-current,actual,0.40269214264742414,0.265962011879757,0.09122117577975021,0.0,2019_notional
Gower,Wales,2024,0.43363187871858394,lab,W07000097,2023-current,actual,0.18871879565521185,0.43363187871858394,0.054902708081898836,0.08346566728069618,2019_notional
Grantham and Bourne,East Midlands,2024,0.36357723577235773,con,E14001253,2023-current,actual,0.36357723577235773,0.2661029810298103,0.04394579945799458,0.0,2019_notional
Gravesham,South East,2024,0.38450684678016284,lab,E14001254,2023-current,actual,0.3217755366395263,0.38450684678016284,0.03548297557364915,0.0,2019_notional
Great Grimsby and Cleethorpes,Yorkshire and The Humber,2024,0.4187989841339195,lab,E14001255,2023-current,actual,0.2258117370763811,0.4187989841339195,0.02829132417597422,0.0,2019_notional
Great Yarmouth,East of England,2024,0.35302346127417294,oth,E14001256,2023-current,actual,0.24624521448905468,0.3180278786688917,0.027044272111514677,0.0,2019_notional
Greenwich and Woolwich,London,2024,0.5617874950256326,lab,E14001257,2023-current,actual,0.11383693438516819,0.5617874950256326,0.09047496430159882,0.0,2019_notional
Guildford,South East,2024,0.47494512775914194,lib,E14001258,2023-current,actual,0.3004099888184868,0.08139727502381248,0.47494512775914194,0.0,2019_notional
Hackney North and Stoke Newington,London,2024,0.5946190092531556,lab,E14001259,2023-current,actual,0.08440147464537709,0.5946190092531556,0.03813569667228204,0.0,2019_notional
Hackney South and Shoreditch,London,2024,0.5928874607323565,lab,E14001260,2023-current,actual,0.049782978825447834,0.5928874607323565,0.04786455960288722,0.0,2019_notional
Halesowen,West Midlands,2024,0.3894188397532272,lab,E14001261,2023-current,actual,0.2762973715589196,0.3894188397532272,0.05860853336098294,0.0,2019_notional
Halifax,Yorkshire and The Humber,2024,0.35149450440145225,lab,E14001262,2023-current,actual,0.19560352116178445,0.35149450440145225,0.058661162779131644,0.0,2019_notional
Hamble Valley,South East,2024,0.36425079623731577,con,E14001263,2023-current,actual,0.36425079623731577,0.1620805866232131,0.27533145692911637,0.0,2019_notional
Hamilton and Clyde Valley,Scotland,2024,0.4994772360041821,lab,S14000092,2023-current,actual,0.10904381712764946,0.4994772360041821,0.03590438171276494,0.27440357380477143,2019_notional
Hammersmith and Chiswick,London,2024,0.5230872862388909,lab,E14001264,2023-current,actual,0.1908476565046392,0.5230872862388909,0.09326177179983051,0.0,2019_notional
Hampstead and Highgate,London,2024,0.48263645726055615,lab,E14001265,2023-current,actual,0.17429454170957775,0.48263645726055615,0.12731204943357363,0.0,2019_notional
"Harborough, Oadby and Wigston",East Midlands,2024,0.369428015718652,con,E14001266,2023-current,actual,0.369428015718652,0.32223236613344974,0.09391497638232843,0.0,2019_notional
Harlow,East of England,2024,0.37624835666674356,lab,E14001267,2023-current,actual,0.3184952833452499,0.37624835666674356,0.031136840648568857,0.0,2019_notional
Harpenden and Berkhamsted,East of England,2024,0.5020980565371025,lib,E14001268,2023-current,actual,0.30502797408716137,0.07473866313309777,0.5020980565371025,0.0,2019_notional
Harrogate and Knaresborough,Yorkshire and The Humber,2024,0.4605101413644745,lib,E14001269,2023-current,actual,0.3022818070067609,0.07976720958819913,0.4605101413644745,0.0,2019_notional
Harrow East,London,2024,0.5330179793624548,con,E14001270,2023-current,actual,0.5330179793624548,0.28854888335391504,0.03162609623877598,0.0,2019_notional
Harrow West,London,2024,0.438385535244579,lab,E14001271,2023-current,actual,0.29157180433677415,0.438385535244579,0.05313764063570655,0.0,2019_notional
Hartlepool,North East,2024,0.4622229731632452,lab,E14001272,2023-current,actual,0.21872095970262737,0.4622229731632452,0.016107684942693812,0.0,2019_notional
Harwich and North Essex,East of England,2024,0.34390025602064817,con,E14001273,2023-current,actual,0.34390025602064817,0.3197135899090398,0.07412109984805279,0.0,2019_notional
Hastings and Rye,South East,2024,0.4160469667318982,lab,E14001274,2023-current,actual,0.2278973689932594,0.4160469667318982,0.05622961513372472,0.0,2019_notional
Havant,South East,2024,0.3078272412648746,con,E14001275,2023-current,actual,0.3078272412648746,0.3056464229839283,0.07763238989238136,0.0,2019_notional
Hayes and Harlington,London,2024,0.5325590499804255,lab,E14001276,2023-current,actual,0.21855670103092784,0.5325590499804255,0.034346861542476834,0.0,2019_notional
Hazel Grove,North West,2024,0.37671203095786776,lib,E14001277,2023-current,actual,0.19589982173137963,0.2354015391973564,0.37671203095786776,0.0,2019_notional
Hemel Hempstead,East of England,2024,0.38188083794323024,lab,E14001278,2023-current,actual,0.27176475922735105,0.38188083794323024,0.11553459689852182,0.0,2019_notional
Hendon,London,2024,0.3843077370564282,lab,E14001279,2023-current,actual,0.38394415357766143,0.3843077370564282,0.0476536746170254,0.0,2019_notional
Henley and Thame,South East,2024,0.44968677690614595,lib,E14001280,2023-current,actual,0.3317907331113494,0.06723479504110465,0.44968677690614595,0.0,2019_notional
Hereford and South Herefordshire,West Midlands,2024,0.32631879224084964,con,E14001281,2023-current,actual,0.32631879224084964,0.298253313438076,0.11684806460107083,0.0,2019_notional
Herne Bay and Sandwich,South East,2024,0.3531447764556495,con,E14001282,2023-current,actual,0.3531447764556495,0.30196407725233987,0.05548159829602474,0.0,2019_notional
Hertford and Stortford,East of England,2024,0.38526912181303113,lab,E14001283,2023-current,actual,0.29735784776611307,0.38526912181303113,0.07715380769871688,0.0,2019_notional
Hertsmere,East of England,2024,0.44683067052721476,con,E14001284,2023-current,actual,0.44683067052721476,0.2803549482367155,0.07728039660882788,0.0,2019_notional
Hexham,North East,2024,0.46283862005093773,lab,E14001285,2023-current,actual,0.39119780813459903,0.46283862005093773,0.0458439453577217,0.0,2019_notional
Heywood and Middleton North,North West,2024,0.40584433072986803,lab,E14001286,2023-current,actual,0.17298680312415837,0.40584433072986803,0.061998384056019394,0.0,2019_notional
High Peak,East Midlands,2024,0.45793195951713206,lab,E14001287,2023-current,actual,0.29721985123765393,0.45793195951713206,0.03469089135471284,0.0,2019_notional
Hinckley and Bosworth,East Midlands,2024,0.35632544613904055,con,E14001288,2023-current,actual,0.35632544613904055,0.17994100294985252,0.24318500387037387,0.0,2019_notional
Hitchin,East of England,2024,0.43928775471338793,lab,E14001289,2023-current,actual,0.2848600266615883,0.43928775471338793,0.09356313083222244,0.0,2019_notional
Holborn and St Pancras,London,2024,0.4891974509092793,lab,E14001290,2023-current,actual,0.0719133723641262,0.4891974509092793,0.057924459872545464,0.0,2019_notional
Honiton and Sidmouth,South West,2024,0.4541901095647024,lib,E14001291,2023-current,actual,0.3219228111736255,0.05817786990425427,0.4541901095647024,0.0,2019_notional
Hornchurch and Upminster,London,2024,0.32529683869454923,con,E14001292,2023-current,actual,0.32529683869454923,0.275820170109356,0.050755686299588584,0.0,2019_notional
Hornsey and Friern Barnet,London,2024,0.5866329509477406,lab,E14001293,2023-current,actual,0.08245960281238436,0.5866329509477406,0.1253854693474775,0.0,2019_notional
Horsham,South East,2024,0.3897727886988955,lib,E14001294,2023-current,actual,0.3444206201913548,0.10773167084091605,0.3897727886988955,0.0,2019_notional
Houghton and Sunderland South,North East,2024,0.4705485611510791,lab,E14001295,2023-current,actual,0.13773980815347722,0.4705485611510791,0.05720423661071143,0.0,2019_notional
Hove and Portslade,South East,2024,0.5241672927623341,lab,E14001296,2023-current,actual,0.1277235161532682,0.5241672927623341,0.05867961239862066,0.0,2019_notional
Huddersfield,Yorkshire and The Humber,2024,0.3759741068094112,lab,E14001297,2023-current,actual,0.1633013818000747,0.3759741068094112,0.04334619693763227,0.0,2019_notional
Huntingdon,East of England,2024,0.350826287471176,con,E14001298,2023-current,actual,0.350826287471176,0.32202152190622596,0.0926402767102229,0.0,2019_notional
Hyndburn,North West,2024,0.33501951943696046,lab,E14001299,2023-current,actual,0.2886402375323033,0.33501951943696046,0.03326551932699181,0.0,2019_notional
Ilford North,London,2024,0.33371011772735026,lab,E14001300,2023-current,actual,0.20514843883296366,0.33371011772735026,0.023204231359836205,0.0,2019_notional
Ilford South,London,2024,0.4016759776536313,lab,E14001301,2023-current,actual,0.1491863007043964,0.4016759776536313,0.0325479718241438,0.0,2019_notional
Inverclyde and Renfrewshire West,Scotland,2024,0.4691697645600991,lab,S14000093,2023-current,actual,0.0709541511771995,0.4691697645600991,0.03120198265179678,0.31127633209417593,2019_notional
"Inverness, Skye and West Ross-shire",Scotland,2024,0.3778716497419677,lib,S14000094,2023-current,actual,0.052064258365240555,0.12997336440819043,0.3778716497419677,0.33292408856334277,2019_notional
Ipswich,East of England,2024,0.4333688820312677,lab,E14001302,2023-current,actual,0.2653899389621293,0.4333688820312677,0.05084976515168705,0.0,2019_notional
Isle of Wight East,South East,2024,0.3059745290216562,con,E14001303,2023-current,actual,0.3059745290216562,0.18381360408474676,0.10417278009272844,0.0,2019_notional
Isle of Wight West,South East,2024,0.38611840186643337,lab,E14001304,2023-current,actual,0.29346748323126276,0.38611840186643337,0.0794983960338291,0.0,2019_notional
Islington North,London,2024,0.49283761172101376,oth,E14001305,2023-current,actual,0.039791045994368036,0.34430477900665224,0.03389380892135657,0.0,2019_notional
Islington South and Finsbury,London,2024,0.5366983206249708,lab,E14001306,2023-current,actual,0.08382841371567573,0.5366983206249708,0.09461103054684941,0.0,2019_notional
Jarrow and Gateshead East,North East,2024,0.5133957743411022,lab,E14001307,2023-current,actual,0.09131997386190373,0.5133957743411022,0.04737529949901982,0.0,2019_notional
Keighley and Ilkley,Yorkshire and The Humber,2024,0.4024812713809379,con,E14001308,2023-current,actual,0.4024812713809379,0.3672974494435543,0.021002035248776686,0.0,2019_notional
Kenilworth and Southam,West Midlands,2024,0.36374718679669915,con,E14001309,2023-current,actual,0.36374718679669915,0.24045386346586647,0.1962490622655664,0.0,2019_notional
Kensington and Bayswater,London,2024,0.40624701727593776,lab,E14001310,2023-current,actual,0.33697623365467216,0.40624701727593776,0.0694378161687506,0.0,2019_notional
Kettering,East Midlands,2024,0.35852362087157336,lab,E14001311,2023-current,actual,0.282474965658657,0.35852362087157336,0.02701518982301766,0.0,2019_notional
Kilmarnock and Loudoun,Scotland,2024,0.4485851499599793,lab,S14000110,2023-current,actual,0.08303121615895287,0.4485851499599793,0.020010358303121617,0.3280757097791798,2019_notional
Kingston and Surbiton,London,2024,0.510618979946313,lib,E14001312,2023-current,actual,0.17043660192641719,0.1295002368545713,0.510618979946313,0.0,2019_notional
Kingston upon Hull East,Yorkshire and The Humber,2024,0.4375838475986048,lab,E14001313,2023-current,actual,0.0910584920847867,0.4375838475986048,0.10906895626509257,0.0,2019_notional
Kingston upon Hull North and Cottingham,Yorkshire and The Humber,2024,0.48341529768755886,lab,E14001314,2023-current,actual,0.1280998221199121,0.48341529768755886,0.08491158313278226,0.0,2019_notional
Kingston upon Hull West and Haltemprice,Yorkshire and The Humber,2024,0.4682015820629682,lab,E14001315,2023-current,actual,0.18136099324218136,0.4682015820629682,0.06875687568756876,0.0,2019_notional
Kingswinford and South Staffordshire,West Midlands,2024,0.40281097830898627,con,E14001316,2023-current,actual,0.40281097830898627,0.26330234617087206,0.046038069942452416,0.0,2019_notional
Knowsley,North West,2024,0.6725386301217855,lab,E14001317,2023-current,actual,0.04150137320720171,0.6725386301217855,0.03417760146475435,0.0,2019_notional
Lancaster and Wyre,North West,2024,0.44910249255952384,lab,E14001318,2023-current,actual,0.23395647321428573,0.44910249255952384,0.03555152529761905,0.0,2019_notional
Leeds Central and Headingley,Yorkshire and The Humber,2024,0.5017566070580788,lab,E14001319,2023-current,actual,0.0708023421427441,0.5017566070580788,0.08263965817376168,0.0,2019_notional
Leeds East,Yorkshire and The Humber,2024,0.47247892759216004,lab,E14001320,2023-current,actual,0.1751294810602214,0.47247892759216004,0.03668630039605971,0.0,2019_notional
Leeds North East,Yorkshire and The Humber,2024,0.514977749241703,lab,E14001321,2023-current,actual,0.15889919631589436,0.514977749241703,0.04799964575907189,0.0,2019_notional
Leeds North West,Yorkshire and The Humber,2024,0.4596902183739478,lab,E14001322,2023-current,actual,0.22070434136247666,0.4596902183739478,0.11332543142415172,0.0,2019_notional
Leeds South,Yorkshire and The Humber,2024,0.5403434560262643,lab,E14001323,2023-current,actual,0.1317002336006061,0.5403434560262643,0.04230065029357914,0.0,2019_notional
Leeds South West and Morley,Yorkshire and The Humber,2024,0.4397274242085105,lab,E14001324,2023-current,actual,0.23024695963590242,0.4397274242085105,0.044716357034494766,0.0,2019_notional
Leeds West and Pudsey,Yorkshire and The Humber,2024,0.4929599418091131,lab,E14001325,2023-current,actual,0.17103964254169482,0.4929599418091131,0.04527978386242012,0.0,2019_notional
Leicester East,East Midlands,2024,0.310956030312112,con,E14001326,2023-current,actual,0.310956030312112,0.21620927345121377,0.13548400907650812,0.0,2019_notional
Leicester South,East Midlands,2024,0.3713459378062481,oth,E14001327,2023-current,actual,0.11520902550374071,0.32889547529698593,0.034060759614695124,0.0,2019_notional
Leicester West,East Midlands,2024,0.44630900923807104,lab,E14001328,2023-current,actual,0.1983501426674577,0.44630900923807104,0.061558889171398706,0.0,2019_notional
Leigh and Atherton,North West,2024,0.48508622783580274,lab,E14001329,2023-current,actual,0.15746903084770464,0.48508622783580274,0.03879038134564003,0.0,2019_notional
Lewes,South East,2024,0.5058018167114889,lib,E14001330,2023-current,actual,0.2683880917006752,0.06721456378237076,0.5058018167114889,0.0,2019_notional
Lewisham East,London,2024,0.5818835051800084,lab,E14001331,2023-current,actual,0.10830031744469326,0.5818835051800084,0.06080665403450058,0.0,2019_notional
Lewisham North,London,2024,0.5766069690040075,lab,E14001332,2023-current,actual,0.06115425543958159,0.5766069690040075,0.07435415581769195,0.0,2019_notional
Lewisham West and East Dulwich,London,2024,0.5904683931572371,lab,E14001333,2023-current,actual,0.07491274184513294,0.5904683931572371,0.07665790494247425,0.0,2019_notional
Leyton and Wanstead,London,2024,0.47459526205067226,lab,E14001334,2023-current,actual,0.1108113052227202,0.47459526205067226,0.06436934052867466,0.0,2019_notional
Lichfield,West Midlands,2024,0.3509286412512219,lab,E14001335,2023-current,actual,0.33443304007820135,0.3509286412512219,0.07274356467904855,0.0,2019_notional
Lincoln,East Midlands,2024,0.43809297912713474,lab,E14001336,2023-current,actual,0.2295303605313093,0.43809297912713474,0.061195445920303605,0.0,2019_notional
Liverpool Garston,North West,2024,0.5836687066892101,lab,E14001337,2023-current,actual,0.07008310908961017,0.5836687066892101,0.07713190293620366,0.0,2019_notional
Liverpool Riverside,North West,2024,0.6188505605138815,lab,E14001338,2023-current,actual,0.03566906519255119,0.6188505605138815,0.047682282820172325,0.0,2019_notional
Liverpool Walton,North West,2024,0.7057420159410074,lab,E14001339,2023-current,actual,0.034755733882773955,0.7057420159410074,0.02561947622404164,0.0,2019_notional
Liverpool Wavertree,North West,2024,0.5796056762526686,lab,E14001340,2023-current,actual,0.04739419816652016,0.5796056762526686,0.06929549164887605,0.0,2019_notional
Liverpool West Derby,North West,2024,0.66573698889649,lab,E14001341,2023-current,actual,0.041204020417828766,0.66573698889649,0.033573646266378994,0.0,2019_notional
Livingston,Scotland,2024,0.4086529884032114,lab,S14000095,2023-current,actual,0.07736396074933095,0.4086529884032114,0.04516057091882248,0.32997323818019625,2019_notional
Llanelli,Wales,2024,0.31295405458472414,lab,W07000098,2023-current,actual,0.10492342430787355,0.31295405458472414,0.030777537796976243,0.23343314353033576,2019_notional
Lothian East,Scotland,2024,0.48968857843748703,lab,S14000096,2023-current,actual,0.11506798054134963,0.48968857843748703,0.055070475240114755,0.21392041910939255,2019_notional
Loughborough,East Midlands,2024,0.4081734068482453,lab,E14001342,2023-current,actual,0.29080195934593817,0.4081734068482453,0.060602475212380796,0.0,2019_notional
Louth and Horncastle,East Midlands,2024,0.375244734181028,con,E14001343,2023-current,actual,0.375244734181028,0.2253705974741281,0.0508616794681469,0.0,2019_notional
Lowestoft,East of England,2024,0.3458301453710788,lab,E14001344,2023-current,actual,0.297628156082632,0.3458301453710788,0.03560156847742923,0.0,2019_notional
Luton North,East of England,2024,0.3788101690540715,lab,E14001345,2023-current,actual,0.18497870692992643,0.3788101690540715,0.04878048780487805,0.0,2019_notional
Luton South and South Bedfordshire,East of England,2024,0.3541503829920275,lab,E14001346,2023-current,actual,0.17547287791152102,0.3541503829920275,0.06252931061435048,0.0,2019_notional
Macclesfield,North West,2024,0.46734353689953023,lab,E14001347,2023-current,actual,0.294590089407486,0.46734353689953023,0.04701469919684801,0.0,2019_notional
Maidenhead,South East,2024,0.43503745355560414,lib,E14001348,2023-current,actual,0.3761648353831787,0.11456615470206044,0.43503745355560414,0.0,2019_notional
Maidstone and Malling,South East,2024,0.30494298217249777,con,E14001349,2023-current,actual,0.30494298217249777,0.2688568410614585,0.137424820539352,0.0,2019_notional
Makerfield,North West,2024,0.45207758984675755,lab,E14001350,2023-current,actual,0.10875990363360902,0.45207758984675755,0.06792837096093188,0.0,2019_notional
Maldon,East of England,2024,0.3887161172528641,con,E14001351,2023-current,actual,0.3887161172528641,0.1969663530025481,0.11801528861780462,0.0,2019_notional
Manchester Central,North West,2024,0.5080931403398363,lab,E14001352,2023-current,actual,0.07106356198867213,0.5080931403398363,0.07680302076777848,0.0,2019_notional
Manchester Rusholme,North West,2024,0.5185134157682637,lab,E14001353,2023-current,actual,0.05779630076120277,0.5185134157682637,0.0,0.0,2019_notional
Manchester Withington,North West,2024,0.5287675828520764,lab,E14001354,2023-current,actual,0.0546356425678752,0.5287675828520764,0.12968776209532482,0.0,2019_notional
Mansfield,East Midlands,2024,0.3905858300679047,lab,E14001355,2023-current,actual,0.30576581400442965,0.3905858300679047,0.019446540268211358,0.0,2019_notional
Melksham and Devizes,South West,2024,0.3912075464328262,lib,E14001356,2023-current,actual,0.34431576274827647,0.08958459465265707,0.3912075464328262,0.0,2019_notional
Melton and Syston,East Midlands,2024,0.3811159918235985,con,E14001357,2023-current,actual,0.3811159918235985,0.26377593180533204,0.055386421954507895,0.0,2019_notional
Meriden and Solihull East,West Midlands,2024,0.38133303054388556,con,E14001358,2023-current,actual,0.38133303054388556,0.27723401839445894,0.07614397638242307,0.0,2019_notional
Merthyr Tydfil and Aberdare,Wales,2024,0.44841686781201195,lab,W07000099,2023-current,actual,0.07630271191253728,0.44841686781201195,0.03623455913673151,0.135396847934119,2019_notional
Mid and South Pembrokeshire,Wales,2024,0.3539642711617234,lab,W07000100,2023-current,actual,0.31368890604559396,0.3539642711617234,0.05086963048746488,0.06352270046537563,2019_notional
Mid Bedfordshire,East of England,2024,0.340823441687995,con,E14001359,2023-current,actual,0.340823441687995,0.3142016484955966,0.08198141915721166,0.0,2019_notional
Mid Buckinghamshire,South East,2024,0.3734870530666716,con,E14001360,2023-current,actual,0.3734870530666716,0.16998758132379382,0.26464755055513334,0.0,2019_notional
Mid Cheshire,North West,2024,0.44465055771037604,lab,E14001361,2023-current,actual,0.2295887638825315,0.44465055771037604,0.059384711749259196,0.0,2019_notional
Mid Derbyshire,East Midlands,2024,0.36484866331531457,lab,E14001362,2023-current,actual,0.3253475800853964,0.36484866331531457,0.04966030751109522,0.0,2019_notional
Mid Dorset and North Poole,South West,2024,0.4330492385991841,lib,E14001363,2023-current,actual,0.4057438300278709,0.09221634285252656,0.4330492385991841,0.0,2019_notional
Mid Dunbartonshire,Scotland,2024,0.42377412871174486,lib,S14000097,2023-current,actual,0.04649398915393075,0.20844552315218629,0.42377412871174486,0.24035799613182146,2019_notional
Mid Leicestershire,East Midlands,2024,0.3690946930280957,con,E14001364,2023-current,actual,0.3690946930280957,0.3232882414151925,0.0508636836628512,0.0,2019_notional
Mid Norfolk,East of England,2024,0.3653833583894372,con,E14001365,2023-current,actual,0.3653833583894372,0.29884306163801555,0.06810902673377345,0.0,2019_notional
Mid Sussex,South East,2024,0.39633963396339633,lib,E14001366,2023-current,actual,0.2714146414641464,0.17621137113711371,0.39633963396339633,0.0,2019_notional
Middlesbrough and Thornaby East,North East,2024,0.47193884965268695,lab,E14001367,2023-current,actual,0.17944023018571803,0.47193884965268695,0.030139215857238354,0.0,2019_notional
Middlesbrough South and East Cleveland,North East,2024,0.43296963323254894,lab,E14001368,2023-current,actual,0.4273432364927041,0.43296963323254894,0.05342447745497568,0.0,2019_notional
Midlothian,Scotland,2024,0.48635797577267065,lab,S14000045,2023-current,actual,0.07354239782633307,0.48635797577267065,0.05862108004075625,0.301437790105287,2019_notional
Milton Keynes Central,South East,2024,0.4234113432085315,lab,E14001369,2023-current,actual,0.27065306207965806,0.4234113432085315,0.1033124515493725,0.0,2019_notional
Milton Keynes North,South East,2024,0.42016660504165126,lab,E14001370,2023-current,actual,0.3020640755160189,0.42016660504165126,0.07318876829719208,0.0,2019_notional
Mitcham and Morden,London,2024,0.5543033918903989,lab,E14001371,2023-current,actual,0.13974146503148824,0.5543033918903989,0.08003535520936914,0.0,2019_notional
Monmouthshire,Wales,2024,0.4132247659507513,lab,W07000101,2023-current,actual,0.3475729682951774,0.4132247659507513,0.044823381323263314,0.025037369207772796,2019_notional
Montgomeryshire and Glyndŵr,Wales,2024,0.29378857578769735,lab,W07000102,2023-current,actual,0.17973138537645345,0.29378857578769735,0.14956425252548602,0.1310016412769597,2019_notional
"Moray West, Nairn and Strathspey",Scotland,2024,0.3213687330841603,natSW,S14000098,2023-current,actual,0.29986682132577225,0.1774068823301972,0.08130343257292606,0.3213687330841603,2019_notional
Morecambe and Lunesdale,North West,2024,0.4078944630558272,lab,E14001372,2023-current,actual,0.2868973553340685,0.4078944630558272,0.09923219376183441,0.0,2019_notional
"Motherwell, Wishaw and Carluke",Scotland,2024,0.491159739660739,lab,S14000099,2023-current,actual,0.06188182237482704,0.491159739660739,0.02106288115615231,0.309614103418234,2019_notional
Na h-Eileanan an Iar,Scotland,2024,0.4946777054997043,lab,S14000027,2023-current,actual,0.047826729745712594,0.4946777054997043,0.028237729154346542,0.2111176818450621,2019_notional
Neath and Swansea East,Wales,2024,0.4184916660438,lab,W07000103,2023-current,actual,0.09380372225128933,0.4184916660438,0.05839998006826619,0.13329346986570995,2019_notional
New Forest East,South East,2024,0.38496573070970597,con,E14001373,2023-current,actual,0.38496573070970597,0.19714791067875304,0.15914216228167147,0.0,2019_notional
New Forest West,South East,2024,0.3541877980879211,con,E14001374,2023-current,actual,0.3541877980879211,0.2333340527008654,0.17666227852472108,0.0,2019_notional
Newark,East Midlands,2024,0.39222581791653416,con,E14001375,2023-current,actual,0.39222581791653416,0.32540825679492696,0.05660412652687106,0.0,2019_notional
Newbury,South East,2024,0.4014919272430002,lib,E14001376,2023-current,actual,0.35291232372777437,0.07484161046392807,0.4014919272430002,0.0,2019_notional
Newcastle upon Tyne Central and West,North East,2024,0.45641397654455323,lab,E14001377,2023-current,actual,0.10223673074597993,0.45641397654455323,0.04705597872083182,0.0,2019_notional
Newcastle upon Tyne East and Wallsend,North East,2024,0.5009333427849059,lab,E14001378,2023-current,actual,0.083221095909832,0.5009333427849059,0.0700597811960965,0.0,2019_notional
Newcastle upon Tyne North,North East,2024,0.502704815188103,lab,E14001379,2023-current,actual,0.13735935989468703,0.502704815188103,0.12209720879527737,0.0,2019_notional
Newcastle-under-Lyme,West Midlands,2024,0.40365490433641277,lab,E14001380,2023-current,actual,0.27570801150991975,0.40365490433641277,0.050153970417487,0.0,2019_notional
Newport East,Wales,2024,0.4248527159949132,lab,W07000104,2023-current,actual,0.1683579455503361,0.4248527159949132,0.05307414808855208,0.05810905504658587,2019_notional
Newport West and Islwyn,Wales,2024,0.41498414817286833,lab,W07000105,2023-current,actual,0.15994851135848967,0.41498414817286833,0.049748516125956474,0.08412195180091059,2019_notional
Newton Abbot,South West,2024,0.31674029004834137,lib,E14001381,2023-current,actual,0.2699408234705784,0.148253875645941,0.31674029004834137,0.0,2019_notional
Newton Aycliffe and Spennymoor,North East,2024,0.461627264970135,lab,E14001382,2023-current,actual,0.20566681724639863,0.461627264970135,0.037419063394067156,0.0,2019_notional
Normanton and Hemsworth,Yorkshire and The Humber,2024,0.47525378965033427,lab,E14001383,2023-current,actual,0.1374178106687942,0.47525378965033427,0.036287105559987896,0.0,2019_notional
North Ayrshire and Arran,Scotland,2024,0.39801713122900007,lab,S14000048,2023-current,actual,0.14088306279873172,0.39801713122900007,0.023780228100894422,0.3139936586058398,2019_notional
North Bedfordshire,East of England,2024,0.3875215763852524,con,E14001384,2023-current,actual,0.3875215763852524,0.28251973390741064,0.10769767847791936,0.0,2019_notional
North Cornwall,South West,2024,0.47017269977558784,lib,E14001385,2023-current,actual,0.2758708166650405,0.0577227046541126,0.47017269977558784,0.0,2019_notional
North Cotswolds,South West,2024,0.34693105576459815,con,E14001386,2023-current,actual,0.34693105576459815,0.17107646976846044,0.2800971550299628,0.0,2019_notional
North Devon,South West,2024,0.42437326176167417,lib,E14001387,2023-current,actual,0.2932104167882218,0.06254740649979579,0.42437326176167417,0.0,2019_notional
North Dorset,South West,2024,0.3664835054243906,con,E14001388,2023-current,actual,0.3664835054243906,0.08795765151057706,0.33450073465773,0.0,2019_notional
North Durham,North East,2024,0.39846024299290267,lab,E14001389,2023-current,actual,0.15618910140743414,0.39846024299290267,0.10123902321664863,0.0,2019_notional
North East Cambridgeshire,East of England,2024,0.41469266898100876,con,E14001390,2023-current,actual,0.41469266898100876,0.20441086379415968,0.06932816009801919,0.0,2019_notional
North East Derbyshire,East Midlands,2024,0.3835302838704051,lab,E14001391,2023-current,actual,0.34531025160249423,0.3835302838704051,0.04707190511489993,0.0,2019_notional
North East Fife,Scotland,2024,0.5472757910503651,lib,S14000100,2023-current,actual,0.0389908256880734,0.09422392810335144,0.5472757910503651,0.23181520314547838,2019_notional
North East Hampshire,South East,2024,0.38117350611951045,lib,E14001392,2023-current,actual,0.3697624190064795,0.0910187185025198,0.38117350611951045,0.0,2019_notional
North East Hertfordshire,East of England,2024,0.34954303122619956,lab,E14001393,2023-current,actual,0.31292840822543794,0.34954303122619956,0.10401751713632902,0.0,2019_notional
North East Somerset and Hanham,South West,2024,0.4056528117359413,lab,E14001394,2023-current,actual,0.30161369193154036,0.4056528117359413,0.07585330073349633,0.0,2019_notional
North Herefordshire,West Midlands,2024,0.4315952503871967,oth,E14001395,2023-current,actual,0.3145625670148128,0.06363925181684603,0.02851356181247766,0.0,2019_notional
North Norfolk,East of England,2024,0.4142592946878388,lib,E14001396,2023-current,actual,0.3593095678421869,0.06117807112641626,0.4142592946878388,0.0,2019_notional
North Northumberland,North East,2024,0.3655590360952439,lab,E14001397,2023-current,actual,0.26181847961836907,0.3655590360952439,0.10582888028990849,0.0,2019_notional
North Shropshire,West Midlands,2024,0.5285720046779853,lib,E14001398,2023-current,actual,0.21984514255756746,0.06902044602169617,0.5285720046779853,0.0,2019_notional
North Somerset,South West,2024,0.35594985678681695,lab,E14001399,2023-current,actual,0.34406502250492876,0.35594985678681695,0.132444295651527,0.0,2019_notional
North Warwickshire and Bedworth,West Midlands,2024,0.35972154372252074,lab,E14001400,2023-current,actual,0.30603321934538347,0.35972154372252074,0.029995114802149486,0.0,2019_notional
North West Cambridgeshire,East of England,2024,0.33281559517377995,lab,E14001401,2023-current,actual,0.3319376913380155,0.33281559517377995,0.07185305240410589,0.0,2019_notional
North West Essex,East of England,2024,0.35597396388776525,con,E14001402,2023-current,actual,0.35597396388776525,0.3079836722685985,0.11133379913948442,0.0,2019_notional
North West Hampshire,South East,2024,0.3496448458375145,con,E14001403,2023-current,actual,0.3496448458375145,0.2849497274855872,0.15005017413375835,0.0,2019_notional
North West Leicestershire,East Midlands,2024,0.34734003129374946,lab,E14001404,2023-current,actual,0.32650498229432595,0.34734003129374946,0.03353784073128552,0.0,2019_notional
North West Norfolk,East of England,2024,0.36119463267962126,con,E14001405,2023-current,actual,0.36119463267962126,0.250033657945519,0.1456715882062559,0.0,2019_notional
Northampton North,East Midlands,2024,0.4354865711620788,lab,E14001406,2023-current,actual,0.2199076842130438,0.4354865711620788,0.05383493171980006,0.0,2019_notional
Northampton South,East Midlands,2024,0.38470298833819244,lab,E14001407,2023-current,actual,0.2919779518950437,0.38470298833819244,0.07272685860058309,0.0,2019_notional
Norwich North,East of England,2024,0.45436468917294875,lab,E14001408,2023-current,actual,0.21728395061728395,0.45436468917294875,0.045296624057686,0.0,2019_notional
Norwich South,East of England,2024,0.47641645415234507,lab,E14001409,2023-current,actual,0.12875041578889013,0.47641645415234507,0.07932143253132276,0.0,2019_notional
Nottingham East,East Midlands,2024,0.5355347380566468,lab,E14001410,2023-current,actual,0.10782670805747095,0.5355347380566468,0.04782835636383616,0.0,2019_notional
Nottingham North and Kimberley,East Midlands,2024,0.470762990259091,lab,E14001411,2023-current,actual,0.1938755106121633,0.470762990259091,0.038163795812266116,0.0,2019_notional
Nottingham South,East Midlands,2024,0.47382827944888833,lab,E14001412,2023-current,actual,0.1607408984458165,0.47382827944888833,0.06262355911067854,0.0,2019_notional
Nuneaton,West Midlands,2024,0.36920389197583287,lab,E14001413,2023-current,actual,0.2847887802392449,0.36920389197583287,0.032514012568849636,0.0,2019_notional
Old Bexley and Sidcup,London,2024,0.37599983204920956,con,E14001414,2023-current,actual,0.37599983204920956,0.3015136564986459,0.04045514664203388,0.0,2019_notional
Oldham East and Saddleworth,North West,2024,0.3517034818420067,lab,E14001415,2023-current,actual,0.1706726569324847,0.3517034818420067,0.08451266691626108,0.0,2019_notional
"Oldham West, Chadderton and Royton",North West,2024,0.3430378762346719,lab,E14001416,2023-current,actual,0.10541052031213544,0.3430378762346719,0.03295050942369015,0.0,2019_notional
Orkney and Shetland,Scotland,2024,0.5506573859242073,lib,S14000051,2023-current,actual,0.028325599381283838,0.07216744006187162,0.5506573859242073,0.17328886310904873,2019_notional
Orpington,London,2024,0.379918824474204,con,E14001417,2023-current,actual,0.379918824474204,0.2688342413126994,0.10261975560523517,0.0,2019_notional
Ossett and Denby Dale,Yorkshire and The Humber,2024,0.3927700407995806,lab,E14001418,2023-current,actual,0.2892439541403597,0.3927700407995806,0.04068561529870308,0.0,2019_notional
Oxford East,South East,2024,0.49670826872728197,lab,E14001419,2023-current,actual,0.12045957143946519,0.49670826872728197,0.08736432729213797,0.0,2019_notional
Oxford West and Abingdon,South East,2024,0.5090221313970172,lib,E14001420,2023-current,actual,0.18522544458454715,0.13002739249532588,0.5090221313970172,0.0,2019_notional
Paisley and Renfrewshire North,Scotland,2024,0.4711336978250921,lab,S14000101,2023-current,actual,0.06404296827958283,0.4711336978250921,0.0330932825935114,0.3186011223777066,2019_notional
Paisley and Renfrewshire South,Scotland,2024,0.4743599060145823,lab,S14000102,2023-current,actual,0.05375093864302497,0.4743599060145823,0.0318533052346002,0.3162560860402587,2019_notional
Peckham,London,2024,0.5880093821687243,lab,E14001421,2023-current,actual,0.05866432971621517,0.5880093821687243,0.07021161430007475,0.0,2019_notional
Pendle and Clitheroe,North West,2024,0.3449758309449459,lab,E14001422,2023-current,actual,0.32568336399024683,0.3449758309449459,0.043611241818881805,0.0,2019_notional
Penistone and Stocksbridge,Yorkshire and The Humber,2024,0.43600591379506426,lab,E14001423,2023-current,actual,0.2372341635391789,0.43600591379506426,0.06518821790060275,0.0,2019_notional
Penrith and Solway,North West,2024,0.40555183539295064,lab,E14001424,2023-current,actual,0.2988778636797143,0.40555183539295064,0.09622369675940018,0.0,2019_notional
Perth and Kinross-shire,Scotland,2024,0.37797791401242087,natSW,S14000103,2023-current,actual,0.2955648301615512,0.18008267268406652,0.07350679952872577,0.37797791401242087,2019_notional
Peterborough,East of England,2024,0.32045280855941916,lab,E14001425,2023-current,actual,0.31763469621704243,0.32045280855941916,0.041698509743981656,0.0,2019_notional
Plymouth Moor View,South West,2024,0.41219432518200483,lab,E14001426,2023-current,actual,0.28143083815568415,0.41219432518200483,0.04120776554041441,0.0,2019_notional
Plymouth Sutton and Devonport,South West,2024,0.49400166290533315,lab,E14001427,2023-current,actual,0.16327354792730728,0.49400166290533315,0.0579878845468583,0.0,2019_notional
"Pontefract, Castleford and Knottingley",Yorkshire and The Humber,2024,0.4752621186417109,lab,E14001428,2023-current,actual,0.15034624690602663,0.4752621186417109,0.03373473871568818,0.0,2019_notional
Pontypridd,Wales,2024,0.4120320991416527,lab,W07000106,2023-current,actual,0.09586571181878206,0.4120320991416527,0.04078419422012291,0.13395804764081468,2019_notional
Poole,South West,2024,0.3184177997527812,lab,E14001429,2023-current,actual,0.3180132599168446,0.3184177997527812,0.12376671536127655,0.0,2019_notional
Poplar and Limehouse,London,2024,0.43053587605398247,lab,E14001430,2023-current,actual,0.11005551555132286,0.43053587605398247,0.09730319853197371,0.0,2019_notional
Portsmouth North,South East,2024,0.348496141177602,lab,E14001431,2023-current,actual,0.3297429855985382,0.348496141177602,0.07287283917966966,0.0,2019_notional
Portsmouth South,South East,2024,0.4844071105630908,lab,E14001432,2023-current,actual,0.14495992601726265,0.4844071105630908,0.12551376900945335,0.0,2019_notional
Preston,North West,2024,0.35021128697522064,lab,E14001433,2023-current,actual,0.13032280649113595,0.35021128697522064,0.07988898057160003,0.0,2019_notional
Putney,London,2024,0.48915711532609796,lab,E14001434,2023-current,actual,0.23582513439496908,0.48915711532609796,0.12055989451262805,0.0,2019_notional
Queen's Park and Maida Vale,London,2024,0.5248937224525989,lab,E14001435,2023-current,actual,0.1326969720679133,0.5248937224525989,0.08911665753853376,0.0,2019_notional
Rawmarsh and Conisbrough,Yorkshire and The Humber,2024,0.48997168475696085,lab,E14001436,2023-current,actual,0.13260972156677678,0.48997168475696085,0.03353586597451628,0.0,2019_notional
Rayleigh and Wickford,East of England,2024,0.3700862895493768,con,E14001437,2023-current,actual,0.3700862895493768,0.246425444995623,0.08478886156154904,0.0,2019_notional
Reading Central,South East,2024,0.4768717846812833,lab,E14001438,2023-current,actual,0.19785387825395773,0.4768717846812833,0.08750082797906869,0.0,2019_notional
Reading West and Mid Berkshire,South East,2024,0.3495735859594853,lab,E14001439,2023-current,actual,0.32033683486928316,0.3495735859594853,0.10962170522652574,0.0,2019_notional
Redcar,North East,2024,0.40992959773875265,lab,E14001440,2023-current,actual,0.3229605590305949,0.40992959773875265,0.040356983956659424,0.0,2019_notional
Redditch,West Midlands,2024,0.3494985250737463,lab,E14001441,2023-current,actual,0.33087905604719764,0.3494985250737463,0.051091445427728616,0.0,2019_notional
Reigate,South East,2024,0.35405654521171537,con,E14001442,2023-current,actual,0.35405654521171537,0.2941065818927409,0.12740542879178346,0.0,2019_notional
Rhondda and Ogmore,Wales,2024,0.4780763000614422,lab,W07000107,2023-current,actual,0.0572529743618388,0.4780763000614422,0.026112941965033793,0.145171200357482,2019_notional
Ribble Valley,North West,2024,0.3494031486073467,lab,E14001443,2023-current,actual,0.33294888799184974,0.3494031486073467,0.09613055763796782,0.0,2019_notional
Richmond and Northallerton,Yorkshire and The Humber,2024,0.47518855871079424,con,E14001444,2023-current,actual,0.47518855871079424,0.22408605695915593,0.08906565552487326,0.0,2019_notional
Richmond Park,London,2024,0.5464610669476104,lib,E14001445,2023-current,actual,0.21785269610190594,0.09669571880088114,0.5464610669476104,0.0,2019_notional
Rochdale,North West,2024,0.32823523483168715,lab,E14001446,2023-current,actual,0.1076647853255392,0.32823523483168715,0.07095343680709534,0.0,2019_notional
Rochester and Strood,South East,2024,0.3615897459974647,lab,E14001447,2023-current,actual,0.29280717404572987,0.3615897459974647,0.04446218132306681,0.0,2019_notional
Romford,London,2024,0.34824165096374327,con,E14001448,2023-current,actual,0.34824165096374327,0.3150271301110178,0.043022226258314984,0.0,2019_notional
Romsey and Southampton North,South East,2024,0.3976452715533612,con,E14001449,2023-current,actual,0.3976452715533612,0.09274991504587522,0.35384892158234554,0.0,2019_notional
Rossendale and Darwen,North West,2024,0.408960509211529,lab,E14001450,2023-current,actual,0.2828230758886548,0.408960509211529,0.027813886772154735,0.0,2019_notional
Rother Valley,Yorkshire and The Humber,2024,0.3850942126514132,lab,E14001451,2023-current,actual,0.3611084406844838,0.3850942126514132,0.02823976158431071,0.0,2019_notional
Rotherham,Yorkshire and The Humber,2024,0.4513971623524315,lab,E14001452,2023-current,actual,0.0,0.4513971623524315,0.076464854326871,0.0,2019_notional
Rugby,West Midlands,2024,0.3986001142763856,lab,E14001453,2023-current,actual,0.3082401436617419,0.3986001142763856,0.06636192963839686,0.0,2019_notional
"Ruislip, Northwood and Pinner",London,2024,0.4537172708160795,con,E14001454,2023-current,actual,0.4537172708160795,0.292731095113716,0.09222569068399482,0.0,2019_notional
Runcorn and Helsby,North West,2024,0.5293713744524683,lab,E14001455,2023-current,actual,0.15996211672783237,0.5293713744524683,0.05088196993015272,0.0,2019_notional
Runnymede and Weybridge,South East,2024,0.3821938532319234,con,E14001456,2023-current,actual,0.3821938532319234,0.20647420885748036,0.22413114210515409,0.0,2019_notional
Rushcliffe,East Midlands,2024,0.43798489886395126,lab,E14001457,2023-current,actual,0.30938279301745636,0.43798489886395126,0.054256719312829035,0.0,2019_notional
Rutherglen,Scotland,2024,0.5051313435646361,lab,S14000104,2023-current,actual,0.05696262122210714,0.5051313435646361,0.040344600320120515,0.2987713021372752,2019_notional
Rutland and Stamford,East Midlands,2024,0.4374086501842436,con,E14001458,2023-current,actual,0.4374086501842436,0.22343907610597608,0.12870288408094366,0.0,2019_notional
Salford,North West,2024,0.5322385653838404,lab,E14001459,2023-current,actual,0.09024279669554705,0.5322385653838404,0.0693129155752569,0.0,2019_notional
Salisbury,South West,2024,0.3410200705558767,con,E14001460,2023-current,actual,0.3410200705558767,0.26514260658122896,0.23568453152093755,0.0,2019_notional
Scarborough and Whitby,Yorkshire and The Humber,2024,0.40157391284683747,lab,E14001461,2023-current,actual,0.2792790755523394,0.40157391284683747,0.0429433979331087,0.0,2019_notional
Scunthorpe,Yorkshire and The Humber,2024,0.39650713169957236,lab,E14001462,2023-current,actual,0.3058052290594351,0.39650713169957236,0.024122301605592686,0.0,2019_notional
Sefton Central,North West,2024,0.5642268540959767,lab,E14001463,2023-current,actual,0.17892895529937405,0.5642268540959767,0.05542793314927606,0.0,2019_notional
Selby,Yorkshire and The Humber,2024,0.46296371541180775,lab,E14001464,2023-current,actual,0.25584088415749057,0.46296371541180775,0.03640648490512372,0.0,2019_notional
Sevenoaks,South East,2024,0.36730194993887655,con,E14001465,2023-current,actual,0.36730194993887655,0.13631535702118278,0.25828172909276736,0.0,2019_notional
Sheffield Brightside and Hillsborough,Yorkshire and The Humber,2024,0.515658610654182,lab,E14001466,2023-current,actual,0.1287169429330634,0.515658610654182,0.05358724534986714,0.0,2019_notional
Sheffield Central,Yorkshire and The Humber,2024,0.5209885859824545,lab,E14001467,2023-current,actual,0.07354652076848096,0.5209885859824545,0.06835833097506525,0.0,2019_notional
Sheffield Hallam,Yorkshire and The Humber,2024,0.46268483168930835,lab,E14001468,2023-current,actual,0.12024960756574485,0.46268483168930835,0.30398635685354936,0.0,2019_notional
Sheffield Heeley,Yorkshire and The Humber,2024,0.5522030900483795,lab,E14001469,2023-current,actual,0.1363470842220257,0.5522030900483795,0.1004785933517141,0.0,2019_notional
Sheffield South East,Yorkshire and The Humber,2024,0.52304939755668,lab,E14001470,2023-current,actual,0.1747784518185122,0.52304939755668,0.09563612982583657,0.0,2019_notional
Sherwood Forest,East Midlands,2024,0.3871968762844225,lab,E14001471,2023-current,actual,0.2753390875462392,0.3871968762844225,0.03777229757501028,0.0,2019_notional
Shipley,Yorkshire and The Humber,2024,0.4500341593689833,lab,E14001472,2023-current,actual,0.2719292797548806,0.4500341593689833,0.027762250791876282,0.0,2019_notional
Shrewsbury,West Midlands,2024,0.4447633824670287,lab,E14001473,2023-current,actual,0.2245345228859581,0.4447633824670287,0.13037238169123352,0.0,2019_notional
Sittingbourne and Sheppey,South East,2024,0.29072149860968827,lab,E14001474,2023-current,actual,0.2820625396360798,0.29072149860968827,0.032221083955314894,0.0,2019_notional
Skipton and Ripon,Yorkshire and The Humber,2024,0.35234798877455564,con,E14001475,2023-current,actual,0.35234798877455564,0.3214780168381665,0.07846585594013096,0.0,2019_notional
Sleaford and North Hykeham,East Midlands,2024,0.35721198393905074,con,E14001476,2023-current,actual,0.35721198393905074,0.2677236693091733,0.046617934726655,0.0,2019_notional
Slough,South East,2024,0.33887887610333195,lab,E14001477,2023-current,actual,0.1723046351494986,0.33887887610333195,0.04759924210915477,0.0,2019_notional
Smethwick,West Midlands,2024,0.48007973800370213,lab,E14001478,2023-current,actual,0.12946034458208744,0.48007973800370213,0.02899045991741421,0.0,2019_notional
Solihull West and Shirley,West Midlands,2024,0.3473771785737142,con,E14001479,2023-current,actual,0.3473771785737142,0.2488213836209655,0.16886746165496938,0.0,2019_notional
South Basildon and East Thurrock,East of England,2024,0.30792181850362843,oth,E14001480,2023-current,actual,0.25687122303977344,0.3054438797441149,0.027080330728969128,0.0,2019_notional
South Cambridgeshire,East of England,2024,0.4683246788740093,lib,E14001481,2023-current,actual,0.2744465701011205,0.11125079712125353,0.4683246788740093,0.0,2019_notional
South Cotswolds,South West,2024,0.4391340103658653,lib,E14001482,2023-current,actual,0.34402432727064086,0.07539158873142464,0.4391340103658653,0.0,2019_notional
South Derbyshire,East Midlands,2024,0.3877385923869078,lab,E14001483,2023-current,actual,0.2966088724664932,0.3877385923869078,0.04665806677307213,0.0,2019_notional
South Devon,South West,2024,0.459962452044731,lib,E14001484,2023-current,actual,0.31452534486980654,0.06256632111664354,0.459962452044731,0.0,2019_notional
South Dorset,South West,2024,0.3193303016089891,lab,E14001485,2023-current,actual,0.297958684258825,0.3193303016089891,0.16348879417582643,0.0,2019_notional
South East Cornwall,South West,2024,0.317940185853995,lab,E14001486,2023-current,actual,0.27916649758552126,0.317940185853995,0.16808018504240554,0.0,2019_notional
South Holland and The Deepings,East Midlands,2024,0.3801872414543871,con,E14001487,2023-current,actual,0.3801872414543871,0.1978227737861964,0.0423470498584803,0.0,2019_notional
South Leicestershire,East Midlands,2024,0.35561440059191185,con,E14001488,2023-current,actual,0.35561440059191185,0.24840826340076716,0.14838684553826983,0.0,2019_notional
South Norfolk,East of England,2024,0.35000705944048893,lab,E14001489,2023-current,actual,0.2930071199499788,0.35000705944048893,0.11589584299804352,0.0,2019_notional
South Northamptonshire,East Midlands,2024,0.357394267836192,con,E14001490,2023-current,actual,0.357394267836192,0.2887312140343036,0.09291021844795799,0.0,2019_notional
South Ribble,North West,2024,0.4246575342465753,lab,E14001491,2023-current,actual,0.2855094178082192,0.4246575342465753,0.06361301369863014,0.0,2019_notional
South Shields,North East,2024,0.41065609385183577,lab,E14001492,2023-current,actual,0.1121008038235933,0.41065609385183577,0.03807299587225722,0.0,2019_notional
South Shropshire,West Midlands,2024,0.3412773701430701,con,E14001493,2023-current,actual,0.3412773701430701,0.134338760575378,0.3098367955394653,0.0,2019_notional
South Suffolk,East of England,2024,0.3295424274092744,con,E14001494,2023-current,actual,0.3295424274092744,0.2671051822708551,0.1316366467900248,0.0,2019_notional
South West Devon,South West,2024,0.34294246008958307,con,E14001495,2023-current,actual,0.34294246008958307,0.3025152176409785,0.10625550323494506,0.0,2019_notional
South West Hertfordshire,East of England,2024,0.3410701703485721,con,E14001496,2023-current,actual,0.3410701703485721,0.19971401334604386,0.24872549425954324,0.0,2019_notional
South West Norfolk,East of England,2024,0.267215518213601,lab,E14001497,2023-current,actual,0.25300552610804106,0.267215518213601,0.0590504116386602,0.0,2019_notional
South West Wiltshire,South West,2024,0.33826459885635074,con,E14001498,2023-current,actual,0.33826459885635074,0.268021140183677,0.15606047478773177,0.0,2019_notional
Southampton Itchen,South East,2024,0.4147373400257536,lab,E14001499,2023-current,actual,0.25430320868262685,0.4147373400257536,0.07053320368959083,0.0,2019_notional
Southampton Test,South East,2024,0.4453288646837034,lab,E14001500,2023-current,actual,0.18466694595726854,0.4453288646837034,0.09082530372852954,0.0,2019_notional
Southend East and Rochford,East of England,2024,0.38821363728061326,lab,E14001501,2023-current,actual,0.2866653217671979,0.38821363728061326,0.057217066774258626,0.0,2019_notional
Southend West and Leigh,East of England,2024,0.3563915857605178,lab,E14001502,2023-current,actual,0.31489524782830863,0.3563915857605178,0.0675779253960143,0.0,2019_notional
Southgate and Wood Green,London,2024,0.5109807098596484,lab,E14001503,2023-current,actual,0.17597600227715618,0.5109807098596484,0.08594075014779619,0.0,2019_notional
Southport,North West,2024,0.38287578508178166,lab,E14001504,2023-current,actual,0.2543997869460041,0.38287578508178166,0.13022925497680818,0.0,2019_notional
Spelthorne,South East,2024,0.3040765931638002,con,E14001505,2023-current,actual,0.3040765931638002,0.26963566260884636,0.188666984360785,0.0,2019_notional
Spen Valley,Yorkshire and The Humber,2024,0.39154366993034245,lab,E14001506,2023-current,actual,0.24012372741000537,0.39154366993034245,0.034706999853865265,0.0,2019_notional
St Albans,East of England,2024,0.5661642190103461,lib,E14001507,2023-current,actual,0.18188863486650908,0.10053473863680397,0.5661642190103461,0.0,2019_notional
St Austell and Newquay,South West,2024,0.3414790721561243,lab,E14001508,2023-current,actual,0.2886244971325858,0.3414790721561243,0.1028203372421467,0.0,2019_notional
St Helens North,North West,2024,0.5258684587636507,lab,E14001509,2023-current,actual,0.11135543805900085,0.5258684587636507,0.04444828778969215,0.0,2019_notional
St Helens South and Whiston,North West,2024,0.49741028000525833,lab,E14001510,2023-current,actual,0.08037334034441962,0.49741028000525833,0.05781517023793874,0.0,2019_notional
St Ives,South West,2024,0.5203716792084148,lib,E14001511,2023-current,actual,0.23379620005820478,0.0579553486051636,0.5203716792084148,0.0,2019_notional
St Neots and Mid Cambridgeshire,East of England,2024,0.36906697931243143,lib,E14001512,2023-current,actual,0.2816837487235732,0.13081956053099353,0.36906697931243143,0.0,2019_notional
Stafford,West Midlands,2024,0.40276902345193333,lab,E14001513,2023-current,actual,0.3028972592318894,0.40276902345193333,0.0364276554587146,0.0,2019_notional
Staffordshire Moorlands,West Midlands,2024,0.353563345803889,con,E14001514,2023-current,actual,0.353563345803889,0.32642834049235603,0.03461733869105353,0.0,2019_notional
Stalybridge and Hyde,North West,2024,0.43825022154193183,lab,E14001515,2023-current,actual,0.18453771583554876,0.43825022154193183,0.029001852896157254,0.0,2019_notional
Stevenage,East of England,2024,0.41432751960669556,lab,E14001516,2023-current,actual,0.2593936556244879,0.41432751960669556,0.08116586679152522,0.0,2019_notional
Stirling and Strathallan,Scotland,2024,0.3385962797798401,lab,S14000105,2023-current,actual,0.19020931260294885,0.3385962797798401,0.05082158209794705,0.310594190671327,2019_notional
Stockport,North West,2024,0.4987523750658151,lab,E14001517,2023-current,actual,0.11370556051553236,0.4987523750658151,0.08525055513586521,0.0,2019_notional
Stockton North,North East,2024,0.45795566963450174,lab,E14001518,2023-current,actual,0.21464666720141173,0.45795566963450174,0.03029330766557044,0.0,2019_notional
Stockton West,North East,2024,0.4188494592705292,con,E14001519,2023-current,actual,0.4188494592705292,0.37487149965047906,0.02473374727579259,0.0,2019_notional
Stoke-on-Trent Central,West Midlands,2024,0.4236447618237978,lab,E14001520,2023-current,actual,0.1762872283147723,0.4236447618237978,0.028309104820198928,0.0,2019_notional
Stoke-on-Trent North,West Midlands,2024,0.4032918395573997,lab,E14001521,2023-current,actual,0.26271092669432916,0.4032918395573997,0.025200553250345783,0.0,2019_notional
Stoke-on-Trent South,West Midlands,2024,0.347345024669044,lab,E14001522,2023-current,actual,0.3320306775438425,0.347345024669044,0.03851790337550681,0.0,2019_notional
"Stone, Great Wyrley and Penkridge",West Midlands,2024,0.46481178396072015,con,E14001523,2023-current,actual,0.46481178396072015,0.3370119242459668,0.06902034136076689,0.0,2019_notional
Stourbridge,West Midlands,2024,0.384623100456392,lab,E14001524,2023-current,actual,0.3075630673554341,0.384623100456392,0.040297908621294946,0.0,2019_notional
Stratford and Bow,London,2024,0.44077356970185333,lab,E14001525,2023-current,actual,0.07169333486819385,0.44077356970185333,0.044342120409807756,0.0,2019_notional
Stratford-on-Avon,West Midlands,2024,0.44279537000321,lib,E14001526,2023-current,actual,0.3083139787382692,0.07086614173228346,0.44279537000321,0.0,2019_notional
Streatham and Croydon North,London,2024,0.5214463672479968,lab,E14001527,2023-current,actual,0.11958790653828025,0.5214463672479968,0.11292168877516666,0.0,2019_notional
Stretford and Urmston,North West,2024,0.49219599147863136,lab,E14001528,2023-current,actual,0.14112429894352418,0.49219599147863136,0.04817181861658189,0.0,2019_notional
Stroud,South West,2024,0.463718512884591,lab,E14001529,2023-current,actual,0.25749262056101846,0.463718512884591,0.052751670560113,0.0,2019_notional
Suffolk Coastal,East of England,2024,0.3169197791753453,lab,E14001530,2023-current,actual,0.29528219853996884,0.3169197791753453,0.14048249782613093,0.0,2019_notional
Sunderland Central,North East,2024,0.4217533848887554,lab,E14001531,2023-current,actual,0.1434291863753535,0.4217533848887554,0.09014690792602047,0.0,2019_notional
Surrey Heath,South East,2024,0.447539131162635,lib,E14001532,2023-current,actual,0.3295178705951285,0.06587427806143802,0.447539131162635,0.0,2019_notional
Sussex Weald,South East,2024,0.3407829181494662,con,E14001533,2023-current,actual,0.3407829181494662,0.16754448398576513,0.20164717844433147,0.0,2019_notional
Sutton and Cheam,London,2024,0.369197160021846,lib,E14001534,2023-current,actual,0.28935428307356215,0.17707851951434694,0.369197160021846,0.0,2019_notional
Sutton Coldfield,West Midlands,2024,0.382802640018207,con,E14001535,2023-current,actual,0.382802640018207,0.33018848405851076,0.05352450706556597,0.0,2019_notional
Swansea West,Wales,2024,0.4139720111058137,lab,W07000108,2023-current,actual,0.09916706397060886,0.4139720111058137,0.12247244580306813,0.11512465995456712,2019_notional
Swindon North,South West,2024,0.40597758405977585,lab,E14001536,2023-current,actual,0.31307596513075964,0.40597758405977585,0.04723197101777426,0.0,2019_notional
Swindon South,South West,2024,0.4839040942983435,lab,E14001537,2023-current,actual,0.2694557306782158,0.4839040942983435,0.04114390320132161,0.0,2019_notional
Tamworth,West Midlands,2024,0.350278615145702,lab,E14001538,2023-current,actual,0.3187174568374897,0.350278615145702,0.033136932492920435,0.0,2019_notional
Tatton,North West,2024,0.38444200427671504,con,E14001539,2023-current,actual,0.38444200427671504,0.3625575526401973,0.08888632029127896,0.0,2019_notional
Taunton and Wellington,South West,2024,0.48377540064421204,lib,E14001540,2023-current,actual,0.24639121962858393,0.07062472660754762,0.48377540064421204,0.0,2019_notional
Telford,West Midlands,2024,0.4471397004664866,lab,E14001541,2023-current,actual,0.21428922170390374,0.4471397004664866,0.038301006629020376,0.0,2019_notional
Tewkesbury,South West,2024,0.4270792558561157,lib,E14001542,2023-current,actual,0.2980695935227343,0.08854735367436495,0.4270792558561157,0.0,2019_notional
The Wrekin,West Midlands,2024,0.32626949220311874,con,E14001543,2023-current,actual,0.32626949220311874,0.3086165533786485,0.09510195921631348,0.0,2019_notional
Thirsk and Malton,Yorkshire and The Humber,2024,0.39247344217523145,con,E14001544,2023-current,actual,0.39247344217523145,0.2408578830050003,0.10801855533465872,0.0,2019_notional
Thornbury and Yate,South West,2024,0.39003504038075965,lib,E14001545,2023-current,actual,0.333558191391684,0.09475893342327656,0.39003504038075965,0.0,2019_notional
Thurrock,East of England,2024,0.42733904893764313,lab,E14001546,2023-current,actual,0.21324351669417968,0.42733904893764313,0.030805687203791468,0.0,2019_notional
Tipton and Wednesbury,West Midlands,2024,0.36907378335949764,lab,E14001547,2023-current,actual,0.2627943485086342,0.36907378335949764,0.01858712715855573,0.0,2019_notional
Tiverton and Minehead,South West,2024,0.38588364111094736,lib,E14001548,2023-current,actual,0.3120380703712282,0.09106988692594387,0.38588364111094736,0.0,2019_notional
Tonbridge,South East,2024,0.4076657129232237,con,E14001549,2023-current,actual,0.4076657129232237,0.18580114449213161,0.08412811953584486,0.0,2019_notional
Tooting,London,2024,0.5517065523298642,lab,E14001550,2023-current,actual,0.1836314526944072,0.5517065523298642,0.08382600154883554,0.0,2019_notional
Torbay,South West,2024,0.4106472948064621,lib,E14001551,2023-current,actual,0.2946546676786295,0.07103979182478586,0.4106472948064621,0.0,2019_notional
Torfaen,Wales,2024,0.4250385100126033,lab,W07000109,2023-current,actual,0.16067777622181767,0.4250385100126033,0.04604397143257247,0.07200672174765439,2019_notional
Torridge and Tavistock,South West,2024,0.3158008658008658,con,E14001552,2023-current,actual,0.3158008658008658,0.21182605273514366,0.23807556080283354,0.0,2019_notional
Tottenham,London,2024,0.5745242602371227,lab,E14001553,2023-current,actual,0.05778619109295606,0.5745242602371227,0.048022317425525554,0.0,2019_notional
Truro and Falmouth,South West,2024,0.4134768422727996,lab,E14001554,2023-current,actual,0.2513130670062072,0.4134768422727996,0.13035174279802642,0.0,2019_notional
Tunbridge Wells,South East,2024,0.43614746543778804,lib,E14001555,2023-current,actual,0.2760184331797235,0.11388018433179724,0.43614746543778804,0.0,2019_notional
Twickenham,London,2024,0.5627854945464715,lib,E14001556,2023-current,actual,0.16272956092104038,0.12478791833690688,0.5627854945464715,0.0,2019_notional
Tynemouth,North East,2024,0.505824280226362,lab,E14001557,2023-current,actual,0.1866248089553472,0.505824280226362,0.05595026642984014,0.0,2019_notional
Uxbridge and South Ruislip,London,2024,0.36152371825586965,lab,E14001558,2023-current,actual,0.34873894672648864,0.36152371825586965,0.038158295944592066,0.0,2019_notional
Vale of Glamorgan,Wales,2024,0.38711648409200017,lab,W07000110,2023-current,actual,0.2951163095186139,0.38711648409200017,0.035176537336882994,0.07081132981277004,2019_notional
Vauxhall and Camberwell Green,London,2024,0.5735294117647058,lab,E14001559,2023-current,actual,0.0748348252344416,0.5735294117647058,0.12119032395566923,0.0,2019_notional
Wakefield and Rothwell,Yorkshire and The Humber,2024,0.4371556473829201,lab,E14001560,2023-current,actual,0.18009641873278237,0.4371556473829201,0.07991440377804014,0.0,2019_notional
Wallasey,North West,2024,0.5772235998689936,lab,E14001561,2023-current,actual,0.11666588686660741,0.5772235998689936,0.04311514527675104,0.0,2019_notional
Walsall and Bloxwich,West Midlands,2024,0.33647925573391413,lab,E14001562,2023-current,actual,0.1795864590895647,0.33647925573391413,0.021967680352773522,0.0,2019_notional
Walthamstow,London,2024,0.5949899273013927,lab,E14001563,2023-current,actual,0.0515240430936323,0.5949899273013927,0.03801348865726548,0.0,2019_notional
Warrington North,North West,2024,0.46777053520141854,lab,E14001564,2023-current,actual,0.16198396643440474,0.46777053520141854,0.06835493619040484,0.0,2019_notional
Warrington South,North West,2024,0.4670840715090997,lab,E14001565,2023-current,actual,0.23878643904010308,0.4670840715090997,0.07708568207440812,0.0,2019_notional
Warwick and Leamington,West Midlands,2024,0.4873165575836416,lab,E14001566,2023-current,actual,0.2350298792633847,0.4873165575836416,0.07888532054148542,0.0,2019_notional
Washington and Gateshead South,North East,2024,0.47762080981064803,lab,E14001567,2023-current,actual,0.12571243348369845,0.47762080981064803,0.0432727370951622,0.0,2019_notional
Watford,East of England,2024,0.35334608030592735,lab,E14001568,2023-current,actual,0.24710381284444943,0.35334608030592735,0.1704420200202452,0.0,2019_notional
Waveney Valley,East of England,2024,0.41708102380176065,oth,E14001569,2023-current,actual,0.3030852624714705,0.0941677535050538,0.02473915878708836,0.0,2019_notional
Weald of Kent,South East,2024,0.3983672503549456,con,E14001570,2023-current,actual,0.3983672503549456,0.23229215964663197,0.07838381448177946,0.0,2019_notional
Wellingborough and Rushden,East Midlands,2024,0.40318290326247586,lab,E14001571,2023-current,actual,0.27845856542002956,0.40318290326247586,0.035693986586336254,0.0,2019_notional
Wells and Mendip Hills,South West,2024,0.4689882465057179,lib,E14001572,2023-current,actual,0.24819329733163914,0.07002461880559085,0.4689882465057179,0.0,2019_notional
Welwyn Hatfield,East of England,2024,0.4102156640181612,lab,E14001573,2023-current,actual,0.33181302239191,0.4102156640181612,0.06432772675678465,0.0,2019_notional
West Aberdeenshire and Kincardine,Scotland,2024,0.3559785938968095,con,S14000111,2023-current,actual,0.3559785938968095,0.13066301728011764,0.1295396053760366,0.28569386004330244,2019_notional
West Bromwich,West Midlands,2024,0.4624873221677037,lab,E14001574,2023-current,actual,0.20059757133850498,0.4624873221677037,0.03601874948603383,0.0,2019_notional
West Dorset,South West,2024,0.5132401862940785,lib,E14001575,2023-current,actual,0.3651744130786047,0.058663625130691,0.5132401862940785,0.0,2019_notional
West Dunbartonshire,Scotland,2024,0.48787388843977364,lab,S14000106,2023-current,actual,0.03723726758286176,0.48787388843977364,0.02119543249797898,0.33604486661277283,2019_notional
West Ham and Beckton,London,2024,0.45212941564872894,lab,E14001576,2023-current,actual,0.10402222955871024,0.45212941564872894,0.04418399911962144,0.0,2019_notional
West Lancashire,North West,2024,0.5046380090497737,lab,E14001577,2023-current,actual,0.19638009049773755,0.5046380090497737,0.046221719457013574,0.0,2019_notional
West Suffolk,East of England,2024,0.3425835662139035,con,E14001578,2023-current,actual,0.3425835662139035,0.2722428023656333,0.0928056151296549,0.0,2019_notional
West Worcestershire,West Midlands,2024,0.3617495931391373,con,E14001579,2023-current,actual,0.3617495931391373,0.1524128220600874,0.24203192714904823,0.0,2019_notional
Westmorland and Lonsdale,North West,2024,0.6270768982294632,lib,E14001580,2023-current,actual,0.19358811297518827,0.046554822037833364,0.6270768982294632,0.0,2019_notional
Weston-super-Mare,South West,2024,0.38476055673507903,lab,E14001581,2023-current,actual,0.2807501769285209,0.38476055673507903,0.08860580325548478,0.0,2019_notional
Wetherby and Easingwold,Yorkshire and The Humber,2024,0.3941330679882891,con,E14001582,2023-current,actual,0.3941330679882891,0.30140262921219313,0.06412292619453108,0.0,2019_notional
Whitehaven and Workington,North West,2024,0.5299474187380497,lab,E14001583,2023-current,actual,0.20207934990439771,0.5299474187380497,0.026720841300191204,0.0,2019_notional
Widnes and Halewood,North West,2024,0.6161192150278099,lab,E14001584,2023-current,actual,0.09200860531010599,0.6161192150278099,0.041793472557456184,0.0,2019_notional
Wigan,North West,2024,0.47436367637350546,lab,E14001585,2023-current,actual,0.1053815496711411,0.47436367637350546,0.041370204650480455,0.0,2019_notional
Wimbledon,London,2024,0.4508502318814222,lib,E14001586,2023-current,actual,0.22151495862507956,0.2133854687642084,0.4508502318814222,0.0,2019_notional
Winchester,South East,2024,0.5245462190763193,lib,E14001587,2023-current,actual,0.28239540262106666,0.05296446842806083,0.5245462190763193,0.0,2019_notional
Windsor,South East,2024,0.36429739645493525,con,E14001588,2023-current,actual,0.36429739645493525,0.22158864872032888,0.2108252663218848,0.0,2019_notional
Wirral West,North West,2024,0.46357430281676043,lab,E14001589,2023-current,actual,0.26341814978679107,0.46357430281676043,0.06115993673800324,0.0,2019_notional
Witham,East of England,2024,0.37205304033357706,con,E14001590,2023-current,actual,0.37205304033357706,0.27037922652807145,0.06796039760488509,0.0,2019_notional
Witney,South East,2024,0.41182982761347464,lib,E14001591,2023-current,actual,0.32605171595761506,0.09435789973114028,0.41182982761347464,0.0,2019_notional
Woking,South East,2024,0.4988887734967286,lib,E14001592,2023-current,actual,0.26530273133243326,0.0923044968324852,0.4988887734967286,0.0,2019_notional
Wokingham,South East,2024,0.47673105057501064,lib,E14001593,2023-current,actual,0.3221911516879942,0.06724198596270302,0.47673105057501064,0.0,2019_notional
Wolverhampton North East,West Midlands,2024,0.4290306107122473,lab,E14001594,2023-current,actual,0.2661539847997837,0.4290306107122473,0.03010003304394845,0.0,2019_notional
Wolverhampton South East,West Midlands,2024,0.5032652327601701,lab,E14001595,2023-current,actual,0.16937271583488106,0.5032652327601701,0.0227068480019172,0.0,2019_notional
Wolverhampton West,West Midlands,2024,0.44279267929541655,lab,E14001596,2023-current,actual,0.2625695764711272,0.44279267929541655,0.03151842774354628,0.0,2019_notional
Worcester,West Midlands,2024,0.4045095142931619,lab,E14001597,2023-current,actual,0.24993483360848032,0.4045095142931619,0.08658441219914849,0.0,2019_notional
Worsley and Eccles,North West,2024,0.4766236513645018,lab,E14001598,2023-current,actual,0.15962673060197918,0.4766236513645018,0.04350892038643255,0.0,2019_notional
Worthing West,South East,2024,0.40235700139223873,lab,E14001599,2023-current,actual,0.32492107378865426,0.40235700139223873,0.05310116281349883,0.0,2019_notional
Wrexham,Wales,2024,0.39224234017784165,lab,W07000111,2023-current,actual,0.2449161568374904,0.39224234017784165,0.04401456418893815,0.10249424120080251,2019_notional
Wycombe,South East,2024,0.3592311311244035,lab,E14001600,2023-current,actual,0.2563792369558886,0.3592311311244035,0.09489885072921567,0.0,2019_notional
Wyre Forest,West Midlands,2024,0.3208512334470083,con,E14001601,2023-current,actual,0.3208512334470083,0.30286992338013197,0.06220381770671863,0.0,2019_notional
Wythenshawe and Sale East,North West,2024,0.5263211693754472,lab,E14001602,2023-current,actual,0.1377900439537974,0.5263211693754472,0.05072574874782786,0.0,2019_notional
Yeovil,South West,2024,0.4854755679032522,lib,E14001603,2023-current,actual,0.23486272266710248,0.06132537996404641,0.4854755679032522,0.0,2019_notional
Ynys Môn,Wales,2024,0.32456785582934905,natSW,W07000112,2023-current,actual,0.30504474684320215,0.23351109476523232,0.0134547014833885,0.32456785582934905,2019_notional
York Central,Yorkshire and The Humber,2024,0.5663735198393463,lab,E14001604,2023-current,actual,0.12425270641460656,0.5663735198393463,0.07042448583893082,0.0,2019_notional
York Outer,Yorkshire and The Humber,2024,0.4531953195319532,lab,E14001605,2023-current,actual,0.2694399874770086,0.4531953195319532,0.10754118890149884,0.0,2019_notional
