constituency_name,country/region,election,majority_proportion,winner,constituency_id,boundary_set,election_type,con_share,lib_share,lab_share,natSW_share,previous_election
Aberavon,Wales,1997,0.713,lab,565,1997-2001,actual,0.079,0.113,0.713,0.058,
Aberdeen Central,Scotland,1997,0.498,lab,570,1997-2001,actual,0.195,0.132,0.498,0.162,
Aberdeen North,Scotland,1997,0.479,lab,571,1997-2001,actual,0.15,0.141,0.479,0.218,
Aberdeen South,Scotland,1997,0.353,lab,572,1997-2001,actual,0.264,0.276,0.353,0.098,
Airdrie & Shotts,Scotland,1997,0.618,lab,573,1997-2001,actual,0.089,0.042,0.618,0.244,
Aldershot,South East,1997,0.427,con,47,1997-2001,actual,0.427,0.305,0.241,,
Aldridge-Brownhills,West Midlands,1997,0.471,con,295,1997-2001,actual,0.471,0.112,0.417,,
Altrincham & Sale West,North West,1997,0.432,con,435,1997-2001,actual,0.432,0.126,0.403,,
Alyn & Deeside,Wales,1997,0.619,lab,530,1997-2001,actual,0.228,0.097,0.619,0.018,
Amber Valley,East Midlands,1997,0.547,lab,324,1997-2001,actual,0.335,0.077,0.547,,
Angus,Scotland,1997,0.483,natSW,574,1997-2001,actual,0.246,0.094,0.156,0.483,
Argyll & Bute,Scotland,1997,0.402,lib,575,1997-2001,actual,0.19,0.402,0.157,0.232,
Arundel & South Downs,South East,1997,0.531,con,110,1997-2001,actual,0.531,0.257,0.183,,
Ashfield,East Midlands,1997,0.652,lab,357,1997-2001,actual,0.203,0.096,0.652,,
Ashford,South East,1997,0.414,con,76,1997-2001,actual,0.414,0.197,0.317,,
Ashton Under Lyne,North West,1997,0.675,lab,436,1997-2001,actual,0.189,0.097,0.675,,
Aylesbury,South East,1997,0.442,con,15,1997-2001,actual,0.442,0.295,0.222,,
Ayr,Scotland,1997,0.484,lab,576,1997-2001,actual,0.338,0.047,0.484,0.126,
Banbury,South East,1997,0.429,con,93,1997-2001,actual,0.429,0.167,0.348,,
Banff & Buchan,Scotland,1997,0.558,natSW,577,1997-2001,actual,0.238,0.06,0.118,0.558,
Barking ,London,1997,0.658,lab,140,1997-2001,actual,0.176,0.095,0.658,,
Barnsley Central,Yorkshire and the Humber,1997,0.77,lab,386,1997-2001,actual,0.098,0.095,0.77,,
Barnsley East & Mexborough,Yorkshire and the Humber,1997,0.731,lab,387,1997-2001,actual,0.114,0.104,0.731,,
Barnsley West & Penistone,Yorkshire and the Humber,1997,0.593,lab,388,1997-2001,actual,0.184,0.18,0.593,,
Barrow & Furness,North West,1997,0.573,lab,494,1997-2001,actual,0.272,0.088,0.573,,
Basildon,Eastern,1997,0.558,lab,30,1997-2001,actual,0.308,0.087,0.558,,
Basingstoke ,South East,1997,0.433,con,48,1997-2001,actual,0.433,0.17,0.391,,
Bassetlaw,East Midlands,1997,0.61,lab,358,1997-2001,actual,0.249,0.102,0.61,,
Bath ,South West,1997,0.485,lib,214,1997-2001,actual,0.312,0.485,0.164,,
Batley & Spen,Yorkshire and the Humber,1997,0.494,lab,401,1997-2001,actual,0.364,0.088,0.494,,
Battersea,London,1997,0.507,lab,141,1997-2001,actual,0.394,0.073,0.507,,
Beaconsfield,South East,1997,0.492,con,16,1997-2001,actual,0.492,0.214,0.2,,
Beckenham,London,1997,0.425,con,142,1997-2001,actual,0.425,0.181,0.334,,
Bedford,Eastern,1997,0.506,lab,1,1997-2001,actual,0.337,0.123,0.506,,
Berwick-Upon-Tweed,North East,1997,0.455,lib,513,1997-2001,actual,0.241,0.455,0.262,,
Bethnal Green & Bow,London,1997,0.463,lab,143,1997-2001,actual,0.211,0.12,0.463,,
Beverley & Holderness,Yorkshire and the Humber,1997,0.412,con,368,1997-2001,actual,0.412,0.184,0.389,,
Bexhill & Battle,South East,1997,0.481,con,22,1997-2001,actual,0.481,0.255,0.181,,
Bexleyheath & Crayford,London,1997,0.455,lab,144,1997-2001,actual,0.384,0.112,0.455,,
Billericay,Eastern,1997,0.398,con,31,1997-2001,actual,0.398,0.158,0.373,,
Birkenhead,North West,1997,0.708,lab,478,1997-2001,actual,0.152,0.09,0.708,,
Birmingham Edgbaston,West Midlands,1997,0.486,lab,296,1997-2001,actual,0.386,0.097,0.486,,
Birmingham Erdington,West Midlands,1997,0.588,lab,297,1997-2001,actual,0.275,0.102,0.588,,
Birmingham Hall Green,West Midlands,1997,0.535,lab,298,1997-2001,actual,0.334,0.096,0.535,,
Birmingham Hodge Hill,West Midlands,1997,0.656,lab,299,1997-2001,actual,0.24,0.085,0.656,,
Birmingham Ladywood,West Midlands,1997,0.741,lab,300,1997-2001,actual,0.133,0.08,0.741,,
Birmingham Northfield,West Midlands,1997,0.574,lab,301,1997-2001,actual,0.28,0.105,0.574,,
Birmingham Perry Barr,West Midlands,1997,0.63,lab,302,1997-2001,actual,0.217,0.099,0.63,,
Birmingham Selly Oak,West Midlands,1997,0.556,lab,303,1997-2001,actual,0.278,0.121,0.556,,
Birmingham Sparkbrook & Small Heath,West Midlands,1997,0.643,lab,304,1997-2001,actual,0.175,0.093,0.643,,
Birmingham Yardley,West Midlands,1997,0.47,lab,305,1997-2001,actual,0.178,0.33,0.47,,
Bishop Auckland,North East,1997,0.659,lab,506,1997-2001,actual,0.202,0.093,0.659,,
Blaby,East Midlands,1997,0.458,con,334,1997-2001,actual,0.458,0.149,0.338,,
Blackburn,North West,1997,0.55,lab,463,1997-2001,actual,0.246,0.105,0.55,,
Blackpool North & Fleetwood,North West,1997,0.522,lab,464,1997-2001,actual,0.355,0.086,0.522,,
Blackpool South,North West,1997,0.57,lab,465,1997-2001,actual,0.344,0.086,0.57,,
Blaenau Gwent,Wales,1997,0.795,lab,541,1997-2001,actual,0.066,0.087,0.795,0.052,
Blaydon,North East,1997,0.6,lab,517,1997-2001,actual,0.132,0.238,0.6,,
Blyth Valley,North East,1997,0.642,lab,514,1997-2001,actual,0.133,0.225,0.642,,
Bognor Regis & Littlehampton,South East,1997,0.442,con,111,1997-2001,actual,0.442,0.24,0.285,,
Bolsover,East Midlands,1997,0.74,lab,325,1997-2001,actual,0.167,0.093,0.74,,
Bolton North East,North West,1997,0.561,lab,437,1997-2001,actual,0.304,0.099,0.561,,
Bolton South East,North West,1997,0.689,lab,438,1997-2001,actual,0.197,0.088,0.689,,
Bolton West,North West,1997,0.495,lab,439,1997-2001,actual,0.351,0.108,0.495,,
Bootle,North West,1997,0.829,lab,479,1997-2001,actual,0.085,0.057,0.829,,
Boston & Skegness,East Midlands,1997,0.424,con,344,1997-2001,actual,0.424,0.166,0.41,,
Bosworth,East Midlands,1997,0.406,con,335,1997-2001,actual,0.406,0.178,0.387,,
Bournemouth East,South West,1997,0.414,con,240,1997-2001,actual,0.414,0.314,0.211,,
Bournemouth West,South West,1997,0.417,con,241,1997-2001,actual,0.417,0.278,0.246,,
Bracknell,South East,1997,0.474,con,7,1997-2001,actual,0.474,0.154,0.298,,
Bradford North,Yorkshire and the Humber,1997,0.561,lab,402,1997-2001,actual,0.256,0.145,0.561,,
Bradford South,Yorkshire and the Humber,1997,0.567,lab,403,1997-2001,actual,0.28,0.113,0.567,,
Bradford West,Yorkshire and the Humber,1997,0.415,lab,404,1997-2001,actual,0.33,0.148,0.415,,
Braintree,Eastern,1997,0.427,lab,32,1997-2001,actual,0.401,0.115,0.427,,
Brecon & Radnorshire,Wales,1997,0.408,lib,558,1997-2001,actual,0.29,0.408,0.266,0.015,
Brent East,London,1997,0.673,lab,145,1997-2001,actual,0.223,0.078,0.673,,
Brent North,London,1997,0.507,lab,146,1997-2001,actual,0.401,0.081,0.507,,
Brent South,London,1997,0.73,lab,147,1997-2001,actual,0.159,0.077,0.73,,
Brentford & Isleworth,London,1997,0.574,lab,148,1997-2001,actual,0.318,0.082,0.574,,
Brentwood & Ongar,Eastern,1997,0.454,con,33,1997-2001,actual,0.454,0.263,0.221,,
Bridgend,Wales,1997,0.581,lab,551,1997-2001,actual,0.228,0.115,0.581,0.038,
Bridgwater,South West,1997,0.369,con,254,1997-2001,actual,0.369,0.336,0.248,,
Brigg & Goole,Yorkshire and the Humber,1997,0.502,lab,369,1997-2001,actual,0.365,0.1,0.502,,
Brighton Kemptown,South East,1997,0.466,lab,23,1997-2001,actual,0.389,0.097,0.466,,
Brighton Pavilion,South East,1997,0.546,lab,24,1997-2001,actual,0.277,0.095,0.546,,
Bristol East,South West,1997,0.569,lab,215,1997-2001,actual,0.234,0.148,0.569,,
Bristol North West,South West,1997,0.499,lab,216,1997-2001,actual,0.293,0.131,0.499,,
Bristol South,South West,1997,0.599,lab,217,1997-2001,actual,0.212,0.134,0.599,,
Bristol West,South West,1997,0.352,lab,218,1997-2001,actual,0.328,0.28,0.352,,
Bromley & Chislehurst,London,1997,0.463,con,149,1997-2001,actual,0.463,0.238,0.252,,
Bromsgrove,West Midlands,1997,0.471,con,265,1997-2001,actual,0.471,0.119,0.378,,
Broxbourne,Eastern,1997,0.489,con,64,1997-2001,actual,0.489,0.113,0.347,,
Broxtowe,East Midlands,1997,0.47,lab,359,1997-2001,actual,0.374,0.119,0.47,,
Buckingham,South East,1997,0.498,con,17,1997-2001,actual,0.498,0.246,0.247,,
Burnley,North West,1997,0.579,lab,466,1997-2001,actual,0.202,0.174,0.579,,
Burton,West Midlands,1997,0.51,lab,278,1997-2001,actual,0.394,0.085,0.51,,
Bury North,North West,1997,0.518,lab,440,1997-2001,actual,0.375,0.082,0.518,,
Bury South,North West,1997,0.569,lab,441,1997-2001,actual,0.323,0.084,0.569,,
Bury St Edmunds,Eastern,1997,0.383,con,133,1997-2001,actual,0.383,0.182,0.377,,
Caernarfon,Wales,1997,0.51,natSW,547,1997-2001,actual,0.123,0.049,0.295,0.51,
Caerphilly,Wales,1997,0.678,lab,552,1997-2001,actual,0.107,0.082,0.678,0.097,
Caithness Sutherland & Easter Ross,Scotland,1997,0.356,lib,578,1997-2001,actual,0.108,0.356,0.278,0.23,
Calder Valley,Yorkshire and the Humber,1997,0.461,lab,405,1997-2001,actual,0.351,0.147,0.461,,
Camberwell & Peckham,London,1997,0.695,lab,150,1997-2001,actual,0.116,0.113,0.695,,
Cambridge,Eastern,1997,0.534,lab,118,1997-2001,actual,0.259,0.161,0.534,,
Cannock Chase,West Midlands,1997,0.548,lab,279,1997-2001,actual,0.272,0.087,0.548,,
Canterbury,South East,1997,0.386,con,77,1997-2001,actual,0.386,0.238,0.313,,
Cardiff Central,Wales,1997,0.437,lab,560,1997-2001,actual,0.2,0.249,0.437,0.036,
Cardiff North,Wales,1997,0.504,lab,561,1997-2001,actual,0.337,0.109,0.504,0.025,
Cardiff South & Penarth,Wales,1997,0.534,lab,562,1997-2001,actual,0.207,0.093,0.534,0.032,
Cardiff West,Wales,1997,0.603,lab,563,1997-2001,actual,0.215,0.108,0.603,0.048,
Carlisle,North West,1997,0.574,lab,495,1997-2001,actual,0.29,0.105,0.574,,
Carmarthen East & Dinefwr,Wales,1997,0.429,lab,536,1997-2001,actual,0.12,0.075,0.429,0.346,
Carmarthen West & South Pembrokeshire,Wales,1997,0.491,lab,537,1997-2001,actual,0.266,0.082,0.491,0.127,
Carrick Cumnock & Doon Valley,Scotland,1997,0.598,lab,579,1997-2001,actual,0.17,0.053,0.598,0.167,
Carshalton & Wallington,London,1997,0.382,lib,151,1997-2001,actual,0.335,0.382,0.239,,
Castle Point,Eastern,1997,0.424,lab,34,1997-2001,actual,0.401,0.092,0.424,,
Central Fife,Scotland,1997,0.587,lab,580,1997-2001,actual,0.09,0.064,0.587,0.25,
Central Suffolk & North Ipswich,Eastern,1997,0.426,con,134,1997-2001,actual,0.426,0.206,0.359,,
Ceredigion,Wales,1997,0.416,natSW,538,1997-2001,actual,0.149,0.165,0.243,0.416,
Charnwood,East Midlands,1997,0.465,con,336,1997-2001,actual,0.465,0.129,0.36,,
Chatham & Aylesford,South East,1997,0.431,lab,78,1997-2001,actual,0.374,0.15,0.431,,
Cheadle,North West,1997,0.437,con,442,1997-2001,actual,0.437,0.377,0.157,,
Cheltenham,South West,1997,0.495,lib,248,1997-2001,actual,0.362,0.495,0.101,,
Chesham & Amersham,South East,1997,0.504,con,18,1997-2001,actual,0.504,0.238,0.196,,
City Of Chester,North West,1997,0.53,lab,424,1997-2001,actual,0.342,0.095,0.53,,
Chesterfield,East Midlands,1997,0.508,lab,326,1997-2001,actual,0.092,0.396,0.508,,
Chichester,South East,1997,0.464,con,112,1997-2001,actual,0.464,0.29,0.172,,
Chingford & Woodford Green,London,1997,0.475,con,152,1997-2001,actual,0.475,0.155,0.346,,
Chipping Barnet,London,1997,0.43,con,153,1997-2001,actual,0.43,0.123,0.409,,
Chorley,North West,1997,0.53,lab,467,1997-2001,actual,0.359,0.085,0.53,,
Christchurch,South West,1997,0.464,con,242,1997-2001,actual,0.464,0.426,0.069,,
Cities Of London And Westminster,London,1997,0.473,con,154,1997-2001,actual,0.473,0.123,0.351,,
Cleethorpes,Yorkshire and the Humber,1997,0.516,lab,370,1997-2001,actual,0.334,0.114,0.516,,
Clwyd South ,Wales,1997,0.581,lab,531,1997-2001,actual,0.231,0.094,0.581,0.063,
Clwyd West ,Wales,1997,0.371,lab,532,1997-2001,actual,0.325,0.128,0.371,0.135,
Clydebank & Milngavie,Scotland,1997,0.552,lab,581,1997-2001,actual,0.125,0.105,0.552,0.211,
Clydesdale,Scotland,1997,0.525,lab,582,1997-2001,actual,0.163,0.084,0.525,0.221,
Coatbridge & Chryston,Scotland,1997,0.683,lab,583,1997-2001,actual,0.086,0.054,0.683,0.17,
Colchester,Eastern,1997,0.344,lib,35,1997-2001,actual,0.314,0.344,0.306,,
Colne Valley,Yorkshire and the Humber,1997,0.413,lab,406,1997-2001,actual,0.327,0.226,0.413,,
Congleton,North West,1997,0.412,con,425,1997-2001,actual,0.412,0.297,0.275,,
Conwy,Wales,1997,0.35,lab,548,1997-2001,actual,0.243,0.312,0.35,0.068,
Copeland,North West,1997,0.582,lab,496,1997-2001,actual,0.292,0.092,0.582,,
Corby,East Midlands,1997,0.554,lab,351,1997-2001,actual,0.334,0.075,0.554,,
Cotswold,South West,1997,0.464,con,249,1997-2001,actual,0.464,0.23,0.227,,
Coventry North East,West Midlands,1997,0.662,lab,306,1997-2001,actual,0.193,0.08,0.662,,
Coventry North West,West Midlands,1997,0.569,lab,307,1997-2001,actual,0.263,0.105,0.569,,
Coventry South,West Midlands,1997,0.509,lab,308,1997-2001,actual,0.29,0.092,0.509,,
Crawley,South East,1997,0.55,lab,113,1997-2001,actual,0.318,0.082,0.55,,
Crewe & Nantwich,North West,1997,0.582,lab,426,1997-2001,actual,0.27,0.117,0.582,,
Crosby,North West,1997,0.511,lab,480,1997-2001,actual,0.348,0.115,0.511,,
Croydon Central,London,1997,0.456,lab,155,1997-2001,actual,0.386,0.109,0.456,,
Croydon North,London,1997,0.622,lab,156,1997-2001,actual,0.272,0.077,0.622,,
Croydon South,London,1997,0.473,con,157,1997-2001,actual,0.473,0.211,0.253,,
Cumbernauld & Kilsyth,Scotland,1997,0.587,lab,584,1997-2001,actual,0.068,0.038,0.587,0.278,
Cunninghame North,Scotland,1997,0.503,lab,585,1997-2001,actual,0.235,0.055,0.503,0.184,
Cunninghame South,Scotland,1997,0.627,lab,586,1997-2001,actual,0.101,0.045,0.627,0.208,
Cynon Valley,Wales,1997,0.697,lab,553,1997-2001,actual,0.068,0.103,0.697,0.106,
Dagenham,London,1997,0.657,lab,158,1997-2001,actual,0.185,0.075,0.657,,
Darlington,North East,1997,0.616,lab,507,1997-2001,actual,0.283,0.072,0.616,,
Dartford,South East,1997,0.486,lab,79,1997-2001,actual,0.403,0.094,0.486,,
Daventry,East Midlands,1997,0.463,con,352,1997-2001,actual,0.463,0.15,0.344,,
Delyn,Wales,1997,0.572,lab,533,1997-2001,actual,0.26,0.102,0.572,0.038,
Denton & Reddish,North West,1997,0.654,lab,443,1997-2001,actual,0.213,0.133,0.654,,
Derby North,East Midlands,1997,0.532,lab,327,1997-2001,actual,0.343,0.09,0.532,,
Derby South,East Midlands,1997,0.563,lab,328,1997-2001,actual,0.252,0.144,0.563,,
Devizes,South West,1997,0.428,con,259,1997-2001,actual,0.428,0.265,0.242,,
Dewsbury,Yorkshire and the Humber,1997,0.494,lab,407,1997-2001,actual,0.301,0.103,0.494,,
Don Valley,Yorkshire and the Humber,1997,0.583,lab,389,1997-2001,actual,0.246,0.097,0.583,,
Doncaster Central,Yorkshire and the Humber,1997,0.621,lab,390,1997-2001,actual,0.21,0.094,0.621,,
Doncaster North,Yorkshire and the Humber,1997,0.698,lab,391,1997-2001,actual,0.148,0.084,0.698,,
Dover,South East,1997,0.545,lab,80,1997-2001,actual,0.328,0.079,0.545,,
Dudley North,West Midlands,1997,0.512,lab,309,1997-2001,actual,0.314,0.082,0.512,,
Dudley South,West Midlands,1997,0.566,lab,310,1997-2001,actual,0.294,0.109,0.566,,
Dulwich & West Norwood,London,1997,0.61,lab,159,1997-2001,actual,0.242,0.108,0.61,,
Dumbarton,Scotland,1997,0.496,lab,587,1997-2001,actual,0.176,0.076,0.496,0.232,
Dumfries,Scotland,1997,0.475,lab,588,1997-2001,actual,0.28,0.111,0.475,0.121,
Dundee East,Scotland,1997,0.511,lab,589,1997-2001,actual,0.158,0.041,0.511,0.265,
Dundee West,Scotland,1997,0.538,lab,590,1997-2001,actual,0.132,0.077,0.538,0.232,
Dunfermline East,Scotland,1997,0.668,lab,591,1997-2001,actual,0.1,0.059,0.668,0.156,
Dunfermline West,Scotland,1997,0.531,lab,592,1997-2001,actual,0.126,0.136,0.531,0.192,
Durham City Of,North East,1997,0.633,lab,508,1997-2001,actual,0.175,0.153,0.633,,
Ealing Acton & Shepherd'S Bush,London,1997,0.584,lab,160,1997-2001,actual,0.258,0.107,0.584,,
Ealing North ,London,1997,0.537,lab,161,1997-2001,actual,0.372,0.07,0.537,,
Ealing Southall,London,1997,0.6,lab,162,1997-2001,actual,0.208,0.104,0.6,,
Easington,North East,1997,0.802,lab,509,1997-2001,actual,0.086,0.072,0.802,,
East Devon,South West,1997,0.434,con,229,1997-2001,actual,0.434,0.291,0.177,,
East Ham,London,1997,0.646,lab,163,1997-2001,actual,0.161,0.065,0.646,,
East Hampshire,South East,1997,0.48,con,49,1997-2001,actual,0.48,0.281,0.171,,
East Kilbride,Scotland,1997,0.565,lab,593,1997-2001,actual,0.12,0.072,0.565,0.209,
East Lothian,Scotland,1997,0.527,lab,594,1997-2001,actual,0.199,0.105,0.527,0.157,
East Surrey,South East,1997,0.501,con,99,1997-2001,actual,0.501,0.225,0.212,,
East Worthing & Shoreham,South East,1997,0.405,con,114,1997-2001,actual,0.405,0.306,0.239,,
East Yorkshire,Yorkshire and the Humber,1997,0.427,con,371,1997-2001,actual,0.427,0.185,0.359,,
Eastbourne,South East,1997,0.421,con,25,1997-2001,actual,0.421,0.383,0.125,,
Eastleigh,South East,1997,0.351,lib,50,1997-2001,actual,0.337,0.351,0.268,,
Eastwood,Scotland,1997,0.397,lab,595,1997-2001,actual,0.335,0.117,0.397,0.131,
Eccles,North West,1997,0.667,lab,444,1997-2001,actual,0.187,0.107,0.667,,
Eddisbury,North West,1997,0.425,con,427,1997-2001,actual,0.425,0.132,0.401,,
Edinburgh Central,Scotland,1997,0.471,lab,596,1997-2001,actual,0.212,0.131,0.471,0.158,
Edinburgh East & Musselburgh,Scotland,1997,0.536,lab,597,1997-2001,actual,0.154,0.107,0.536,0.191,
Edinburgh North & Leith,Scotland,1997,0.469,lab,598,1997-2001,actual,0.179,0.13,0.469,0.201,
Edinburgh Pentlands,Scotland,1997,0.43,lab,599,1997-2001,actual,0.324,0.1,0.43,0.13,
Edinburgh South,Scotland,1997,0.468,lab,600,1997-2001,actual,0.213,0.176,0.468,0.129,
Edinburgh West,Scotland,1997,0.432,lib,601,1997-2001,actual,0.28,0.432,0.188,0.088,
Edmonton,London,1997,0.603,lab,164,1997-2001,actual,0.302,0.063,0.603,,
Ellesmere Port & Neston,North West,1997,0.596,lab,428,1997-2001,actual,0.291,0.089,0.596,,
Elmet,Yorkshire and the Humber,1997,0.524,lab,408,1997-2001,actual,0.362,0.087,0.524,,
Eltham,London,1997,0.546,lab,165,1997-2001,actual,0.312,0.085,0.546,,
Enfield North,London,1997,0.507,lab,166,1997-2001,actual,0.363,0.089,0.507,,
Enfield Southgate,London,1997,0.442,lab,167,1997-2001,actual,0.411,0.107,0.442,,
Epping Forest,Eastern,1997,0.455,con,36,1997-2001,actual,0.455,0.133,0.356,,
Epsom & Ewell,South East,1997,0.456,con,100,1997-2001,actual,0.456,0.228,0.243,,
Erewash,East Midlands,1997,0.517,lab,329,1997-2001,actual,0.366,0.086,0.517,,
Erith & Thamesmead,London,1997,0.621,lab,168,1997-2001,actual,0.202,0.12,0.621,,
Esher & Walton,South East,1997,0.498,con,101,1997-2001,actual,0.498,0.204,0.228,,
Exeter,South West,1997,0.475,lab,230,1997-2001,actual,0.286,0.18,0.475,,
Falkirk East,Scotland,1997,0.561,lab,602,1997-2001,actual,0.14,0.052,0.561,0.239,
Falkirk West,Scotland,1997,0.593,lab,603,1997-2001,actual,0.121,0.051,0.593,0.234,
Falmouth & Camborne,South West,1997,0.338,lab,224,1997-2001,actual,0.288,0.252,0.338,,
Fareham,South East,1997,0.468,con,51,1997-2001,actual,0.468,0.196,0.27,,
Faversham & Mid Kent,South East,1997,0.444,con,81,1997-2001,actual,0.444,0.124,0.36,,
Feltham & Heston,London,1997,0.597,lab,169,1997-2001,actual,0.269,0.091,0.597,,
Finchley & Golders Green,London,1997,0.461,lab,170,1997-2001,actual,0.397,0.113,0.461,,
Folkestone & Hythe,South East,1997,0.39,con,82,1997-2001,actual,0.39,0.269,0.249,,
Forest Of Dean,South West,1997,0.482,lab,250,1997-2001,actual,0.356,0.123,0.482,,
Fylde,North West,1997,0.489,con,468,1997-2001,actual,0.489,0.146,0.317,,
Gainsborough,East Midlands,1997,0.431,con,345,1997-2001,actual,0.431,0.281,0.288,,
Galloway & Upper Nithsdale,Scotland,1997,0.439,natSW,604,1997-2001,actual,0.305,0.064,0.163,0.439,
Gateshead East & Washington West,North East,1997,0.721,lab,518,1997-2001,actual,0.142,0.107,0.721,,
Gedling,East Midlands,1997,0.468,lab,360,1997-2001,actual,0.395,0.099,0.468,,
Gillingham,South East,1997,0.398,lab,83,1997-2001,actual,0.359,0.19,0.398,,
Glasgow Anniesland,Scotland,1997,0.618,lab,605,1997-2001,actual,0.115,0.072,0.618,0.171,
Glasgow Baillieston,Scotland,1997,0.657,lab,606,1997-2001,actual,0.077,0.038,0.657,0.191,
Glasgow Cathcart,Scotland,1997,0.574,lab,607,1997-2001,actual,0.127,0.069,0.574,0.185,
Glasgow Govan,Scotland,1997,0.441,lab,608,1997-2001,actual,0.088,0.059,0.441,0.351,
Glasgow Kelvin,Scotland,1997,0.51,lab,609,1997-2001,actual,0.108,0.142,0.51,0.214,
Glasgow Maryhill,Scotland,1997,0.649,lab,610,1997-2001,actual,0.059,0.071,0.649,0.169,
Glasgow Pollok,Scotland,1997,0.599,lab,611,1997-2001,actual,0.06,0.035,0.599,0.179,
Glasgow Rutherglen,Scotland,1997,0.575,lab,612,1997-2001,actual,0.093,0.145,0.575,0.153,
Glasgow Shettleston,Scotland,1997,0.732,lab,613,1997-2001,actual,0.055,0.04,0.732,0.14,
Glasgow Springburn,Scotland,1997,0.714,lab,614,1997-2001,actual,0.06,0.043,0.714,0.165,
Gloucester,South West,1997,0.5,lab,251,1997-2001,actual,0.357,0.105,0.5,,
Gordon,Scotland,1997,0.426,lib,615,1997-2001,actual,0.26,0.426,0.103,0.2,
Gosport,South East,1997,0.436,con,52,1997-2001,actual,0.436,0.196,0.307,,
Gower,Wales,1997,0.538,lab,566,1997-2001,actual,0.238,0.13,0.538,0.051,
Grantham & Stamford,East Midlands,1997,0.428,con,346,1997-2001,actual,0.428,0.125,0.377,,
Gravesham,South East,1997,0.497,lab,84,1997-2001,actual,0.388,0.078,0.497,,
Great Grimsby,Yorkshire and the Humber,1997,0.598,lab,372,1997-2001,actual,0.221,0.181,0.598,,
Great Yarmouth,Eastern,1997,0.534,lab,125,1997-2001,actual,0.356,0.11,0.534,,
Greenock & Inverclyde,Scotland,1997,0.562,lab,616,1997-2001,actual,0.115,0.138,0.562,0.186,
Greenwich & Woolwich,London,1997,0.634,lab,171,1997-2001,actual,0.186,0.125,0.634,,
Guildford,South East,1997,0.425,con,102,1997-2001,actual,0.425,0.341,0.175,,
Hackney North & Stoke Newington,London,1997,0.652,lab,172,1997-2001,actual,0.169,0.102,0.652,,
Hackney South & Shoreditch,London,1997,0.594,lab,173,1997-2001,actual,0.133,0.15,0.594,,
Halesowen & Rowley Regis,West Midlands,1997,0.541,lab,311,1997-2001,actual,0.329,0.085,0.541,,
Halifax,Yorkshire and the Humber,1997,0.543,lab,409,1997-2001,actual,0.321,0.12,0.543,,
Haltemprice & Howden,Yorkshire and the Humber,1997,0.44,con,373,1997-2001,actual,0.44,0.288,0.236,,
Halton,North West,1997,0.709,lab,429,1997-2001,actual,0.177,0.073,0.709,,
Hamilton North & Bellshill,Scotland,1997,0.64,lab,617,1997-2001,actual,0.104,0.051,0.64,0.191,
Hamilton South,Scotland,1997,0.656,lab,618,1997-2001,actual,0.086,0.051,0.656,0.176,
Hammersmith & Fulham,London,1997,0.468,lab,174,1997-2001,actual,0.396,0.088,0.468,,
Hampstead & Highgate,London,1997,0.574,lab,175,1997-2001,actual,0.272,0.124,0.574,,
Harborough,East Midlands,1997,0.418,con,337,1997-2001,actual,0.418,0.295,0.252,,
Harlow,Eastern,1997,0.541,lab,37,1997-2001,actual,0.321,0.095,0.541,,
Harrogate & Knaresborough,Yorkshire and the Humber,1997,0.515,lib,378,1997-2001,actual,0.385,0.515,0.087,,
Harrow East,London,1997,0.525,lab,176,1997-2001,actual,0.354,0.082,0.525,,
Harrow West,London,1997,0.415,lab,177,1997-2001,actual,0.392,0.155,0.415,,
Hartlepool,North East,1997,0.607,lab,500,1997-2001,actual,0.213,0.141,0.607,,
Harwich,Eastern,1997,0.388,lab,38,1997-2001,actual,0.365,0.131,0.388,,
Hastings & Rye,South East,1997,0.344,lab,26,1997-2001,actual,0.292,0.28,0.344,,
Havant,South East,1997,0.397,con,53,1997-2001,actual,0.397,0.224,0.32,,
Hayes & Harlington,London,1997,0.62,lab,178,1997-2001,actual,0.272,0.074,0.62,,
Hazel Grove,North West,1997,0.545,lib,445,1997-2001,actual,0.305,0.545,0.119,,
Hemel Hempstead,Eastern,1997,0.457,lab,65,1997-2001,actual,0.391,0.123,0.457,,
Hemsworth,Yorkshire and the Humber,1997,0.706,lab,410,1997-2001,actual,0.178,0.089,0.706,,
Hendon,London,1997,0.493,lab,179,1997-2001,actual,0.37,0.108,0.493,,
Henley,South East,1997,0.464,con,94,1997-2001,actual,0.464,0.247,0.227,,
Hereford ,West Midlands,1997,0.479,lib,266,1997-2001,actual,0.353,0.479,0.126,,
Hertford & Stortford,Eastern,1997,0.44,con,66,1997-2001,actual,0.44,0.177,0.314,,
Hertsmere,Eastern,1997,0.443,con,67,1997-2001,actual,0.443,0.128,0.382,,
Hexham,North East,1997,0.388,con,515,1997-2001,actual,0.388,0.174,0.383,,
Heywood & Middleton,North West,1997,0.577,lab,446,1997-2001,actual,0.23,0.156,0.577,,
High Peak,East Midlands,1997,0.508,lab,330,1997-2001,actual,0.355,0.112,0.508,,
Hitchin & Harpenden,Eastern,1997,0.459,con,68,1997-2001,actual,0.459,0.201,0.331,,
Holborn & St Pancras,London,1997,0.65,lab,180,1997-2001,actual,0.179,0.125,0.65,,
Hornchurch,London,1997,0.502,lab,181,1997-2001,actual,0.373,0.078,0.502,,
Hornsey & Wood Green,London,1997,0.617,lab,182,1997-2001,actual,0.219,0.113,0.617,,
Horsham,South East,1997,0.508,con,115,1997-2001,actual,0.508,0.248,0.187,,
Houghton & Washington East,North East,1997,0.764,lab,519,1997-2001,actual,0.129,0.077,0.764,,
Hove,South East,1997,0.446,lab,27,1997-2001,actual,0.364,0.097,0.446,,
Huddersfield,Yorkshire and the Humber,1997,0.565,lab,411,1997-2001,actual,0.209,0.172,0.565,,
Huntingdon,Eastern,1997,0.553,con,119,1997-2001,actual,0.553,0.147,0.235,,
Hyndburn,North West,1997,0.556,lab,469,1997-2001,actual,0.319,0.086,0.556,,
Ilford North,London,1997,0.474,lab,183,1997-2001,actual,0.408,0.103,0.474,,
Ilford South ,London,1997,0.585,lab,184,1997-2001,actual,0.301,0.063,0.585,,
Inverness East Nairn & Lochaber,Scotland,1997,0.339,lab,619,1997-2001,actual,0.175,0.175,0.339,0.29,
Ipswich,Eastern,1997,0.527,lab,135,1997-2001,actual,0.311,0.122,0.527,,
Isle Of Wight,South East,1997,0.427,lib,75,1997-2001,actual,0.34,0.427,0.132,,
Islington North,London,1997,0.693,lab,185,1997-2001,actual,0.129,0.136,0.693,,
Islington South & Finsbury,London,1997,0.625,lab,186,1997-2001,actual,0.13,0.213,0.625,,
Islwyn,Wales,1997,0.742,lab,542,1997-2001,actual,0.079,0.084,0.742,0.062,
Jarrow,North East,1997,0.649,lab,520,1997-2001,actual,0.149,0.111,0.649,,
Keighley,Yorkshire and the Humber,1997,0.506,lab,412,1997-2001,actual,0.367,0.098,0.506,,
Kensington & Chelsea,London,1997,0.536,con,187,1997-2001,actual,0.536,0.153,0.28,,
Kettering,East Midlands,1997,0.433,lab,353,1997-2001,actual,0.429,0.107,0.433,,
Kilmarnock & Loudoun,Scotland,1997,0.498,lab,620,1997-2001,actual,0.108,0.04,0.498,0.345,
Kingston & Surbiton,London,1997,0.367,lib,188,1997-2001,actual,0.366,0.367,0.23,,
Kingston Upon Hull East,Yorkshire and the Humber,1997,0.713,lab,374,1997-2001,actual,0.137,0.098,0.713,,
Kingston Upon Hull North,Yorkshire and the Humber,1997,0.658,lab,375,1997-2001,actual,0.15,0.146,0.658,,
Kingston Upon Hull West & Hessle,Yorkshire and the Humber,1997,0.587,lab,376,1997-2001,actual,0.181,0.182,0.587,,
Kingswood,South West,1997,0.537,lab,219,1997-2001,actual,0.299,0.128,0.537,,
Kirkcaldy,Scotland,1997,0.536,lab,621,1997-2001,actual,0.137,0.087,0.536,0.229,
Knowsley North & Sefton East,North West,1997,0.699,lab,481,1997-2001,actual,0.173,0.111,0.699,,
Knowsley South,North West,1997,0.771,lab,482,1997-2001,actual,0.126,0.083,0.771,,
Lancaster & Wyre,North West,1997,0.428,lab,470,1997-2001,actual,0.406,0.116,0.428,,
Leeds Central,Yorkshire and the Humber,1997,0.696,lab,413,1997-2001,actual,0.137,0.113,0.696,,
Leeds East,Yorkshire and the Humber,1997,0.675,lab,414,1997-2001,actual,0.187,0.103,0.675,,
Leeds North East,Yorkshire and the Humber,1997,0.492,lab,415,1997-2001,actual,0.339,0.139,0.492,,
Leeds North West,Yorkshire and the Humber,1997,0.399,lab,416,1997-2001,actual,0.321,0.237,0.399,,
Leeds West,Yorkshire and the Humber,1997,0.667,lab,417,1997-2001,actual,0.175,0.09,0.667,,
Leicester East,East Midlands,1997,0.655,lab,338,1997-2001,actual,0.24,0.07,0.655,,
Leicester South,East Midlands,1997,0.58,lab,339,1997-2001,actual,0.237,0.138,0.58,,
Leicester West,East Midlands,1997,0.552,lab,340,1997-2001,actual,0.237,0.142,0.552,,
Leigh,North West,1997,0.689,lab,447,1997-2001,actual,0.156,0.112,0.689,,
Leominster ,West Midlands,1997,0.453,con,267,1997-2001,actual,0.453,0.278,0.175,,
Lewes,South East,1997,0.432,lib,28,1997-2001,actual,0.406,0.432,0.106,,
Lewisham Deptford,London,1997,0.708,lab,189,1997-2001,actual,0.147,0.089,0.708,,
Lewisham East,London,1997,0.583,lab,190,1997-2001,actual,0.259,0.112,0.583,,
Lewisham West,London,1997,0.62,lab,191,1997-2001,actual,0.238,0.098,0.62,,
Leyton & Wanstead,London,1997,0.608,lab,192,1997-2001,actual,0.222,0.151,0.608,,
Lichfield,West Midlands,1997,0.429,con,280,1997-2001,actual,0.429,0.113,0.424,,
Lincoln,East Midlands,1997,0.549,lab,347,1997-2001,actual,0.31,0.108,0.549,,
Linlithgow,Scotland,1997,0.541,lab,622,1997-2001,actual,0.125,0.059,0.541,0.268,
Liverpool Garston,North West,1997,0.613,lab,483,1997-2001,actual,0.157,0.19,0.613,,
Liverpool Riverside,North West,1997,0.704,lab,484,1997-2001,actual,0.095,0.133,0.704,,
Liverpool Walton,North West,1997,0.784,lab,485,1997-2001,actual,0.063,0.111,0.784,,
Liverpool Wavertree,North West,1997,0.644,lab,486,1997-2001,actual,0.108,0.215,0.644,,
Liverpool West Derby,North West,1997,0.712,lab,487,1997-2001,actual,0.087,0.09,0.712,,
Livingston,Scotland,1997,0.549,lab,623,1997-2001,actual,0.094,0.067,0.549,0.275,
Llanelli,Wales,1997,0.579,lab,539,1997-2001,actual,0.121,0.092,0.579,0.19,
Loughborough,East Midlands,1997,0.486,lab,341,1997-2001,actual,0.377,0.118,0.486,,
Louth & Horncastle,East Midlands,1997,0.434,con,348,1997-2001,actual,0.434,0.244,0.296,,
Ludlow,West Midlands,1997,0.424,con,273,1997-2001,actual,0.424,0.297,0.254,,
Luton North,Eastern,1997,0.546,lab,2,1997-2001,actual,0.343,0.091,0.546,,
Luton South,Eastern,1997,0.548,lab,3,1997-2001,actual,0.314,0.096,0.548,,
Macclesfield,North West,1997,0.496,con,430,1997-2001,actual,0.496,0.167,0.336,,
Maidenhead,South East,1997,0.498,con,8,1997-2001,actual,0.498,0.263,0.181,,
Maidstone & The Weald,South East,1997,0.441,con,85,1997-2001,actual,0.441,0.224,0.262,,
Makerfield,North West,1997,0.736,lab,448,1997-2001,actual,0.154,0.083,0.736,,
Maldon & East Chelmsford,Eastern,1997,0.487,con,39,1997-2001,actual,0.487,0.194,0.287,,
Manchester Blackley,North West,1997,0.7,lab,449,1997-2001,actual,0.153,0.11,0.7,,
Manchester Central,North West,1997,0.71,lab,450,1997-2001,actual,0.118,0.123,0.71,,
Manchester Gorton,North West,1997,0.653,lab,451,1997-2001,actual,0.117,0.175,0.653,,
Manchester Withington,North West,1997,0.616,lab,452,1997-2001,actual,0.194,0.136,0.616,,
Mansfield,East Midlands,1997,0.644,lab,361,1997-2001,actual,0.212,0.111,0.644,,
Medway,South East,1997,0.489,lab,86,1997-2001,actual,0.369,0.102,0.489,,
Meirionnydd Nant Conwy,Wales,1997,0.507,natSW,549,1997-2001,actual,0.16,0.07,0.23,0.507,
Meriden,West Midlands,1997,0.42,con,312,1997-2001,actual,0.42,0.13,0.41,,
Merthyr Tydfil & Rhymney,Wales,1997,0.767,lab,554,1997-2001,actual,0.064,0.075,0.767,0.06,
Mid Bedfordshire,Eastern,1997,0.46,con,4,1997-2001,actual,0.46,0.168,0.325,,
Mid Dorset & North Poole,South West,1997,0.407,con,243,1997-2001,actual,0.407,0.393,0.158,,
Mid Norfolk,Eastern,1997,0.396,con,126,1997-2001,actual,0.396,0.15,0.373,,
Mid Sussex,South East,1997,0.435,con,116,1997-2001,actual,0.435,0.306,0.186,,
Mid Worcestershire,West Midlands,1997,0.474,con,268,1997-2001,actual,0.474,0.186,0.289,,
Middlesbrough,North East,1997,0.714,lab,501,1997-2001,actual,0.172,0.085,0.714,,
Middlesbrough South & East Cleveland,North East,1997,0.547,lab,502,1997-2001,actual,0.349,0.075,0.547,,
Midlothian,Scotland,1997,0.535,lab,624,1997-2001,actual,0.109,0.092,0.535,0.255,
Milton Keynes South West,South East,1997,0.538,lab,19,1997-2001,actual,0.335,0.119,0.538,,
Mitcham & Morden,London,1997,0.584,lab,193,1997-2001,actual,0.297,0.076,0.584,,
Mole Valley,South East,1997,0.48,con,103,1997-2001,actual,0.48,0.293,0.148,,
Monmouth,Wales,1997,0.477,lab,543,1997-2001,actual,0.392,0.096,0.477,0.011,
Montgomeryshire,Wales,1997,0.459,lib,559,1997-2001,actual,0.261,0.459,0.191,0.05,
Moray,Scotland,1997,0.416,natSW,625,1997-2001,actual,0.276,0.089,0.198,0.416,
Morecambe And Lunesdale,North West,1997,0.489,lab,471,1997-2001,actual,0.367,0.114,0.489,,
Morley & Rothwell,Yorkshire and the Humber,1997,0.585,lab,418,1997-2001,actual,0.263,0.111,0.585,,
Motherwell & Wishaw,Scotland,1997,0.574,lab,626,1997-2001,actual,0.11,0.064,0.574,0.225,
Neath,Wales,1997,0.735,lab,567,1997-2001,actual,0.087,0.063,0.735,0.081,
New Forest East,South East,1997,0.429,con,54,1997-2001,actual,0.429,0.323,0.248,,
New Forest West,South East,1997,0.506,con,55,1997-2001,actual,0.506,0.278,0.143,,
Newark,East Midlands,1997,0.452,lab,362,1997-2001,actual,0.394,0.115,0.452,,
Newbury,South East,1997,0.529,lib,9,1997-2001,actual,0.378,0.529,0.055,,
Newcastle Upon Tyne Central,North East,1997,0.592,lab,521,1997-2001,actual,0.234,0.15,0.592,,
Newcastle Upon Tyne East & Wallsend,North East,1997,0.712,lab,523,1997-2001,actual,0.139,0.106,0.712,,
Newcastle Upon Tyne North,North East,1997,0.622,lab,522,1997-2001,actual,0.194,0.145,0.622,,
Newcastle-Under-Lyme,West Midlands,1997,0.565,lab,281,1997-2001,actual,0.214,0.14,0.565,,
Newport East,Wales,1997,0.577,lab,544,1997-2001,actual,0.214,0.104,0.577,0.019,
Newport West,Wales,1997,0.605,lab,545,1997-2001,actual,0.244,0.097,0.605,0.016,
Normanton,Yorkshire and the Humber,1997,0.606,lab,419,1997-2001,actual,0.236,0.124,0.606,,
North Cornwall,South West,1997,0.532,lib,225,1997-2001,actual,0.295,0.532,0.094,,
North Devon,South West,1997,0.508,lib,231,1997-2001,actual,0.395,0.508,0.098,,
North Dorset,South West,1997,0.443,con,244,1997-2001,actual,0.443,0.391,0.102,,
North Durham,North East,1997,0.703,lab,510,1997-2001,actual,0.145,0.111,0.703,,
North East Bedfordshire,Eastern,1997,0.443,con,5,1997-2001,actual,0.443,0.142,0.326,,
North East Cambridgeshire,Eastern,1997,0.43,con,120,1997-2001,actual,0.43,0.164,0.338,,
North East Derbyshire,East Midlands,1997,0.605,lab,331,1997-2001,actual,0.252,0.143,0.605,,
North East Fife,Scotland,1997,0.512,lib,627,1997-2001,actual,0.265,0.512,0.103,0.109,
North East Hampshire,South East,1997,0.509,con,56,1997-2001,actual,0.509,0.227,0.16,,
North East Hertfordshire,Eastern,1997,0.418,con,69,1997-2001,actual,0.418,0.183,0.358,,
North East Milton Keynes,South East,1997,0.394,lab,20,1997-2001,actual,0.39,0.174,0.394,,
North Essex,Eastern,1997,0.439,con,40,1997-2001,actual,0.439,0.196,0.332,,
North Norfolk,Eastern,1997,0.365,con,127,1997-2001,actual,0.365,0.343,0.251,,
North Shropshire,West Midlands,1997,0.402,con,274,1997-2001,actual,0.402,0.204,0.36,,
North Southwark & Bermondsey,London,1997,0.486,lib,194,1997-2001,actual,0.069,0.486,0.403,,
North Swindon,South West,1997,0.498,lab,260,1997-2001,actual,0.339,0.129,0.498,,
North Tayside,Scotland,1997,0.448,natSW,628,1997-2001,actual,0.357,0.082,0.113,0.448,
North Thanet,South East,1997,0.441,con,87,1997-2001,actual,0.441,0.114,0.384,,
North Tyneside,North East,1997,0.727,lab,524,1997-2001,actual,0.137,0.106,0.727,,
North Warwickshire,West Midlands,1997,0.584,lab,290,1997-2001,actual,0.312,0.074,0.584,,
North West Cambridgeshire,Eastern,1997,0.481,con,121,1997-2001,actual,0.481,0.151,0.322,,
North West Durham,North East,1997,0.688,lab,511,1997-2001,actual,0.153,0.108,0.688,,
North West Hampshire ,South East,1997,0.452,con,57,1997-2001,actual,0.452,0.241,0.236,,
North West Leicestershire,East Midlands,1997,0.564,lab,342,1997-2001,actual,0.31,0.086,0.564,,
North West Norfolk,Eastern,1997,0.438,lab,128,1997-2001,actual,0.415,0.096,0.438,,
North Wiltshire,South West,1997,0.438,con,261,1997-2001,actual,0.438,0.378,0.142,,
Northampton North,East Midlands,1997,0.527,lab,354,1997-2001,actual,0.334,0.127,0.527,,
Northampton South,East Midlands,1997,0.424,lab,355,1997-2001,actual,0.411,0.111,0.424,,
Northavon,South West,1997,0.424,lib,220,1997-2001,actual,0.39,0.424,0.156,,
Norwich North,Eastern,1997,0.497,lab,129,1997-2001,actual,0.325,0.126,0.497,,
Norwich South,Eastern,1997,0.517,lab,130,1997-2001,actual,0.237,0.186,0.517,,
Nottingham East,East Midlands,1997,0.623,lab,363,1997-2001,actual,0.235,0.101,0.623,,
Nottingham North,East Midlands,1997,0.657,lab,364,1997-2001,actual,0.203,0.08,0.657,,
Nottingham South,East Midlands,1997,0.553,lab,365,1997-2001,actual,0.277,0.129,0.553,,
Nuneaton,West Midlands,1997,0.562,lab,291,1997-2001,actual,0.309,0.088,0.562,,
Ochil,Scotland,1997,0.45,lab,629,1997-2001,actual,0.146,0.052,0.45,0.344,
Ogmore,Wales,1997,0.74,lab,555,1997-2001,actual,0.098,0.092,0.74,0.07,
Old Bexley & Sidcup,London,1997,0.42,con,195,1997-2001,actual,0.42,0.161,0.351,,
Oldham East & Saddleworth,North West,1997,0.417,lab,453,1997-2001,actual,0.197,0.354,0.417,,
Oldham West & Royton,North West,1997,0.588,lab,454,1997-2001,actual,0.234,0.119,0.588,,
Orkney And Shetland,Scotland,1997,0.52,lib,630,1997-2001,actual,0.122,0.52,0.183,0.127,
Orpington,London,1997,0.406,con,196,1997-2001,actual,0.406,0.357,0.179,,
Oxford East,South East,1997,0.568,lab,95,1997-2001,actual,0.22,0.147,0.568,,
Oxford West & Abingdon,South East,1997,0.429,lib,96,1997-2001,actual,0.327,0.429,0.202,,
Paisley North,Scotland,1997,0.595,lab,631,1997-2001,actual,0.096,0.069,0.595,0.219,
Paisley South,Scotland,1997,0.575,lab,632,1997-2001,actual,0.087,0.094,0.575,0.234,
Pendle,North West,1997,0.533,lab,472,1997-2001,actual,0.303,0.116,0.533,,
Penrith & The Border,North West,1997,0.476,con,497,1997-2001,actual,0.476,0.267,0.216,,
Perth,Scotland,1997,0.364,natSW,633,1997-2001,actual,0.293,0.08,0.248,0.364,
Peterborough,Eastern,1997,0.503,lab,122,1997-2001,actual,0.352,0.107,0.503,,
Plymouth Devonport,South West,1997,0.609,lab,232,1997-2001,actual,0.242,0.107,0.609,,
Plymouth Sutton,South West,1997,0.501,lab,233,1997-2001,actual,0.303,0.139,0.501,,
Pontefract & Castleford,Yorkshire and the Humber,1997,0.757,lab,420,1997-2001,actual,0.136,0.073,0.757,,
Pontypridd,Wales,1997,0.639,lab,556,1997-2001,actual,0.129,0.134,0.639,0.065,
Poole,South West,1997,0.421,con,245,1997-2001,actual,0.421,0.308,0.216,,
Poplar & Canning Town,London,1997,0.632,lab,197,1997-2001,actual,0.15,0.104,0.632,,
Portsmouth North,South East,1997,0.471,lab,58,1997-2001,actual,0.376,0.106,0.471,,
Portsmouth South,South East,1997,0.395,lib,59,1997-2001,actual,0.311,0.395,0.253,,
Preseli Pembrokeshire,Wales,1997,0.483,lab,540,1997-2001,actual,0.277,0.13,0.483,0.063,
Preston,North West,1997,0.608,lab,473,1997-2001,actual,0.219,0.147,0.608,,
Pudsey,Yorkshire and the Humber,1997,0.481,lab,421,1997-2001,actual,0.363,0.14,0.481,,
Putney,London,1997,0.457,lab,198,1997-2001,actual,0.389,0.108,0.457,,
Rayleigh,Eastern,1997,0.497,con,41,1997-2001,actual,0.497,0.198,0.289,,
Reading East,South East,1997,0.427,lab,10,1997-2001,actual,0.352,0.185,0.427,,
Reading West,South East,1997,0.451,lab,11,1997-2001,actual,0.389,0.127,0.451,,
Redcar,North East,1997,0.673,lab,503,1997-2001,actual,0.231,0.096,0.673,,
Redditch,West Midlands,1997,0.498,lab,269,1997-2001,actual,0.361,0.11,0.498,,
Regent'S Park & Kensington North,London,1997,0.599,lab,199,1997-2001,actual,0.29,0.085,0.599,,
Reigate,South East,1997,0.438,con,104,1997-2001,actual,0.438,0.2,0.278,,
Rhondda,Wales,1997,0.745,lab,557,1997-2001,actual,0.038,0.057,0.745,0.134,
Ribble Valley,North West,1997,0.467,con,474,1997-2001,actual,0.467,0.351,0.158,,
Richmond,Yorkshire and the Humber,1997,0.489,con,379,1997-2001,actual,0.489,0.184,0.278,,
Richmond Park,London,1997,0.447,lib,200,1997-2001,actual,0.395,0.447,0.126,,
Rochdale,North West,1997,0.494,lab,455,1997-2001,actual,0.088,0.4,0.494,,
Rochford & Southend East,Eastern,1997,0.487,con,42,1997-2001,actual,0.487,0.094,0.397,,
Romford,London,1997,0.432,lab,201,1997-2001,actual,0.416,0.079,0.432,,
Romsey,South East,1997,0.46,con,60,1997-2001,actual,0.46,0.294,0.186,,
Ross Skye & Inverness West,Scotland,1997,0.387,lib,634,1997-2001,actual,0.109,0.387,0.287,0.196,
Rossendale & Darwen,North West,1997,0.536,lab,475,1997-2001,actual,0.323,0.106,0.536,,
Rother Valley,Yorkshire and the Humber,1997,0.676,lab,392,1997-2001,actual,0.167,0.116,0.676,,
Rotherham,Yorkshire and the Humber,1997,0.713,lab,393,1997-2001,actual,0.143,0.104,0.713,,
Roxburgh & Berwickshire,Scotland,1997,0.465,lib,635,1997-2001,actual,0.239,0.465,0.15,0.113,
Rugby & Kenilworth,West Midlands,1997,0.431,lab,292,1997-2001,actual,0.423,0.143,0.431,,
Ruislip Northwood,London,1997,0.502,con,202,1997-2001,actual,0.502,0.162,0.329,,
Runnymede & Weybridge,South East,1997,0.486,con,105,1997-2001,actual,0.486,0.163,0.294,,
Rushcliffe,East Midlands,1997,0.444,con,366,1997-2001,actual,0.444,0.143,0.362,,
Rutland & Melton,East Midlands,1997,0.458,con,343,1997-2001,actual,0.458,0.192,0.29,,
Ryedale,Yorkshire and the Humber,1997,0.438,con,380,1997-2001,actual,0.438,0.334,0.18,,
Saffron Walden,Eastern,1997,0.453,con,43,1997-2001,actual,0.453,0.268,0.215,,
Salford,North West,1997,0.69,lab,456,1997-2001,actual,0.174,0.103,0.69,,
Salisbury,South West,1997,0.429,con,262,1997-2001,actual,0.429,0.322,0.176,,
Scarborough And Whitby,Yorkshire and the Humber,1997,0.456,lab,381,1997-2001,actual,0.362,0.141,0.456,,
Scunthorpe,Yorkshire and the Humber,1997,0.604,lab,377,1997-2001,actual,0.263,0.084,0.604,,
Sedgefield,North East,1997,0.712,lab,512,1997-2001,actual,0.178,0.065,0.712,,
Selby,Yorkshire and the Humber,1997,0.459,lab,382,1997-2001,actual,0.391,0.12,0.459,,
Sevenoaks,South East,1997,0.454,con,88,1997-2001,actual,0.454,0.241,0.246,,
Sheffield Attercliffe,Yorkshire and the Humber,1997,0.653,lab,394,1997-2001,actual,0.161,0.157,0.653,,
Sheffield Brightside,Yorkshire and the Humber,1997,0.735,lab,395,1997-2001,actual,0.084,0.146,0.735,,
Sheffield Central,Yorkshire and the Humber,1997,0.636,lab,396,1997-2001,actual,0.119,0.172,0.636,,
Sheffield Hallam,Yorkshire and the Humber,1997,0.513,lib,397,1997-2001,actual,0.331,0.513,0.135,,
Sheffield Heeley,Yorkshire and the Humber,1997,0.607,lab,398,1997-2001,actual,0.156,0.213,0.607,,
Sheffield Hillsborough,Yorkshire and the Humber,1997,0.569,lab,399,1997-2001,actual,0.145,0.258,0.569,,
Sherwood,East Midlands,1997,0.585,lab,367,1997-2001,actual,0.288,0.086,0.585,,
Shipley,Yorkshire and the Humber,1997,0.434,lab,422,1997-2001,actual,0.378,0.151,0.434,,
Shrewsbury & Atcham,West Midlands,1997,0.37,lab,275,1997-2001,actual,0.34,0.25,0.37,,
Sittingbourne & Sheppey,South East,1997,0.406,lab,89,1997-2001,actual,0.364,0.183,0.406,,
Skipton & Ripon,Yorkshire and the Humber,1997,0.465,con,383,1997-2001,actual,0.465,0.252,0.224,,
Sleaford & North Hykeham,East Midlands,1997,0.439,con,349,1997-2001,actual,0.439,0.152,0.343,,
Slough,South East,1997,0.566,lab,12,1997-2001,actual,0.292,0.074,0.566,,
Solihull,West Midlands,1997,0.446,con,313,1997-2001,actual,0.446,0.253,0.243,,
Somerton & Frome ,South West,1997,0.395,lib,255,1997-2001,actual,0.393,0.395,0.163,,
South Cambridgeshire,Eastern,1997,0.42,con,123,1997-2001,actual,0.42,0.258,0.251,,
South Derbyshire,East Midlands,1997,0.545,lab,332,1997-2001,actual,0.313,0.09,0.545,,
South Dorset,South West,1997,0.361,con,246,1997-2001,actual,0.361,0.202,0.359,,
South East Cambridgeshire,Eastern,1997,0.429,con,124,1997-2001,actual,0.429,0.251,0.265,,
South East Cornwall,South West,1997,0.471,lib,226,1997-2001,actual,0.358,0.471,0.128,,
South Holland & The Deepings,East Midlands,1997,0.493,con,350,1997-2001,actual,0.493,0.156,0.333,,
South Norfolk,Eastern,1997,0.402,con,131,1997-2001,actual,0.402,0.283,0.261,,
South Ribble,North West,1997,0.468,lab,476,1997-2001,actual,0.376,0.106,0.468,,
South Shields,North East,1997,0.714,lab,525,1997-2001,actual,0.146,0.088,0.714,,
South Staffordshire,West Midlands,1997,0.5,con,282,1997-2001,actual,0.5,0.113,0.347,,
South Suffolk,Eastern,1997,0.373,con,136,1997-2001,actual,0.373,0.277,0.293,,
South Swindon,South West,1997,0.468,lab,263,1997-2001,actual,0.358,0.144,0.468,,
South Thanet,South East,1997,0.462,lab,90,1997-2001,actual,0.398,0.117,0.462,,
South West Bedfordshire,Eastern,1997,0.407,con,6,1997-2001,actual,0.407,0.143,0.405,,
South West Devon,South West,1997,0.429,con,234,1997-2001,actual,0.429,0.238,0.289,,
South West Hertfordshire,Eastern,1997,0.46,con,70,1997-2001,actual,0.46,0.223,0.279,,
South West Norfolk,Eastern,1997,0.42,con,132,1997-2001,actual,0.42,0.139,0.378,,
South West Surrey,South East,1997,0.446,con,106,1997-2001,actual,0.446,0.398,0.094,,
Southampton Itchen,South East,1997,0.548,lab,61,1997-2001,actual,0.284,0.117,0.548,,
Southampton Test,South East,1997,0.541,lab,62,1997-2001,actual,0.281,0.137,0.541,,
Southend West,Eastern,1997,0.388,con,44,1997-2001,actual,0.388,0.331,0.228,,
Southport,North West,1997,0.481,lib,488,1997-2001,actual,0.359,0.481,0.121,,
Spelthorne,South East,1997,0.449,con,107,1997-2001,actual,0.449,0.131,0.382,,
St Albans,Eastern,1997,0.42,lab,71,1997-2001,actual,0.332,0.21,0.42,,
St Helens North,North West,1997,0.649,lab,489,1997-2001,actual,0.173,0.127,0.649,,
St Helens South,North West,1997,0.686,lab,490,1997-2001,actual,0.15,0.134,0.686,,
St Ives,South West,1997,0.445,lib,227,1997-2001,actual,0.312,0.445,0.152,,
Stafford,West Midlands,1997,0.475,lab,283,1997-2001,actual,0.392,0.106,0.475,,
Staffordshire Moorlands,West Midlands,1997,0.522,lab,284,1997-2001,actual,0.325,0.121,0.522,,
Stalybridge And Hyde,North West,1997,0.589,lab,457,1997-2001,actual,0.245,0.12,0.589,,
Stevenage,Eastern,1997,0.553,lab,72,1997-2001,actual,0.328,0.089,0.553,,
Stirling,Scotland,1997,0.474,lab,636,1997-2001,actual,0.325,0.062,0.474,0.134,
Stockport,North West,1997,0.629,lab,458,1997-2001,actual,0.223,0.106,0.629,,
Stockton North,North East,1997,0.668,lab,504,1997-2001,actual,0.188,0.108,0.668,,
Stockton South,North East,1997,0.552,lab,505,1997-2001,actual,0.33,0.091,0.552,,
Stoke-On-Trent Central,West Midlands,1997,0.662,lab,285,1997-2001,actual,0.167,0.119,0.662,,
Stoke-On-Trent North,West Midlands,1997,0.651,lab,286,1997-2001,actual,0.202,0.107,0.651,,
Stoke-On-Trent South,West Midlands,1997,0.62,lab,287,1997-2001,actual,0.224,0.102,0.62,,
Stone,West Midlands,1997,0.468,con,288,1997-2001,actual,0.468,0.12,0.396,,
Stourbridge,West Midlands,1997,0.472,lab,314,1997-2001,actual,0.358,0.143,0.472,,
Stratford-On-Avon,West Midlands,1997,0.483,con,293,1997-2001,actual,0.483,0.255,0.205,,
Strathkelvin & Bearsden,Scotland,1997,0.529,lab,637,1997-2001,actual,0.201,0.097,0.529,0.163,
Streatham,London,1997,0.628,lab,203,1997-2001,actual,0.217,0.136,0.628,,
Stretford & Urmston,North West,1997,0.585,lab,459,1997-2001,actual,0.305,0.082,0.585,,
Stroud,South West,1997,0.427,lab,252,1997-2001,actual,0.379,0.155,0.427,,
Suffolk Coastal,Eastern,1997,0.386,con,137,1997-2001,actual,0.386,0.214,0.328,,
Sunderland North,North East,1997,0.682,lab,526,1997-2001,actual,0.167,0.104,0.682,,
Sunderland South,North East,1997,0.681,lab,527,1997-2001,actual,0.189,0.115,0.681,,
Surrey Heath,South East,1997,0.516,con,108,1997-2001,actual,0.516,0.218,0.21,,
Sutton And Cheam,London,1997,0.423,lib,204,1997-2001,actual,0.378,0.423,0.155,,
Sutton Coldfield,West Midlands,1997,0.522,con,315,1997-2001,actual,0.522,0.193,0.238,,
Swansea East,Wales,1997,0.754,lab,568,1997-2001,actual,0.093,0.089,0.754,0.034,
Swansea West,Wales,1997,0.562,lab,569,1997-2001,actual,0.205,0.145,0.562,0.066,
Tamworth,West Midlands,1997,0.518,lab,289,1997-2001,actual,0.367,0.081,0.518,,
Tatton,North West,1997,0.625,oth,431,1997-2001,actual,0.375,,,,
Taunton ,South West,1997,0.427,lib,256,1997-2001,actual,0.387,0.427,0.135,,
Teignbridge,South West,1997,0.392,con,235,1997-2001,actual,0.392,0.388,0.18,,
Telford,West Midlands,1997,0.578,lab,276,1997-2001,actual,0.274,0.118,0.578,,
Tewkesbury,South West,1997,0.458,con,253,1997-2001,actual,0.458,0.28,0.262,,
Thurrock,Eastern,1997,0.633,lab,45,1997-2001,actual,0.268,0.081,0.633,,
Tiverton & Honiton,South West,1997,0.413,con,236,1997-2001,actual,0.413,0.385,0.128,,
Tonbridge & Malling,South East,1997,0.48,con,91,1997-2001,actual,0.48,0.192,0.272,,
Tooting,London,1997,0.597,lab,205,1997-2001,actual,0.271,0.094,0.597,,
Torbay,South West,1997,0.396,lib,237,1997-2001,actual,0.395,0.396,0.149,,
Torfaen,Wales,1997,0.691,lab,546,1997-2001,actual,0.123,0.121,0.691,0.024,
Torridge & West Devon,South West,1997,0.418,lib,238,1997-2001,actual,0.385,0.418,0.124,,
Totnes,South West,1997,0.365,con,239,1997-2001,actual,0.365,0.349,0.164,,
Tottenham,London,1997,0.693,lab,206,1997-2001,actual,0.157,0.108,0.693,,
Truro & St Austell,South West,1997,0.485,lib,228,1997-2001,actual,0.264,0.485,0.153,,
Tunbridge Wells,South East,1997,0.452,con,92,1997-2001,actual,0.452,0.297,0.204,,
Tweeddale Ettrick & Lauderdale,Scotland,1997,0.312,lib,638,1997-2001,actual,0.221,0.312,0.274,0.171,
Twickenham,London,1997,0.451,lib,207,1997-2001,actual,0.378,0.451,0.156,,
Tyne Bridge,North East,1997,0.768,lab,528,1997-2001,actual,0.111,0.08,0.768,,
Tynemouth,North East,1997,0.554,lab,529,1997-2001,actual,0.333,0.088,0.554,,
Upminster,London,1997,0.462,lab,208,1997-2001,actual,0.395,0.095,0.462,,
Uxbridge,London,1997,0.436,con,209,1997-2001,actual,0.436,0.109,0.418,,
Vale Of Clwyd,Wales,1997,0.527,lab,534,1997-2001,actual,0.298,0.088,0.527,0.059,
Vale Of Glamorgan,Wales,1997,0.539,lab,564,1997-2001,actual,0.344,0.092,0.539,0.026,
Vale Of York,Yorkshire and the Humber,1997,0.447,con,384,1997-2001,actual,0.447,0.238,0.265,,
Vauxhall,London,1997,0.638,lab,210,1997-2001,actual,0.152,0.16,0.638,,
Wakefield,Yorkshire and the Humber,1997,0.574,lab,423,1997-2001,actual,0.285,0.112,0.574,,
Wallasey,North West,1997,0.646,lab,491,1997-2001,actual,0.239,0.083,0.646,,
Walsall North,West Midlands,1997,0.566,lab,316,1997-2001,actual,0.275,0.094,0.566,,
Walsall South,West Midlands,1997,0.579,lab,317,1997-2001,actual,0.317,0.062,0.579,,
Walthamstow,London,1997,0.631,lab,211,1997-2001,actual,0.203,0.137,0.631,,
Wansbeck,North East,1997,0.655,lab,516,1997-2001,actual,0.139,0.159,0.655,,
Wansdyke ,South West,1997,0.441,lab,221,1997-2001,actual,0.353,0.168,0.441,,
Wantage,South East,1997,0.398,con,97,1997-2001,actual,0.398,0.265,0.289,,
Warley,West Midlands,1997,0.638,lab,318,1997-2001,actual,0.241,0.097,0.638,,
Warrington North,North West,1997,0.621,lab,432,1997-2001,actual,0.24,0.104,0.621,,
Warrington South,North West,1997,0.521,lab,433,1997-2001,actual,0.325,0.131,0.521,,
Warwick And Leamington,West Midlands,1997,0.445,lab,294,1997-2001,actual,0.389,0.119,0.445,,
Watford,Eastern,1997,0.453,lab,73,1997-2001,actual,0.348,0.168,0.453,,
Waveney,Eastern,1997,0.56,lab,138,1997-2001,actual,0.345,0.09,0.56,,
Wealden,South East,1997,0.498,con,29,1997-2001,actual,0.498,0.257,0.172,,
Weaver Vale,North West,1997,0.564,lab,434,1997-2001,actual,0.286,0.123,0.564,,
Wellingborough,East Midlands,1997,0.442,lab,356,1997-2001,actual,0.438,0.094,0.442,,
Wells,South West,1997,0.394,con,257,1997-2001,actual,0.394,0.385,0.181,,
Welwyn Hatfield,Eastern,1997,0.471,lab,74,1997-2001,actual,0.365,0.135,0.471,,
Wentworth,Yorkshire and the Humber,1997,0.723,lab,400,1997-2001,actual,0.15,0.093,0.723,,
West Aberdeenshire & Kincardine,Scotland,1997,0.411,lib,639,1997-2001,actual,0.349,0.411,0.091,0.131,
West Bromwich East,West Midlands,1997,0.572,lab,319,1997-2001,actual,0.244,0.149,0.572,,
West Bromwich West,West Midlands,1997,1.0,oth,320,1997-2001,actual,,,,,
West Chelmsford,Eastern,1997,0.406,con,46,1997-2001,actual,0.406,0.292,0.264,,
West Derbyshire,East Midlands,1997,0.421,con,333,1997-2001,actual,0.421,0.175,0.335,,
West Dorset,South West,1997,0.411,con,247,1997-2001,actual,0.411,0.377,0.177,,
West Ham,London,1997,0.729,lab,212,1997-2001,actual,0.15,0.074,0.729,,
West Lancashire,North West,1997,0.603,lab,477,1997-2001,actual,0.291,0.072,0.603,,
West Renfrewshire,Scotland,1997,0.466,lab,640,1997-2001,actual,0.186,0.077,0.466,0.265,
West Suffolk,Eastern,1997,0.409,con,139,1997-2001,actual,0.409,0.14,0.371,,
West Worcestershire,West Midlands,1997,0.45,con,270,1997-2001,actual,0.45,0.372,0.157,,
Westbury,South West,1997,0.406,con,264,1997-2001,actual,0.406,0.299,0.211,,
Western Isles,Scotland,1997,0.556,lab,641,1997-2001,actual,0.066,0.031,0.556,0.334,
Westmorland & Lonsdale,North West,1997,0.423,con,498,1997-2001,actual,0.423,0.334,0.206,,
Weston Super Mare,South West,1997,0.401,lib,222,1997-2001,actual,0.377,0.401,0.179,,
Wigan,North West,1997,0.686,lab,460,1997-2001,actual,0.169,0.1,0.686,,
Wimbledon,London,1997,0.428,lab,213,1997-2001,actual,0.366,0.166,0.428,,
Winchester,South East,1997,0.421,con,63,1997-2001,actual,0.421,0.421,0.105,,
Windsor,South East,1997,0.482,con,13,1997-2001,actual,0.482,0.287,0.183,,
Wirral South,North West,1997,0.509,lab,492,1997-2001,actual,0.364,0.104,0.509,,
Wirral West,North West,1997,0.449,lab,493,1997-2001,actual,0.39,0.127,0.449,,
Witney,South East,1997,0.431,con,98,1997-2001,actual,0.431,0.199,0.306,,
Woking,South East,1997,0.384,con,109,1997-2001,actual,0.384,0.273,0.21,,
Wokingham,South East,1997,0.501,con,14,1997-2001,actual,0.501,0.314,0.168,,
Wolverhampton North East,West Midlands,1997,0.593,lab,321,1997-2001,actual,0.279,0.053,0.593,,
Wolverhampton South East,West Midlands,1997,0.637,lab,322,1997-2001,actual,0.202,0.095,0.637,,
Wolverhampton South West,West Midlands,1997,0.504,lab,323,1997-2001,actual,0.399,0.082,0.504,,
Woodspring,South West,1997,0.444,con,223,1997-2001,actual,0.444,0.304,0.207,,
Worcester,West Midlands,1997,0.501,lab,271,1997-2001,actual,0.357,0.125,0.501,,
Workington,North West,1997,0.642,lab,499,1997-2001,actual,0.244,0.08,0.642,,
Worsley,North West,1997,0.622,lab,461,1997-2001,actual,0.242,0.136,0.622,,
Worthing West,South East,1997,0.461,con,117,1997-2001,actual,0.461,0.311,0.162,,
Wrekin The,West Midlands,1997,0.469,lab,277,1997-2001,actual,0.402,0.128,0.469,,
Wrexham,Wales,1997,0.561,lab,535,1997-2001,actual,0.239,0.133,0.561,0.032,
Wycombe,South East,1997,0.399,con,21,1997-2001,actual,0.399,0.185,0.354,,
Wyre Forest,West Midlands,1997,0.488,lab,272,1997-2001,actual,0.361,0.08,0.488,,
Wythenshawe & Sale East,North West,1997,0.581,lab,462,1997-2001,actual,0.251,0.124,0.581,,
Yeovil ,South West,1997,0.487,lib,258,1997-2001,actual,0.277,0.487,0.149,,
Ynys-Mon,Wales,1997,0.395,natSW,550,1997-2001,actual,0.215,0.038,0.332,0.395,
York City Of,Yorkshire and the Humber,1997,0.599,lab,385,1997-2001,actual,0.247,0.112,0.599,,
Aberavon,Wales,2001,0.631,lab,565,1997-2001,actual,0.076,0.097,0.631,0.098,1997
Aberdeen Central,Scotland,2001,0.455,lab,570,1997-2001,actual,0.142,0.172,0.455,0.204,1997
Aberdeen North,Scotland,2001,0.433,lab,571,1997-2001,actual,0.1,0.164,0.433,0.287,1997
Aberdeen South,Scotland,2001,0.398,lab,572,1997-2001,actual,0.192,0.279,0.398,0.116,1997
Airdrie & Shotts,Scotland,2001,0.582,lab,573,1997-2001,actual,0.062,0.075,0.582,0.193,1997
Aldershot,South East,2001,0.422,con,47,1997-2001,actual,0.422,0.276,0.252,,1997
Aldridge-Brownhills,West Midlands,2001,0.502,con,295,1997-2001,actual,0.502,0.086,0.402,,1997
Altrincham & Sale West,North West,2001,0.462,con,435,1997-2001,actual,0.462,0.144,0.394,,1997
Alyn & Deeside,Wales,2001,0.523,lab,530,1997-2001,actual,0.263,0.129,0.523,0.033,1997
Amber Valley,East Midlands,2001,0.519,lab,324,1997-2001,actual,0.357,0.124,0.519,,1997
Angus,Scotland,2001,0.353,natSW,574,1997-2001,actual,0.25,0.143,0.234,0.353,1997
Argyll & Bute,Scotland,2001,0.299,lib,575,1997-2001,actual,0.208,0.299,0.245,0.208,1997
Arundel & South Downs,South East,2001,0.522,con,110,1997-2001,actual,0.522,0.224,0.207,,1997
Ashfield,East Midlands,2001,0.581,lab,357,1997-2001,actual,0.244,0.113,0.581,,1997
Ashford,South East,2001,0.474,con,76,1997-2001,actual,0.474,0.151,0.321,,1997
Ashton Under Lyne,North West,2001,0.625,lab,436,1997-2001,actual,0.191,0.118,0.625,,1997
Aylesbury,South East,2001,0.473,con,15,1997-2001,actual,0.473,0.269,0.232,,1997
Ayr,Scotland,2001,0.436,lab,576,1997-2001,actual,0.37,0.054,0.436,0.12,1997
Banbury,South East,2001,0.452,con,93,1997-2001,actual,0.452,0.159,0.35,,1997
Banff & Buchan,Scotland,2001,0.542,natSW,577,1997-2001,actual,0.201,0.09,0.142,0.542,1997
Barking,London,2001,0.609,lab,140,1997-2001,actual,0.23,0.098,0.609,,1997
Barnsley Central,Yorkshire and the Humber,2001,0.696,lab,386,1997-2001,actual,0.131,0.147,0.696,,1997
Barnsley East & Mexborough,Yorkshire and the Humber,2001,0.675,lab,387,1997-2001,actual,0.124,0.159,0.675,,1997
Barnsley West & Penistone,Yorkshire and the Humber,2001,0.586,lab,388,1997-2001,actual,0.228,0.186,0.586,,1997
Barrow & Furness,North West,2001,0.557,lab,494,1997-2001,actual,0.303,0.122,0.557,,1997
Basildon,Eastern,2001,0.527,lab,30,1997-2001,actual,0.338,0.09,0.527,,1997
Basingstoke,South East,2001,0.427,con,48,1997-2001,actual,0.427,0.139,0.409,,1997
Bassetlaw,East Midlands,2001,0.553,lab,358,1997-2001,actual,0.302,0.127,0.553,,1997
Bath,South West,2001,0.505,lib,214,1997-2001,actual,0.291,0.505,0.157,,1997
Batley & Spen,Yorkshire and the Humber,2001,0.499,lab,401,1997-2001,actual,0.367,0.103,0.499,,1997
Battersea,London,2001,0.503,lab,141,1997-2001,actual,0.365,0.121,0.503,,1997
Beaconsfield,South East,2001,0.528,con,16,1997-2001,actual,0.528,0.216,0.218,,1997
Beckenham,London,2001,0.453,con,142,1997-2001,actual,0.453,0.16,0.344,,1997
Bedford,Eastern,2001,0.479,lab,1,1997-2001,actual,0.328,0.158,0.479,,1997
Berwick-Upon-Tweed,North East,2001,0.514,lib,513,1997-2001,actual,0.281,0.514,0.177,,1997
Bethnal Green & Bow,London,2001,0.505,lab,143,1997-2001,actual,0.243,0.155,0.505,,1997
Beverley & Holderness,Yorkshire and the Humber,2001,0.413,con,368,1997-2001,actual,0.413,0.159,0.396,,1997
Bexhill & Battle,South East,2001,0.481,con,22,1997-2001,actual,0.481,0.247,0.194,,1997
Bexleyheath & Crayford,London,2001,0.436,lab,144,1997-2001,actual,0.399,0.111,0.436,,1997
Billericay,Eastern,2001,0.474,con,31,1997-2001,actual,0.474,0.139,0.364,,1997
Birkenhead,North West,2001,0.705,lab,478,1997-2001,actual,0.167,0.128,0.705,,1997
Birmingham Edgbaston,West Midlands,2001,0.491,lab,296,1997-2001,actual,0.366,0.12,0.491,,1997
Birmingham Erdington,West Midlands,2001,0.568,lab,297,1997-2001,actual,0.242,0.118,0.568,,1997
Birmingham Hall Green,West Midlands,2001,0.546,lab,298,1997-2001,actual,0.345,0.088,0.546,,1997
Birmingham Hodge Hill,West Midlands,2001,0.639,lab,299,1997-2001,actual,0.2,0.081,0.639,,1997
Birmingham Ladywood,West Midlands,2001,0.689,lab,300,1997-2001,actual,0.113,0.082,0.689,,1997
Birmingham Northfield,West Midlands,2001,0.56,lab,301,1997-2001,actual,0.296,0.112,0.56,,1997
Birmingham Perry Barr,West Midlands,2001,0.465,lab,302,1997-2001,actual,0.231,0.229,0.465,,1997
Birmingham Selly Oak,West Midlands,2001,0.524,lab,303,1997-2001,actual,0.266,0.163,0.524,,1997
Birmingham Sparkbrook & Small Heath,West Midlands,2001,0.575,lab,304,1997-2001,actual,0.108,0.132,0.575,,1997
Birmingham Yardley,West Midlands,2001,0.469,lab,305,1997-2001,actual,0.131,0.383,0.469,,1997
Bishop Auckland,North East,2001,0.588,lab,506,1997-2001,actual,0.227,0.157,0.588,,1997
Blaby,East Midlands,2001,0.464,con,334,1997-2001,actual,0.464,0.174,0.334,,1997
Blackburn,North West,2001,0.541,lab,463,1997-2001,actual,0.312,0.081,0.541,,1997
Blackpool North & Fleetwood,North West,2001,0.508,lab,464,1997-2001,actual,0.373,0.097,0.508,,1997
Blackpool South,North West,2001,0.543,lab,465,1997-2001,actual,0.33,0.106,0.543,,1997
Blaenau Gwent,Wales,2001,0.72,lab,541,1997-2001,actual,0.075,0.093,0.72,0.112,1997
Blaydon,North East,2001,0.548,lab,517,1997-2001,actual,0.114,0.338,0.548,,1997
Blyth Valley,North East,2001,0.597,lab,514,1997-2001,actual,0.159,0.244,0.597,,1997
Bognor Regis & Littlehampton,South East,2001,0.452,con,111,1997-2001,actual,0.452,0.176,0.307,,1997
Bolsover,East Midlands,2001,0.686,lab,325,1997-2001,actual,0.195,0.119,0.686,,1997
Bolton North East,North West,2001,0.543,lab,437,1997-2001,actual,0.327,0.103,0.543,,1997
Bolton South East,North West,2001,0.619,lab,438,1997-2001,actual,0.242,0.115,0.619,,1997
Bolton West,North West,2001,0.47,lab,439,1997-2001,actual,0.336,0.184,0.47,,1997
Bootle,North West,2001,0.776,lab,479,1997-2001,actual,0.08,0.085,0.776,,1997
Boston & Skegness,East Midlands,2001,0.429,con,344,1997-2001,actual,0.429,0.124,0.416,,1997
Bosworth,East Midlands,2001,0.444,con,335,1997-2001,actual,0.444,0.162,0.394,,1997
Bournemouth East,South West,2001,0.433,con,240,1997-2001,actual,0.433,0.337,0.199,,1997
Bournemouth West,South West,2001,0.428,con,241,1997-2001,actual,0.428,0.252,0.288,,1997
Bracknell,South East,2001,0.466,con,7,1997-2001,actual,0.466,0.171,0.33,,1997
Bradford North,Yorkshire and the Humber,2001,0.497,lab,402,1997-2001,actual,0.241,0.198,0.497,,1997
Bradford South,Yorkshire and the Humber,2001,0.558,lab,403,1997-2001,actual,0.283,0.106,0.558,,1997
Bradford West,Yorkshire and the Humber,2001,0.48,lab,404,1997-2001,actual,0.371,0.064,0.48,,1997
Braintree,Eastern,2001,0.42,lab,32,1997-2001,actual,0.413,0.113,0.42,,1997
Brecon & Radnorshire,Wales,2001,0.368,lib,558,1997-2001,actual,0.348,0.368,0.214,0.035,1997
Brent East,London,2001,0.632,lab,145,1997-2001,actual,0.182,0.106,0.632,,1997
Brent North,London,2001,0.594,lab,146,1997-2001,actual,0.293,0.113,0.594,,1997
Brent South,London,2001,0.733,lab,147,1997-2001,actual,0.126,0.108,0.733,,1997
Brentford & Isleworth,London,2001,0.523,lab,148,1997-2001,actual,0.291,0.135,0.523,,1997
Brentwood & Ongar,Eastern,2001,0.38,con,33,1997-2001,actual,0.38,0.156,0.126,,1997
Bridgend,Wales,2001,0.525,lab,551,1997-2001,actual,0.253,0.144,0.525,0.072,1997
Bridgwater,South West,2001,0.404,con,254,1997-2001,actual,0.404,0.3,0.268,,1997
Brigg & Goole,Yorkshire and the Humber,2001,0.489,lab,369,1997-2001,actual,0.392,0.092,0.489,,1997
Brighton Kemptown,South East,2001,0.478,lab,23,1997-2001,actual,0.353,0.104,0.478,,1997
Brighton Pavilion,South East,2001,0.487,lab,24,1997-2001,actual,0.251,0.131,0.487,,1997
Bristol East,South West,2001,0.55,lab,215,1997-2001,actual,0.218,0.171,0.55,,1997
Bristol North West,South West,2001,0.521,lab,216,1997-2001,actual,0.287,0.159,0.521,,1997
Bristol South,South West,2001,0.569,lab,217,1997-2001,actual,0.223,0.148,0.569,,1997
Bristol West,South West,2001,0.368,lab,218,1997-2001,actual,0.288,0.289,0.368,,1997
Bromley & Chislehurst,London,2001,0.495,con,149,1997-2001,actual,0.495,0.189,0.286,,1997
Bromsgrove,West Midlands,2001,0.517,con,265,1997-2001,actual,0.517,0.119,0.339,,1997
Broxbourne,Eastern,2001,0.541,con,64,1997-2001,actual,0.541,0.11,0.304,,1997
Broxtowe,East Midlands,2001,0.486,lab,359,1997-2001,actual,0.367,0.147,0.486,,1997
Buckingham,South East,2001,0.537,con,17,1997-2001,actual,0.537,0.2,0.242,,1997
Burnley,North West,2001,0.493,lab,466,1997-2001,actual,0.209,0.162,0.493,,1997
Burton,West Midlands,2001,0.49,lab,278,1997-2001,actual,0.386,0.096,0.49,,1997
Bury North,North West,2001,0.512,lab,440,1997-2001,actual,0.366,0.121,0.512,,1997
Bury South,North West,2001,0.592,lab,441,1997-2001,actual,0.269,0.139,0.592,,1997
Bury St Edmunds,Eastern,2001,0.435,con,133,1997-2001,actual,0.435,0.139,0.385,,1997
Caernarfon,Wales,2001,0.444,natSW,547,1997-2001,actual,0.152,0.063,0.323,0.444,1997
Caerphilly,Wales,2001,0.582,lab,552,1997-2001,actual,0.114,0.094,0.582,0.21,1997
Caithness Sutherland & Easter Ross,Scotland,2001,0.364,lib,578,1997-2001,actual,0.141,0.364,0.253,0.212,1997
Calder Valley,Yorkshire and the Humber,2001,0.427,lab,405,1997-2001,actual,0.362,0.16,0.427,,1997
Camberwell & Peckham,London,2001,0.696,lab,150,1997-2001,actual,0.109,0.133,0.696,,1997
Cambridge,Eastern,2001,0.451,lab,118,1997-2001,actual,0.229,0.251,0.451,,1997
Cannock Chase,West Midlands,2001,0.561,lab,279,1997-2001,actual,0.301,0.138,0.561,,1997
Canterbury,South East,2001,0.415,con,77,1997-2001,actual,0.415,0.178,0.369,,1997
Cardiff Central,Wales,2001,0.386,lab,560,1997-2001,actual,0.159,0.367,0.386,0.048,1997
Cardiff North,Wales,2001,0.459,lab,561,1997-2001,actual,0.316,0.153,0.459,0.057,1997
Cardiff South & Penarth,Wales,2001,0.562,lab,562,1997-2001,actual,0.218,0.128,0.562,0.055,1997
Cardiff West,Wales,2001,0.546,lab,563,1997-2001,actual,0.213,0.131,0.546,0.097,1997
Carlisle,North West,2001,0.512,lab,495,1997-2001,actual,0.348,0.117,0.512,,1997
Carmarthen East & Dinefwr,Wales,2001,0.424,natSW,536,1997-2001,actual,0.129,0.074,0.356,0.424,1997
Carmarthen West & South Pembrokeshire,Wales,2001,0.416,lab,537,1997-2001,actual,0.293,0.088,0.416,0.187,1997
Carrick Cumnock & Doon Valley,Scotland,2001,0.553,lab,579,1997-2001,actual,0.182,0.073,0.553,0.156,1997
Carshalton & Wallington,London,2001,0.45,lib,151,1997-2001,actual,0.338,0.45,0.184,,1997
Castle Point,Eastern,2001,0.446,con,34,1997-2001,actual,0.446,0.078,0.421,,1997
Central Fife,Scotland,2001,0.563,lab,580,1997-2001,actual,0.072,0.085,0.563,0.253,1997
Central Suffolk & North Ipswich,Eastern,2001,0.444,con,134,1997-2001,actual,0.444,0.161,0.371,,1997
Ceredigion,Wales,2001,0.383,natSW,538,1997-2001,actual,0.194,0.269,0.154,0.383,1997
Charnwood,East Midlands,2001,0.482,con,336,1997-2001,actual,0.482,0.162,0.322,,1997
Chatham & Aylesford,South East,2001,0.483,lab,78,1997-2001,actual,0.373,0.118,0.483,,1997
Cheadle,North West,2001,0.424,lib,442,1997-2001,actual,0.423,0.424,0.14,,1997
Cheltenham,South West,2001,0.477,lib,248,1997-2001,actual,0.352,0.477,0.12,,1997
Chesham & Amersham,South East,2001,0.505,con,18,1997-2001,actual,0.505,0.243,0.188,,1997
City Of Chester,North West,2001,0.485,lab,424,1997-2001,actual,0.331,0.147,0.485,,1997
Chesterfield,East Midlands,2001,0.478,lib,326,1997-2001,actual,0.081,0.478,0.42,,1997
Chichester,South East,2001,0.47,con,112,1997-2001,actual,0.47,0.241,0.214,,1997
Chingford & Woodford Green,London,2001,0.482,con,152,1997-2001,actual,0.482,0.155,0.334,,1997
Chipping Barnet,London,2001,0.464,con,153,1997-2001,actual,0.464,0.136,0.4,,1997
Chorley,North West,2001,0.523,lab,467,1997-2001,actual,0.347,0.112,0.523,,1997
Christchurch,South West,2001,0.551,con,242,1997-2001,actual,0.551,0.278,0.151,,1997
Cities Of London And Westminster,London,2001,0.463,con,154,1997-2001,actual,0.463,0.154,0.331,,1997
Cleethorpes,Yorkshire and the Humber,2001,0.496,lab,370,1997-2001,actual,0.363,0.12,0.496,,1997
Clwyd South,Wales,2001,0.514,lab,531,1997-2001,actual,0.248,0.102,0.514,0.119,1997
Clwyd West,Wales,2001,0.388,lab,532,1997-2001,actual,0.356,0.114,0.388,0.129,1997
Clydebank & Milngavie,Scotland,2001,0.531,lab,581,1997-2001,actual,0.108,0.12,0.531,0.201,1997
Clydesdale,Scotland,2001,0.466,lab,582,1997-2001,actual,0.132,0.108,0.466,0.262,1997
Coatbridge & Chryston,Scotland,2001,0.653,lab,583,1997-2001,actual,0.072,0.076,0.653,0.148,1997
Colchester,Eastern,2001,0.426,lib,35,1997-2001,actual,0.299,0.426,0.25,,1997
Colne Valley,Yorkshire and the Humber,2001,0.404,lab,406,1997-2001,actual,0.305,0.249,0.404,,1997
Congleton,North West,2001,0.463,con,425,1997-2001,actual,0.463,0.216,0.305,,1997
Conwy,Wales,2001,0.418,lab,548,1997-2001,actual,0.237,0.169,0.418,0.165,1997
Copeland,North West,2001,0.518,lab,496,1997-2001,actual,0.375,0.107,0.518,,1997
Corby,East Midlands,2001,0.493,lab,351,1997-2001,actual,0.372,0.101,0.493,,1997
Cotswold,South West,2001,0.503,con,249,1997-2001,actual,0.503,0.242,0.226,,1997
Coventry North East,West Midlands,2001,0.61,lab,306,1997-2001,actual,0.188,0.112,0.61,,1997
Coventry North West,West Midlands,2001,0.514,lab,307,1997-2001,actual,0.259,0.137,0.514,,1997
Coventry South,West Midlands,2001,0.502,lab,308,1997-2001,actual,0.295,0.141,0.502,,1997
Crawley,South East,2001,0.493,lab,113,1997-2001,actual,0.322,0.127,0.493,,1997
Crewe & Nantwich,North West,2001,0.543,lab,426,1997-2001,actual,0.304,0.135,0.543,,1997
Crosby,North West,2001,0.551,lab,480,1997-2001,actual,0.325,0.111,0.551,,1997
Croydon Central,London,2001,0.472,lab,155,1997-2001,actual,0.385,0.112,0.472,,1997
Croydon North,London,2001,0.635,lab,156,1997-2001,actual,0.233,0.104,0.635,,1997
Croydon South,London,2001,0.492,con,157,1997-2001,actual,0.492,0.183,0.299,,1997
Cumbernauld & Kilsyth,Scotland,2001,0.544,lab,584,1997-2001,actual,0.049,0.065,0.544,0.29,1997
Cunninghame North,Scotland,2001,0.46,lab,585,1997-2001,actual,0.197,0.09,0.46,0.212,1997
Cunninghame South,Scotland,2001,0.584,lab,586,1997-2001,actual,0.099,0.074,0.584,0.185,1997
Cynon Valley,Wales,2001,0.656,lab,553,1997-2001,actual,0.076,0.094,0.656,0.174,1997
Dagenham,London,2001,0.572,lab,158,1997-2001,actual,0.257,0.102,0.572,,1997
Darlington,North East,2001,0.563,lab,507,1997-2001,actual,0.303,0.109,0.563,,1997
Dartford,South East,2001,0.48,lab,79,1997-2001,actual,0.406,0.085,0.48,,1997
Daventry,East Midlands,2001,0.492,con,352,1997-2001,actual,0.492,0.161,0.322,,1997
Delyn,Wales,2001,0.515,lab,533,1997-2001,actual,0.266,0.154,0.515,0.065,1997
Denton & Reddish,North West,2001,0.652,lab,443,1997-2001,actual,0.196,0.124,0.652,,1997
Derby North,East Midlands,2001,0.509,lab,327,1997-2001,actual,0.35,0.141,0.509,,1997
Derby South,East Midlands,2001,0.564,lab,328,1997-2001,actual,0.243,0.193,0.564,,1997
Devizes,South West,2001,0.472,con,259,1997-2001,actual,0.472,0.221,0.249,,1997
Dewsbury,Yorkshire and the Humber,2001,0.505,lab,407,1997-2001,actual,0.302,0.12,0.505,,1997
Don Valley,Yorkshire and the Humber,2001,0.546,lab,389,1997-2001,actual,0.286,0.112,0.546,,1997
Doncaster Central,Yorkshire and the Humber,2001,0.591,lab,390,1997-2001,actual,0.237,0.129,0.591,,1997
Doncaster North,Yorkshire and the Humber,2001,0.631,lab,391,1997-2001,actual,0.147,0.106,0.631,,1997
Dover,South East,2001,0.488,lab,80,1997-2001,actual,0.372,0.114,0.488,,1997
Dudley North,West Midlands,2001,0.521,lab,309,1997-2001,actual,0.345,0.087,0.521,,1997
Dudley South,West Midlands,2001,0.498,lab,310,1997-2001,actual,0.311,0.149,0.498,,1997
Dulwich & West Norwood,London,2001,0.549,lab,159,1997-2001,actual,0.227,0.152,0.549,,1997
Dumbarton,Scotland,2001,0.475,lab,587,1997-2001,actual,0.137,0.155,0.475,0.193,1997
Dumfries,Scotland,2001,0.489,lab,588,1997-2001,actual,0.282,0.116,0.489,0.096,1997
Dundee East,Scotland,2001,0.452,lab,589,1997-2001,actual,0.12,0.086,0.452,0.314,1997
Dundee West,Scotland,2001,0.506,lab,590,1997-2001,actual,0.091,0.09,0.506,0.273,1997
Dunfermline East,Scotland,2001,0.648,lab,591,1997-2001,actual,0.094,0.076,0.648,0.147,1997
Dunfermline West,Scotland,2001,0.528,lab,592,1997-2001,actual,0.102,0.156,0.528,0.174,1997
Durham City Of,North East,2001,0.561,lab,508,1997-2001,actual,0.173,0.237,0.561,,1997
Ealing Acton & Shepherd'S Bush,London,2001,0.541,lab,160,1997-2001,actual,0.251,0.166,0.541,,1997
Ealing North,London,2001,0.557,lab,161,1997-2001,actual,0.293,0.112,0.557,,1997
Ealing Southall,London,2001,0.475,lab,162,1997-2001,actual,0.183,0.1,0.475,,1997
Easington,North East,2001,0.768,lab,509,1997-2001,actual,0.103,0.103,0.768,,1997
East Devon,South West,2001,0.474,con,229,1997-2001,actual,0.474,0.303,0.167,,1997
East Ham,London,2001,0.731,lab,163,1997-2001,actual,0.167,0.07,0.731,,1997
East Hampshire,South East,2001,0.476,con,49,1997-2001,actual,0.476,0.299,0.196,,1997
East Kilbride,Scotland,2001,0.533,lab,593,1997-2001,actual,0.102,0.103,0.533,0.227,1997
East Lothian,Scotland,2001,0.472,lab,594,1997-2001,actual,0.178,0.176,0.472,0.146,1997
East Surrey,South East,2001,0.525,con,99,1997-2001,actual,0.525,0.244,0.191,,1997
East Worthing & Shoreham,South East,2001,0.432,con,114,1997-2001,actual,0.432,0.229,0.29,,1997
East Yorkshire,Yorkshire and the Humber,2001,0.459,con,371,1997-2001,actual,0.459,0.145,0.35,,1997
Eastbourne,South East,2001,0.441,con,25,1997-2001,actual,0.441,0.393,0.133,,1997
Eastleigh,South East,2001,0.407,lib,50,1997-2001,actual,0.343,0.407,0.219,,1997
Eastwood,Scotland,2001,0.476,lab,595,1997-2001,actual,0.287,0.129,0.476,0.086,1997
Eccles,North West,2001,0.645,lab,444,1997-2001,actual,0.207,0.148,0.645,,1997
Eddisbury,North West,2001,0.463,con,427,1997-2001,actual,0.463,0.157,0.36,,1997
Edinburgh Central,Scotland,2001,0.421,lab,596,1997-2001,actual,0.164,0.185,0.421,0.141,1997
Edinburgh East & Musselburgh,Scotland,2001,0.526,lab,597,1997-2001,actual,0.113,0.145,0.526,0.173,1997
Edinburgh North & Leith,Scotland,2001,0.459,lab,598,1997-2001,actual,0.139,0.194,0.459,0.159,1997
Edinburgh Pentlands,Scotland,2001,0.406,lab,599,1997-2001,actual,0.361,0.108,0.406,0.108,1997
Edinburgh South,Scotland,2001,0.422,lab,600,1997-2001,actual,0.166,0.274,0.422,0.099,1997
Edinburgh West,Scotland,2001,0.424,lib,601,1997-2001,actual,0.225,0.424,0.231,0.103,1997
Edmonton,London,2001,0.589,lab,164,1997-2001,actual,0.308,0.07,0.589,,1997
Ellesmere Port & Neston,North West,2001,0.553,lab,428,1997-2001,actual,0.291,0.116,0.553,,1997
Elmet,Yorkshire and the Humber,2001,0.48,lab,408,1997-2001,actual,0.389,0.109,0.48,,1997
Eltham,London,2001,0.528,lab,165,1997-2001,actual,0.321,0.122,0.528,,1997
Enfield North,London,2001,0.467,lab,166,1997-2001,actual,0.407,0.088,0.467,,1997
Enfield Southgate,London,2001,0.518,lab,167,1997-2001,actual,0.386,0.07,0.518,,1997
Epping Forest,Eastern,2001,0.491,con,36,1997-2001,actual,0.491,0.186,0.293,,1997
Epsom & Ewell,South East,2001,0.481,con,100,1997-2001,actual,0.481,0.221,0.265,,1997
Erewash,East Midlands,2001,0.492,lab,329,1997-2001,actual,0.349,0.115,0.492,,1997
Erith & Thamesmead,London,2001,0.593,lab,168,1997-2001,actual,0.258,0.114,0.593,,1997
Esher & Walton,South East,2001,0.49,con,101,1997-2001,actual,0.49,0.225,0.236,,1997
Exeter,South West,2001,0.498,lab,230,1997-2001,actual,0.274,0.124,0.498,,1997
Falkirk East,Scotland,2001,0.55,lab,602,1997-2001,actual,0.096,0.089,0.55,0.232,1997
Falkirk West,Scotland,2001,0.519,lab,603,1997-2001,actual,0.075,0.071,0.519,0.242,1997
Falmouth & Camborne,South West,2001,0.396,lab,224,1997-2001,actual,0.299,0.245,0.396,,1997
Fareham,South East,2001,0.471,con,51,1997-2001,actual,0.471,0.187,0.316,,1997
Faversham & Mid Kent,South East,2001,0.456,con,81,1997-2001,actual,0.456,0.135,0.355,,1997
Feltham & Heston,London,2001,0.592,lab,169,1997-2001,actual,0.242,0.138,0.592,,1997
Finchley & Golders Green,London,2001,0.463,lab,170,1997-2001,actual,0.378,0.121,0.463,,1997
Folkestone & Hythe,South East,2001,0.45,con,82,1997-2001,actual,0.45,0.321,0.202,,1997
Forest Of Dean,South West,2001,0.434,lab,250,1997-2001,actual,0.388,0.129,0.434,,1997
Fylde,North West,2001,0.523,con,468,1997-2001,actual,0.523,0.148,0.308,,1997
Gainsborough,East Midlands,2001,0.462,con,345,1997-2001,actual,0.462,0.267,0.271,,1997
Galloway & Upper Nithsdale,Scotland,2001,0.34,con,604,1997-2001,actual,0.34,0.103,0.202,0.338,1997
Gateshead East & Washington West,North East,2001,0.681,lab,518,1997-2001,actual,0.148,0.149,0.681,,1997
Gedling,East Midlands,2001,0.511,lab,360,1997-2001,actual,0.383,0.106,0.511,,1997
Gillingham,South East,2001,0.445,lab,83,1997-2001,actual,0.391,0.136,0.445,,1997
Glasgow Anniesland,Scotland,2001,0.565,lab,605,1997-2001,actual,0.099,0.121,0.565,0.151,1997
Glasgow Baillieston,Scotland,2001,0.61,lab,606,1997-2001,actual,0.068,0.067,0.61,0.187,1997
Glasgow Cathcart,Scotland,2001,0.544,lab,607,1997-2001,actual,0.134,0.11,0.544,0.149,1997
Glasgow Govan,Scotland,2001,0.493,lab,608,1997-2001,actual,0.086,0.111,0.493,0.24,1997
Glasgow Kelvin,Scotland,2001,0.448,lab,609,1997-2001,actual,0.089,0.177,0.448,0.168,1997
Glasgow Maryhill,Scotland,2001,0.604,lab,610,1997-2001,actual,0.052,0.107,0.604,0.159,1997
Glasgow Pollok,Scotland,2001,0.613,lab,611,1997-2001,actual,0.056,0.064,0.613,0.167,1997
Glasgow Rutherglen,Scotland,2001,0.574,lab,612,1997-2001,actual,0.113,0.126,0.574,0.142,1997
Glasgow Shettleston,Scotland,2001,0.647,lab,613,1997-2001,actual,0.053,0.054,0.647,0.167,1997
Glasgow Springburn,Scotland,2001,0.806,oth,614,1997-2001,actual,,,,0.194,1997
Gloucester,South West,2001,0.458,lab,251,1997-2001,actual,0.377,0.143,0.458,,1997
Gordon,Scotland,2001,0.455,lib,615,1997-2001,actual,0.23,0.455,0.135,0.165,1997
Gosport,South East,2001,0.436,con,52,1997-2001,actual,0.436,0.151,0.371,,1997
Gower,Wales,2001,0.473,lab,566,1997-2001,actual,0.275,0.121,0.473,0.103,1997
Grantham & Stamford,East Midlands,2001,0.461,con,346,1997-2001,actual,0.461,0.144,0.363,,1997
Gravesham,South East,2001,0.499,lab,84,1997-2001,actual,0.388,0.092,0.499,,1997
Great Grimsby,Yorkshire and the Humber,2001,0.579,lab,372,1997-2001,actual,0.231,0.19,0.579,,1997
Great Yarmouth,Eastern,2001,0.504,lab,125,1997-2001,actual,0.391,0.084,0.504,,1997
Greenock & Inverclyde,Scotland,2001,0.525,lab,616,1997-2001,actual,0.106,0.177,0.525,0.149,1997
Greenwich & Woolwich,London,2001,0.605,lab,171,1997-2001,actual,0.192,0.156,0.605,,1997
Guildford,South East,2001,0.426,lib,102,1997-2001,actual,0.414,0.426,0.137,,1997
Hackney North & Stoke Newington,London,2001,0.61,lab,172,1997-2001,actual,0.15,0.141,0.61,,1997
Hackney South & Shoreditch,London,2001,0.642,lab,173,1997-2001,actual,0.138,0.146,0.642,,1997
Halesowen & Rowley Regis,West Midlands,2001,0.53,lab,311,1997-2001,actual,0.342,0.104,0.53,,1997
Halifax,Yorkshire and the Humber,2001,0.49,lab,409,1997-2001,actual,0.338,0.146,0.49,,1997
Haltemprice & Howden,Yorkshire and the Humber,2001,0.432,con,373,1997-2001,actual,0.432,0.389,0.157,,1997
Halton,North West,2001,0.692,lab,429,1997-2001,actual,0.186,0.122,0.692,,1997
Hamilton North & Bellshill,Scotland,2001,0.618,lab,617,1997-2001,actual,0.087,0.078,0.618,0.172,1997
Hamilton South,Scotland,2001,0.597,lab,618,1997-2001,actual,0.07,0.089,0.597,0.194,1997
Hammersmith & Fulham,London,2001,0.443,lab,174,1997-2001,actual,0.398,0.118,0.443,,1997
Hampstead & Highgate,London,2001,0.469,lab,175,1997-2001,actual,0.246,0.205,0.469,,1997
Harborough,East Midlands,2001,0.447,con,337,1997-2001,actual,0.447,0.334,0.2,,1997
Harlow,Eastern,2001,0.478,lab,37,1997-2001,actual,0.348,0.134,0.478,,1997
Harrogate & Knaresborough,Yorkshire and the Humber,2001,0.556,lib,378,1997-2001,actual,0.346,0.556,0.074,,1997
Harrow East,London,2001,0.553,lab,176,1997-2001,actual,0.322,0.125,0.553,,1997
Harrow West,London,2001,0.496,lab,177,1997-2001,actual,0.364,0.129,0.496,,1997
Hartlepool,North East,2001,0.591,lab,500,1997-2001,actual,0.209,0.15,0.591,,1997
Harwich,Eastern,2001,0.456,lab,38,1997-2001,actual,0.402,0.085,0.456,,1997
Hastings & Rye,South East,2001,0.471,lab,26,1997-2001,actual,0.366,0.103,0.471,,1997
Havant,South East,2001,0.439,con,53,1997-2001,actual,0.439,0.186,0.335,,1997
Hayes & Harlington,London,2001,0.657,lab,178,1997-2001,actual,0.241,0.06,0.657,,1997
Hazel Grove,North West,2001,0.52,lib,445,1997-2001,actual,0.301,0.52,0.162,,1997
Hemel Hempstead,Eastern,2001,0.466,lab,65,1997-2001,actual,0.385,0.128,0.466,,1997
Hemsworth,Yorkshire and the Humber,2001,0.654,lab,410,1997-2001,actual,0.21,0.113,0.654,,1997
Hendon,London,2001,0.525,lab,179,1997-2001,actual,0.343,0.116,0.525,,1997
Henley,South East,2001,0.461,con,94,1997-2001,actual,0.461,0.27,0.211,,1997
Hereford,West Midlands,2001,0.409,lib,266,1997-2001,actual,0.387,0.409,0.151,,1997
Hertford & Stortford,Eastern,2001,0.447,con,66,1997-2001,actual,0.447,0.199,0.328,,1997
Hertsmere,Eastern,2001,0.478,con,67,1997-2001,actual,0.478,0.152,0.36,,1997
Hexham,North East,2001,0.446,con,515,1997-2001,actual,0.446,0.15,0.386,,1997
Heywood & Middleton,North West,2001,0.577,lab,446,1997-2001,actual,0.276,0.112,0.577,,1997
High Peak,East Midlands,2001,0.466,lab,330,1997-2001,actual,0.373,0.161,0.466,,1997
Hitchin & Harpenden,Eastern,2001,0.473,con,68,1997-2001,actual,0.473,0.18,0.325,,1997
Holborn & St Pancras,London,2001,0.539,lab,180,1997-2001,actual,0.169,0.18,0.539,,1997
Hornchurch,London,2001,0.464,lab,181,1997-2001,actual,0.423,0.082,0.464,,1997
Hornsey & Wood Green,London,2001,0.499,lab,182,1997-2001,actual,0.157,0.258,0.499,,1997
Horsham,South East,2001,0.515,con,115,1997-2001,actual,0.515,0.246,0.202,,1997
Houghton & Washington East,North East,2001,0.732,lab,519,1997-2001,actual,0.143,0.125,0.732,,1997
Hove,South East,2001,0.459,lab,27,1997-2001,actual,0.383,0.091,0.459,,1997
Huddersfield,Yorkshire and the Humber,2001,0.532,lab,411,1997-2001,actual,0.249,0.15,0.532,,1997
Huntingdon,Eastern,2001,0.499,con,119,1997-2001,actual,0.499,0.239,0.228,,1997
Hyndburn,North West,2001,0.547,lab,469,1997-2001,actual,0.332,0.096,0.547,,1997
Ilford North,London,2001,0.458,lab,183,1997-2001,actual,0.405,0.117,0.458,,1997
Ilford South,London,2001,0.596,lab,184,1997-2001,actual,0.257,0.113,0.596,,1997
Inverness East Nairn & Lochaber,Scotland,2001,0.368,lab,619,1997-2001,actual,0.133,0.222,0.368,0.256,1997
Ipswich,Eastern,2001,0.513,lab,135,1997-2001,actual,0.305,0.152,0.513,,1997
Isle Of Wight,South East,2001,0.397,con,75,1997-2001,actual,0.397,0.353,0.152,,1997
Islington North,London,2001,0.619,lab,185,1997-2001,actual,0.108,0.19,0.619,,1997
Islington South & Finsbury,London,2001,0.539,lab,186,1997-2001,actual,0.137,0.281,0.539,,1997
Islwyn,Wales,2001,0.615,lab,542,1997-2001,actual,0.08,0.132,0.615,0.119,1997
Jarrow,North East,2001,0.661,lab,520,1997-2001,actual,0.147,0.15,0.661,,1997
Keighley,Yorkshire and the Humber,2001,0.482,lab,412,1997-2001,actual,0.39,0.109,0.482,,1997
Kensington & Chelsea,London,2001,0.545,con,187,1997-2001,actual,0.545,0.158,0.232,,1997
Kettering,East Midlands,2001,0.447,lab,353,1997-2001,actual,0.435,0.102,0.447,,1997
Kilmarnock & Loudoun,Scotland,2001,0.529,lab,620,1997-2001,actual,0.105,0.084,0.529,0.255,1997
Kingston & Surbiton,London,2001,0.602,lib,188,1997-2001,actual,0.282,0.602,0.088,,1997
Kingston Upon Hull East,Yorkshire and the Humber,2001,0.646,lab,374,1997-2001,actual,0.138,0.149,0.646,,1997
Kingston Upon Hull North,Yorkshire and the Humber,2001,0.572,lab,375,1997-2001,actual,0.171,0.197,0.572,,1997
Kingston Upon Hull West & Hessle,Yorkshire and the Humber,2001,0.584,lab,376,1997-2001,actual,0.205,0.151,0.584,,1997
Kingswood,South West,2001,0.549,lab,219,1997-2001,actual,0.284,0.147,0.549,,1997
Kirkcaldy,Scotland,2001,0.541,lab,621,1997-2001,actual,0.107,0.101,0.541,0.222,1997
Knowsley North & Sefton East,North West,2001,0.667,lab,481,1997-2001,actual,0.163,0.138,0.667,,1997
Knowsley South,North West,2001,0.713,lab,482,1997-2001,actual,0.116,0.13,0.713,,1997
Lancaster & Wyre,North West,2001,0.431,lab,470,1997-2001,actual,0.422,0.103,0.431,,1997
Leeds Central,Yorkshire and the Humber,2001,0.669,lab,413,1997-2001,actual,0.143,0.132,0.669,,1997
Leeds East,Yorkshire and the Humber,2001,0.629,lab,414,1997-2001,actual,0.194,0.135,0.629,,1997
Leeds North East,Yorkshire and the Humber,2001,0.491,lab,415,1997-2001,actual,0.313,0.159,0.491,,1997
Leeds North West,Yorkshire and the Humber,2001,0.419,lab,416,1997-2001,actual,0.296,0.269,0.419,,1997
Leeds West,Yorkshire and the Humber,2001,0.621,lab,417,1997-2001,actual,0.156,0.104,0.621,,1997
Leicester East,East Midlands,2001,0.576,lab,338,1997-2001,actual,0.245,0.123,0.576,,1997
Leicester South,East Midlands,2001,0.545,lab,339,1997-2001,actual,0.231,0.172,0.545,,1997
Leicester West,East Midlands,2001,0.542,lab,340,1997-2001,actual,0.252,0.153,0.542,,1997
Leigh,North West,2001,0.645,lab,447,1997-2001,actual,0.182,0.128,0.645,,1997
Leominster,West Midlands,2001,0.49,con,267,1997-2001,actual,0.49,0.268,0.168,,1997
Lewes,South East,2001,0.563,lib,28,1997-2001,actual,0.349,0.563,0.073,,1997
Lewisham Deptford,London,2001,0.65,lab,189,1997-2001,actual,0.124,0.117,0.65,,1997
Lewisham East,London,2001,0.537,lab,190,1997-2001,actual,0.238,0.164,0.537,,1997
Lewisham West,London,2001,0.611,lab,191,1997-2001,actual,0.224,0.135,0.611,,1997
Leyton & Wanstead,London,2001,0.58,lab,192,1997-2001,actual,0.197,0.16,0.58,,1997
Lichfield,West Midlands,2001,0.491,con,280,1997-2001,actual,0.491,0.107,0.385,,1997
Lincoln,East Midlands,2001,0.539,lab,347,1997-2001,actual,0.312,0.127,0.539,,1997
Linlithgow,Scotland,2001,0.544,lab,622,1997-2001,actual,0.09,0.083,0.544,0.255,1997
Liverpool Garston,North West,2001,0.614,lab,483,1997-2001,actual,0.155,0.231,0.614,,1997
Liverpool Riverside,North West,2001,0.714,lab,484,1997-2001,actual,0.084,0.167,0.714,,1997
Liverpool Walton,North West,2001,0.778,lab,485,1997-2001,actual,0.061,0.146,0.778,,1997
Liverpool Wavertree,North West,2001,0.627,lab,486,1997-2001,actual,0.096,0.244,0.627,,1997
Liverpool West Derby,North West,2001,0.662,lab,487,1997-2001,actual,0.08,0.109,0.662,,1997
Livingston,Scotland,2001,0.53,lab,623,1997-2001,actual,0.083,0.11,0.53,0.236,1997
Llanelli,Wales,2001,0.486,lab,539,1997-2001,actual,0.095,0.085,0.486,0.309,1997
Loughborough,East Midlands,2001,0.497,lab,341,1997-2001,actual,0.353,0.128,0.497,,1997
Louth & Horncastle,East Midlands,2001,0.485,con,348,1997-2001,actual,0.485,0.201,0.315,,1997
Ludlow,West Midlands,2001,0.432,lib,273,1997-2001,actual,0.394,0.432,0.134,,1997
Luton North,Eastern,2001,0.567,lab,2,1997-2001,actual,0.312,0.097,0.567,,1997
Luton South,Eastern,2001,0.552,lab,3,1997-2001,actual,0.294,0.109,0.552,,1997
Macclesfield,North West,2001,0.489,con,430,1997-2001,actual,0.489,0.18,0.331,,1997
Maidenhead,South East,2001,0.45,con,8,1997-2001,actual,0.45,0.374,0.152,,1997
Maidstone & The Weald,South East,2001,0.496,con,85,1997-2001,actual,0.496,0.199,0.27,,1997
Makerfield,North West,2001,0.685,lab,448,1997-2001,actual,0.176,0.114,0.685,,1997
Maldon & East Chelmsford,Eastern,2001,0.492,con,39,1997-2001,actual,0.492,0.159,0.301,,1997
Manchester Blackley,North West,2001,0.689,lab,449,1997-2001,actual,0.144,0.114,0.689,,1997
Manchester Central,North West,2001,0.687,lab,450,1997-2001,actual,0.09,0.157,0.687,,1997
Manchester Gorton,North West,2001,0.628,lab,451,1997-2001,actual,0.099,0.213,0.628,,1997
Manchester Withington,North West,2001,0.549,lab,452,1997-2001,actual,0.153,0.22,0.549,,1997
Mansfield,East Midlands,2001,0.571,lab,361,1997-2001,actual,0.272,0.157,0.571,,1997
Medway,South East,2001,0.49,lab,86,1997-2001,actual,0.392,0.093,0.49,,1997
Meirionnydd Nant Conwy,Wales,2001,0.496,natSW,549,1997-2001,actual,0.188,0.089,0.227,0.496,1997
Meriden,West Midlands,2001,0.477,con,312,1997-2001,actual,0.477,0.111,0.392,,1997
Merthyr Tydfil & Rhymney,Wales,2001,0.618,lab,554,1997-2001,actual,0.072,0.075,0.618,0.147,1997
Mid Bedfordshire,Eastern,2001,0.474,con,4,1997-2001,actual,0.474,0.197,0.301,,1997
Mid Dorset & North Poole,South West,2001,0.42,lib,243,1997-2001,actual,0.411,0.42,0.155,,1997
Mid Norfolk,Eastern,2001,0.448,con,126,1997-2001,actual,0.448,0.145,0.361,,1997
Mid Sussex,South East,2001,0.462,con,116,1997-2001,actual,0.462,0.311,0.19,,1997
Mid Worcestershire,West Midlands,2001,0.511,con,268,1997-2001,actual,0.511,0.188,0.274,,1997
Middlesbrough,North East,2001,0.676,lab,501,1997-2001,actual,0.191,0.104,0.676,,1997
Middlesbrough South & East Cleveland,North East,2001,0.553,lab,502,1997-2001,actual,0.34,0.107,0.553,,1997
Midlothian,Scotland,2001,0.527,lab,624,1997-2001,actual,0.096,0.128,0.527,0.213,1997
Milton Keynes South West,South East,2001,0.495,lab,19,1997-2001,actual,0.342,0.106,0.495,,1997
Mitcham & Morden,London,2001,0.604,lab,193,1997-2001,actual,0.241,0.101,0.604,,1997
Mole Valley,South East,2001,0.505,con,103,1997-2001,actual,0.505,0.29,0.166,,1997
Monmouth,Wales,2001,0.428,lab,543,1997-2001,actual,0.419,0.114,0.428,0.024,1997
Montgomeryshire,Wales,2001,0.494,lib,559,1997-2001,actual,0.279,0.494,0.119,0.068,1997
Moray,Scotland,2001,0.303,natSW,625,1997-2001,actual,0.231,0.157,0.251,0.303,1997
Morecambe And Lunesdale,North West,2001,0.496,lab,471,1997-2001,actual,0.373,0.092,0.496,,1997
Morley & Rothwell,Yorkshire and the Humber,2001,0.57,lab,418,1997-2001,actual,0.256,0.142,0.57,,1997
Motherwell & Wishaw,Scotland,2001,0.562,lab,626,1997-2001,actual,0.106,0.094,0.562,0.193,1997
Neath,Wales,2001,0.607,lab,567,1997-2001,actual,0.095,0.095,0.607,0.184,1997
New Forest East,South East,2001,0.424,con,54,1997-2001,actual,0.424,0.334,0.217,,1997
New Forest West,South East,2001,0.557,con,55,1997-2001,actual,0.557,0.258,0.147,,1997
Newark,East Midlands,2001,0.465,con,362,1997-2001,actual,0.465,0.132,0.375,,1997
Newbury,South East,2001,0.482,lib,9,1997-2001,actual,0.435,0.482,0.069,,1997
Newcastle Upon Tyne Central,North East,2001,0.55,lab,521,1997-2001,actual,0.213,0.217,0.55,,1997
Newcastle Upon Tyne East & Wallsend,North East,2001,0.631,lab,523,1997-2001,actual,0.118,0.196,0.631,,1997
Newcastle Upon Tyne North,North East,2001,0.601,lab,522,1997-2001,actual,0.204,0.194,0.601,,1997
Newcastle-Under-Lyme,West Midlands,2001,0.534,lab,281,1997-2001,actual,0.276,0.155,0.534,,1997
Newport East,Wales,2001,0.547,lab,544,1997-2001,actual,0.232,0.14,0.547,0.049,1997
Newport West,Wales,2001,0.527,lab,545,1997-2001,actual,0.262,0.117,0.527,0.072,1997
Normanton,Yorkshire and the Humber,2001,0.561,lab,419,1997-2001,actual,0.27,0.146,0.561,,1997
North Cornwall,South West,2001,0.52,lib,225,1997-2001,actual,0.338,0.52,0.097,,1997
North Devon,South West,2001,0.442,lib,231,1997-2001,actual,0.382,0.442,0.101,,1997
North Dorset,South West,2001,0.467,con,244,1997-2001,actual,0.467,0.387,0.112,,1997
North Durham,North East,2001,0.672,lab,510,1997-2001,actual,0.188,0.14,0.672,,1997
North East Bedfordshire,Eastern,2001,0.499,con,5,1997-2001,actual,0.499,0.164,0.31,,1997
North East Cambridgeshire,Eastern,2001,0.481,con,120,1997-2001,actual,0.481,0.14,0.349,,1997
North East Derbyshire,East Midlands,2001,0.556,lab,331,1997-2001,actual,0.265,0.178,0.556,,1997
North East Fife,Scotland,2001,0.517,lib,627,1997-2001,actual,0.236,0.517,0.114,0.104,1997
North East Hampshire,South East,2001,0.532,con,56,1997-2001,actual,0.532,0.23,0.199,,1997
North East Hertfordshire,Eastern,2001,0.441,con,69,1997-2001,actual,0.441,0.172,0.364,,1997
North East Milton Keynes,South East,2001,0.42,lab,20,1997-2001,actual,0.381,0.178,0.42,,1997
North Essex,Eastern,2001,0.474,con,40,1997-2001,actual,0.474,0.175,0.315,,1997
North Norfolk,Eastern,2001,0.427,lib,127,1997-2001,actual,0.418,0.427,0.133,,1997
North Shropshire,West Midlands,2001,0.486,con,274,1997-2001,actual,0.486,0.128,0.352,,1997
North Southwark & Bermondsey,London,2001,0.569,lib,194,1997-2001,actual,0.076,0.569,0.308,,1997
North Swindon,South West,2001,0.529,lab,260,1997-2001,actual,0.337,0.116,0.529,,1997
North Tayside,Scotland,2001,0.401,natSW,628,1997-2001,actual,0.316,0.113,0.148,0.401,1997
North Thanet,South East,2001,0.503,con,87,1997-2001,actual,0.503,0.11,0.344,,1997
North Tyneside,North East,2001,0.695,lab,524,1997-2001,actual,0.146,0.124,0.695,,1997
North Warwickshire,West Midlands,2001,0.541,lab,290,1997-2001,actual,0.324,0.114,0.541,,1997
North West Cambridgeshire,Eastern,2001,0.498,con,121,1997-2001,actual,0.498,0.158,0.314,,1997
North West Durham,North East,2001,0.625,lab,511,1997-2001,actual,0.209,0.149,0.625,,1997
North West Hampshire,South East,2001,0.501,con,57,1997-2001,actual,0.501,0.212,0.254,,1997
North West Leicestershire,East Midlands,2001,0.521,lab,342,1997-2001,actual,0.339,0.103,0.521,,1997
North West Norfolk,Eastern,2001,0.485,con,128,1997-2001,actual,0.485,0.084,0.417,,1997
North Wiltshire,South West,2001,0.455,con,261,1997-2001,actual,0.455,0.382,0.143,,1997
Northampton North,East Midlands,2001,0.494,lab,354,1997-2001,actual,0.304,0.177,0.494,,1997
Northampton South,East Midlands,2001,0.429,lab,355,1997-2001,actual,0.411,0.125,0.429,,1997
Northavon,South West,2001,0.524,lib,220,1997-2001,actual,0.347,0.524,0.116,,1997
Norwich North,Eastern,2001,0.474,lab,129,1997-2001,actual,0.346,0.148,0.474,,1997
Norwich South,Eastern,2001,0.455,lab,130,1997-2001,actual,0.248,0.226,0.455,,1997
Nottingham East,East Midlands,2001,0.59,lab,363,1997-2001,actual,0.243,0.13,0.59,,1997
Nottingham North,East Midlands,2001,0.645,lab,364,1997-2001,actual,0.238,0.106,0.645,,1997
Nottingham South,East Midlands,2001,0.545,lab,365,1997-2001,actual,0.272,0.166,0.545,,1997
Nuneaton,West Midlands,2001,0.521,lab,291,1997-2001,actual,0.347,0.111,0.521,,1997
Ochil,Scotland,2001,0.453,lab,629,1997-2001,actual,0.12,0.092,0.453,0.302,1997
Ogmore,Wales,2001,0.62,lab,555,1997-2001,actual,0.111,0.128,0.62,0.14,1997
Old Bexley & Sidcup,London,2001,0.454,con,195,1997-2001,actual,0.454,0.137,0.375,,1997
Oldham East & Saddleworth,North West,2001,0.386,lab,453,1997-2001,actual,0.161,0.326,0.386,,1997
Oldham West & Royton,North West,2001,0.512,lab,454,1997-2001,actual,0.177,0.124,0.512,,1997
Orkney And Shetland,Scotland,2001,0.413,lib,630,1997-2001,actual,0.187,0.413,0.206,0.148,1997
Orpington,London,2001,0.439,con,196,1997-2001,actual,0.439,0.433,0.108,,1997
Oxford East,South East,2001,0.494,lab,95,1997-2001,actual,0.187,0.234,0.494,,1997
Oxford West & Abingdon,South East,2001,0.478,lib,96,1997-2001,actual,0.3,0.478,0.177,,1997
Paisley North,Scotland,2001,0.555,lab,631,1997-2001,actual,0.089,0.1,0.555,0.211,1997
Paisley South,Scotland,2001,0.584,lab,632,1997-2001,actual,0.075,0.104,0.584,0.194,1997
Pendle,North West,2001,0.446,lab,472,1997-2001,actual,0.339,0.138,0.446,,1997
Penrith & The Border,North West,2001,0.549,con,497,1997-2001,actual,0.549,0.218,0.185,,1997
Perth,Scotland,2001,0.297,natSW,633,1997-2001,actual,0.296,0.128,0.255,0.297,1997
Peterborough,Eastern,2001,0.451,lab,122,1997-2001,actual,0.38,0.145,0.451,,1997
Plymouth Devonport,South West,2001,0.583,lab,232,1997-2001,actual,0.271,0.108,0.583,,1997
Plymouth Sutton,South West,2001,0.507,lab,233,1997-2001,actual,0.315,0.143,0.507,,1997
Pontefract & Castleford,Yorkshire and the Humber,2001,0.697,lab,420,1997-2001,actual,0.176,0.074,0.697,,1997
Pontypridd,Wales,2001,0.599,lab,556,1997-2001,actual,0.133,0.108,0.599,0.138,1997
Poole,South West,2001,0.451,con,245,1997-2001,actual,0.451,0.255,0.269,,1997
Poplar & Canning Town,London,2001,0.612,lab,197,1997-2001,actual,0.198,0.111,0.612,,1997
Portsmouth North,South East,2001,0.507,lab,58,1997-2001,actual,0.367,0.103,0.507,,1997
Portsmouth South,South East,2001,0.446,lib,59,1997-2001,actual,0.291,0.446,0.239,,1997
Preseli Pembrokeshire,Wales,2001,0.413,lab,540,1997-2001,actual,0.333,0.106,0.413,0.127,1997
Preston,North West,2001,0.57,lab,473,1997-2001,actual,0.23,0.132,0.57,,1997
Pudsey,Yorkshire and the Humber,2001,0.481,lab,421,1997-2001,actual,0.356,0.142,0.481,,1997
Putney,London,2001,0.465,lab,198,1997-2001,actual,0.384,0.136,0.465,,1997
Rayleigh,Eastern,2001,0.501,con,41,1997-2001,actual,0.501,0.155,0.307,,1997
Reading East,South East,2001,0.448,lab,10,1997-2001,actual,0.32,0.185,0.448,,1997
Reading West,South East,2001,0.531,lab,11,1997-2001,actual,0.32,0.128,0.531,,1997
Redcar,North East,2001,0.603,lab,503,1997-2001,actual,0.251,0.126,0.603,,1997
Redditch,West Midlands,2001,0.456,lab,269,1997-2001,actual,0.389,0.103,0.456,,1997
Regent'S Park & Kensington North,London,2001,0.546,lab,199,1997-2001,actual,0.269,0.126,0.546,,1997
Reigate,South East,2001,0.478,con,104,1997-2001,actual,0.478,0.211,0.275,,1997
Rhondda,Wales,2001,0.683,lab,557,1997-2001,actual,0.046,0.045,0.683,0.211,1997
Ribble Valley,North West,2001,0.515,con,474,1997-2001,actual,0.515,0.286,0.199,,1997
Richmond,Yorkshire and the Humber,2001,0.589,con,379,1997-2001,actual,0.589,0.179,0.219,,1997
Richmond Park,London,2001,0.477,lib,200,1997-2001,actual,0.376,0.477,0.113,,1997
Rochdale,North West,2001,0.492,lab,455,1997-2001,actual,0.134,0.349,0.492,,1997
Rochford & Southend East,Eastern,2001,0.536,con,42,1997-2001,actual,0.536,0.074,0.348,,1997
Romford,London,2001,0.53,con,201,1997-2001,actual,0.53,0.08,0.363,,1997
Romsey,South East,2001,0.47,lib,60,1997-2001,actual,0.421,0.47,0.082,,1997
Ross Skye & Inverness West,Scotland,2001,0.541,lib,634,1997-2001,actual,0.089,0.541,0.169,0.141,1997
Rossendale & Darwen,North West,2001,0.487,lab,475,1997-2001,actual,0.367,0.146,0.487,,1997
Rother Valley,Yorkshire and the Humber,2001,0.621,lab,392,1997-2001,actual,0.217,0.125,0.621,,1997
Rotherham,Yorkshire and the Humber,2001,0.639,lab,393,1997-2001,actual,0.194,0.106,0.639,,1997
Roxburgh & Berwickshire,Scotland,2001,0.488,lib,635,1997-2001,actual,0.227,0.488,0.156,0.097,1997
Rugby & Kenilworth,West Midlands,2001,0.45,lab,292,1997-2001,actual,0.397,0.138,0.45,,1997
Ruislip Northwood,London,2001,0.488,con,202,1997-2001,actual,0.488,0.193,0.285,,1997
Runnymede & Weybridge,South East,2001,0.487,con,105,1997-2001,actual,0.487,0.163,0.29,,1997
Rushcliffe,East Midlands,2001,0.475,con,366,1997-2001,actual,0.475,0.136,0.34,,1997
Rutland & Melton,East Midlands,2001,0.481,con,343,1997-2001,actual,0.481,0.178,0.298,,1997
Ryedale,Yorkshire and the Humber,2001,0.472,con,380,1997-2001,actual,0.472,0.361,0.147,,1997
Saffron Walden,Eastern,2001,0.489,con,43,1997-2001,actual,0.489,0.249,0.226,,1997
Salford,North West,2001,0.651,lab,456,1997-2001,actual,0.153,0.162,0.651,,1997
Salisbury,South West,2001,0.466,con,262,1997-2001,actual,0.466,0.301,0.175,,1997
Scarborough And Whitby,Yorkshire and the Humber,2001,0.472,lab,381,1997-2001,actual,0.396,0.084,0.472,,1997
Scunthorpe,Yorkshire and the Humber,2001,0.598,lab,377,1997-2001,actual,0.289,0.094,0.598,,1997
Sedgefield,North East,2001,0.649,lab,512,1997-2001,actual,0.209,0.09,0.649,,1997
Selby,Yorkshire and the Humber,2001,0.451,lab,382,1997-2001,actual,0.408,0.111,0.451,,1997
Sevenoaks,South East,2001,0.494,con,88,1997-2001,actual,0.494,0.216,0.256,,1997
Sheffield Attercliffe,Yorkshire and the Humber,2001,0.678,lab,394,1997-2001,actual,0.152,0.142,0.678,,1997
Sheffield Brightside,Yorkshire and the Humber,2001,0.769,lab,395,1997-2001,actual,0.102,0.088,0.769,,1997
Sheffield Central,Yorkshire and the Humber,2001,0.614,lab,396,1997-2001,actual,0.109,0.197,0.614,,1997
Sheffield Hallam,Yorkshire and the Humber,2001,0.554,lib,397,1997-2001,actual,0.31,0.554,0.124,,1997
Sheffield Heeley,Yorkshire and the Humber,2001,0.57,lab,398,1997-2001,actual,0.142,0.227,0.57,,1997
Sheffield Hillsborough,Yorkshire and the Humber,2001,0.568,lab,399,1997-2001,actual,0.183,0.226,0.568,,1997
Sherwood,East Midlands,2001,0.542,lab,367,1997-2001,actual,0.338,0.119,0.542,,1997
Shipley,Yorkshire and the Humber,2001,0.44,lab,422,1997-2001,actual,0.409,0.109,0.44,,1997
Shrewsbury & Atcham,West Midlands,2001,0.446,lab,275,1997-2001,actual,0.374,0.124,0.446,,1997
Sittingbourne & Sheppey,South East,2001,0.458,lab,89,1997-2001,actual,0.365,0.141,0.458,,1997
Skipton & Ripon,Yorkshire and the Humber,2001,0.524,con,383,1997-2001,actual,0.524,0.261,0.174,,1997
Sleaford & North Hykeham,East Midlands,2001,0.497,con,349,1997-2001,actual,0.497,0.162,0.32,,1997
Slough,South East,2001,0.583,lab,12,1997-2001,actual,0.262,0.105,0.583,,1997
Solihull,West Midlands,2001,0.454,con,313,1997-2001,actual,0.454,0.26,0.256,,1997
Somerton & Frome,South West,2001,0.436,lib,255,1997-2001,actual,0.424,0.436,0.116,,1997
South Cambridgeshire,Eastern,2001,0.442,con,123,1997-2001,actual,0.442,0.269,0.243,,1997
South Derbyshire,East Midlands,2001,0.507,lab,332,1997-2001,actual,0.356,0.101,0.507,,1997
South Dorset,South West,2001,0.42,lab,246,1997-2001,actual,0.416,0.144,0.42,,1997
South East Cambridgeshire,Eastern,2001,0.442,con,124,1997-2001,actual,0.442,0.269,0.264,,1997
South East Cornwall,South West,2001,0.459,lib,226,1997-2001,actual,0.355,0.459,0.124,,1997
South Holland & The Deepings,East Midlands,2001,0.554,con,350,1997-2001,actual,0.554,0.103,0.314,,1997
South Norfolk,Eastern,2001,0.422,con,131,1997-2001,actual,0.422,0.299,0.245,,1997
South Ribble,North West,2001,0.464,lab,476,1997-2001,actual,0.381,0.155,0.464,,1997
South Shields,North East,2001,0.632,lab,525,1997-2001,actual,0.169,0.168,0.632,,1997
South Staffordshire,West Midlands,2001,0.505,con,282,1997-2001,actual,0.505,0.116,0.342,,1997
South Suffolk,Eastern,2001,0.414,con,136,1997-2001,actual,0.414,0.249,0.302,,1997
South Swindon,South West,2001,0.513,lab,263,1997-2001,actual,0.344,0.119,0.513,,1997
South Thanet,South East,2001,0.457,lab,90,1997-2001,actual,0.411,0.094,0.457,,1997
South West Bedfordshire,Eastern,2001,0.421,con,6,1997-2001,actual,0.421,0.148,0.404,,1997
South West Devon,South West,2001,0.468,con,234,1997-2001,actual,0.468,0.184,0.316,,1997
South West Hertfordshire,Eastern,2001,0.443,con,70,1997-2001,actual,0.443,0.263,0.27,,1997
South West Norfolk,Eastern,2001,0.522,con,132,1997-2001,actual,0.522,0.107,0.345,,1997
South West Surrey,South East,2001,0.453,con,106,1997-2001,actual,0.453,0.436,0.087,,1997
Southampton Itchen,South East,2001,0.545,lab,61,1997-2001,actual,0.274,0.15,0.545,,1997
Southampton Test,South East,2001,0.525,lab,62,1997-2001,actual,0.255,0.181,0.525,,1997
Southend West,Eastern,2001,0.463,con,44,1997-2001,actual,0.463,0.249,0.251,,1997
Southport,North West,2001,0.438,lib,488,1997-2001,actual,0.365,0.438,0.166,,1997
Spelthorne,South East,2001,0.451,con,107,1997-2001,actual,0.451,0.147,0.373,,1997
St Albans,Eastern,2001,0.454,lab,71,1997-2001,actual,0.352,0.179,0.454,,1997
St Helens North,North West,2001,0.611,lab,489,1997-2001,actual,0.188,0.176,0.611,,1997
St Helens South,North West,2001,0.497,lab,490,1997-2001,actual,0.138,0.231,0.497,,1997
St Ives,South West,2001,0.516,lib,227,1997-2001,actual,0.312,0.516,0.133,,1997
Stafford,West Midlands,2001,0.48,lab,283,1997-2001,actual,0.366,0.095,0.48,,1997
Staffordshire Moorlands,West Midlands,2001,0.49,lab,284,1997-2001,actual,0.353,0.139,0.49,,1997
Stalybridge And Hyde,North West,2001,0.555,lab,457,1997-2001,actual,0.278,0.135,0.555,,1997
Stevenage,Eastern,2001,0.519,lab,72,1997-2001,actual,0.317,0.142,0.519,,1997
Stirling,Scotland,2001,0.422,lab,636,1997-2001,actual,0.248,0.117,0.422,0.164,1997
Stockport,North West,2001,0.586,lab,458,1997-2001,actual,0.259,0.155,0.586,,1997
Stockton North,North East,2001,0.634,lab,504,1997-2001,actual,0.221,0.119,0.634,,1997
Stockton South,North East,2001,0.53,lab,505,1997-2001,actual,0.324,0.136,0.53,,1997
Stoke-On-Trent Central,West Midlands,2001,0.606,lab,285,1997-2001,actual,0.189,0.146,0.606,,1997
Stoke-On-Trent North,West Midlands,2001,0.58,lab,286,1997-2001,actual,0.188,0.119,0.58,,1997
Stoke-On-Trent South,West Midlands,2001,0.538,lab,287,1997-2001,actual,0.246,0.131,0.538,,1997
Stone,West Midlands,2001,0.491,con,288,1997-2001,actual,0.491,0.151,0.358,,1997
Stourbridge,West Midlands,2001,0.471,lab,314,1997-2001,actual,0.376,0.121,0.471,,1997
Stratford-On-Avon,West Midlands,2001,0.503,con,293,1997-2001,actual,0.503,0.288,0.167,,1997
Strathkelvin & Bearsden,Scotland,2001,0.464,lab,637,1997-2001,actual,0.16,0.182,0.464,0.161,1997
Streatham,London,2001,0.573,lab,203,1997-2001,actual,0.178,0.181,0.573,,1997
Stretford & Urmston,North West,2001,0.611,lab,459,1997-2001,actual,0.271,0.1,0.611,,1997
Stroud,South West,2001,0.466,lab,252,1997-2001,actual,0.374,0.109,0.466,,1997
Suffolk Coastal,Eastern,2001,0.433,con,137,1997-2001,actual,0.433,0.182,0.348,,1997
Sunderland North,North East,2001,0.627,lab,526,1997-2001,actual,0.179,0.121,0.627,,1997
Sunderland South,North East,2001,0.639,lab,527,1997-2001,actual,0.201,0.118,0.639,,1997
Surrey Heath,South East,2001,0.497,con,108,1997-2001,actual,0.497,0.257,0.214,,1997
Sutton And Cheam,London,2001,0.488,lib,204,1997-2001,actual,0.38,0.488,0.132,,1997
Sutton Coldfield,West Midlands,2001,0.504,con,315,1997-2001,actual,0.504,0.19,0.272,,1997
Swansea East,Wales,2001,0.652,lab,568,1997-2001,actual,0.101,0.102,0.652,0.115,1997
Swansea West,Wales,2001,0.487,lab,569,1997-2001,actual,0.19,0.166,0.487,0.106,1997
Tamworth,West Midlands,2001,0.49,lab,289,1997-2001,actual,0.376,0.117,0.49,,1997
Tatton,North West,2001,0.481,con,431,1997-2001,actual,0.481,0.186,0.273,,1997
Taunton,South West,2001,0.417,con,256,1997-2001,actual,0.417,0.413,0.149,,1997
Teignbridge,South West,2001,0.444,lib,235,1997-2001,actual,0.393,0.444,0.124,,1997
Telford,West Midlands,2001,0.546,lab,276,1997-2001,actual,0.274,0.129,0.546,,1997
Tewkesbury,South West,2001,0.461,con,253,1997-2001,actual,0.461,0.262,0.269,,1997
Thurrock,Eastern,2001,0.565,lab,45,1997-2001,actual,0.298,0.103,0.565,,1997
Tiverton & Honiton,South West,2001,0.471,con,236,1997-2001,actual,0.471,0.358,0.119,,1997
Tonbridge & Malling,South East,2001,0.494,con,91,1997-2001,actual,0.494,0.179,0.299,,1997
Tooting,London,2001,0.541,lab,205,1997-2001,actual,0.264,0.149,0.541,,1997
Torbay,South West,2001,0.505,lib,237,1997-2001,actual,0.364,0.505,0.094,,1997
Torfaen,Wales,2001,0.621,lab,546,1997-2001,actual,0.159,0.112,0.621,0.077,1997
Torridge & West Devon,South West,2001,0.422,lib,238,1997-2001,actual,0.4,0.422,0.107,,1997
Totnes,South West,2001,0.445,con,239,1997-2001,actual,0.445,0.372,0.122,,1997
Tottenham,London,2001,0.675,lab,206,1997-2001,actual,0.139,0.095,0.675,,1997
Truro & St Austell,South West,2001,0.483,lib,228,1997-2001,actual,0.323,0.483,0.137,,1997
Tunbridge Wells,South East,2001,0.489,con,92,1997-2001,actual,0.489,0.247,0.232,,1997
Tweeddale Ettrick & Lauderdale,Scotland,2001,0.423,lib,638,1997-2001,actual,0.154,0.423,0.267,0.124,1997
Twickenham,London,2001,0.487,lib,207,1997-2001,actual,0.334,0.487,0.138,,1997
Tyne Bridge,North East,2001,0.705,lab,528,1997-2001,actual,0.133,0.123,0.705,,1997
Tynemouth,North East,2001,0.532,lab,529,1997-2001,actual,0.335,0.116,0.532,,1997
Upminster,London,2001,0.455,con,208,1997-2001,actual,0.455,0.094,0.419,,1997
Uxbridge,London,2001,0.471,con,209,1997-2001,actual,0.471,0.103,0.409,,1997
Vale Of Clwyd,Wales,2001,0.5,lab,534,1997-2001,actual,0.322,0.095,0.5,0.071,1997
Vale Of Glamorgan,Wales,2001,0.454,lab,564,1997-2001,actual,0.35,0.122,0.454,0.063,1997
Vale Of York,Yorkshire and the Humber,2001,0.516,con,384,1997-2001,actual,0.516,0.202,0.258,,1997
Vauxhall,London,2001,0.591,lab,210,1997-2001,actual,0.134,0.201,0.591,,1997
Wakefield,Yorkshire and the Humber,2001,0.499,lab,423,1997-2001,actual,0.306,0.124,0.499,,1997
Wallasey,North West,2001,0.608,lab,491,1997-2001,actual,0.28,0.112,0.608,,1997
Walsall North,West Midlands,2001,0.581,lab,316,1997-2001,actual,0.291,0.09,0.581,,1997
Walsall South,West Midlands,2001,0.59,lab,317,1997-2001,actual,0.305,0.068,0.59,,1997
Walthamstow,London,2001,0.622,lab,211,1997-2001,actual,0.181,0.146,0.622,,1997
Wansbeck,North East,2001,0.578,lab,516,1997-2001,actual,0.128,0.228,0.578,,1997
Wansdyke,South West,2001,0.468,lab,221,1997-2001,actual,0.355,0.144,0.468,,1997
Wantage,South East,2001,0.396,con,97,1997-2001,actual,0.396,0.28,0.282,,1997
Warley,West Midlands,2001,0.605,lab,318,1997-2001,actual,0.228,0.106,0.605,,1997
Warrington North,North West,2001,0.617,lab,432,1997-2001,actual,0.228,0.134,0.617,,1997
Warrington South,North West,2001,0.493,lab,433,1997-2001,actual,0.33,0.163,0.493,,1997
Warwick And Leamington,West Midlands,2001,0.488,lab,294,1997-2001,actual,0.376,0.111,0.488,,1997
Watford,Eastern,2001,0.453,lab,73,1997-2001,actual,0.333,0.174,0.453,,1997
Waveney,Eastern,2001,0.507,lab,138,1997-2001,actual,0.326,0.114,0.507,,1997
Wealden,South East,2001,0.498,con,29,1997-2001,actual,0.498,0.237,0.203,,1997
Weaver Vale,North West,2001,0.525,lab,434,1997-2001,actual,0.279,0.144,0.525,,1997
Wellingborough,East Midlands,2001,0.468,lab,356,1997-2001,actual,0.422,0.093,0.468,,1997
Wells,South West,2001,0.438,con,257,1997-2001,actual,0.438,0.383,0.154,,1997
Welwyn Hatfield,Eastern,2001,0.432,lab,74,1997-2001,actual,0.404,0.141,0.432,,1997
Wentworth,Yorkshire and the Humber,2001,0.675,lab,400,1997-2001,actual,0.188,0.108,0.675,,1997
West Aberdeenshire & Kincardine,Scotland,2001,0.435,lib,639,1997-2001,actual,0.308,0.435,0.123,0.122,1997
West Bromwich East,West Midlands,2001,0.559,lab,319,1997-2001,actual,0.26,0.138,0.559,,1997
West Bromwich West,West Midlands,2001,0.608,lab,320,1997-2001,actual,0.251,0.068,0.608,,1997
West Chelmsford,Eastern,2001,0.425,con,46,1997-2001,actual,0.425,0.233,0.295,,1997
West Derbyshire,East Midlands,2001,0.48,con,333,1997-2001,actual,0.48,0.157,0.334,,1997
West Dorset,South West,2001,0.446,con,247,1997-2001,actual,0.446,0.418,0.136,,1997
West Ham,London,2001,0.699,lab,212,1997-2001,actual,0.164,0.074,0.699,,1997
West Lancashire,North West,2001,0.545,lab,477,1997-2001,actual,0.32,0.116,0.545,,1997
West Renfrewshire,Scotland,2001,0.469,lab,640,1997-2001,actual,0.165,0.125,0.469,0.213,1997
West Suffolk,Eastern,2001,0.476,con,139,1997-2001,actual,0.476,0.118,0.375,,1997
West Worcestershire,West Midlands,2001,0.46,con,270,1997-2001,actual,0.46,0.34,0.14,,1997
Westbury,South West,2001,0.421,con,264,1997-2001,actual,0.421,0.316,0.214,,1997
Western Isles,Scotland,2001,0.45,lab,641,1997-2001,actual,0.095,0.065,0.45,0.369,1997
Westmorland & Lonsdale,North West,2001,0.469,con,498,1997-2001,actual,0.469,0.404,0.109,,1997
Weston Super Mare,South West,2001,0.395,lib,222,1997-2001,actual,0.387,0.395,0.198,,1997
Wigan,North West,2001,0.617,lab,460,1997-2001,actual,0.208,0.148,0.617,,1997
Wimbledon,London,2001,0.457,lab,213,1997-2001,actual,0.366,0.13,0.457,,1997
Winchester,South East,2001,0.546,lib,63,1997-2001,actual,0.383,0.546,0.059,,1997
Windsor,South East,2001,0.473,con,13,1997-2001,actual,0.473,0.261,0.241,,1997
Wirral South,North West,2001,0.474,lab,492,1997-2001,actual,0.348,0.178,0.474,,1997
Wirral West,North West,2001,0.472,lab,493,1997-2001,actual,0.372,0.156,0.472,,1997
Witney,South East,2001,0.45,con,98,1997-2001,actual,0.45,0.203,0.288,,1997
Woking,South East,2001,0.46,con,109,1997-2001,actual,0.46,0.303,0.203,,1997
Wokingham,South East,2001,0.461,con,14,1997-2001,actual,0.461,0.324,0.174,,1997
Wolverhampton North East,West Midlands,2001,0.603,lab,321,1997-2001,actual,0.286,0.079,0.603,,1997
Wolverhampton South East,West Midlands,2001,0.674,lab,322,1997-2001,actual,0.218,0.088,0.674,,1997
Wolverhampton South West,West Midlands,2001,0.483,lab,323,1997-2001,actual,0.397,0.084,0.483,,1997
Woodspring,South West,2001,0.437,con,223,1997-2001,actual,0.437,0.242,0.256,,1997
Worcester,West Midlands,2001,0.486,lab,271,1997-2001,actual,0.355,0.126,0.486,,1997
Workington,North West,2001,0.555,lab,499,1997-2001,actual,0.296,0.125,0.555,,1997
Worsley,North West,2001,0.571,lab,461,1997-2001,actual,0.238,0.175,0.571,,1997
Worthing West,South East,2001,0.475,con,117,1997-2001,actual,0.475,0.265,0.215,,1997
Wrekin The,West Midlands,2001,0.471,lab,277,1997-2001,actual,0.384,0.114,0.471,,1997
Wrexham,Wales,2001,0.53,lab,535,1997-2001,actual,0.225,0.171,0.53,0.059,1997
Wycombe,South East,2001,0.424,con,21,1997-2001,actual,0.424,0.17,0.353,,1997
Wyre Forest,West Midlands,2001,0.588,oth,272,1997-2001,actual,0.191,,0.221,,1997
Wythenshawe & Sale East,North West,2001,0.6,lab,462,1997-2001,actual,0.24,0.123,0.6,,1997
Yeovil,South West,2001,0.442,lib,258,1997-2001,actual,0.36,0.442,0.147,,1997
Ynys-Mon,Wales,2001,0.35,lab,550,1997-2001,actual,0.225,0.081,0.35,0.326,1997
York City Of,Yorkshire and the Humber,2001,0.523,lab,385,1997-2001,actual,0.235,0.178,0.523,,1997
Aberavon,Wales,2005,0.6,lab,565,2005,actual,0.102,0.138,0.6,0.118,2001_notional
Aberdeen North,Scotland,2005,0.425,lab,S14000001,2005,actual,0.094,0.239,0.425,0.223,2001_notional
Aberdeen South,Scotland,2005,0.367,lab,S14000002,2005,actual,0.171,0.335,0.367,0.099,2001_notional
Airdrie & Shotts,Scotland,2005,0.59,lab,S14000003,2005,actual,0.099,0.114,0.59,0.165,2001_notional
Aldershot,South East,2005,0.427,con,47,2005,actual,0.427,0.317,0.206,,2001_notional
Aldridge-Brownhills,West Midlands,2005,0.474,con,295,2005,actual,0.474,0.123,0.335,,2001_notional
Altrincham & Sale West,North West,2005,0.464,con,435,2005,actual,0.464,0.217,0.303,,2001_notional
Alyn & Deeside,Wales,2005,0.488,lab,530,2005,actual,0.252,0.174,0.488,0.037,2001_notional
Amber Valley,East Midlands,2005,0.456,lab,324,2005,actual,0.344,0.131,0.456,,2001_notional
Angus,Scotland,2005,0.337,natSW,S14000004,2005,actual,0.295,0.175,0.18,0.337,2001_notional
Argyll & Bute,Scotland,2005,0.366,lib,S14000005,2005,actual,0.234,0.366,0.224,0.155,2001_notional
Arundel & South Downs,South East,2005,0.498,con,110,2005,actual,0.498,0.271,0.171,,2001_notional
Ashfield,East Midlands,2005,0.486,lab,357,2005,actual,0.243,0.139,0.486,,2001_notional
Ashford,South East,2005,0.516,con,76,2005,actual,0.516,0.161,0.258,,2001_notional
Ashton Under Lyne,North West,2005,0.574,lab,436,2005,actual,0.196,0.138,0.574,,2001_notional
Aylesbury,South East,2005,0.491,con,15,2005,actual,0.491,0.276,0.185,,2001_notional
Ayr Carrick & Cumnock,Scotland,2005,0.454,lab,S14000006,2005,actual,0.232,0.141,0.454,0.132,2001_notional
Banbury,South East,2005,0.469,con,93,2005,actual,0.469,0.179,0.277,,2001_notional
Banff & Buchan,Scotland,2005,0.512,natSW,S14000007,2005,actual,0.194,0.133,0.12,0.512,2001_notional
Barking,London,2005,0.475,lab,140,2005,actual,0.17,0.117,0.475,,2001_notional
Barnsley Central,Yorkshire and the Humber,2005,0.611,lab,386,2005,actual,0.133,0.166,0.611,,2001_notional
Barnsley East & Mexborough,Yorkshire and the Humber,2005,0.629,lab,387,2005,actual,0.147,0.201,0.629,,2001_notional
Barnsley West & Penistone,Yorkshire and the Humber,2005,0.553,lab,388,2005,actual,0.246,0.201,0.553,,2001_notional
Barrow & Furness,North West,2005,0.476,lab,494,2005,actual,0.31,0.168,0.476,,2001_notional
Basildon,Eastern,2005,0.434,lab,30,2005,actual,0.361,0.104,0.434,,2001_notional
Basingstoke,South East,2005,0.415,con,48,2005,actual,0.415,0.207,0.317,,2001_notional
Bassetlaw,East Midlands,2005,0.566,lab,358,2005,actual,0.298,0.136,0.566,,2001_notional
Bath,South West,2005,0.439,lib,214,2005,actual,0.337,0.439,0.148,,2001_notional
Batley & Spen,Yorkshire and the Humber,2005,0.458,lab,401,2005,actual,0.311,0.146,0.458,,2001_notional
Battersea,London,2005,0.404,lab,141,2005,actual,0.4,0.146,0.404,,2001_notional
Beaconsfield,South East,2005,0.554,con,16,2005,actual,0.554,0.204,0.194,,2001_notional
Beckenham,London,2005,0.453,con,142,2005,actual,0.453,0.222,0.281,,2001_notional
Bedford,Eastern,2005,0.417,lab,1,2005,actual,0.337,0.215,0.417,,2001_notional
Berwickshire Roxburgh & Selkirk,Scotland,2005,0.418,lib,S14000008,2005,actual,0.288,0.418,0.159,0.086,2001_notional
Berwick-Upon-Tweed,North East,2005,0.528,lib,513,2005,actual,0.289,0.528,0.183,,2001_notional
Bethnal Green & Bow,London,2005,0.406,oth,143,2005,actual,0.142,0.112,0.34,,2001_notional
Beverley & Holderness,Yorkshire and the Humber,2005,0.407,con,368,2005,actual,0.407,0.191,0.356,,2001_notional
Bexhill & Battle,South East,2005,0.526,con,22,2005,actual,0.526,0.239,0.181,,2001_notional
Bexleyheath & Crayford,London,2005,0.463,con,144,2005,actual,0.463,0.121,0.356,,2001_notional
Billericay,Eastern,2005,0.522,con,31,2005,actual,0.522,0.132,0.292,,2001_notional
Birkenhead,North West,2005,0.65,lab,478,2005,actual,0.166,0.184,0.65,,2001_notional
Birmingham Edgbaston,West Midlands,2005,0.438,lab,296,2005,actual,0.375,0.138,0.438,,2001_notional
Birmingham Erdington,West Midlands,2005,0.53,lab,297,2005,actual,0.228,0.158,0.53,,2001_notional
Birmingham Hall Green,West Midlands,2005,0.472,lab,298,2005,actual,0.307,0.193,0.472,,2001_notional
Birmingham Hodge Hill,West Midlands,2005,0.486,lab,299,2005,actual,0.133,0.295,0.486,,2001_notional
Birmingham Ladywood,West Midlands,2005,0.519,lab,300,2005,actual,0.106,0.315,0.519,,2001_notional
Birmingham Northfield,West Midlands,2005,0.496,lab,301,2005,actual,0.289,0.134,0.496,,2001_notional
Birmingham Perry Barr,West Midlands,2005,0.47,lab,302,2005,actual,0.167,0.265,0.47,,2001_notional
Birmingham Selly Oak,West Midlands,2005,0.461,lab,303,2005,actual,0.249,0.23,0.461,,2001_notional
Birmingham Sparkbrook & Small Heath,West Midlands,2005,0.361,lab,304,2005,actual,0.091,0.202,0.361,,2001_notional
Birmingham Yardley,West Midlands,2005,0.464,lib,305,2005,actual,0.101,0.464,0.373,,2001_notional
Bishop Auckland,North East,2005,0.5,lab,506,2005,actual,0.229,0.237,0.5,,2001_notional
Blaby,East Midlands,2005,0.455,con,334,2005,actual,0.455,0.19,0.296,,2001_notional
Blackburn,North West,2005,0.42,lab,463,2005,actual,0.229,0.206,0.42,,2001_notional
Blackpool North & Fleetwood,North West,2005,0.476,lab,464,2005,actual,0.359,0.128,0.476,,2001_notional
Blackpool South,North West,2005,0.505,lab,465,2005,actual,0.299,0.145,0.505,,2001_notional
Blaenau Gwent,Wales,2005,0.587,oth,541,2005,actual,0.023,0.043,0.323,0.02,2001_notional
Blaydon,North East,2005,0.515,lab,517,2005,actual,0.08,0.379,0.515,,2001_notional
Blyth Valley,North East,2005,0.55,lab,514,2005,actual,0.139,0.311,0.55,,2001_notional
Bognor Regis & Littlehampton,South East,2005,0.446,con,111,2005,actual,0.446,0.219,0.254,,2001_notional
Bolsover,East Midlands,2005,0.652,lab,325,2005,actual,0.173,0.175,0.652,,2001_notional
Bolton North East,North West,2005,0.457,lab,437,2005,actual,0.346,0.164,0.457,,2001_notional
Bolton South East,North West,2005,0.569,lab,438,2005,actual,0.204,0.19,0.569,,2001_notional
Bolton West,North West,2005,0.425,lab,439,2005,actual,0.374,0.179,0.425,,2001_notional
Bootle,North West,2005,0.755,lab,479,2005,actual,0.062,0.117,0.755,,2001_notional
Boston & Skegness,East Midlands,2005,0.462,con,344,2005,actual,0.462,0.087,0.321,,2001_notional
Bosworth,East Midlands,2005,0.426,con,335,2005,actual,0.426,0.222,0.314,,2001_notional
Bournemouth East,South West,2005,0.45,con,240,2005,actual,0.45,0.311,0.191,,2001_notional
Bournemouth West,South West,2005,0.414,con,241,2005,actual,0.414,0.296,0.231,,2001_notional
Bracknell,South East,2005,0.497,con,7,2005,actual,0.497,0.198,0.262,,2001_notional
Bradford North,Yorkshire and the Humber,2005,0.425,lab,402,2005,actual,0.162,0.323,0.425,,2001_notional
Bradford South,Yorkshire and the Humber,2005,0.49,lab,403,2005,actual,0.24,0.146,0.49,,2001_notional
Bradford West,Yorkshire and the Humber,2005,0.401,lab,404,2005,actual,0.317,0.182,0.401,,2001_notional
Braintree,Eastern,2005,0.445,con,32,2005,actual,0.445,0.133,0.371,,2001_notional
Brecon & Radnorshire,Wales,2005,0.448,lib,558,2005,actual,0.346,0.448,0.15,0.037,2001_notional
Brent East,London,2005,0.475,lib,145,2005,actual,0.103,0.475,0.388,,2001_notional
Brent North,London,2005,0.488,lab,146,2005,actual,0.33,0.159,0.488,,2001_notional
Brent South,London,2005,0.588,lab,147,2005,actual,0.151,0.207,0.588,,2001_notional
Brentford & Isleworth,London,2005,0.398,lab,148,2005,actual,0.302,0.228,0.398,,2001_notional
Brentwood & Ongar,Eastern,2005,0.535,con,33,2005,actual,0.535,0.272,0.149,,2001_notional
Bridgend,Wales,2005,0.433,lab,551,2005,actual,0.261,0.21,0.433,0.067,2001_notional
Bridgwater,South West,2005,0.441,con,254,2005,actual,0.441,0.227,0.265,,2001_notional
Brigg & Goole,Yorkshire and the Humber,2005,0.452,lab,369,2005,actual,0.384,0.134,0.452,,2001_notional
Brighton Kemptown,South East,2005,0.399,lab,23,2005,actual,0.33,0.165,0.399,,2001_notional
Brighton Pavilion,South East,2005,0.354,lab,24,2005,actual,0.239,0.165,0.354,,2001_notional
Bristol East,South West,2005,0.459,lab,215,2005,actual,0.211,0.252,0.459,,2001_notional
Bristol North West,South West,2005,0.467,lab,216,2005,actual,0.279,0.201,0.467,,2001_notional
Bristol South,South West,2005,0.491,lab,217,2005,actual,0.2,0.228,0.491,,2001_notional
Bristol West,South West,2005,0.383,lib,218,2005,actual,0.269,0.383,0.294,,2001_notional
Bromley & Chislehurst,London,2005,0.511,con,149,2005,actual,0.511,0.203,0.222,,2001_notional
Bromsgrove,West Midlands,2005,0.51,con,265,2005,actual,0.51,0.151,0.299,,2001_notional
Broxbourne,Eastern,2005,0.538,con,64,2005,actual,0.538,0.122,0.255,,2001_notional
Broxtowe,East Midlands,2005,0.419,lab,359,2005,actual,0.372,0.161,0.419,,2001_notional
Buckingham,South East,2005,0.574,con,17,2005,actual,0.574,0.197,0.199,,2001_notional
Burnley,North West,2005,0.385,lab,466,2005,actual,0.108,0.237,0.385,,2001_notional
Burton,West Midlands,2005,0.411,lab,278,2005,actual,0.382,0.13,0.411,,2001_notional
Bury North,North West,2005,0.43,lab,440,2005,actual,0.365,0.147,0.43,,2001_notional
Bury South,North West,2005,0.504,lab,441,2005,actual,0.277,0.178,0.504,,2001_notional
Bury St Edmunds,Eastern,2005,0.462,con,133,2005,actual,0.462,0.198,0.274,,2001_notional
Caernarfon,Wales,2005,0.455,natSW,547,2005,actual,0.124,0.125,0.269,0.455,2001_notional
Caerphilly,Wales,2005,0.566,lab,552,2005,actual,0.146,0.098,0.566,0.174,2001_notional
Caithness Sutherland & Easter Ross,Scotland,2005,0.505,lib,S14000009,2005,actual,0.102,0.505,0.209,0.133,2001_notional
Calder Valley,Yorkshire and the Humber,2005,0.386,lab,405,2005,actual,0.357,0.189,0.386,,2001_notional
Camberwell & Peckham,London,2005,0.653,lab,150,2005,actual,0.098,0.188,0.653,,2001_notional
Cambridge,Eastern,2005,0.44,lib,118,2005,actual,0.165,0.44,0.34,,2001_notional
Cannock Chase,West Midlands,2005,0.513,lab,279,2005,actual,0.299,0.138,0.513,,2001_notional
Canterbury,South East,2005,0.444,con,77,2005,actual,0.444,0.211,0.287,,2001_notional
Cardiff Central,Wales,2005,0.498,lib,560,2005,actual,0.092,0.498,0.343,0.035,2001_notional
Cardiff North,Wales,2005,0.39,lab,561,2005,actual,0.365,0.187,0.39,0.043,2001_notional
Cardiff South & Penarth,Wales,2005,0.473,lab,562,2005,actual,0.222,0.204,0.473,0.055,2001_notional
Cardiff West,Wales,2005,0.455,lab,563,2005,actual,0.219,0.175,0.455,0.125,2001_notional
Carlisle,North West,2005,0.481,lab,495,2005,actual,0.32,0.167,0.481,,2001_notional
Carmarthen East & Dinefwr,Wales,2005,0.459,natSW,536,2005,actual,0.137,0.097,0.283,0.459,2001_notional
Carmarthen West & South Pembrokeshire,Wales,2005,0.369,lab,537,2005,actual,0.318,0.143,0.369,0.147,2001_notional
Carshalton & Wallington,London,2005,0.403,lib,151,2005,actual,0.378,0.403,0.172,,2001_notional
Castle Point,Eastern,2005,0.483,con,34,2005,actual,0.483,0.103,0.304,,2001_notional
Central Ayrshire,Scotland,2005,0.464,lab,S14000010,2005,actual,0.221,0.161,0.464,0.116,2001_notional
Central Suffolk & North Ipswich,Eastern,2005,0.439,con,134,2005,actual,0.439,0.211,0.285,,2001_notional
Ceredigion,Wales,2005,0.365,lib,538,2005,actual,0.124,0.365,0.121,0.359,2001_notional
Charnwood,East Midlands,2005,0.466,con,336,2005,actual,0.466,0.179,0.292,,2001_notional
Chatham & Aylesford,South East,2005,0.437,lab,78,2005,actual,0.382,0.137,0.437,,2001_notional
Cheadle,North West,2005,0.489,lib,442,2005,actual,0.404,0.489,0.088,,2001_notional
Cheltenham,South West,2005,0.415,lib,248,2005,actual,0.363,0.415,0.114,,2001_notional
Chesham & Amersham,South East,2005,0.544,con,18,2005,actual,0.544,0.251,0.14,,2001_notional
City Of Chester,North West,2005,0.389,lab,424,2005,actual,0.368,0.219,0.389,,2001_notional
Chesterfield,East Midlands,2005,0.473,lib,326,2005,actual,0.082,0.473,0.404,,2001_notional
Chichester,South East,2005,0.483,con,112,2005,actual,0.483,0.276,0.184,,2001_notional
Chingford & Woodford Green,London,2005,0.532,con,152,2005,actual,0.532,0.177,0.257,,2001_notional
Chipping Barnet,London,2005,0.466,con,153,2005,actual,0.466,0.157,0.325,,2001_notional
Chorley,North West,2005,0.507,lab,467,2005,actual,0.353,0.14,0.507,,2001_notional
Christchurch,South West,2005,0.547,con,242,2005,actual,0.547,0.245,0.156,,2001_notional
Cities Of London And Westminster,London,2005,0.473,con,154,2005,actual,0.473,0.2,0.251,,2001_notional
Cleethorpes,Yorkshire and the Humber,2005,0.433,lab,370,2005,actual,0.373,0.148,0.433,,2001_notional
Clwyd South,Wales,2005,0.45,lab,531,2005,actual,0.257,0.155,0.45,0.094,2001_notional
Clwyd West,Wales,2005,0.362,con,532,2005,actual,0.362,0.133,0.359,0.109,2001_notional
Coatbridge Chryston & Bellshill,Scotland,2005,0.645,lab,S14000011,2005,actual,0.072,0.12,0.645,0.136,2001_notional
Colchester,Eastern,2005,0.471,lib,35,2005,actual,0.331,0.471,0.198,,2001_notional
Colne Valley,Yorkshire and the Humber,2005,0.358,lab,406,2005,actual,0.328,0.242,0.358,,2001_notional
Congleton,North West,2005,0.454,con,425,2005,actual,0.454,0.269,0.277,,2001_notional
Conwy,Wales,2005,0.371,lab,548,2005,actual,0.279,0.2,0.371,0.111,2001_notional
Copeland,North West,2005,0.505,lab,496,2005,actual,0.317,0.115,0.505,,2001_notional
Corby,East Midlands,2005,0.438,lab,351,2005,actual,0.406,0.13,0.438,,2001_notional
Cotswold,South West,2005,0.493,con,249,2005,actual,0.493,0.288,0.179,,2001_notional
Coventry North East,West Midlands,2005,0.569,lab,306,2005,actual,0.187,0.165,0.569,,2001_notional
Coventry North West,West Midlands,2005,0.482,lab,307,2005,actual,0.268,0.183,0.482,,2001_notional
Coventry South,West Midlands,2005,0.458,lab,308,2005,actual,0.305,0.178,0.458,,2001_notional
Crawley,South East,2005,0.391,lab,113,2005,actual,0.39,0.155,0.391,,2001_notional
Crewe & Nantwich,North West,2005,0.488,lab,426,2005,actual,0.326,0.186,0.488,,2001_notional
Crosby,North West,2005,0.482,lab,480,2005,actual,0.321,0.174,0.482,,2001_notional
Croydon Central,London,2005,0.408,con,155,2005,actual,0.408,0.13,0.406,,2001_notional
Croydon North,London,2005,0.537,lab,156,2005,actual,0.22,0.172,0.537,,2001_notional
Croydon South,London,2005,0.518,con,157,2005,actual,0.518,0.206,0.241,,2001_notional
Cumbernauld Kilsyth & Kirkintilloch East,Scotland,2005,0.518,lab,S14000012,2005,actual,0.07,0.149,0.518,0.222,2001_notional
Cynon Valley,Wales,2005,0.641,lab,553,2005,actual,0.077,0.112,0.641,0.143,2001_notional
Dagenham,London,2005,0.501,lab,158,2005,actual,0.254,0.101,0.501,,2001_notional
Darlington,North East,2005,0.524,lab,507,2005,actual,0.26,0.185,0.524,,2001_notional
Dartford,South East,2005,0.426,lab,79,2005,actual,0.411,0.108,0.426,,2001_notional
Daventry,East Midlands,2005,0.516,con,352,2005,actual,0.516,0.165,0.273,,2001_notional
Delyn,Wales,2005,0.457,lab,533,2005,actual,0.262,0.179,0.457,0.074,2001_notional
Denton & Reddish,North West,2005,0.574,lab,443,2005,actual,0.193,0.164,0.574,,2001_notional
Derby North,East Midlands,2005,0.44,lab,327,2005,actual,0.354,0.165,0.44,,2001_notional
Derby South,East Midlands,2005,0.454,lab,328,2005,actual,0.189,0.323,0.454,,2001_notional
Devizes,South West,2005,0.485,con,259,2005,actual,0.485,0.25,0.223,,2001_notional
Dewsbury,Yorkshire and the Humber,2005,0.41,lab,407,2005,actual,0.29,0.146,0.41,,2001_notional
Don Valley,Yorkshire and the Humber,2005,0.527,lab,389,2005,actual,0.294,0.18,0.527,,2001_notional
Doncaster Central,Yorkshire and the Humber,2005,0.513,lab,390,2005,actual,0.189,0.228,0.513,,2001_notional
Doncaster North,Yorkshire and the Humber,2005,0.555,lab,391,2005,actual,0.154,0.12,0.555,,2001_notional
Dover,South East,2005,0.453,lab,80,2005,actual,0.35,0.159,0.453,,2001_notional
Dudley North,West Midlands,2005,0.442,lab,309,2005,actual,0.311,0.103,0.442,,2001_notional
Dudley South,West Midlands,2005,0.453,lab,310,2005,actual,0.345,0.122,0.453,,2001_notional
Dulwich & West Norwood,London,2005,0.454,lab,159,2005,actual,0.219,0.244,0.454,,2001_notional
Dumfries & Galloway,Scotland,2005,0.411,lab,S14000013,2005,actual,0.354,0.084,0.411,0.121,2001_notional
Dumfriesshire Clydesdale & Tweeddale,Scotland,2005,0.362,con,S14000014,2005,actual,0.362,0.203,0.323,0.091,2001_notional
Dundee East,Scotland,2005,0.372,natSW,S14000015,2005,actual,0.128,0.114,0.362,0.372,2001_notional
Dundee West,Scotland,2005,0.446,lab,S14000016,2005,actual,0.083,0.144,0.446,0.3,2001_notional
Dunfermline And West Fife,Scotland,2005,0.474,lab,S14000017,2005,actual,0.103,0.202,0.474,0.189,2001_notional
Durham City Of,North East,2005,0.472,lab,508,2005,actual,0.094,0.398,0.472,,2001_notional
Ealing Acton & Shepherd'S Bush,London,2005,0.418,lab,162,2005,actual,0.279,0.252,0.418,,2001_notional
Ealing North,London,2005,0.451,lab,161,2005,actual,0.299,0.197,0.451,,2001_notional
Ealing Southall,London,2005,0.488,lab,160,2005,actual,0.216,0.244,0.488,,2001_notional
Easington,North East,2005,0.714,lab,509,2005,actual,0.107,0.129,0.714,,2001_notional
East Devon,South West,2005,0.469,con,229,2005,actual,0.469,0.307,0.154,,2001_notional
East Dunbartonshire,Scotland,2005,0.418,lib,S14000018,2005,actual,0.165,0.418,0.331,0.058,2001_notional
East Ham,London,2005,0.539,lab,163,2005,actual,0.131,0.109,0.539,,2001_notional
East Hampshire,South East,2005,0.457,con,49,2005,actual,0.457,0.353,0.16,,2001_notional
East Kilbride Strathaven & Lesmahagow,Scotland,2005,0.487,lab,S14000019,2005,actual,0.1,0.166,0.487,0.179,2001_notional
East Lothian,Scotland,2005,0.415,lab,S14000020,2005,actual,0.16,0.248,0.415,0.131,2001_notional
East Renfrewshire,Scotland,2005,0.439,lab,S14000021,2005,actual,0.299,0.183,0.439,0.068,2001_notional
East Surrey,South East,2005,0.562,con,99,2005,actual,0.562,0.238,0.148,,2001_notional
East Worthing & Shoreham,South East,2005,0.439,con,114,2005,actual,0.439,0.243,0.255,,2001_notional
East Yorkshire,Yorkshire and the Humber,2005,0.452,con,371,2005,actual,0.452,0.193,0.318,,2001_notional
Eastbourne,South East,2005,0.435,con,25,2005,actual,0.435,0.411,0.109,,2001_notional
Eastleigh,South East,2005,0.386,lib,50,2005,actual,0.375,0.386,0.206,,2001_notional
Eccles,North West,2005,0.569,lab,444,2005,actual,0.197,0.186,0.569,,2001_notional
Eddisbury,North West,2005,0.464,con,427,2005,actual,0.464,0.179,0.328,,2001_notional
Edinburgh East,Scotland,2005,0.4,lab,S14000022,2005,actual,0.103,0.244,0.4,0.17,2001_notional
Edinburgh North & Leith,Scotland,2005,0.342,lab,S14000023,2005,actual,0.187,0.292,0.342,0.102,2001_notional
Edinburgh South,Scotland,2005,0.332,lab,S14000024,2005,actual,0.241,0.323,0.332,0.062,2001_notional
Edinburgh South West,Scotland,2005,0.398,lab,S14000025,2005,actual,0.233,0.211,0.398,0.106,2001_notional
Edinburgh West,Scotland,2005,0.495,lib,S14000026,2005,actual,0.195,0.495,0.186,0.091,2001_notional
Edmonton,London,2005,0.532,lab,164,2005,actual,0.299,0.12,0.532,,2001_notional
Ellesmere Port & Neston,North West,2005,0.484,lab,428,2005,actual,0.33,0.157,0.484,,2001_notional
Elmet,Yorkshire and the Humber,2005,0.472,lab,408,2005,actual,0.376,0.126,0.472,,2001_notional
Eltham,London,2005,0.436,lab,165,2005,actual,0.343,0.161,0.436,,2001_notional
Enfield North,London,2005,0.443,lab,166,2005,actual,0.396,0.114,0.443,,2001_notional
Enfield Southgate,London,2005,0.446,con,167,2005,actual,0.446,0.112,0.405,,2001_notional
Epping Forest,Eastern,2005,0.53,con,36,2005,actual,0.53,0.185,0.21,,2001_notional
Epsom & Ewell,South East,2005,0.544,con,100,2005,actual,0.544,0.214,0.206,,2001_notional
Erewash,East Midlands,2005,0.445,lab,329,2005,actual,0.304,0.14,0.445,,2001_notional
Erith & Thamesmead,London,2005,0.544,lab,168,2005,actual,0.239,0.135,0.544,,2001_notional
Esher & Walton,South East,2005,0.457,con,101,2005,actual,0.457,0.296,0.194,,2001_notional
Exeter,South West,2005,0.411,lab,230,2005,actual,0.272,0.206,0.411,,2001_notional
Falkirk,Scotland,2005,0.509,lab,S14000028,2005,actual,0.099,0.16,0.509,0.214,2001_notional
Falmouth & Camborne,South West,2005,0.349,lib,224,2005,actual,0.263,0.349,0.31,,2001_notional
Fareham,South East,2005,0.497,con,51,2005,actual,0.497,0.217,0.256,,2001_notional
Faversham & Mid Kent,South East,2005,0.497,con,81,2005,actual,0.497,0.165,0.297,,2001_notional
Feltham & Heston,London,2005,0.476,lab,169,2005,actual,0.293,0.166,0.476,,2001_notional
Finchley & Golders Green,London,2005,0.405,lab,170,2005,actual,0.388,0.169,0.405,,2001_notional
Folkestone & Hythe,South East,2005,0.539,con,82,2005,actual,0.539,0.299,0.125,,2001_notional
Forest Of Dean,South West,2005,0.409,con,250,2005,actual,0.409,0.172,0.366,,2001_notional
Fylde,North West,2005,0.534,con,468,2005,actual,0.534,0.17,0.26,,2001_notional
Gainsborough,East Midlands,2005,0.439,con,345,2005,actual,0.439,0.264,0.257,,2001_notional
Gateshead East & Washington West,North East,2005,0.606,lab,518,2005,actual,0.139,0.219,0.606,,2001_notional
Gedling,East Midlands,2005,0.461,lab,360,2005,actual,0.375,0.138,0.461,,2001_notional
Gillingham,South East,2005,0.412,lab,83,2005,actual,0.407,0.149,0.412,,2001_notional
Glasgow Central,Scotland,2005,0.482,lab,S14000029,2005,actual,0.063,0.178,0.482,0.148,2001_notional
Glasgow East,Scotland,2005,0.607,lab,S14000030,2005,actual,0.069,0.118,0.607,0.17,2001_notional
Glasgow North,Scotland,2005,0.394,lab,S14000031,2005,actual,0.087,0.274,0.394,0.129,2001_notional
Glasgow North East,Scotland,2005,0.823,oth,S14000032,2005,actual,,,,0.177,2001_notional
Glasgow North West,Scotland,2005,0.492,lab,S14000033,2005,actual,0.096,0.195,0.492,0.137,2001_notional
Glasgow South,Scotland,2005,0.472,lab,S14000034,2005,actual,0.126,0.19,0.472,0.126,2001_notional
Glasgow South West,Scotland,2005,0.602,lab,S14000035,2005,actual,0.058,0.116,0.602,0.154,2001_notional
Glenrothes,Scotland,2005,0.519,lab,S14000036,2005,actual,0.071,0.127,0.519,0.234,2001_notional
Gloucester,South West,2005,0.447,lab,251,2005,actual,0.364,0.151,0.447,,2001_notional
Gordon,Scotland,2005,0.45,lib,S14000037,2005,actual,0.176,0.45,0.202,0.16,2001_notional
Gosport,South East,2005,0.448,con,52,2005,actual,0.448,0.166,0.315,,2001_notional
Gower,Wales,2005,0.425,lab,566,2005,actual,0.255,0.184,0.425,0.078,2001_notional
Grantham & Stamford,East Midlands,2005,0.469,con,346,2005,actual,0.469,0.166,0.311,,2001_notional
Gravesham,South East,2005,0.437,con,84,2005,actual,0.437,0.107,0.422,,2001_notional
Great Grimsby,Yorkshire and the Humber,2005,0.471,lab,372,2005,actual,0.238,0.193,0.471,,2001_notional
Great Yarmouth,Eastern,2005,0.456,lab,125,2005,actual,0.382,0.111,0.456,,2001_notional
Greenwich & Woolwich,London,2005,0.492,lab,171,2005,actual,0.201,0.207,0.492,,2001_notional
Guildford,South East,2005,0.438,con,102,2005,actual,0.438,0.431,0.098,,2001_notional
Hackney North & Stoke Newington,London,2005,0.486,lab,172,2005,actual,0.144,0.233,0.486,,2001_notional
Hackney South & Shoreditch,London,2005,0.529,lab,173,2005,actual,0.14,0.212,0.529,,2001_notional
Halesowen & Rowley Regis,West Midlands,2005,0.466,lab,311,2005,actual,0.361,0.126,0.466,,2001_notional
Halifax,Yorkshire and the Humber,2005,0.418,lab,409,2005,actual,0.332,0.179,0.418,,2001_notional
Haltemprice & Howden,Yorkshire and the Humber,2005,0.475,con,373,2005,actual,0.475,0.368,0.127,,2001_notional
Halton,North West,2005,0.628,lab,429,2005,actual,0.201,0.172,0.628,,2001_notional
Hammersmith & Fulham,London,2005,0.454,con,174,2005,actual,0.454,0.144,0.352,,2001_notional
Hampstead & Highgate,London,2005,0.383,lab,175,2005,actual,0.285,0.27,0.383,,2001_notional
Harborough,East Midlands,2005,0.429,con,337,2005,actual,0.429,0.347,0.192,,2001_notional
Harlow,Eastern,2005,0.414,lab,37,2005,actual,0.412,0.126,0.414,,2001_notional
Harrogate & Knaresborough,Yorkshire and the Humber,2005,0.563,lib,378,2005,actual,0.319,0.563,0.085,,2001_notional
Harrow East,London,2005,0.461,lab,176,2005,actual,0.368,0.152,0.461,,2001_notional
Harrow West,London,2005,0.425,lab,177,2005,actual,0.383,0.171,0.425,,2001_notional
Hartlepool,North East,2005,0.515,lab,500,2005,actual,0.115,0.304,0.515,,2001_notional
Harwich,Eastern,2005,0.421,con,38,2005,actual,0.421,0.117,0.403,,2001_notional
Hastings & Rye,South East,2005,0.421,lab,26,2005,actual,0.374,0.151,0.421,,2001_notional
Havant,South East,2005,0.444,con,53,2005,actual,0.444,0.202,0.287,,2001_notional
Hayes & Harlington,London,2005,0.587,lab,178,2005,actual,0.252,0.098,0.587,,2001_notional
Hazel Grove,North West,2005,0.495,lib,445,2005,actual,0.297,0.495,0.175,,2001_notional
Hemel Hempstead,Eastern,2005,0.403,con,65,2005,actual,0.403,0.172,0.393,,2001_notional
Hemsworth,Yorkshire and the Humber,2005,0.588,lab,410,2005,actual,0.221,0.157,0.588,,2001_notional
Hendon,London,2005,0.444,lab,179,2005,actual,0.38,0.139,0.444,,2001_notional
Henley,South East,2005,0.535,con,94,2005,actual,0.535,0.26,0.147,,2001_notional
Hereford,West Midlands,2005,0.433,lib,266,2005,actual,0.412,0.433,0.102,,2001_notional
Hertford & Stortford,Eastern,2005,0.505,con,66,2005,actual,0.505,0.184,0.241,,2001_notional
Hertsmere,Eastern,2005,0.532,con,67,2005,actual,0.532,0.184,0.272,,2001_notional
Hexham,North East,2005,0.424,con,515,2005,actual,0.424,0.257,0.303,,2001_notional
Heywood & Middleton,North West,2005,0.498,lab,446,2005,actual,0.214,0.186,0.498,,2001_notional
High Peak,East Midlands,2005,0.396,lab,330,2005,actual,0.382,0.2,0.396,,2001_notional
Hitchin & Harpenden,Eastern,2005,0.499,con,68,2005,actual,0.499,0.258,0.222,,2001_notional
Holborn & St Pancras,London,2005,0.432,lab,180,2005,actual,0.189,0.293,0.432,,2001_notional
Hornchurch,London,2005,0.428,con,181,2005,actual,0.428,0.076,0.416,,2001_notional
Hornsey & Wood Green,London,2005,0.433,lib,182,2005,actual,0.127,0.433,0.383,,2001_notional
Horsham,South East,2005,0.5,con,115,2005,actual,0.5,0.268,0.171,,2001_notional
Houghton & Washington East,North East,2005,0.643,lab,519,2005,actual,0.138,0.18,0.643,,2001_notional
Hove,South East,2005,0.375,lab,27,2005,actual,0.365,0.179,0.375,,2001_notional
Huddersfield,Yorkshire and the Humber,2005,0.468,lab,411,2005,actual,0.217,0.229,0.468,,2001_notional
Huntingdon,Eastern,2005,0.508,con,119,2005,actual,0.508,0.263,0.187,,2001_notional
Hyndburn,North West,2005,0.46,lab,469,2005,actual,0.318,0.141,0.46,,2001_notional
Ilford North,London,2005,0.437,con,183,2005,actual,0.437,0.137,0.398,,2001_notional
Ilford South,London,2005,0.489,lab,184,2005,actual,0.272,0.205,0.489,,2001_notional
Inverclyde,Scotland,2005,0.507,lab,S14000038,2005,actual,0.102,0.17,0.507,0.196,2001_notional
Inverness Nairn Badenoch & Strathspey,Scotland,2005,0.403,lib,S14000039,2005,actual,0.103,0.403,0.309,0.135,2001_notional
Ipswich,Eastern,2005,0.438,lab,135,2005,actual,0.311,0.202,0.438,,2001_notional
Isle Of Wight,South East,2005,0.489,con,75,2005,actual,0.489,0.295,0.172,,2001_notional
Islington North,London,2005,0.512,lab,185,2005,actual,0.119,0.299,0.512,,2001_notional
Islington South & Finsbury,London,2005,0.399,lab,186,2005,actual,0.148,0.383,0.399,,2001_notional
Islwyn,Wales,2005,0.638,lab,542,2005,actual,0.109,0.125,0.638,0.128,2001_notional
Jarrow,North East,2005,0.605,lab,520,2005,actual,0.141,0.196,0.605,,2001_notional
Keighley,Yorkshire and the Humber,2005,0.447,lab,412,2005,actual,0.343,0.118,0.447,,2001_notional
Kensington & Chelsea,London,2005,0.579,con,187,2005,actual,0.579,0.183,0.176,,2001_notional
Kettering,East Midlands,2005,0.456,con,353,2005,actual,0.456,0.124,0.397,,2001_notional
Kilmarnock & Loudoun,Scotland,2005,0.473,lab,S14000040,2005,actual,0.113,0.111,0.473,0.277,2001_notional
Kingston & Surbiton,London,2005,0.51,lib,188,2005,actual,0.33,0.51,0.132,,2001_notional
Kingston Upon Hull East,Yorkshire and the Humber,2005,0.566,lab,374,2005,actual,0.133,0.188,0.566,,2001_notional
Kingston Upon Hull North,Yorkshire and the Humber,2005,0.519,lab,375,2005,actual,0.129,0.271,0.519,,2001_notional
Kingston Upon Hull West & Hessle,Yorkshire and the Humber,2005,0.55,lab,376,2005,actual,0.207,0.21,0.55,,2001_notional
Kingswood,South West,2005,0.47,lab,219,2005,actual,0.331,0.161,0.47,,2001_notional
Kirkcaldy & Cowdenbeath,Scotland,2005,0.581,lab,S14000041,2005,actual,0.103,0.13,0.581,0.145,2001_notional
Knowsley North & Sefton East,North West,2005,0.633,lab,481,2005,actual,0.137,0.194,0.633,,2001_notional
Knowsley South,North West,2005,0.681,lab,482,2005,actual,0.123,0.196,0.681,,2001_notional
Lanark & Hamilton East,Scotland,2005,0.46,lab,S14000042,2005,actual,0.128,0.186,0.46,0.178,2001_notional
Lancaster & Wyre,North West,2005,0.428,con,470,2005,actual,0.428,0.162,0.348,,2001_notional
Leeds Central,Yorkshire and the Humber,2005,0.6,lab,413,2005,actual,0.132,0.194,0.6,,2001_notional
Leeds East,Yorkshire and the Humber,2005,0.592,lab,414,2005,actual,0.185,0.207,0.592,,2001_notional
Leeds North East,Yorkshire and the Humber,2005,0.449,lab,415,2005,actual,0.322,0.203,0.449,,2001_notional
Leeds North West,Yorkshire and the Humber,2005,0.372,lib,416,2005,actual,0.257,0.372,0.33,,2001_notional
Leeds West,Yorkshire and the Humber,2005,0.555,lab,417,2005,actual,0.143,0.175,0.555,,2001_notional
Leicester East,East Midlands,2005,0.581,lab,338,2005,actual,0.197,0.171,0.581,,2001_notional
Leicester South,East Midlands,2005,0.393,lab,339,2005,actual,0.178,0.306,0.393,,2001_notional
Leicester West,East Midlands,2005,0.517,lab,340,2005,actual,0.244,0.175,0.517,,2001_notional
Leigh,North West,2005,0.633,lab,447,2005,actual,0.16,0.136,0.633,,2001_notional
Leominster,West Midlands,2005,0.521,con,267,2005,actual,0.521,0.25,0.152,,2001_notional
Lewes,South East,2005,0.524,lib,28,2005,actual,0.342,0.524,0.09,,2001_notional
Lewisham Deptford,London,2005,0.556,lab,191,2005,actual,0.124,0.168,0.556,,2001_notional
Lewisham East,London,2005,0.458,lab,189,2005,actual,0.241,0.218,0.458,,2001_notional
Lewisham West,London,2005,0.52,lab,190,2005,actual,0.2,0.209,0.52,,2001_notional
Leyton & Wanstead,London,2005,0.458,lab,192,2005,actual,0.222,0.252,0.458,,2001_notional
Lichfield,West Midlands,2005,0.486,con,280,2005,actual,0.486,0.156,0.324,,2001_notional
Lincoln,East Midlands,2005,0.454,lab,347,2005,actual,0.329,0.182,0.454,,2001_notional
Linlithgow And East Falkirk,Scotland,2005,0.477,lab,S14000043,2005,actual,0.118,0.153,0.477,0.235,2001_notional
Liverpool Garston,North West,2005,0.54,lab,483,2005,actual,0.098,0.335,0.54,,2001_notional
Liverpool Riverside,North West,2005,0.576,lab,484,2005,actual,0.091,0.248,0.576,,2001_notional
Liverpool Walton,North West,2005,0.728,lab,485,2005,actual,0.059,0.156,0.728,,2001_notional
Liverpool Wavertree,North West,2005,0.524,lab,486,2005,actual,0.066,0.377,0.524,,2001_notional
Liverpool West Derby,North West,2005,0.628,lab,487,2005,actual,0.084,0.129,0.628,,2001_notional
Livingston,Scotland,2005,0.511,lab,S14000044,2005,actual,0.101,0.154,0.511,0.216,2001_notional
Llanelli,Wales,2005,0.469,lab,539,2005,actual,0.137,0.129,0.469,0.265,2001_notional
Loughborough,East Midlands,2005,0.414,lab,341,2005,actual,0.371,0.179,0.414,,2001_notional
Louth & Horncastle,East Midlands,2005,0.466,con,348,2005,actual,0.466,0.203,0.254,,2001_notional
Ludlow,West Midlands,2005,0.451,con,273,2005,actual,0.451,0.407,0.107,,2001_notional
Luton North,Eastern,2005,0.487,lab,2,2005,actual,0.321,0.155,0.487,,2001_notional
Luton South,Eastern,2005,0.427,lab,3,2005,actual,0.282,0.226,0.427,,2001_notional
Macclesfield,North West,2005,0.496,con,430,2005,actual,0.496,0.195,0.29,,2001_notional
Maidenhead,South East,2005,0.508,con,8,2005,actual,0.508,0.373,0.09,,2001_notional
Maidstone & The Weald,South East,2005,0.527,con,85,2005,actual,0.527,0.222,0.222,,2001_notional
Makerfield,North West,2005,0.632,lab,448,2005,actual,0.122,0.106,0.632,,2001_notional
Maldon & East Chelmsford,Eastern,2005,0.515,con,39,2005,actual,0.515,0.201,0.242,,2001_notional
Manchester Blackley,North West,2005,0.623,lab,449,2005,actual,0.134,0.187,0.623,,2001_notional
Manchester Central,North West,2005,0.581,lab,450,2005,actual,0.086,0.247,0.581,,2001_notional
Manchester Gorton,North West,2005,0.532,lab,451,2005,actual,0.098,0.332,0.532,,2001_notional
Manchester Withington,North West,2005,0.424,lib,452,2005,actual,0.105,0.424,0.406,,2001_notional
Mansfield,East Midlands,2005,0.481,lab,361,2005,actual,0.184,0.139,0.481,,2001_notional
Medway,South East,2005,0.422,lab,86,2005,actual,0.417,0.125,0.422,,2001_notional
Meirionnydd Nant Conwy,Wales,2005,0.513,natSW,549,2005,actual,0.165,0.106,0.193,0.513,2001_notional
Meriden,West Midlands,2005,0.482,con,312,2005,actual,0.482,0.153,0.331,,2001_notional
Merthyr Tydfil & Rhymney,Wales,2005,0.605,lab,554,2005,actual,0.089,0.14,0.605,0.099,2001_notional
Mid Bedfordshire,Eastern,2005,0.463,con,4,2005,actual,0.463,0.238,0.225,,2001_notional
Mid Dorset & North Poole,South West,2005,0.487,lib,243,2005,actual,0.366,0.487,0.116,,2001_notional
Mid Norfolk,Eastern,2005,0.431,con,126,2005,actual,0.431,0.237,0.292,,2001_notional
Mid Sussex,South East,2005,0.48,con,116,2005,actual,0.48,0.361,0.127,,2001_notional
Mid Worcestershire,West Midlands,2005,0.515,con,268,2005,actual,0.515,0.204,0.238,,2001_notional
Middlesbrough,North East,2005,0.578,lab,501,2005,actual,0.164,0.187,0.578,,2001_notional
Middlesbrough South & East Cleveland,North East,2005,0.502,lab,502,2005,actual,0.319,0.138,0.502,,2001_notional
Midlothian,Scotland,2005,0.455,lab,S14000045,2005,actual,0.094,0.262,0.455,0.17,2001_notional
Milton Keynes South West,South East,2005,0.424,lab,19,2005,actual,0.342,0.161,0.424,,2001_notional
Mitcham & Morden,London,2005,0.564,lab,193,2005,actual,0.249,0.14,0.564,,2001_notional
Mole Valley,South East,2005,0.548,con,103,2005,actual,0.548,0.305,0.107,,2001_notional
Monmouth,Wales,2005,0.469,con,543,2005,actual,0.469,0.128,0.37,0.022,2001_notional
Montgomeryshire,Wales,2005,0.512,lib,559,2005,actual,0.274,0.512,0.115,0.069,2001_notional
Moray,Scotland,2005,0.366,natSW,S14000046,2005,actual,0.22,0.192,0.204,0.366,2001_notional
Morecambe And Lunesdale,North West,2005,0.488,lab,471,2005,actual,0.374,0.138,0.488,,2001_notional
Morley & Rothwell,Yorkshire and the Humber,2005,0.484,lab,418,2005,actual,0.194,0.16,0.484,,2001_notional
Motherwell & Wishaw,Scotland,2005,0.575,lab,S14000047,2005,actual,0.093,0.12,0.575,0.165,2001_notional
Na H-Eileanan An Iar,Scotland,2005,0.449,natSW,S14000027,2005,actual,0.044,0.079,0.345,0.449,2001_notional
Neath,Wales,2005,0.526,lab,567,2005,actual,0.115,0.143,0.526,0.171,2001_notional
New Forest East,South East,2005,0.486,con,54,2005,actual,0.486,0.341,0.121,,2001_notional
New Forest West,South East,2005,0.564,con,55,2005,actual,0.564,0.189,0.165,,2001_notional
Newark,East Midlands,2005,0.48,con,362,2005,actual,0.48,0.159,0.339,,2001_notional
Newbury,South East,2005,0.49,con,9,2005,actual,0.49,0.426,0.059,,2001_notional
Newcastle Upon Tyne Central,North East,2005,0.451,lab,521,2005,actual,0.16,0.34,0.451,,2001_notional
Newcastle Upon Tyne East & Wallsend,North East,2005,0.551,lab,523,2005,actual,0.111,0.312,0.551,,2001_notional
Newcastle Upon Tyne North,North East,2005,0.5,lab,522,2005,actual,0.157,0.317,0.5,,2001_notional
Newcastle-Under-Lyme,West Midlands,2005,0.454,lab,281,2005,actual,0.25,0.189,0.454,,2001_notional
Newport East,Wales,2005,0.452,lab,544,2005,actual,0.234,0.237,0.452,0.038,2001_notional
Newport West,Wales,2005,0.448,lab,545,2005,actual,0.296,0.179,0.448,0.036,2001_notional
Normanton,Yorkshire and the Humber,2005,0.512,lab,419,2005,actual,0.245,0.17,0.512,,2001_notional
North Ayrshire And Arran,Scotland,2005,0.439,lab,S14000048,2005,actual,0.184,0.164,0.439,0.18,2001_notional
North Cornwall,South West,2005,0.426,lib,225,2005,actual,0.371,0.426,0.119,,2001_notional
North Devon,South West,2005,0.459,lib,231,2005,actual,0.363,0.459,0.09,,2001_notional
North Dorset,South West,2005,0.449,con,244,2005,actual,0.449,0.407,0.087,,2001_notional
North Durham,North East,2005,0.641,lab,510,2005,actual,0.168,0.192,0.641,,2001_notional
North East Bedfordshire,Eastern,2005,0.499,con,5,2005,actual,0.499,0.208,0.252,,2001_notional
North East Cambridgeshire,Eastern,2005,0.475,con,120,2005,actual,0.475,0.171,0.3,,2001_notional
North East Derbyshire,East Midlands,2005,0.493,lab,331,2005,actual,0.261,0.203,0.493,,2001_notional
North East Fife,Scotland,2005,0.521,lib,S14000049,2005,actual,0.195,0.521,0.128,0.104,2001_notional
North East Hampshire,South East,2005,0.537,con,56,2005,actual,0.537,0.272,0.161,,2001_notional
North East Hertfordshire,Eastern,2005,0.473,con,69,2005,actual,0.473,0.214,0.28,,2001_notional
North East Milton Keynes,South East,2005,0.393,con,20,2005,actual,0.393,0.195,0.359,,2001_notional
North Essex,Eastern,2005,0.476,con,40,2005,actual,0.476,0.205,0.248,,2001_notional
North Norfolk,Eastern,2005,0.534,lib,127,2005,actual,0.355,0.534,0.092,,2001_notional
North Shropshire,West Midlands,2005,0.496,con,274,2005,actual,0.496,0.197,0.259,,2001_notional
North Southwark & Bermondsey,London,2005,0.471,lib,194,2005,actual,0.125,0.471,0.328,,2001_notional
North Swindon,South West,2005,0.437,lab,260,2005,actual,0.38,0.152,0.437,,2001_notional
North Thanet,South East,2005,0.496,con,87,2005,actual,0.496,0.144,0.322,,2001_notional
North Tyneside,North East,2005,0.619,lab,524,2005,actual,0.212,0.168,0.619,,2001_notional
North Warwickshire,West Midlands,2005,0.481,lab,290,2005,actual,0.32,0.132,0.481,,2001_notional
North West Cambridgeshire,Eastern,2005,0.458,con,121,2005,actual,0.458,0.229,0.258,,2001_notional
North West Durham,North East,2005,0.539,lab,511,2005,actual,0.164,0.199,0.539,,2001_notional
North West Hampshire,South East,2005,0.507,con,57,2005,actual,0.507,0.249,0.207,,2001_notional
North West Leicestershire,East Midlands,2005,0.455,lab,342,2005,actual,0.36,0.121,0.455,,2001_notional
North West Norfolk,Eastern,2005,0.503,con,128,2005,actual,0.503,0.139,0.322,,2001_notional
North Wiltshire,South West,2005,0.469,con,261,2005,actual,0.469,0.374,0.121,,2001_notional
Northampton North,East Midlands,2005,0.402,lab,354,2005,actual,0.308,0.245,0.402,,2001_notional
Northampton South,East Midlands,2005,0.437,con,355,2005,actual,0.437,0.153,0.356,,2001_notional
Northavon,South West,2005,0.523,lib,220,2005,actual,0.336,0.523,0.106,,2001_notional
Norwich North,Eastern,2005,0.449,lab,129,2005,actual,0.332,0.162,0.449,,2001_notional
Norwich South,Eastern,2005,0.377,lab,130,2005,actual,0.227,0.29,0.377,,2001_notional
Nottingham East,East Midlands,2005,0.458,lab,363,2005,actual,0.227,0.228,0.458,,2001_notional
Nottingham North,East Midlands,2005,0.587,lab,364,2005,actual,0.187,0.171,0.587,,2001_notional
Nottingham South,East Midlands,2005,0.474,lab,365,2005,actual,0.259,0.229,0.474,,2001_notional
Nuneaton,West Midlands,2005,0.44,lab,291,2005,actual,0.39,0.13,0.44,,2001_notional
Ochil & South Perthshire,Scotland,2005,0.314,lab,S14000050,2005,actual,0.215,0.133,0.314,0.299,2001_notional
Ogmore,Wales,2005,0.604,lab,555,2005,actual,0.14,0.152,0.604,0.104,2001_notional
Old Bexley & Sidcup,London,2005,0.498,con,195,2005,actual,0.498,0.147,0.275,,2001_notional
Oldham East & Saddleworth,North West,2005,0.414,lab,453,2005,actual,0.182,0.332,0.414,,2001_notional
Oldham West & Royton,North West,2005,0.491,lab,454,2005,actual,0.213,0.2,0.491,,2001_notional
Orkney And Shetland,Scotland,2005,0.515,lib,S14000051,2005,actual,0.133,0.515,0.142,0.103,2001_notional
Orpington,London,2005,0.488,con,196,2005,actual,0.488,0.398,0.09,,2001_notional
Oxford East,South East,2005,0.369,lab,95,2005,actual,0.167,0.346,0.369,,2001_notional
Oxford West & Abingdon,South East,2005,0.463,lib,96,2005,actual,0.317,0.463,0.166,,2001_notional
Paisley & Renfrewshire North,Scotland,2005,0.457,lab,S14000052,2005,actual,0.136,0.183,0.457,0.188,2001_notional
Paisley & Renfrewshire South,Scotland,2005,0.526,lab,S14000053,2005,actual,0.084,0.176,0.526,0.176,2001_notional
Pendle,North West,2005,0.371,lab,472,2005,actual,0.318,0.232,0.371,,2001_notional
Penrith & The Border,North West,2005,0.513,con,497,2005,actual,0.513,0.259,0.191,,2001_notional
Perth And North Perthshire,Scotland,2005,0.337,natSW,S14000054,2005,actual,0.304,0.161,0.187,0.337,2001_notional
Peterborough,Eastern,2005,0.421,con,122,2005,actual,0.421,0.167,0.355,,2001_notional
Plymouth Devonport,South West,2005,0.443,lab,232,2005,actual,0.25,0.19,0.443,,2001_notional
Plymouth Sutton,South West,2005,0.406,lab,233,2005,actual,0.298,0.227,0.406,,2001_notional
Pontefract & Castleford,Yorkshire and the Humber,2005,0.637,lab,420,2005,actual,0.174,0.12,0.637,,2001_notional
Pontypridd,Wales,2005,0.528,lab,556,2005,actual,0.134,0.195,0.528,0.112,2001_notional
Poole,South West,2005,0.434,con,245,2005,actual,0.434,0.286,0.231,,2001_notional
Poplar & Canning Town,London,2005,0.401,lab,197,2005,actual,0.218,0.139,0.401,,2001_notional
Portsmouth North,South East,2005,0.409,lab,58,2005,actual,0.378,0.177,0.409,,2001_notional
Portsmouth South,South East,2005,0.422,lib,59,2005,actual,0.339,0.422,0.216,,2001_notional
Preseli Pembrokeshire,Wales,2005,0.366,con,540,2005,actual,0.366,0.129,0.35,0.123,2001_notional
Preston,North West,2005,0.505,lab,473,2005,actual,0.229,0.167,0.505,,2001_notional
Pudsey,Yorkshire and the Humber,2005,0.458,lab,421,2005,actual,0.331,0.184,0.458,,2001_notional
Putney,London,2005,0.424,con,198,2005,actual,0.424,0.163,0.375,,2001_notional
Rayleigh,Eastern,2005,0.554,con,41,2005,actual,0.554,0.16,0.236,,2001_notional
Reading East,South East,2005,0.354,con,10,2005,actual,0.354,0.242,0.343,,2001_notional
Reading West,South East,2005,0.45,lab,11,2005,actual,0.339,0.158,0.45,,2001_notional
Redcar,North East,2005,0.514,lab,503,2005,actual,0.179,0.202,0.514,,2001_notional
Redditch,West Midlands,2005,0.447,lab,269,2005,actual,0.38,0.139,0.447,,2001_notional
Regent'S Park & Kensington North,London,2005,0.447,lab,199,2005,actual,0.297,0.186,0.447,,2001_notional
Reigate,South East,2005,0.49,con,104,2005,actual,0.49,0.232,0.209,,2001_notional
Rhondda,Wales,2005,0.681,lab,557,2005,actual,0.056,0.105,0.681,0.159,2001_notional
Ribble Valley,North West,2005,0.519,con,474,2005,actual,0.519,0.234,0.22,,2001_notional
Richmond (Yorkshire),Yorkshire and the Humber,2005,0.591,con,379,2005,actual,0.591,0.177,0.197,,2001_notional
Richmond Park,London,2005,0.467,lib,200,2005,actual,0.395,0.467,0.093,,2001_notional
Rochdale,North West,2005,0.411,lib,455,2005,actual,0.105,0.411,0.4,,2001_notional
Rochford & Southend East,Eastern,2005,0.453,con,42,2005,actual,0.453,0.151,0.314,,2001_notional
Romford,London,2005,0.591,con,201,2005,actual,0.591,0.084,0.273,,2001_notional
Romsey,South East,2005,0.447,lib,60,2005,actual,0.444,0.447,0.088,,2001_notional
Ross Skye & Lochaber,Scotland,2005,0.587,lib,S14000055,2005,actual,0.101,0.587,0.149,0.096,2001_notional
Rossendale & Darwen,North West,2005,0.429,lab,475,2005,actual,0.346,0.15,0.429,,2001_notional
Rother Valley,Yorkshire and the Humber,2005,0.554,lab,392,2005,actual,0.194,0.159,0.554,,2001_notional
Rotherham,Yorkshire and the Humber,2005,0.528,lab,393,2005,actual,0.166,0.172,0.528,,2001_notional
Rugby & Kenilworth,West Midlands,2005,0.412,con,292,2005,actual,0.412,0.178,0.384,,2001_notional
Ruislip Northwood,London,2005,0.477,con,202,2005,actual,0.477,0.253,0.21,,2001_notional
Runnymede & Weybridge,South East,2005,0.514,con,105,2005,actual,0.514,0.179,0.23,,2001_notional
Rushcliffe,East Midlands,2005,0.495,con,366,2005,actual,0.495,0.174,0.265,,2001_notional
Rutherglen & Hamilton West,Scotland,2005,0.556,lab,S14000056,2005,actual,0.084,0.184,0.556,0.139,2001_notional
Rutland & Melton,East Midlands,2005,0.512,con,343,2005,actual,0.512,0.186,0.25,,2001_notional
Ryedale,Yorkshire and the Humber,2005,0.482,con,380,2005,actual,0.482,0.244,0.207,,2001_notional
Saffron Walden,Eastern,2005,0.514,con,43,2005,actual,0.514,0.269,0.165,,2001_notional
Salford,North West,2005,0.576,lab,456,2005,actual,0.152,0.224,0.576,,2001_notional
Salisbury,South West,2005,0.478,con,262,2005,actual,0.478,0.273,0.174,,2001_notional
Scarborough And Whitby,Yorkshire and the Humber,2005,0.41,con,381,2005,actual,0.41,0.16,0.384,,2001_notional
Scunthorpe,Yorkshire and the Humber,2005,0.531,lab,377,2005,actual,0.257,0.17,0.531,,2001_notional
Sedgefield,North East,2005,0.589,lab,512,2005,actual,0.144,0.119,0.589,,2001_notional
Selby,Yorkshire and the Humber,2005,0.431,lab,382,2005,actual,0.422,0.148,0.431,,2001_notional
Sevenoaks,South East,2005,0.518,con,88,2005,actual,0.518,0.219,0.21,,2001_notional
Sheffield Attercliffe,Yorkshire and the Humber,2005,0.601,lab,394,2005,actual,0.144,0.17,0.601,,2001_notional
Sheffield Brightside,Yorkshire and the Humber,2005,0.685,lab,395,2005,actual,0.09,0.131,0.685,,2001_notional
Sheffield Central,Yorkshire and the Humber,2005,0.499,lab,396,2005,actual,0.103,0.263,0.499,,2001_notional
Sheffield Hallam,Yorkshire and the Humber,2005,0.512,lib,397,2005,actual,0.298,0.512,0.126,,2001_notional
Sheffield Heeley,Yorkshire and the Humber,2005,0.54,lab,398,2005,actual,0.146,0.206,0.54,,2001_notional
Sheffield Hillsborough,Yorkshire and the Humber,2005,0.512,lab,399,2005,actual,0.15,0.267,0.512,,2001_notional
Sherwood,East Midlands,2005,0.484,lab,367,2005,actual,0.343,0.135,0.484,,2001_notional
Shipley,Yorkshire and the Humber,2005,0.39,con,422,2005,actual,0.39,0.147,0.382,,2001_notional
Shrewsbury & Atcham,West Midlands,2005,0.377,con,275,2005,actual,0.377,0.228,0.341,,2001_notional
Sittingbourne & Sheppey,South East,2005,0.418,lab,89,2005,actual,0.416,0.127,0.418,,2001_notional
Skipton & Ripon,Yorkshire and the Humber,2005,0.497,con,383,2005,actual,0.497,0.267,0.186,,2001_notional
Sleaford & North Hykeham,East Midlands,2005,0.503,con,349,2005,actual,0.503,0.182,0.265,,2001_notional
Slough,South East,2005,0.472,lab,12,2005,actual,0.261,0.155,0.472,,2001_notional
Solihull,West Midlands,2005,0.399,lib,313,2005,actual,0.394,0.399,0.154,,2001_notional
Somerton & Frome,South West,2005,0.439,lib,255,2005,actual,0.424,0.439,0.108,,2001_notional
South Cambridgeshire,Eastern,2005,0.45,con,123,2005,actual,0.45,0.298,0.194,,2001_notional
South Derbyshire,East Midlands,2005,0.445,lab,332,2005,actual,0.364,0.136,0.445,,2001_notional
South Dorset,South West,2005,0.416,lab,246,2005,actual,0.379,0.157,0.416,,2001_notional
South East Cambridgeshire,Eastern,2005,0.47,con,124,2005,actual,0.47,0.317,0.213,,2001_notional
South East Cornwall,South West,2005,0.467,lib,226,2005,actual,0.346,0.467,0.114,,2001_notional
South Holland & The Deepings,East Midlands,2005,0.571,con,350,2005,actual,0.571,0.129,0.244,,2001_notional
South Norfolk,Eastern,2005,0.448,con,131,2005,actual,0.448,0.299,0.225,,2001_notional
South Ribble,North West,2005,0.43,lab,476,2005,actual,0.384,0.161,0.43,,2001_notional
South Shields,North East,2005,0.605,lab,525,2005,actual,0.172,0.197,0.605,,2001_notional
South Staffordshire,West Midlands,2005,0.52,con,282,2005,actual,0.52,0.138,0.175,,2001_notional
South Suffolk,Eastern,2005,0.42,con,136,2005,actual,0.42,0.285,0.245,,2001_notional
South Swindon,South West,2005,0.403,lab,263,2005,actual,0.372,0.168,0.403,,2001_notional
South Thanet,South East,2005,0.404,lab,90,2005,actual,0.388,0.132,0.404,,2001_notional
South West Bedfordshire,Eastern,2005,0.483,con,6,2005,actual,0.483,0.169,0.302,,2001_notional
South West Devon,South West,2005,0.448,con,234,2005,actual,0.448,0.241,0.236,,2001_notional
South West Hertfordshire,Eastern,2005,0.469,con,70,2005,actual,0.469,0.3,0.209,,2001_notional
South West Norfolk,Eastern,2005,0.469,con,132,2005,actual,0.469,0.185,0.287,,2001_notional
South West Surrey,South East,2005,0.504,con,106,2005,actual,0.504,0.395,0.079,,2001_notional
Southampton Itchen,South East,2005,0.483,lab,61,2005,actual,0.268,0.212,0.483,,2001_notional
Southampton Test,South East,2005,0.427,lab,62,2005,actual,0.259,0.248,0.427,,2001_notional
Southend West,Eastern,2005,0.462,con,44,2005,actual,0.462,0.237,0.228,,2001_notional
Southport,North West,2005,0.463,lib,488,2005,actual,0.37,0.463,0.128,,2001_notional
Spelthorne,South East,2005,0.505,con,107,2005,actual,0.505,0.171,0.273,,2001_notional
St Albans,Eastern,2005,0.373,con,71,2005,actual,0.373,0.254,0.343,,2001_notional
St Helens North,North West,2005,0.569,lab,489,2005,actual,0.189,0.213,0.569,,2001_notional
St Helens South,North West,2005,0.545,lab,490,2005,actual,0.13,0.283,0.545,,2001_notional
St Ives,South West,2005,0.507,lib,227,2005,actual,0.277,0.507,0.131,,2001_notional
Stafford,West Midlands,2005,0.437,lab,283,2005,actual,0.39,0.14,0.437,,2001_notional
Staffordshire Moorlands,West Midlands,2005,0.41,lab,284,2005,actual,0.355,0.157,0.41,,2001_notional
Stalybridge And Hyde,North West,2005,0.497,lab,457,2005,actual,0.26,0.157,0.497,,2001_notional
Stevenage,Eastern,2005,0.429,lab,72,2005,actual,0.354,0.181,0.429,,2001_notional
Stirling,Scotland,2005,0.36,lab,S14000057,2005,actual,0.251,0.207,0.36,0.126,2001_notional
Stockport,North West,2005,0.505,lab,458,2005,actual,0.249,0.219,0.505,,2001_notional
Stockton North,North East,2005,0.549,lab,504,2005,actual,0.208,0.189,0.549,,2001_notional
Stockton South,North East,2005,0.478,lab,505,2005,actual,0.341,0.16,0.478,,2001_notional
Stoke-On-Trent Central,West Midlands,2005,0.529,lab,285,2005,actual,0.173,0.179,0.529,,2001_notional
Stoke-On-Trent North,West Midlands,2005,0.526,lab,286,2005,actual,0.2,0.148,0.526,,2001_notional
Stoke-On-Trent South,West Midlands,2005,0.469,lab,287,2005,actual,0.239,0.156,0.469,,2001_notional
Stone,West Midlands,2005,0.483,con,288,2005,actual,0.483,0.194,0.29,,2001_notional
Stourbridge,West Midlands,2005,0.41,lab,314,2005,actual,0.4,0.164,0.41,,2001_notional
Stratford-On-Avon,West Midlands,2005,0.492,con,293,2005,actual,0.492,0.283,0.174,,2001_notional
Streatham,London,2005,0.467,lab,203,2005,actual,0.178,0.283,0.467,,2001_notional
Stretford & Urmston,North West,2005,0.51,lab,459,2005,actual,0.304,0.14,0.51,,2001_notional
Stroud,South West,2005,0.396,lab,252,2005,actual,0.39,0.141,0.396,,2001_notional
Suffolk Coastal,Eastern,2005,0.446,con,137,2005,actual,0.446,0.221,0.261,,2001_notional
Sunderland North,North East,2005,0.544,lab,526,2005,actual,0.198,0.148,0.544,,2001_notional
Sunderland South,North East,2005,0.586,lab,527,2005,actual,0.225,0.146,0.586,,2001_notional
Surrey Heath,South East,2005,0.515,con,108,2005,actual,0.515,0.288,0.167,,2001_notional
Sutton And Cheam,London,2005,0.471,lib,204,2005,actual,0.404,0.471,0.118,,2001_notional
Sutton Coldfield,West Midlands,2005,0.525,con,315,2005,actual,0.525,0.166,0.26,,2001_notional
Swansea East,Wales,2005,0.566,lab,568,2005,actual,0.101,0.201,0.566,0.069,2001_notional
Swansea West,Wales,2005,0.418,lab,569,2005,actual,0.16,0.289,0.418,0.065,2001_notional
Tamworth,West Midlands,2005,0.43,lab,289,2005,actual,0.371,0.141,0.43,,2001_notional
Tatton,North West,2005,0.518,con,431,2005,actual,0.518,0.218,0.235,,2001_notional
Taunton,South West,2005,0.433,lib,256,2005,actual,0.423,0.433,0.12,,2001_notional
Teignbridge,South West,2005,0.457,lib,235,2005,actual,0.355,0.457,0.114,,2001_notional
Telford,West Midlands,2005,0.483,lab,276,2005,actual,0.325,0.144,0.483,,2001_notional
Tewkesbury,South West,2005,0.491,con,253,2005,actual,0.491,0.274,0.202,,2001_notional
Thurrock,Eastern,2005,0.472,lab,45,2005,actual,0.326,0.109,0.472,,2001_notional
Tiverton & Honiton,South West,2005,0.479,con,236,2005,actual,0.479,0.289,0.137,,2001_notional
Tonbridge & Malling,South East,2005,0.529,con,91,2005,actual,0.529,0.195,0.239,,2001_notional
Tooting,London,2005,0.431,lab,205,2005,actual,0.302,0.195,0.431,,2001_notional
Torbay,South West,2005,0.408,lib,237,2005,actual,0.365,0.408,0.147,,2001_notional
Torfaen,Wales,2005,0.569,lab,546,2005,actual,0.158,0.158,0.569,0.062,2001_notional
Torridge & West Devon,South West,2005,0.427,con,238,2005,actual,0.427,0.372,0.102,,2001_notional
Totnes,South West,2005,0.417,con,239,2005,actual,0.417,0.379,0.122,,2001_notional
Tottenham,London,2005,0.579,lab,206,2005,actual,0.135,0.168,0.579,,2001_notional
Truro & St Austell,South West,2005,0.467,lib,228,2005,actual,0.324,0.467,0.136,,2001_notional
Tunbridge Wells,South East,2005,0.496,con,92,2005,actual,0.496,0.261,0.206,,2001_notional
Twickenham,London,2005,0.516,lib,207,2005,actual,0.324,0.516,0.114,,2001_notional
Tyne Bridge,North East,2005,0.612,lab,528,2005,actual,0.112,0.218,0.612,,2001_notional
Tynemouth,North East,2005,0.47,lab,529,2005,actual,0.373,0.157,0.47,,2001_notional
Upminster,London,2005,0.485,con,208,2005,actual,0.485,0.09,0.311,,2001_notional
Uxbridge,London,2005,0.49,con,209,2005,actual,0.49,0.132,0.31,,2001_notional
Vale Of Clwyd,Wales,2005,0.46,lab,534,2005,actual,0.316,0.118,0.46,0.071,2001_notional
Vale Of Glamorgan,Wales,2005,0.412,lab,564,2005,actual,0.373,0.13,0.412,0.051,2001_notional
Vale Of York,Yorkshire and the Humber,2005,0.517,con,384,2005,actual,0.517,0.239,0.244,,2001_notional
Vauxhall,London,2005,0.529,lab,210,2005,actual,0.145,0.261,0.529,,2001_notional
Wakefield,Yorkshire and the Humber,2005,0.433,lab,423,2005,actual,0.315,0.163,0.433,,2001_notional
Wallasey,North West,2005,0.548,lab,491,2005,actual,0.299,0.13,0.548,,2001_notional
Walsall North,West Midlands,2005,0.478,lab,316,2005,actual,0.28,0.124,0.478,,2001_notional
Walsall South,West Midlands,2005,0.499,lab,317,2005,actual,0.274,0.092,0.499,,2001_notional
Walthamstow,London,2005,0.503,lab,211,2005,actual,0.182,0.271,0.503,,2001_notional
Wansbeck,North East,2005,0.552,lab,516,2005,actual,0.15,0.264,0.552,,2001_notional
Wansdyke,South West,2005,0.406,lab,221,2005,actual,0.37,0.197,0.406,,2001_notional
Wantage,South East,2005,0.43,con,97,2005,actual,0.43,0.276,0.24,,2001_notional
Warley,West Midlands,2005,0.544,lab,318,2005,actual,0.228,0.133,0.544,,2001_notional
Warrington North,North West,2005,0.535,lab,432,2005,actual,0.233,0.19,0.535,,2001_notional
Warrington South,North West,2005,0.405,lab,433,2005,actual,0.33,0.237,0.405,,2001_notional
Warwick And Leamington,West Midlands,2005,0.406,lab,294,2005,actual,0.401,0.148,0.406,,2001_notional
Watford,Eastern,2005,0.336,lab,73,2005,actual,0.296,0.312,0.336,,2001_notional
Waveney,Eastern,2005,0.453,lab,138,2005,actual,0.334,0.151,0.453,,2001_notional
Wealden,South East,2005,0.521,con,29,2005,actual,0.521,0.235,0.168,,2001_notional
Weaver Vale,North West,2005,0.476,lab,434,2005,actual,0.302,0.196,0.476,,2001_notional
Wellingborough,East Midlands,2005,0.428,con,356,2005,actual,0.428,0.116,0.415,,2001_notional
Wells,South West,2005,0.436,con,257,2005,actual,0.436,0.378,0.156,,2001_notional
Welwyn Hatfield,Eastern,2005,0.496,con,74,2005,actual,0.496,0.141,0.363,,2001_notional
Wentworth,Yorkshire and the Humber,2005,0.596,lab,400,2005,actual,0.173,0.135,0.596,,2001_notional
West Aberdeenshire & Kincardine,Scotland,2005,0.463,lib,S14000058,2005,actual,0.284,0.463,0.131,0.113,2001_notional
West Bromwich East,West Midlands,2005,0.556,lab,319,2005,actual,0.228,0.124,0.556,,2001_notional
West Bromwich West,West Midlands,2005,0.543,lab,320,2005,actual,0.231,0.103,0.543,,2001_notional
West Chelmsford,Eastern,2005,0.449,con,46,2005,actual,0.449,0.261,0.259,,2001_notional
West Derbyshire,East Midlands,2005,0.477,con,333,2005,actual,0.477,0.223,0.266,,2001_notional
West Dorset,South West,2005,0.465,con,247,2005,actual,0.465,0.419,0.077,,2001_notional
West Dunbartonshire,Scotland,2005,0.519,lab,S14000059,2005,actual,0.064,0.144,0.519,0.218,2001_notional
West Ham,London,2005,0.512,lab,212,2005,actual,0.117,0.109,0.512,,2001_notional
West Lancashire,North West,2005,0.481,lab,477,2005,actual,0.34,0.14,0.481,,2001_notional
West Suffolk,Eastern,2005,0.49,con,139,2005,actual,0.49,0.171,0.289,,2001_notional
West Worcestershire,West Midlands,2005,0.445,con,270,2005,actual,0.445,0.393,0.105,,2001_notional
Westbury,South West,2005,0.445,con,264,2005,actual,0.445,0.349,0.173,,2001_notional
Westmorland & Lonsdale,North West,2005,0.455,lib,498,2005,actual,0.449,0.455,0.076,,2001_notional
Weston Super Mare,South West,2005,0.403,con,222,2005,actual,0.403,0.361,0.187,,2001_notional
Wigan,North West,2005,0.551,lab,460,2005,actual,0.208,0.177,0.551,,2001_notional
Wimbledon,London,2005,0.412,con,213,2005,actual,0.412,0.181,0.359,,2001_notional
Winchester,South East,2005,0.506,lib,63,2005,actual,0.385,0.506,0.078,,2001_notional
Windsor,South East,2005,0.495,con,13,2005,actual,0.495,0.26,0.191,,2001_notional
Wirral South,North West,2005,0.425,lab,492,2005,actual,0.332,0.216,0.425,,2001_notional
Wirral West,North West,2005,0.425,lab,493,2005,actual,0.399,0.161,0.425,,2001_notional
Witney,South East,2005,0.493,con,98,2005,actual,0.493,0.23,0.22,,2001_notional
Woking,South East,2005,0.474,con,109,2005,actual,0.474,0.331,0.163,,2001_notional
Wokingham,South East,2005,0.481,con,14,2005,actual,0.481,0.324,0.152,,2001_notional
Wolverhampton North East,West Midlands,2005,0.545,lab,321,2005,actual,0.297,0.117,0.545,,2001_notional
Wolverhampton South East,West Midlands,2005,0.594,lab,322,2005,actual,0.223,0.13,0.594,,2001_notional
Wolverhampton South West,West Midlands,2005,0.444,lab,323,2005,actual,0.375,0.134,0.444,,2001_notional
Woodspring,South West,2005,0.418,con,223,2005,actual,0.418,0.302,0.218,,2001_notional
Worcester,West Midlands,2005,0.419,lab,271,2005,actual,0.351,0.163,0.419,,2001_notional
Workington,North West,2005,0.492,lab,499,2005,actual,0.319,0.146,0.492,,2001_notional
Worsley,North West,2005,0.51,lab,461,2005,actual,0.257,0.187,0.51,,2001_notional
Worthing West,South East,2005,0.476,con,117,2005,actual,0.476,0.267,0.192,,2001_notional
Wrekin The,West Midlands,2005,0.419,con,277,2005,actual,0.419,0.147,0.399,,2001_notional
Wrexham,Wales,2005,0.461,lab,535,2005,actual,0.2,0.236,0.461,0.057,2001_notional
Wycombe,South East,2005,0.458,con,21,2005,actual,0.458,0.198,0.299,,2001_notional
Wyre Forest,West Midlands,2005,0.485,oth,272,2005,actual,0.287,,0.228,,2001_notional
Wythenshawe & Sale East,North West,2005,0.522,lab,462,2005,actual,0.223,0.215,0.522,,2001_notional
Yeovil,South West,2005,0.514,lib,258,2005,actual,0.343,0.514,0.105,,2001_notional
Ynys Môn,Wales,2005,0.346,lab,550,2005,actual,0.11,0.068,0.346,0.311,2001_notional
York City Of,Yorkshire and the Humber,2005,0.469,lab,385,2005,actual,0.244,0.218,0.469,,2001_notional
Aberavon,Wales,2010,0.519,lab,W07000049,2010-2019,actual,0.142,0.163,0.519,0.071,2005_notional
Aberconwy,Wales,2010,0.358,con,W07000058,2010-2019,actual,0.358,0.193,0.245,0.178,2005_notional
Aberdeen North,Scotland,2010,0.444,lab,S14000001,2010-2019,actual,0.124,0.186,0.444,0.222,2005_notional
Aberdeen South,Scotland,2010,0.365,lab,S14000002,2010-2019,actual,0.207,0.284,0.365,0.119,2005_notional
Airdrie & Shotts,Scotland,2010,0.582,lab,S14000003,2010-2019,actual,0.087,0.081,0.582,0.235,2005_notional
Aldershot,South East,2010,0.467,con,E14000530,2010-2019,actual,0.467,0.344,0.121,,2005_notional
Aldridge-Brownhills,West Midlands,2010,0.593,con,E14000531,2010-2019,actual,0.593,0.177,0.198,,2005_notional
Altrincham & Sale West,North West,2010,0.489,con,E14000532,2010-2019,actual,0.489,0.255,0.224,,2005_notional
Alyn & Deeside,Wales,2010,0.396,lab,W07000043,2010-2019,actual,0.323,0.183,0.396,0.039,2005_notional
Amber Valley,East Midlands,2010,0.386,con,E14000533,2010-2019,actual,0.386,0.144,0.374,,2005_notional
Angus,Scotland,2010,0.396,natSW,S14000004,2010-2019,actual,0.309,0.108,0.172,0.396,2005_notional
Arfon,Wales,2010,0.36,natSW,W07000057,2010-2019,actual,0.169,0.141,0.304,0.36,2005_notional
Argyll & Bute,Scotland,2010,0.316,lib,S14000005,2010-2019,actual,0.24,0.316,0.227,0.189,2005_notional
Arundel & South Downs,South East,2010,0.578,con,E14000534,2010-2019,actual,0.578,0.279,0.086,,2005_notional
Ashfield,East Midlands,2010,0.337,lab,E14000535,2010-2019,actual,0.222,0.333,0.337,,2005_notional
Ashford,South East,2010,0.541,con,E14000536,2010-2019,actual,0.541,0.228,0.167,,2005_notional
Ashton Under Lyne,North West,2010,0.484,lab,E14000537,2010-2019,actual,0.247,0.148,0.484,,2005_notional
Aylesbury,South East,2010,0.522,con,E14000538,2010-2019,actual,0.522,0.284,0.126,,2005_notional
Ayr Carrick & Cumnock,Scotland,2010,0.471,lab,S14000006,2010-2019,actual,0.255,0.093,0.471,0.18,2005_notional
Banbury,South East,2010,0.528,con,E14000539,2010-2019,actual,0.528,0.204,0.192,,2005_notional
Banff & Buchan,Scotland,2010,0.413,natSW,S14000007,2010-2019,actual,0.308,0.113,0.14,0.413,2005_notional
Barking,London,2010,0.543,lab,E14000540,2010-2019,actual,0.178,0.082,0.543,,2005_notional
Barnsley Central,Yorkshire and The Humber,2010,0.473,lab,E14000541,2010-2019,actual,0.173,0.173,0.473,,2005_notional
Barnsley East,Yorkshire and The Humber,2010,0.47,lab,E14000542,2010-2019,actual,0.165,0.182,0.47,,2005_notional
Barrow & Furness,North West,2010,0.481,lab,E14000543,2010-2019,actual,0.363,0.1,0.481,,2005_notional
Basildon & Billericay,Eastern,2010,0.527,con,E14000544,2010-2019,actual,0.527,0.157,0.231,,2005_notional
Basingstoke,South East,2010,0.505,con,E14000545,2010-2019,actual,0.505,0.245,0.204,,2005_notional
Bassetlaw,East Midlands,2010,0.505,lab,E14000546,2010-2019,actual,0.339,0.112,0.505,,2005_notional
Bath,South West,2010,0.566,lib,E14000547,2010-2019,actual,0.314,0.566,0.069,,2005_notional
Batley & Spen,Yorkshire and The Humber,2010,0.422,lab,E14000548,2010-2019,actual,0.336,0.158,0.422,,2005_notional
Battersea,London,2010,0.473,con,E14000549,2010-2019,actual,0.473,0.147,0.351,,2005_notional
Beaconsfield,South East,2010,0.611,con,E14000550,2010-2019,actual,0.611,0.196,0.117,,2005_notional
Beckenham,London,2010,0.579,con,E14000551,2010-2019,actual,0.579,0.206,0.145,,2005_notional
Bedford,Eastern,2010,0.389,con,E14000552,2010-2019,actual,0.389,0.199,0.359,,2005_notional
Bermondsey & Old Southwark,London,2010,0.484,lib,E14000553,2010-2019,actual,0.171,0.484,0.292,,2005_notional
Berwickshire Roxburgh & Selkirk,Scotland,2010,0.454,lib,S14000008,2010-2019,actual,0.338,0.454,0.102,0.092,2005_notional
Berwick-Upon-Tweed,North East,2010,0.437,lib,E14000554,2010-2019,actual,0.367,0.437,0.132,,2005_notional
Bethnal Green & Bow,London,2010,0.429,lab,E14000555,2010-2019,actual,0.139,0.201,0.429,,2005_notional
Beverley & Holderness,Yorkshire and The Humber,2010,0.471,con,E14000556,2010-2019,actual,0.471,0.227,0.211,,2005_notional
Bexhill & Battle,South East,2010,0.516,con,E14000557,2010-2019,actual,0.516,0.28,0.12,,2005_notional
Bexleyheath & Crayford,London,2010,0.505,con,E14000558,2010-2019,actual,0.505,0.127,0.265,,2005_notional
Birkenhead,North West,2010,0.625,lab,E14000559,2010-2019,actual,0.189,0.186,0.625,,2005_notional
Birmingham Edgbaston,West Midlands,2010,0.406,lab,E14000560,2010-2019,actual,0.376,0.154,0.406,,2005_notional
Birmingham Erdington,West Midlands,2010,0.418,lab,E14000561,2010-2019,actual,0.326,0.162,0.418,,2005_notional
Birmingham Hall Green,West Midlands,2010,0.329,lab,E14000562,2010-2019,actual,0.15,0.246,0.329,,2005_notional
Birmingham Hodge Hill,West Midlands,2010,0.52,lab,E14000563,2010-2019,actual,0.116,0.277,0.52,,2005_notional
Birmingham Ladywood,West Midlands,2010,0.557,lab,E14000564,2010-2019,actual,0.119,0.275,0.557,,2005_notional
Birmingham Northfield,West Midlands,2010,0.403,lab,E14000565,2010-2019,actual,0.336,0.157,0.403,,2005_notional
Birmingham Perry Barr,West Midlands,2010,0.503,lab,E14000566,2010-2019,actual,0.213,0.22,0.503,,2005_notional
Birmingham Selly Oak,West Midlands,2010,0.385,lab,E14000567,2010-2019,actual,0.311,0.223,0.385,,2005_notional
Birmingham Yardley,West Midlands,2010,0.396,lib,E14000568,2010-2019,actual,0.192,0.396,0.322,,2005_notional
Bishop Auckland,North East,2010,0.39,lab,E14000569,2010-2019,actual,0.263,0.223,0.39,,2005_notional
Blackburn,North West,2010,0.478,lab,E14000570,2010-2019,actual,0.261,0.152,0.478,,2005_notional
Blackley And Broughton,North West,2010,0.543,lab,E14000571,2010-2019,actual,0.183,0.142,0.543,,2005_notional
Blackpool North & Cleveleys,North West,2010,0.418,con,E14000572,2010-2019,actual,0.418,0.133,0.365,,2005_notional
Blackpool South,North West,2010,0.411,lab,E14000573,2010-2019,actual,0.358,0.144,0.411,,2005_notional
Blaenau Gwent,Wales,2010,0.524,lab,W07000072,2010-2019,actual,0.07,0.101,0.524,0.041,2005_notional
Blaydon,North East,2010,0.496,lab,E14000574,2010-2019,actual,0.159,0.293,0.496,,2005_notional
Blyth Valley,North East,2010,0.445,lab,E14000575,2010-2019,actual,0.166,0.272,0.445,,2005_notional
Bognor Regis & Littlehampton,South East,2010,0.514,con,E14000576,2010-2019,actual,0.514,0.235,0.14,,2005_notional
Bolsover,East Midlands,2010,0.5,lab,E14000577,2010-2019,actual,0.246,0.155,0.5,,2005_notional
Bolton North East,North West,2010,0.459,lab,E14000578,2010-2019,actual,0.365,0.13,0.459,,2005_notional
Bolton South East,North West,2010,0.474,lab,E14000579,2010-2019,actual,0.256,0.159,0.474,,2005_notional
Bolton West,North West,2010,0.385,lab,E14000580,2010-2019,actual,0.383,0.172,0.385,,2005_notional
Bootle,North West,2010,0.664,lab,E14000581,2010-2019,actual,0.089,0.151,0.664,,2005_notional
Boston & Skegness,East Midlands,2010,0.494,con,E14000582,2010-2019,actual,0.494,0.148,0.206,,2005_notional
Bosworth,East Midlands,2010,0.426,con,E14000583,2010-2019,actual,0.426,0.333,0.16,,2005_notional
Bournemouth East,South West,2010,0.484,con,E14000584,2010-2019,actual,0.484,0.309,0.133,,2005_notional
Bournemouth West,South West,2010,0.451,con,E14000585,2010-2019,actual,0.451,0.317,0.148,,2005_notional
Bracknell,South East,2010,0.524,con,E14000586,2010-2019,actual,0.524,0.223,0.168,,2005_notional
Bradford East,Yorkshire and The Humber,2010,0.337,lib,E14000587,2010-2019,actual,0.268,0.337,0.328,,2005_notional
Bradford South,Yorkshire and The Humber,2010,0.413,lab,E14000588,2010-2019,actual,0.291,0.183,0.413,,2005_notional
Bradford West,Yorkshire and The Humber,2010,0.453,lab,E14000589,2010-2019,actual,0.311,0.117,0.453,,2005_notional
Braintree,Eastern,2010,0.526,con,E14000590,2010-2019,actual,0.526,0.188,0.199,,2005_notional
Brecon & Radnorshire,Wales,2010,0.462,lib,W07000068,2010-2019,actual,0.365,0.462,0.105,0.025,2005_notional
Brent Central,London,2010,0.442,lib,E14000591,2010-2019,actual,0.112,0.442,0.412,,2005_notional
Brent North,London,2010,0.469,lab,E14000592,2010-2019,actual,0.315,0.17,0.469,,2005_notional
Brentford & Isleworth,London,2010,0.372,con,E14000593,2010-2019,actual,0.372,0.237,0.336,,2005_notional
Brentwood & Ongar,Eastern,2010,0.569,con,E14000594,2010-2019,actual,0.569,0.235,0.099,,2005_notional
Bridgend,Wales,2010,0.363,lab,W07000073,2010-2019,actual,0.304,0.226,0.363,0.059,2005_notional
Bridgwater & West Somerset,South West,2010,0.453,con,E14000595,2010-2019,actual,0.453,0.283,0.171,,2005_notional
Brigg & Goole,Yorkshire and The Humber,2010,0.449,con,E14000596,2010-2019,actual,0.449,0.146,0.331,,2005_notional
Brighton Kemptown,South East,2010,0.38,con,E14000597,2010-2019,actual,0.38,0.18,0.349,,2005_notional
Brighton Pavilion,South East,2010,0.336,oth,E14000598,2010-2019,actual,0.237,0.138,0.289,,2005_notional
Bristol East,South West,2010,0.366,lab,E14000599,2010-2019,actual,0.283,0.244,0.366,,2005_notional
Bristol North West,South West,2010,0.38,con,E14000600,2010-2019,actual,0.38,0.315,0.259,,2005_notional
Bristol South,South West,2010,0.384,lab,E14000601,2010-2019,actual,0.229,0.287,0.384,,2005_notional
Bristol West,South West,2010,0.48,lib,E14000602,2010-2019,actual,0.184,0.48,0.275,,2005_notional
Broadland,Eastern,2010,0.462,con,E14000603,2010-2019,actual,0.462,0.324,0.138,,2005_notional
Bromley & Chislehurst,London,2010,0.535,con,E14000604,2010-2019,actual,0.535,0.22,0.166,,2005_notional
Bromsgrove,West Midlands,2010,0.437,con,E14000605,2010-2019,actual,0.437,0.196,0.218,,2005_notional
Broxbourne,Eastern,2010,0.588,con,E14000606,2010-2019,actual,0.588,0.134,0.176,,2005_notional
Broxtowe,East Midlands,2010,0.39,con,E14000607,2010-2019,actual,0.39,0.169,0.383,,2005_notional
Buckingham,South East,2010,1.0,oth,E14000608,2010-2019,actual,0.0,0.0,0.0,,2005_notional
Burnley,North West,2010,0.357,lib,E14000609,2010-2019,actual,0.166,0.357,0.313,,2005_notional
Burton,West Midlands,2010,0.445,con,E14000610,2010-2019,actual,0.445,0.158,0.319,,2005_notional
Bury North,North West,2010,0.402,con,E14000611,2010-2019,actual,0.402,0.17,0.352,,2005_notional
Bury South,North West,2010,0.404,lab,E14000612,2010-2019,actual,0.336,0.182,0.404,,2005_notional
Bury St Edmunds,Eastern,2010,0.475,con,E14000613,2010-2019,actual,0.475,0.264,0.166,,2005_notional
Caerphilly,Wales,2010,0.449,lab,W07000076,2010-2019,actual,0.171,0.147,0.449,0.167,2005_notional
Caithness Sutherland & Easter Ross,Scotland,2010,0.414,lib,S14000009,2010-2019,actual,0.13,0.414,0.246,0.192,2005_notional
Calder Valley,Yorkshire and The Humber,2010,0.394,con,E14000614,2010-2019,actual,0.394,0.252,0.27,,2005_notional
Camberwell & Peckham,London,2010,0.592,lab,E14000615,2010-2019,actual,0.13,0.224,0.592,,2005_notional
Camborne And Redruth,South West,2010,0.376,con,E14000616,2010-2019,actual,0.376,0.374,0.163,,2005_notional
Cambridge,Eastern,2010,0.391,lib,E14000617,2010-2019,actual,0.256,0.391,0.243,,2005_notional
Cannock Chase,West Midlands,2010,0.401,con,E14000618,2010-2019,actual,0.401,0.17,0.331,,2005_notional
Canterbury,South East,2010,0.448,con,E14000619,2010-2019,actual,0.448,0.325,0.161,,2005_notional
Cardiff Central,Wales,2010,0.414,lib,W07000050,2010-2019,actual,0.216,0.414,0.288,0.034,2005_notional
Cardiff North,Wales,2010,0.375,con,W07000051,2010-2019,actual,0.375,0.183,0.371,0.033,2005_notional
Cardiff South & Penarth,Wales,2010,0.389,lab,W07000080,2010-2019,actual,0.283,0.223,0.389,0.042,2005_notional
Cardiff West,Wales,2010,0.412,lab,W07000079,2010-2019,actual,0.296,0.175,0.412,0.07,2005_notional
Carlisle,North West,2010,0.393,con,E14000620,2010-2019,actual,0.393,0.156,0.373,,2005_notional
Carmarthen East & Dinefwr,Wales,2010,0.356,natSW,W07000067,2010-2019,actual,0.224,0.121,0.265,0.356,2005_notional
Carmarthen West & South Pembrokeshire,Wales,2010,0.411,con,W07000066,2010-2019,actual,0.411,0.121,0.327,0.104,2005_notional
Carshalton & Wallington,London,2010,0.483,lib,E14000621,2010-2019,actual,0.368,0.483,0.087,,2005_notional
Castle Point,Eastern,2010,0.44,con,E14000622,2010-2019,actual,0.44,0.094,0.147,,2005_notional
Central Ayrshire,Scotland,2010,0.477,lab,S14000010,2010-2019,actual,0.204,0.119,0.477,0.19,2005_notional
Central Devon,South West,2010,0.515,con,E14000623,2010-2019,actual,0.515,0.344,0.069,,2005_notional
Central Suffolk & North Ipswich,Eastern,2010,0.508,con,E14000624,2010-2019,actual,0.508,0.25,0.162,,2005_notional
Ceredigion,Wales,2010,0.5,lib,W07000064,2010-2019,actual,0.116,0.5,0.058,0.283,2005_notional
Charnwood,East Midlands,2010,0.496,con,E14000625,2010-2019,actual,0.496,0.215,0.197,,2005_notional
Chatham & Aylesford,South East,2010,0.462,con,E14000626,2010-2019,actual,0.462,0.133,0.323,,2005_notional
Cheadle,North West,2010,0.471,lib,E14000627,2010-2019,actual,0.408,0.471,0.094,,2005_notional
Chelmsford,Eastern,2010,0.462,con,E14000628,2010-2019,actual,0.462,0.368,0.11,,2005_notional
Chelsea And Fulham,London,2010,0.605,con,E14000629,2010-2019,actual,0.605,0.162,0.185,,2005_notional
Cheltenham,South West,2010,0.505,lib,E14000630,2010-2019,actual,0.412,0.505,0.051,,2005_notional
Chesham & Amersham,South East,2010,0.604,con,E14000631,2010-2019,actual,0.604,0.285,0.056,,2005_notional
Chesterfield,East Midlands,2010,0.39,lab,E14000632,2010-2019,actual,0.157,0.378,0.39,,2005_notional
Chichester,South East,2010,0.553,con,E14000633,2010-2019,actual,0.553,0.274,0.105,,2005_notional
Chingford & Woodford Green,London,2010,0.528,con,E14000634,2010-2019,actual,0.528,0.168,0.227,,2005_notional
Chippenham,South West,2010,0.458,lib,E14000635,2010-2019,actual,0.41,0.458,0.069,,2005_notional
Chipping Barnet,London,2010,0.488,con,E14000636,2010-2019,actual,0.488,0.202,0.252,,2005_notional
Chorley,North West,2010,0.432,lab,E14000637,2010-2019,actual,0.38,0.14,0.432,,2005_notional
Christchurch,South West,2010,0.564,con,E14000638,2010-2019,actual,0.564,0.253,0.098,,2005_notional
Cities Of London And Westminster,London,2010,0.522,con,E14000639,2010-2019,actual,0.522,0.205,0.222,,2005_notional
City Of Chester,North West,2010,0.406,con,E14000640,2010-2019,actual,0.406,0.191,0.351,,2005_notional
City Of Durham,North East,2010,0.443,lab,E14000641,2010-2019,actual,0.133,0.377,0.443,,2005_notional
Clacton,Eastern,2010,0.53,con,E14000642,2010-2019,actual,0.53,0.129,0.25,,2005_notional
Cleethorpes,Yorkshire and The Humber,2010,0.421,con,E14000643,2010-2019,actual,0.421,0.182,0.326,,2005_notional
Clwyd South,Wales,2010,0.384,lab,W07000062,2010-2019,actual,0.302,0.172,0.384,0.087,2005_notional
Clwyd West,Wales,2010,0.415,con,W07000059,2010-2019,actual,0.415,0.152,0.247,0.154,2005_notional
Coatbridge Chryston And Bellshill,Scotland,2010,0.666,lab,S14000011,2010-2019,actual,0.081,0.085,0.666,0.168,2005_notional
Colchester,Eastern,2010,0.48,lib,E14000644,2010-2019,actual,0.329,0.48,0.123,,2005_notional
Colne Valley,Yorkshire and The Humber,2010,0.37,con,E14000645,2010-2019,actual,0.37,0.282,0.264,,2005_notional
Congleton,North West,2010,0.458,con,E14000646,2010-2019,actual,0.458,0.319,0.172,,2005_notional
Copeland,North West,2010,0.46,lab,E14000647,2010-2019,actual,0.371,0.102,0.46,,2005_notional
Corby,East Midlands,2010,0.422,con,E14000648,2010-2019,actual,0.422,0.144,0.387,,2005_notional
Coventry North East,West Midlands,2010,0.493,lab,E14000649,2010-2019,actual,0.221,0.166,0.493,,2005_notional
Coventry North West,West Midlands,2010,0.428,lab,E14000650,2010-2019,actual,0.293,0.179,0.428,,2005_notional
Coventry South,West Midlands,2010,0.418,lab,E14000651,2010-2019,actual,0.334,0.18,0.418,,2005_notional
Crawley,South East,2010,0.448,con,E14000652,2010-2019,actual,0.448,0.144,0.323,,2005_notional
Crewe & Nantwich,North West,2010,0.458,con,E14000653,2010-2019,actual,0.458,0.15,0.34,,2005_notional
Croydon Central,London,2010,0.394,con,E14000654,2010-2019,actual,0.394,0.132,0.336,,2005_notional
Croydon North,London,2010,0.56,lab,E14000655,2010-2019,actual,0.241,0.14,0.56,,2005_notional
Croydon South,London,2010,0.509,con,E14000656,2010-2019,actual,0.509,0.228,0.2,,2005_notional
Cumbernauld Kilsyth & Kirkintilloch East,Scotland,2010,0.572,lab,S14000012,2010-2019,actual,0.083,0.095,0.572,0.238,2005_notional
Cynon Valley,Wales,2010,0.525,lab,W07000070,2010-2019,actual,0.101,0.138,0.525,0.203,2005_notional
Dagenham And Rainham,London,2010,0.403,lab,E14000657,2010-2019,actual,0.343,0.086,0.403,,2005_notional
Darlington,North East,2010,0.394,lab,E14000658,2010-2019,actual,0.315,0.234,0.394,,2005_notional
Dartford,South East,2010,0.488,con,E14000659,2010-2019,actual,0.488,0.147,0.276,,2005_notional
Daventry,East Midlands,2010,0.565,con,E14000660,2010-2019,actual,0.565,0.194,0.158,,2005_notional
Delyn,Wales,2010,0.408,lab,W07000042,2010-2019,actual,0.346,0.155,0.408,0.05,2005_notional
Denton & Reddish,North West,2010,0.51,lab,E14000661,2010-2019,actual,0.249,0.179,0.51,,2005_notional
Derby North,East Midlands,2010,0.33,lab,E14000662,2010-2019,actual,0.317,0.28,0.33,,2005_notional
Derby South,East Midlands,2010,0.433,lab,E14000663,2010-2019,actual,0.285,0.205,0.433,,2005_notional
Derbyshire Dales,East Midlands,2010,0.521,con,E14000664,2010-2019,actual,0.521,0.225,0.194,,2005_notional
Devizes,South West,2010,0.551,con,E14000665,2010-2019,actual,0.551,0.27,0.102,,2005_notional
Dewsbury,Yorkshire and The Humber,2010,0.35,con,E14000666,2010-2019,actual,0.35,0.169,0.322,,2005_notional
Don Valley,Yorkshire and The Humber,2010,0.379,lab,E14000667,2010-2019,actual,0.297,0.171,0.379,,2005_notional
Doncaster Central,Yorkshire and The Humber,2010,0.397,lab,E14000668,2010-2019,actual,0.248,0.211,0.397,,2005_notional
Doncaster North,Yorkshire and The Humber,2010,0.473,lab,E14000669,2010-2019,actual,0.21,0.149,0.473,,2005_notional
Dover,South East,2010,0.44,con,E14000670,2010-2019,actual,0.44,0.158,0.335,,2005_notional
Dudley North,West Midlands,2010,0.387,lab,E14000671,2010-2019,actual,0.37,0.105,0.387,,2005_notional
Dudley South,West Midlands,2010,0.431,con,E14000672,2010-2019,actual,0.431,0.157,0.33,,2005_notional
Dulwich & West Norwood,London,2010,0.466,lab,E14000673,2010-2019,actual,0.222,0.272,0.466,,2005_notional
Dumfries And Galloway,Scotland,2010,0.459,lab,S14000013,2010-2019,actual,0.316,0.088,0.459,0.123,2005_notional
Dumfriesshire Clydesdale And Tweeddale,Scotland,2010,0.38,con,S14000014,2010-2019,actual,0.38,0.198,0.289,0.108,2005_notional
Dundee East,Scotland,2010,0.378,natSW,S14000015,2010-2019,actual,0.152,0.106,0.333,0.378,2005_notional
Dundee West,Scotland,2010,0.485,lab,S14000016,2010-2019,actual,0.093,0.114,0.485,0.289,2005_notional
Dunfermline And West Fife,Scotland,2010,0.463,lab,S14000017,2010-2019,actual,0.068,0.351,0.463,0.106,2005_notional
Dwyfor Meirionnydd,Wales,2010,0.443,natSW,W07000061,2010-2019,actual,0.223,0.122,0.139,0.443,2005_notional
Ealing Central And Acton,London,2010,0.38,con,E14000674,2010-2019,actual,0.38,0.276,0.301,,2005_notional
Ealing North,London,2010,0.504,lab,E14000675,2010-2019,actual,0.309,0.132,0.504,,2005_notional
Ealing Southall,London,2010,0.515,lab,E14000676,2010-2019,actual,0.298,0.149,0.515,,2005_notional
Easington,North East,2010,0.589,lab,E14000677,2010-2019,actual,0.137,0.16,0.589,,2005_notional
East Devon,South West,2010,0.483,con,E14000678,2010-2019,actual,0.483,0.312,0.108,,2005_notional
East Dunbartonshire,Scotland,2010,0.387,lib,S14000018,2010-2019,actual,0.155,0.387,0.341,0.105,2005_notional
East Ham,London,2010,0.704,lab,E14000679,2010-2019,actual,0.152,0.116,0.704,,2005_notional
East Hampshire,South East,2010,0.568,con,E14000680,2010-2019,actual,0.568,0.305,0.079,,2005_notional
East Kilbride Strathaven And Lesmahagow,Scotland,2010,0.515,lab,S14000019,2010-2019,actual,0.13,0.099,0.515,0.23,2005_notional
East Lothian,Scotland,2010,0.446,lab,S14000020,2010-2019,actual,0.197,0.169,0.446,0.16,2005_notional
East Renfrewshire,Scotland,2010,0.508,lab,S14000021,2010-2019,actual,0.304,0.092,0.508,0.089,2005_notional
East Surrey,South East,2010,0.567,con,E14000681,2010-2019,actual,0.567,0.259,0.09,,2005_notional
East Worthing & Shoreham,South East,2010,0.485,con,E14000682,2010-2019,actual,0.485,0.255,0.167,,2005_notional
East Yorkshire,Yorkshire and The Humber,2010,0.475,con,E14000683,2010-2019,actual,0.475,0.212,0.203,,2005_notional
Eastbourne,South East,2010,0.473,lib,E14000684,2010-2019,actual,0.407,0.473,0.048,,2005_notional
Eastleigh,South East,2010,0.465,lib,E14000685,2010-2019,actual,0.393,0.465,0.096,,2005_notional
Eddisbury,North West,2010,0.517,con,E14000686,2010-2019,actual,0.517,0.225,0.216,,2005_notional
Edinburgh East,Scotland,2010,0.434,lab,S14000022,2010-2019,actual,0.109,0.194,0.434,0.204,2005_notional
Edinburgh North & Leith,Scotland,2010,0.375,lab,S14000023,2010-2019,actual,0.149,0.338,0.375,0.096,2005_notional
Edinburgh South,Scotland,2010,0.347,lab,S14000024,2010-2019,actual,0.216,0.34,0.347,0.077,2005_notional
Edinburgh South West,Scotland,2010,0.428,lab,S14000025,2010-2019,actual,0.243,0.18,0.428,0.122,2005_notional
Edinburgh West,Scotland,2010,0.359,lib,S14000026,2010-2019,actual,0.232,0.359,0.277,0.132,2005_notional
Edmonton,London,2010,0.537,lab,E14000687,2010-2019,actual,0.298,0.105,0.537,,2005_notional
Ellesmere Port & Neston,North West,2010,0.446,lab,E14000688,2010-2019,actual,0.349,0.151,0.446,,2005_notional
Elmet And Rothwell,Yorkshire and The Humber,2010,0.426,con,E14000689,2010-2019,actual,0.426,0.163,0.345,,2005_notional
Eltham,London,2010,0.415,lab,E14000690,2010-2019,actual,0.375,0.126,0.415,,2005_notional
Enfield North,London,2010,0.423,con,E14000691,2010-2019,actual,0.423,0.122,0.385,,2005_notional
Enfield Southgate,London,2010,0.494,con,E14000692,2010-2019,actual,0.494,0.138,0.322,,2005_notional
Epping Forest,Eastern,2010,0.54,con,E14000693,2010-2019,actual,0.54,0.215,0.143,,2005_notional
Epsom & Ewell,South East,2010,0.562,con,E14000694,2010-2019,actual,0.562,0.268,0.119,,2005_notional
Erewash,East Midlands,2010,0.395,con,E14000695,2010-2019,actual,0.395,0.175,0.342,,2005_notional
Erith & Thamesmead,London,2010,0.449,lab,E14000696,2010-2019,actual,0.315,0.12,0.449,,2005_notional
Esher & Walton,South East,2010,0.589,con,E14000697,2010-2019,actual,0.589,0.248,0.107,,2005_notional
Exeter,South West,2010,0.382,lab,E14000698,2010-2019,actual,0.33,0.203,0.382,,2005_notional
Falkirk,Scotland,2010,0.457,lab,S14000028,2010-2019,actual,0.112,0.103,0.457,0.303,2005_notional
Fareham,South East,2010,0.553,con,E14000699,2010-2019,actual,0.553,0.238,0.142,,2005_notional
Faversham & Mid Kent,South East,2010,0.562,con,E14000700,2010-2019,actual,0.562,0.196,0.166,,2005_notional
Feltham & Heston,London,2010,0.436,lab,E14000701,2010-2019,actual,0.34,0.138,0.436,,2005_notional
Filton And Bradley Stoke,South West,2010,0.408,con,E14000702,2010-2019,actual,0.408,0.253,0.264,,2005_notional
Finchley & Golders Green,London,2010,0.46,con,E14000703,2010-2019,actual,0.46,0.17,0.337,,2005_notional
Folkestone & Hythe,South East,2010,0.494,con,E14000704,2010-2019,actual,0.494,0.303,0.108,,2005_notional
Forest Of Dean,South West,2010,0.469,con,E14000705,2010-2019,actual,0.469,0.219,0.242,,2005_notional
Fylde,North West,2010,0.522,con,E14000706,2010-2019,actual,0.522,0.221,0.197,,2005_notional
Gainsborough,East Midlands,2010,0.493,con,E14000707,2010-2019,actual,0.493,0.278,0.156,,2005_notional
Garston And Halewood,North West,2010,0.595,lab,E14000708,2010-2019,actual,0.161,0.201,0.595,,2005_notional
Gateshead,North East,2010,0.541,lab,E14000709,2010-2019,actual,0.149,0.213,0.541,,2005_notional
Gedling,East Midlands,2010,0.411,lab,E14000710,2010-2019,actual,0.373,0.153,0.411,,2005_notional
Gillingham And Rainham,South East,2010,0.462,con,E14000711,2010-2019,actual,0.462,0.181,0.277,,2005_notional
Glasgow Central,Scotland,2010,0.52,lab,S14000029,2010-2019,actual,0.071,0.164,0.52,0.175,2005_notional
Glasgow East,Scotland,2010,0.616,lab,S14000030,2010-2019,actual,0.045,0.05,0.616,0.247,2005_notional
Glasgow North,Scotland,2010,0.445,lab,S14000031,2010-2019,actual,0.071,0.313,0.445,0.119,2005_notional
Glasgow North East,Scotland,2010,0.683,lab,S14000032,2010-2019,actual,0.053,0.077,0.683,0.141,2005_notional
Glasgow North West,Scotland,2010,0.541,lab,S14000033,2010-2019,actual,0.099,0.158,0.541,0.153,2005_notional
Glasgow South,Scotland,2010,0.517,lab,S14000034,2010-2019,actual,0.115,0.118,0.517,0.201,2005_notional
Glasgow South West,Scotland,2010,0.625,lab,S14000035,2010-2019,actual,0.066,0.09,0.625,0.163,2005_notional
Glenrothes,Scotland,2010,0.623,lab,S14000036,2010-2019,actual,0.072,0.077,0.623,0.217,2005_notional
Gloucester,South West,2010,0.399,con,E14000712,2010-2019,actual,0.399,0.192,0.352,,2005_notional
Gordon,Scotland,2010,0.36,lib,S14000037,2010-2019,actual,0.187,0.36,0.201,0.222,2005_notional
Gosport,South East,2010,0.518,con,E14000713,2010-2019,actual,0.518,0.211,0.169,,2005_notional
Gower,Wales,2010,0.384,lab,W07000046,2010-2019,actual,0.32,0.191,0.384,0.066,2005_notional
Grantham & Stamford,East Midlands,2010,0.503,con,E14000714,2010-2019,actual,0.503,0.222,0.18,,2005_notional
Gravesham,South East,2010,0.485,con,E14000715,2010-2019,actual,0.485,0.133,0.288,,2005_notional
Great Grimsby,Yorkshire and The Humber,2010,0.327,lab,E14000716,2010-2019,actual,0.305,0.224,0.327,,2005_notional
Great Yarmouth,Eastern,2010,0.431,con,E14000717,2010-2019,actual,0.431,0.144,0.332,,2005_notional
Greenwich & Woolwich,London,2010,0.492,lab,E14000718,2010-2019,actual,0.245,0.182,0.492,,2005_notional
Guildford,South East,2010,0.533,con,E14000719,2010-2019,actual,0.533,0.393,0.051,,2005_notional
Hackney North & Stoke Newington,London,2010,0.55,lab,E14000720,2010-2019,actual,0.145,0.239,0.55,,2005_notional
Hackney South & Shoreditch,London,2010,0.557,lab,E14000721,2010-2019,actual,0.135,0.224,0.557,,2005_notional
Halesowen & Rowley Regis,West Midlands,2010,0.412,con,E14000722,2010-2019,actual,0.412,0.148,0.366,,2005_notional
Halifax,Yorkshire and The Humber,2010,0.374,lab,E14000723,2010-2019,actual,0.34,0.191,0.374,,2005_notional
Haltemprice & Howden,Yorkshire and The Humber,2010,0.502,con,E14000724,2010-2019,actual,0.502,0.264,0.157,,2005_notional
Halton,North West,2010,0.577,lab,E14000725,2010-2019,actual,0.202,0.138,0.577,,2005_notional
Hammersmith,London,2010,0.439,lab,E14000726,2010-2019,actual,0.364,0.159,0.439,,2005_notional
Hampstead And Kilburn,London,2010,0.328,lab,E14000727,2010-2019,actual,0.327,0.312,0.328,,2005_notional
Harborough,East Midlands,2010,0.489,con,E14000728,2010-2019,actual,0.489,0.311,0.127,,2005_notional
Harlow,Eastern,2010,0.449,con,E14000729,2010-2019,actual,0.449,0.137,0.337,,2005_notional
Harrogate & Knaresborough,Yorkshire and The Humber,2010,0.457,con,E14000730,2010-2019,actual,0.457,0.438,0.064,,2005_notional
Harrow East,London,2010,0.447,con,E14000731,2010-2019,actual,0.447,0.143,0.376,,2005_notional
Harrow West,London,2010,0.436,lab,E14000732,2010-2019,actual,0.368,0.162,0.436,,2005_notional
Hartlepool,North East,2010,0.425,lab,E14000733,2010-2019,actual,0.281,0.171,0.425,,2005_notional
Harwich And North Essex,Eastern,2010,0.469,con,E14000734,2010-2019,actual,0.469,0.236,0.199,,2005_notional
Hastings & Rye,South East,2010,0.411,con,E14000735,2010-2019,actual,0.411,0.157,0.371,,2005_notional
Havant,South East,2010,0.511,con,E14000736,2010-2019,actual,0.511,0.234,0.177,,2005_notional
Hayes & Harlington,London,2010,0.548,lab,E14000737,2010-2019,actual,0.294,0.087,0.548,,2005_notional
Hazel Grove,North West,2010,0.488,lib,E14000738,2010-2019,actual,0.336,0.488,0.125,,2005_notional
Hemel Hempstead,Eastern,2010,0.5,con,E14000739,2010-2019,actual,0.5,0.229,0.208,,2005_notional
Hemsworth,Yorkshire and The Humber,2010,0.468,lab,E14000740,2010-2019,actual,0.243,0.129,0.468,,2005_notional
Hendon,London,2010,0.423,con,E14000741,2010-2019,actual,0.423,0.124,0.421,,2005_notional
Henley,South East,2010,0.562,con,E14000742,2010-2019,actual,0.562,0.252,0.109,,2005_notional
Hereford And South Herefordshire,West Midlands,2010,0.462,con,E14000743,2010-2019,actual,0.462,0.411,0.072,,2005_notional
Hertford & Stortford,Eastern,2010,0.538,con,E14000744,2010-2019,actual,0.538,0.26,0.138,,2005_notional
Hertsmere,Eastern,2010,0.56,con,E14000745,2010-2019,actual,0.56,0.174,0.188,,2005_notional
Hexham,North East,2010,0.432,con,E14000746,2010-2019,actual,0.432,0.299,0.19,,2005_notional
Heywood & Middleton,North West,2010,0.401,lab,E14000747,2010-2019,actual,0.272,0.227,0.401,,2005_notional
High Peak,East Midlands,2010,0.409,con,E14000748,2010-2019,actual,0.409,0.218,0.316,,2005_notional
Hitchin & Harpenden,Eastern,2010,0.546,con,E14000749,2010-2019,actual,0.546,0.267,0.136,,2005_notional
Holborn & St Pancras,London,2010,0.461,lab,E14000750,2010-2019,actual,0.204,0.279,0.461,,2005_notional
Hornchurch And Upminster,London,2010,0.514,con,E14000751,2010-2019,actual,0.514,0.139,0.208,,2005_notional
Hornsey & Wood Green,London,2010,0.465,lib,E14000752,2010-2019,actual,0.167,0.465,0.34,,2005_notional
Horsham,South East,2010,0.527,con,E14000753,2010-2019,actual,0.527,0.322,0.075,,2005_notional
Houghton & Sunderland South,North East,2010,0.503,lab,E14000754,2010-2019,actual,0.214,0.139,0.503,,2005_notional
Hove,South East,2010,0.367,con,E14000755,2010-2019,actual,0.367,0.226,0.33,,2005_notional
Huddersfield,Yorkshire and The Humber,2010,0.388,lab,E14000756,2010-2019,actual,0.278,0.247,0.388,,2005_notional
Huntingdon,Eastern,2010,0.489,con,E14000757,2010-2019,actual,0.489,0.289,0.11,,2005_notional
Hyndburn,North West,2010,0.411,lab,E14000758,2010-2019,actual,0.338,0.118,0.411,,2005_notional
Ilford North,London,2010,0.457,con,E14000759,2010-2019,actual,0.457,0.127,0.342,,2005_notional
Ilford South,London,2010,0.494,lab,E14000760,2010-2019,actual,0.274,0.17,0.494,,2005_notional
Inverclyde,Scotland,2010,0.56,lab,S14000038,2010-2019,actual,0.12,0.133,0.56,0.175,2005_notional
Inverness Nairn Badenoch And Strathspey,Scotland,2010,0.407,lib,S14000039,2010-2019,actual,0.133,0.407,0.221,0.187,2005_notional
Ipswich,Eastern,2010,0.391,con,E14000761,2010-2019,actual,0.391,0.182,0.347,,2005_notional
Isle Of Wight,South East,2010,0.467,con,E14000762,2010-2019,actual,0.467,0.317,0.116,,2005_notional
Islington North,London,2010,0.545,lab,E14000763,2010-2019,actual,0.142,0.267,0.545,,2005_notional
Islington South & Finsbury,London,2010,0.423,lab,E14000764,2010-2019,actual,0.194,0.341,0.423,,2005_notional
Islwyn,Wales,2010,0.492,lab,W07000077,2010-2019,actual,0.14,0.104,0.492,0.13,2005_notional
Jarrow,North East,2010,0.539,lab,E14000765,2010-2019,actual,0.206,0.185,0.539,,2005_notional
Keighley,Yorkshire and The Humber,2010,0.419,con,E14000766,2010-2019,actual,0.419,0.148,0.358,,2005_notional
Kenilworth And Southam,West Midlands,2010,0.536,con,E14000767,2010-2019,actual,0.536,0.277,0.143,,2005_notional
Kensington,London,2010,0.501,con,E14000768,2010-2019,actual,0.501,0.196,0.255,,2005_notional
Kettering,East Midlands,2010,0.491,con,E14000769,2010-2019,actual,0.491,0.158,0.299,,2005_notional
Kilmarnock & Loudoun,Scotland,2010,0.525,lab,S14000040,2010-2019,actual,0.142,0.073,0.525,0.26,2005_notional
Kingston & Surbiton,London,2010,0.498,lib,E14000770,2010-2019,actual,0.365,0.498,0.093,,2005_notional
Kingston Upon Hull East,Yorkshire and The Humber,2010,0.479,lab,E14000771,2010-2019,actual,0.166,0.228,0.479,,2005_notional
Kingston Upon Hull North,Yorkshire and The Humber,2010,0.392,lab,E14000772,2010-2019,actual,0.131,0.373,0.392,,2005_notional
Kingston Upon Hull West & Hessle,Yorkshire and The Humber,2010,0.425,lab,E14000773,2010-2019,actual,0.202,0.242,0.425,,2005_notional
Kingswood,South West,2010,0.404,con,E14000774,2010-2019,actual,0.404,0.168,0.353,,2005_notional
Kirkcaldy & Cowdenbeath,Scotland,2010,0.645,lab,S14000041,2010-2019,actual,0.093,0.093,0.645,0.143,2005_notional
Knowsley,North West,2010,0.709,lab,E14000775,2010-2019,actual,0.09,0.134,0.709,,2005_notional
Lanark & Hamilton East,Scotland,2010,0.5,lab,S14000042,2010-2019,actual,0.15,0.113,0.5,0.21,2005_notional
Lancaster & Fleetwood,North West,2010,0.361,con,E14000776,2010-2019,actual,0.361,0.191,0.353,,2005_notional
Leeds Central,Yorkshire and The Humber,2010,0.493,lab,E14000777,2010-2019,actual,0.202,0.208,0.493,,2005_notional
Leeds East,Yorkshire and The Humber,2010,0.504,lab,E14000778,2010-2019,actual,0.232,0.175,0.504,,2005_notional
Leeds North East,Yorkshire and The Humber,2010,0.427,lab,E14000779,2010-2019,actual,0.331,0.196,0.427,,2005_notional
Leeds North West,Yorkshire and The Humber,2010,0.475,lib,E14000780,2010-2019,actual,0.266,0.475,0.21,,2005_notional
Leeds West,Yorkshire and The Humber,2010,0.423,lab,E14000781,2010-2019,actual,0.197,0.242,0.423,,2005_notional
Leicester East,East Midlands,2010,0.538,lab,E14000782,2010-2019,actual,0.244,0.142,0.538,,2005_notional
Leicester South,East Midlands,2010,0.456,lab,E14000783,2010-2019,actual,0.214,0.269,0.456,,2005_notional
Leicester West,East Midlands,2010,0.384,lab,E14000784,2010-2019,actual,0.272,0.226,0.384,,2005_notional
Leigh,North West,2010,0.48,lab,E14000785,2010-2019,actual,0.209,0.182,0.48,,2005_notional
Lewes,South East,2010,0.52,lib,E14000786,2010-2019,actual,0.367,0.52,0.05,,2005_notional
Lewisham Deptford,London,2010,0.537,lab,E14000789,2010-2019,actual,0.135,0.234,0.537,,2005_notional
Lewisham East,London,2010,0.431,lab,E14000787,2010-2019,actual,0.236,0.282,0.431,,2005_notional
Lewisham West And Penge,London,2010,0.411,lab,E14000788,2010-2019,actual,0.255,0.281,0.411,,2005_notional
Leyton & Wanstead,London,2010,0.436,lab,E14000790,2010-2019,actual,0.222,0.276,0.436,,2005_notional
Lichfield,West Midlands,2010,0.544,con,E14000791,2010-2019,actual,0.544,0.201,0.198,,2005_notional
Lincoln,East Midlands,2010,0.375,con,E14000792,2010-2019,actual,0.375,0.202,0.352,,2005_notional
Linlithgow And East Falkirk,Scotland,2010,0.498,lab,S14000043,2010-2019,actual,0.119,0.128,0.498,0.254,2005_notional
Liverpool Riverside,North West,2010,0.593,lab,E14000793,2010-2019,actual,0.109,0.227,0.593,,2005_notional
Liverpool Walton,North West,2010,0.72,lab,E14000794,2010-2019,actual,0.065,0.142,0.72,,2005_notional
Liverpool Wavertree,North West,2010,0.531,lab,E14000795,2010-2019,actual,0.075,0.342,0.531,,2005_notional
Liverpool West Derby,North West,2010,0.641,lab,E14000796,2010-2019,actual,0.093,0.125,0.641,,2005_notional
Livingston,Scotland,2010,0.485,lab,S14000044,2010-2019,actual,0.108,0.111,0.485,0.259,2005_notional
Llanelli,Wales,2010,0.425,lab,W07000045,2010-2019,actual,0.144,0.104,0.425,0.299,2005_notional
Loughborough,East Midlands,2010,0.416,con,E14000797,2010-2019,actual,0.416,0.183,0.345,,2005_notional
Louth & Horncastle,East Midlands,2010,0.496,con,E14000798,2010-2019,actual,0.496,0.222,0.173,,2005_notional
Ludlow,West Midlands,2010,0.528,con,E14000799,2010-2019,actual,0.528,0.328,0.067,,2005_notional
Luton North,Eastern,2010,0.493,lab,E14000800,2010-2019,actual,0.318,0.111,0.493,,2005_notional
Luton South,Eastern,2010,0.349,lab,E14000801,2010-2019,actual,0.294,0.227,0.349,,2005_notional
Macclesfield,North West,2010,0.47,con,E14000802,2010-2019,actual,0.47,0.231,0.203,,2005_notional
Maidenhead,South East,2010,0.595,con,E14000803,2010-2019,actual,0.595,0.282,0.071,,2005_notional
Maidstone & The Weald,South East,2010,0.48,con,E14000804,2010-2019,actual,0.48,0.36,0.097,,2005_notional
Makerfield,North West,2010,0.473,lab,E14000805,2010-2019,actual,0.188,0.162,0.473,,2005_notional
Maldon,Eastern,2010,0.598,con,E14000806,2010-2019,actual,0.598,0.193,0.127,,2005_notional
Manchester Central,North West,2010,0.527,lab,E14000807,2010-2019,actual,0.118,0.266,0.527,,2005_notional
Manchester Gorton,North West,2010,0.501,lab,E14000808,2010-2019,actual,0.11,0.326,0.501,,2005_notional
Manchester Withington,North West,2010,0.447,lib,E14000809,2010-2019,actual,0.111,0.447,0.405,,2005_notional
Mansfield,East Midlands,2010,0.387,lab,E14000810,2010-2019,actual,0.263,0.154,0.387,,2005_notional
Meon Valley,South East,2010,0.562,con,E14000811,2010-2019,actual,0.562,0.326,0.064,,2005_notional
Meriden,West Midlands,2010,0.517,con,E14000812,2010-2019,actual,0.517,0.178,0.205,,2005_notional
Merthyr Tydfil & Rhymney,Wales,2010,0.437,lab,W07000071,2010-2019,actual,0.075,0.31,0.437,0.051,2005_notional
Mid Bedfordshire,Eastern,2010,0.525,con,E14000813,2010-2019,actual,0.525,0.249,0.148,,2005_notional
Mid Derbyshire,East Midlands,2010,0.483,con,E14000814,2010-2019,actual,0.483,0.205,0.245,,2005_notional
Mid Dorset & North Poole,South West,2010,0.451,lib,E14000815,2010-2019,actual,0.445,0.451,0.059,,2005_notional
Mid Norfolk,Eastern,2010,0.495,con,E14000816,2010-2019,actual,0.495,0.222,0.174,,2005_notional
Mid Sussex,South East,2010,0.507,con,E14000817,2010-2019,actual,0.507,0.375,0.066,,2005_notional
Mid Worcestershire,West Midlands,2010,0.545,con,E14000818,2010-2019,actual,0.545,0.234,0.149,,2005_notional
Middlesbrough,North East,2010,0.459,lab,E14000819,2010-2019,actual,0.188,0.199,0.459,,2005_notional
Middlesbrough South & East Cleveland,North East,2010,0.392,lab,E14000820,2010-2019,actual,0.356,0.159,0.392,,2005_notional
Midlothian,Scotland,2010,0.47,lab,S14000045,2010-2019,actual,0.119,0.171,0.47,0.206,2005_notional
Milton Keynes North,South East,2010,0.435,con,E14000821,2010-2019,actual,0.435,0.221,0.268,,2005_notional
Milton Keynes South,South East,2010,0.416,con,E14000822,2010-2019,actual,0.416,0.177,0.322,,2005_notional
Mitcham & Morden,London,2010,0.564,lab,E14000823,2010-2019,actual,0.252,0.119,0.564,,2005_notional
Mole Valley,South East,2010,0.575,con,E14000824,2010-2019,actual,0.575,0.287,0.07,,2005_notional
Monmouth,Wales,2010,0.483,con,W07000054,2010-2019,actual,0.483,0.194,0.259,0.027,2005_notional
Montgomeryshire,Wales,2010,0.413,con,W07000063,2010-2019,actual,0.413,0.378,0.071,0.083,2005_notional
Moray,Scotland,2010,0.397,natSW,S14000046,2010-2019,actual,0.261,0.145,0.171,0.397,2005_notional
Morecambe And Lunesdale,North West,2010,0.415,con,E14000825,2010-2019,actual,0.415,0.133,0.395,,2005_notional
Morley & Outwood,Yorkshire and The Humber,2010,0.376,lab,E14000826,2010-2019,actual,0.353,0.168,0.376,,2005_notional
Motherwell & Wishaw,Scotland,2010,0.611,lab,S14000047,2010-2019,actual,0.094,0.098,0.611,0.182,2005_notional
Na H-Eileanan An Iar,Scotland,2010,0.457,natSW,S14000027,2010-2019,actual,0.044,0.075,0.329,0.457,2005_notional
Neath,Wales,2010,0.463,lab,W07000069,2010-2019,actual,0.131,0.149,0.463,0.199,2005_notional
New Forest East,South East,2010,0.528,con,E14000827,2010-2019,actual,0.528,0.303,0.098,,2005_notional
New Forest West,South East,2010,0.588,con,E14000828,2010-2019,actual,0.588,0.233,0.098,,2005_notional
Newark,East Midlands,2010,0.539,con,E14000829,2010-2019,actual,0.539,0.2,0.223,,2005_notional
Newbury,South East,2010,0.564,con,E14000830,2010-2019,actual,0.564,0.355,0.043,,2005_notional
Newcastle Upon Tyne Central,North East,2010,0.459,lab,E14000831,2010-2019,actual,0.194,0.241,0.459,,2005_notional
Newcastle Upon Tyne East,North East,2010,0.45,lab,E14000832,2010-2019,actual,0.16,0.333,0.45,,2005_notional
Newcastle Upon Tyne North,North East,2010,0.408,lab,E14000833,2010-2019,actual,0.181,0.331,0.408,,2005_notional
Newcastle-Under-Lyme,West Midlands,2010,0.38,lab,E14000834,2010-2019,actual,0.344,0.196,0.38,,2005_notional
Newport East,Wales,2010,0.37,lab,W07000055,2010-2019,actual,0.23,0.322,0.37,0.021,2005_notional
Newport West,Wales,2010,0.413,lab,W07000056,2010-2019,actual,0.323,0.166,0.413,0.028,2005_notional
Newton Abbot,South West,2010,0.43,con,E14000835,2010-2019,actual,0.43,0.419,0.07,,2005_notional
Normanton Pontefract And Castleford,Yorkshire and The Humber,2010,0.482,lab,E14000836,2010-2019,actual,0.245,0.164,0.482,,2005_notional
North Ayrshire And Arran,Scotland,2010,0.474,lab,S14000048,2010-2019,actual,0.156,0.1,0.474,0.259,2005_notional
North Cornwall,South West,2010,0.481,lib,E14000837,2010-2019,actual,0.417,0.481,0.042,,2005_notional
North Devon,South West,2010,0.474,lib,E14000838,2010-2019,actual,0.36,0.474,0.052,,2005_notional
North Dorset,South West,2010,0.511,con,E14000839,2010-2019,actual,0.511,0.37,0.054,,2005_notional
North Durham,North East,2010,0.505,lab,E14000840,2010-2019,actual,0.21,0.21,0.505,,2005_notional
North East Bedfordshire,Eastern,2010,0.558,con,E14000841,2010-2019,actual,0.558,0.217,0.161,,2005_notional
North East Cambridgeshire,Eastern,2010,0.516,con,E14000842,2010-2019,actual,0.516,0.2,0.178,,2005_notional
North East Derbyshire,East Midlands,2010,0.382,lab,E14000843,2010-2019,actual,0.33,0.233,0.382,,2005_notional
North East Fife,Scotland,2010,0.443,lib,S14000049,2010-2019,actual,0.218,0.443,0.171,0.142,2005_notional
North East Hampshire,South East,2010,0.606,con,E14000844,2010-2019,actual,0.606,0.255,0.098,,2005_notional
North East Hertfordshire,Eastern,2010,0.535,con,E14000845,2010-2019,actual,0.535,0.234,0.164,,2005_notional
North East Somerset,South West,2010,0.413,con,E14000846,2010-2019,actual,0.413,0.223,0.317,,2005_notional
North Herefordshire,West Midlands,2010,0.518,con,E14000847,2010-2019,actual,0.518,0.31,0.071,,2005_notional
North Norfolk,Eastern,2010,0.555,lib,E14000848,2010-2019,actual,0.321,0.555,0.058,,2005_notional
North Shropshire,West Midlands,2010,0.515,con,E14000849,2010-2019,actual,0.515,0.209,0.181,,2005_notional
North Somerset,South West,2010,0.493,con,E14000850,2010-2019,actual,0.493,0.357,0.111,,2005_notional
North Swindon,South West,2010,0.446,con,E14000851,2010-2019,actual,0.446,0.172,0.305,,2005_notional
North Thanet,South East,2010,0.527,con,E14000852,2010-2019,actual,0.527,0.194,0.215,,2005_notional
North Tyneside,North East,2010,0.507,lab,E14000853,2010-2019,actual,0.183,0.229,0.507,,2005_notional
North Warwickshire,West Midlands,2010,0.402,con,E14000854,2010-2019,actual,0.402,0.116,0.401,,2005_notional
North West Cambridgeshire,Eastern,2010,0.505,con,E14000855,2010-2019,actual,0.505,0.219,0.169,,2005_notional
North West Durham,North East,2010,0.423,lab,E14000856,2010-2019,actual,0.2,0.249,0.423,,2005_notional
North West Hampshire,South East,2010,0.583,con,E14000857,2010-2019,actual,0.583,0.234,0.131,,2005_notional
North West Leicestershire,East Midlands,2010,0.446,con,E14000858,2010-2019,actual,0.446,0.166,0.301,,2005_notional
North West Norfolk,Eastern,2010,0.542,con,E14000859,2010-2019,actual,0.542,0.232,0.133,,2005_notional
North Wiltshire,South West,2010,0.516,con,E14000860,2010-2019,actual,0.516,0.362,0.067,,2005_notional
Northampton North,East Midlands,2010,0.341,con,E14000861,2010-2019,actual,0.341,0.279,0.293,,2005_notional
Northampton South,East Midlands,2010,0.408,con,E14000862,2010-2019,actual,0.408,0.194,0.254,,2005_notional
Norwich North,Eastern,2010,0.406,con,E14000863,2010-2019,actual,0.406,0.183,0.314,,2005_notional
Norwich South,Eastern,2010,0.294,lib,E14000864,2010-2019,actual,0.229,0.294,0.287,,2005_notional
Nottingham East,East Midlands,2010,0.454,lab,E14000865,2010-2019,actual,0.237,0.243,0.454,,2005_notional
Nottingham North,East Midlands,2010,0.486,lab,E14000866,2010-2019,actual,0.248,0.171,0.486,,2005_notional
Nottingham South,East Midlands,2010,0.373,lab,E14000867,2010-2019,actual,0.329,0.231,0.373,,2005_notional
Nuneaton,West Midlands,2010,0.415,con,E14000868,2010-2019,actual,0.415,0.153,0.369,,2005_notional
Ochil & South Perthshire,Scotland,2010,0.379,lab,S14000050,2010-2019,actual,0.205,0.114,0.379,0.276,2005_notional
Ogmore,Wales,2010,0.538,lab,W07000074,2010-2019,actual,0.156,0.152,0.538,0.096,2005_notional
Old Bexley & Sidcup,London,2010,0.541,con,E14000869,2010-2019,actual,0.541,0.154,0.193,,2005_notional
Oldham East & Saddleworth,North West,2010,0.319,lab,E14000870,2010-2019,actual,0.264,0.316,0.319,,2005_notional
Oldham West & Royton,North West,2010,0.455,lab,E14000871,2010-2019,actual,0.237,0.191,0.455,,2005_notional
Orkney And Shetland,Scotland,2010,0.62,lib,S14000051,2010-2019,actual,0.105,0.62,0.107,0.106,2005_notional
Orpington,London,2010,0.597,con,E14000872,2010-2019,actual,0.597,0.245,0.09,,2005_notional
Oxford East,South East,2010,0.425,lab,E14000873,2010-2019,actual,0.188,0.336,0.425,,2005_notional
Oxford West & Abingdon,South East,2010,0.423,con,E14000874,2010-2019,actual,0.423,0.42,0.106,,2005_notional
Paisley & Renfrewshire North,Scotland,2010,0.54,lab,S14000052,2010-2019,actual,0.146,0.105,0.54,0.191,2005_notional
Paisley & Renfrewshire South,Scotland,2010,0.596,lab,S14000053,2010-2019,actual,0.099,0.095,0.596,0.181,2005_notional
Pendle,North West,2010,0.389,con,E14000875,2010-2019,actual,0.389,0.202,0.309,,2005_notional
Penistone And Stocksbridge,Yorkshire and The Humber,2010,0.378,lab,E14000876,2010-2019,actual,0.312,0.211,0.378,,2005_notional
Penrith & The Border,North West,2010,0.534,con,E14000877,2010-2019,actual,0.534,0.285,0.129,,2005_notional
Perth And North Perthshire,Scotland,2010,0.396,natSW,S14000054,2010-2019,actual,0.305,0.123,0.164,0.396,2005_notional
Peterborough,Eastern,2010,0.404,con,E14000878,2010-2019,actual,0.404,0.196,0.295,,2005_notional
Plymouth Moor View,South West,2010,0.372,lab,E14000879,2010-2019,actual,0.333,0.169,0.372,,2005_notional
Plymouth Sutton And Devonport,South West,2010,0.343,con,E14000880,2010-2019,actual,0.343,0.247,0.317,,2005_notional
Pontypridd,Wales,2010,0.388,lab,W07000075,2010-2019,actual,0.162,0.312,0.388,0.073,2005_notional
Poole,South West,2010,0.475,con,E14000881,2010-2019,actual,0.475,0.316,0.127,,2005_notional
Poplar & Limehouse,London,2010,0.4,lab,E14000882,2010-2019,actual,0.271,0.112,0.4,,2005_notional
Portsmouth North,South East,2010,0.443,con,E14000883,2010-2019,actual,0.443,0.201,0.278,,2005_notional
Portsmouth South,South East,2010,0.459,lib,E14000884,2010-2019,actual,0.333,0.459,0.137,,2005_notional
Preseli Pembrokeshire,Wales,2010,0.428,con,W07000065,2010-2019,actual,0.428,0.145,0.312,0.092,2005_notional
Preston,North West,2010,0.482,lab,E14000885,2010-2019,actual,0.217,0.244,0.482,,2005_notional
Pudsey,Yorkshire and The Humber,2010,0.385,con,E14000886,2010-2019,actual,0.385,0.208,0.351,,2005_notional
Putney,London,2010,0.52,con,E14000887,2010-2019,actual,0.52,0.169,0.274,,2005_notional
Rayleigh And Wickford,Eastern,2010,0.578,con,E14000888,2010-2019,actual,0.578,0.151,0.145,,2005_notional
Reading East,South East,2010,0.426,con,E14000889,2010-2019,actual,0.426,0.273,0.255,,2005_notional
Reading West,South East,2010,0.432,con,E14000890,2010-2019,actual,0.432,0.201,0.305,,2005_notional
Redcar,North East,2010,0.452,lib,E14000891,2010-2019,actual,0.138,0.452,0.327,,2005_notional
Redditch,West Midlands,2010,0.435,con,E14000892,2010-2019,actual,0.435,0.176,0.303,,2005_notional
Reigate,South East,2010,0.534,con,E14000893,2010-2019,actual,0.534,0.262,0.113,,2005_notional
Rhondda,Wales,2010,0.553,lab,W07000052,2010-2019,actual,0.064,0.106,0.553,0.181,2005_notional
Ribble Valley,North West,2010,0.503,con,E14000894,2010-2019,actual,0.503,0.205,0.22,,2005_notional
Richmond (Yorkshire),Yorkshire and The Humber,2010,0.628,con,E14000895,2010-2019,actual,0.628,0.191,0.153,,2005_notional
Richmond Park,London,2010,0.497,con,E14000896,2010-2019,actual,0.497,0.428,0.05,,2005_notional
Rochdale,North West,2010,0.364,lab,E14000897,2010-2019,actual,0.181,0.344,0.364,,2005_notional
Rochester And Strood,South East,2010,0.492,con,E14000898,2010-2019,actual,0.492,0.163,0.285,,2005_notional
Rochford & Southend East,Eastern,2010,0.469,con,E14000899,2010-2019,actual,0.469,0.194,0.203,,2005_notional
Romford,London,2010,0.56,con,E14000900,2010-2019,actual,0.56,0.12,0.195,,2005_notional
Romsey And Southampton North,South East,2010,0.497,con,E14000901,2010-2019,actual,0.497,0.413,0.064,,2005_notional
Ross Skye & Lochaber,Scotland,2010,0.526,lib,S14000055,2010-2019,actual,0.122,0.526,0.151,0.151,2005_notional
Rossendale & Darwen,North West,2010,0.418,con,E14000902,2010-2019,actual,0.418,0.181,0.322,,2005_notional
Rother Valley,Yorkshire and The Humber,2010,0.409,lab,E14000903,2010-2019,actual,0.284,0.173,0.409,,2005_notional
Rotherham,Yorkshire and The Humber,2010,0.446,lab,E14000904,2010-2019,actual,0.167,0.16,0.446,,2005_notional
Rugby,West Midlands,2010,0.44,con,E14000905,2010-2019,actual,0.44,0.199,0.314,,2005_notional
Ruislip Northwood And Pinner,London,2010,0.575,con,E14000906,2010-2019,actual,0.575,0.166,0.195,,2005_notional
Runnymede & Weybridge,South East,2010,0.559,con,E14000907,2010-2019,actual,0.559,0.216,0.134,,2005_notional
Rushcliffe,East Midlands,2010,0.512,con,E14000908,2010-2019,actual,0.512,0.217,0.207,,2005_notional
Rutherglen & Hamilton West,Scotland,2010,0.608,lab,S14000056,2010-2019,actual,0.097,0.12,0.608,0.161,2005_notional
Rutland & Melton,East Midlands,2010,0.511,con,E14000909,2010-2019,actual,0.511,0.258,0.143,,2005_notional
Saffron Walden,Eastern,2010,0.555,con,E14000910,2010-2019,actual,0.555,0.274,0.097,,2005_notional
Salford And Eccles,North West,2010,0.401,lab,E14000911,2010-2019,actual,0.205,0.263,0.401,,2005_notional
Salisbury,South West,2010,0.492,con,E14000912,2010-2019,actual,0.492,0.369,0.076,,2005_notional
Scarborough And Whitby,Yorkshire and The Humber,2010,0.428,con,E14000913,2010-2019,actual,0.428,0.225,0.263,,2005_notional
Scunthorpe,Yorkshire and The Humber,2010,0.395,lab,E14000914,2010-2019,actual,0.326,0.183,0.395,,2005_notional
Sedgefield,North East,2010,0.451,lab,E14000915,2010-2019,actual,0.235,0.2,0.451,,2005_notional
Sefton Central,North West,2010,0.419,lab,E14000916,2010-2019,actual,0.339,0.199,0.419,,2005_notional
Selby And Ainsty,Yorkshire and The Humber,2010,0.494,con,E14000917,2010-2019,actual,0.494,0.177,0.257,,2005_notional
Sevenoaks,South East,2010,0.568,con,E14000918,2010-2019,actual,0.568,0.214,0.132,,2005_notional
Sheffield Brightside And Hillsborough,Yorkshire and The Humber,2010,0.55,lab,E14000921,2010-2019,actual,0.115,0.2,0.55,,2005_notional
Sheffield Central,Yorkshire and The Humber,2010,0.413,lab,E14000919,2010-2019,actual,0.101,0.409,0.413,,2005_notional
Sheffield Hallam,Yorkshire and The Humber,2010,0.534,lib,E14000922,2010-2019,actual,0.235,0.534,0.161,,2005_notional
Sheffield Heeley,Yorkshire and The Humber,2010,0.426,lab,E14000923,2010-2019,actual,0.173,0.284,0.426,,2005_notional
Sheffield South East,Yorkshire and The Humber,2010,0.487,lab,E14000920,2010-2019,actual,0.174,0.233,0.487,,2005_notional
Sherwood,East Midlands,2010,0.392,con,E14000924,2010-2019,actual,0.392,0.149,0.388,,2005_notional
Shipley,Yorkshire and The Humber,2010,0.486,con,E14000925,2010-2019,actual,0.486,0.2,0.284,,2005_notional
Shrewsbury & Atcham,West Midlands,2010,0.439,con,E14000926,2010-2019,actual,0.439,0.29,0.206,,2005_notional
Sittingbourne & Sheppey,South East,2010,0.5,con,E14000927,2010-2019,actual,0.5,0.164,0.246,,2005_notional
Skipton & Ripon,Yorkshire and The Humber,2010,0.506,con,E14000928,2010-2019,actual,0.506,0.324,0.1,,2005_notional
Sleaford & North Hykeham,East Midlands,2010,0.516,con,E14000929,2010-2019,actual,0.516,0.182,0.169,,2005_notional
Slough,South East,2010,0.458,lab,E14000930,2010-2019,actual,0.343,0.145,0.458,,2005_notional
Solihull,West Midlands,2010,0.429,lib,E14000931,2010-2019,actual,0.426,0.429,0.089,,2005_notional
Somerton & Frome ,South West,2010,0.475,lib,E14000932,2010-2019,actual,0.445,0.475,0.044,,2005_notional
South Basildon And East Thurrock,Eastern,2010,0.439,con,E14000933,2010-2019,actual,0.439,0.134,0.31,,2005_notional
South Cambridgeshire,Eastern,2010,0.474,con,E14000934,2010-2019,actual,0.474,0.341,0.102,,2005_notional
South Derbyshire,East Midlands,2010,0.455,con,E14000935,2010-2019,actual,0.455,0.159,0.314,,2005_notional
South Dorset,South West,2010,0.451,con,E14000936,2010-2019,actual,0.451,0.19,0.303,,2005_notional
South East Cambridgeshire,Eastern,2010,0.48,con,E14000937,2010-2019,actual,0.48,0.376,0.076,,2005_notional
South East Cornwall,South West,2010,0.451,con,E14000938,2010-2019,actual,0.451,0.386,0.071,,2005_notional
South Holland & The Deepings,East Midlands,2010,0.591,con,E14000939,2010-2019,actual,0.591,0.155,0.14,,2005_notional
South Leicestershire,East Midlands,2010,0.495,con,E14000940,2010-2019,actual,0.495,0.21,0.209,,2005_notional
South Norfolk,Eastern,2010,0.493,con,E14000941,2010-2019,actual,0.493,0.294,0.132,,2005_notional
South Northamptonshire,East Midlands,2010,0.552,con,E14000942,2010-2019,actual,0.552,0.21,0.173,,2005_notional
South Ribble,North West,2010,0.455,con,E14000943,2010-2019,actual,0.455,0.141,0.347,,2005_notional
South Shields,North East,2010,0.52,lab,E14000944,2010-2019,actual,0.216,0.142,0.52,,2005_notional
South Staffordshire,West Midlands,2010,0.532,con,E14000945,2010-2019,actual,0.532,0.167,0.203,,2005_notional
South Suffolk,Eastern,2010,0.477,con,E14000946,2010-2019,actual,0.477,0.308,0.143,,2005_notional
South Swindon,South West,2010,0.418,con,E14000947,2010-2019,actual,0.418,0.176,0.343,,2005_notional
South Thanet,South East,2010,0.48,con,E14000948,2010-2019,actual,0.48,0.151,0.314,,2005_notional
South West Bedfordshire,Eastern,2010,0.528,con,E14000949,2010-2019,actual,0.528,0.2,0.196,,2005_notional
South West Devon,South West,2010,0.56,con,E14000950,2010-2019,actual,0.56,0.241,0.124,,2005_notional
South West Hertfordshire,Eastern,2010,0.542,con,E14000951,2010-2019,actual,0.542,0.279,0.115,,2005_notional
South West Norfolk,Eastern,2010,0.483,con,E14000952,2010-2019,actual,0.483,0.216,0.186,,2005_notional
South West Surrey,South East,2010,0.587,con,E14000953,2010-2019,actual,0.587,0.302,0.06,,2005_notional
South West Wiltshire,South West,2010,0.517,con,E14000954,2010-2019,actual,0.517,0.305,0.115,,2005_notional
Southampton Itchen,South East,2010,0.368,lab,E14000955,2010-2019,actual,0.363,0.208,0.368,,2005_notional
Southampton Test,South East,2010,0.385,lab,E14000956,2010-2019,actual,0.33,0.223,0.385,,2005_notional
Southend West,Eastern,2010,0.461,con,E14000957,2010-2019,actual,0.461,0.294,0.134,,2005_notional
Southport,North West,2010,0.496,lib,E14000958,2010-2019,actual,0.358,0.496,0.094,,2005_notional
Spelthorne,South East,2010,0.471,con,E14000959,2010-2019,actual,0.471,0.259,0.165,,2005_notional
St Albans,Eastern,2010,0.408,con,E14000960,2010-2019,actual,0.408,0.364,0.176,,2005_notional
St Austell And Newquay,South West,2010,0.427,lib,E14000961,2010-2019,actual,0.4,0.427,0.072,,2005_notional
St Helens North,North West,2010,0.517,lab,E14000962,2010-2019,actual,0.223,0.202,0.517,,2005_notional
St Helens South And Whiston,North West,2010,0.529,lab,E14000963,2010-2019,actual,0.178,0.222,0.529,,2005_notional
St Ives,South West,2010,0.427,lib,E14000964,2010-2019,actual,0.39,0.427,0.082,,2005_notional
Stafford,West Midlands,2010,0.439,con,E14000965,2010-2019,actual,0.439,0.163,0.33,,2005_notional
Staffordshire Moorlands,West Midlands,2010,0.452,con,E14000966,2010-2019,actual,0.452,0.167,0.299,,2005_notional
Stalybridge And Hyde,North West,2010,0.396,lab,E14000967,2010-2019,actual,0.329,0.17,0.396,,2005_notional
Stevenage,Eastern,2010,0.414,con,E14000968,2010-2019,actual,0.414,0.166,0.334,,2005_notional
Stirling,Scotland,2010,0.418,lab,S14000057,2010-2019,actual,0.24,0.145,0.418,0.173,2005_notional
Stockport,North West,2010,0.427,lab,E14000969,2010-2019,actual,0.253,0.25,0.427,,2005_notional
Stockton North,North East,2010,0.428,lab,E14000970,2010-2019,actual,0.259,0.161,0.428,,2005_notional
Stockton South,North East,2010,0.389,con,E14000971,2010-2019,actual,0.389,0.151,0.383,,2005_notional
Stoke-On-Trent Central,West Midlands,2010,0.388,lab,E14000972,2010-2019,actual,0.21,0.217,0.388,,2005_notional
Stoke-On-Trent North,West Midlands,2010,0.443,lab,E14000973,2010-2019,actual,0.238,0.177,0.443,,2005_notional
Stoke-On-Trent South,West Midlands,2010,0.388,lab,E14000974,2010-2019,actual,0.284,0.159,0.388,,2005_notional
Stone,West Midlands,2010,0.506,con,E14000975,2010-2019,actual,0.506,0.224,0.207,,2005_notional
Stourbridge,West Midlands,2010,0.427,con,E14000976,2010-2019,actual,0.427,0.164,0.317,,2005_notional
Stratford-On-Avon,West Midlands,2010,0.515,con,E14000977,2010-2019,actual,0.515,0.291,0.095,,2005_notional
Streatham,London,2010,0.428,lab,E14000978,2010-2019,actual,0.183,0.358,0.428,,2005_notional
Stretford & Urmston,North West,2010,0.486,lab,E14000979,2010-2019,actual,0.287,0.169,0.486,,2005_notional
Stroud,South West,2010,0.408,con,E14000980,2010-2019,actual,0.408,0.154,0.386,,2005_notional
Suffolk Coastal,Eastern,2010,0.464,con,E14000981,2010-2019,actual,0.464,0.298,0.161,,2005_notional
Sunderland Central,North East,2010,0.459,lab,E14000982,2010-2019,actual,0.301,0.169,0.459,,2005_notional
Surrey Heath,South East,2010,0.576,con,E14000983,2010-2019,actual,0.576,0.258,0.102,,2005_notional
Sutton And Cheam,London,2010,0.457,lib,E14000984,2010-2019,actual,0.424,0.457,0.07,,2005_notional
Sutton Coldfield,West Midlands,2010,0.54,con,E14000985,2010-2019,actual,0.54,0.18,0.204,,2005_notional
Swansea East,Wales,2010,0.515,lab,W07000048,2010-2019,actual,0.148,0.183,0.515,0.067,2005_notional
Swansea West,Wales,2010,0.347,lab,W07000047,2010-2019,actual,0.208,0.332,0.347,0.04,2005_notional
Tamworth,West Midlands,2010,0.458,con,E14000986,2010-2019,actual,0.458,0.162,0.327,,2005_notional
Tatton,North West,2010,0.546,con,E14000987,2010-2019,actual,0.546,0.226,0.173,,2005_notional
Taunton Deane,South West,2010,0.491,lib,E14000988,2010-2019,actual,0.422,0.491,0.051,,2005_notional
Telford,West Midlands,2010,0.387,lab,E14000989,2010-2019,actual,0.363,0.155,0.387,,2005_notional
Tewkesbury,South West,2010,0.472,con,E14000990,2010-2019,actual,0.472,0.355,0.116,,2005_notional
The Cotswolds,South West,2010,0.53,con,E14000991,2010-2019,actual,0.53,0.296,0.107,,2005_notional
The Wrekin,West Midlands,2010,0.477,con,E14000992,2010-2019,actual,0.477,0.174,0.271,,2005_notional
Thirsk And Malton,Yorkshire and The Humber,2010,0.529,con,E14000993,2010-2019,actual,0.529,0.233,0.136,,2005_notional
Thornbury And Yate,South West,2010,0.519,lib,E14000994,2010-2019,actual,0.372,0.519,0.07,,2005_notional
Thurrock,Eastern,2010,0.368,con,E14000995,2010-2019,actual,0.368,0.107,0.366,,2005_notional
Tiverton & Honiton,South West,2010,0.503,con,E14000996,2010-2019,actual,0.503,0.333,0.089,,2005_notional
Tonbridge & Malling,South East,2010,0.579,con,E14000997,2010-2019,actual,0.579,0.225,0.126,,2005_notional
Tooting,London,2010,0.435,lab,E14000998,2010-2019,actual,0.385,0.148,0.435,,2005_notional
Torbay,South West,2010,0.47,lib,E14000999,2010-2019,actual,0.387,0.47,0.066,,2005_notional
Torfaen,Wales,2010,0.448,lab,W07000053,2010-2019,actual,0.2,0.166,0.448,0.053,2005_notional
Torridge & West Devon,South West,2010,0.457,con,E14001000,2010-2019,actual,0.457,0.403,0.053,,2005_notional
Totnes,South West,2010,0.459,con,E14001001,2010-2019,actual,0.459,0.356,0.074,,2005_notional
Tottenham,London,2010,0.593,lab,E14001002,2010-2019,actual,0.149,0.177,0.593,,2005_notional
Truro And Falmouth,South West,2010,0.417,con,E14001003,2010-2019,actual,0.417,0.408,0.096,,2005_notional
Tunbridge Wells,South East,2010,0.562,con,E14001004,2010-2019,actual,0.562,0.253,0.108,,2005_notional
Twickenham,London,2010,0.544,lib,E14001005,2010-2019,actual,0.341,0.544,0.077,,2005_notional
Tynemouth,North East,2010,0.453,lab,E14001006,2010-2019,actual,0.344,0.149,0.453,,2005_notional
Uxbridge And South Ruislip,London,2010,0.483,con,E14001007,2010-2019,actual,0.483,0.2,0.234,,2005_notional
Vale Of Clwyd,Wales,2010,0.423,lab,W07000060,2010-2019,actual,0.352,0.126,0.423,0.058,2005_notional
Vale Of Glamorgan,Wales,2010,0.418,con,W07000078,2010-2019,actual,0.418,0.152,0.329,0.055,2005_notional
Vauxhall,London,2010,0.498,lab,E14001008,2010-2019,actual,0.215,0.251,0.498,,2005_notional
Wakefield,Yorkshire and The Humber,2010,0.393,lab,E14001009,2010-2019,actual,0.356,0.163,0.393,,2005_notional
Wallasey,North West,2010,0.518,lab,E14001010,2010-2019,actual,0.314,0.137,0.518,,2005_notional
Walsall North,West Midlands,2010,0.37,lab,E14001011,2010-2019,actual,0.343,0.131,0.37,,2005_notional
Walsall South,West Midlands,2010,0.397,lab,E14001012,2010-2019,actual,0.354,0.144,0.397,,2005_notional
Walthamstow,London,2010,0.518,lab,E14001013,2010-2019,actual,0.14,0.287,0.518,,2005_notional
Wansbeck,North East,2010,0.458,lab,E14001014,2010-2019,actual,0.175,0.275,0.458,,2005_notional
Wantage,South East,2010,0.52,con,E14001015,2010-2019,actual,0.52,0.279,0.139,,2005_notional
Warley,West Midlands,2010,0.529,lab,E14001016,2010-2019,actual,0.248,0.155,0.529,,2005_notional
Warrington North,North West,2010,0.455,lab,E14001017,2010-2019,actual,0.302,0.208,0.455,,2005_notional
Warrington South,North West,2010,0.358,con,E14001018,2010-2019,actual,0.358,0.275,0.33,,2005_notional
Warwick And Leamington,West Midlands,2010,0.426,con,E14001019,2010-2019,actual,0.426,0.183,0.354,,2005_notional
Washington And Sunderland West,North East,2010,0.525,lab,E14001020,2010-2019,actual,0.218,0.171,0.525,,2005_notional
Watford,Eastern,2010,0.349,con,E14001021,2010-2019,actual,0.349,0.324,0.267,,2005_notional
Waveney,Eastern,2010,0.402,con,E14001022,2010-2019,actual,0.402,0.133,0.387,,2005_notional
Wealden,South East,2010,0.566,con,E14001023,2010-2019,actual,0.566,0.253,0.096,,2005_notional
Weaver Vale,North West,2010,0.385,con,E14001024,2010-2019,actual,0.385,0.186,0.363,,2005_notional
Wellingborough,East Midlands,2010,0.482,con,E14001025,2010-2019,actual,0.482,0.171,0.254,,2005_notional
Wells,South West,2010,0.44,lib,E14001026,2010-2019,actual,0.425,0.44,0.075,,2005_notional
Welwyn Hatfield,Eastern,2010,0.57,con,E14001027,2010-2019,actual,0.57,0.164,0.214,,2005_notional
Wentworth And Dearne,Yorkshire and The Humber,2010,0.506,lab,E14001028,2010-2019,actual,0.176,0.161,0.506,,2005_notional
West Aberdeenshire & Kincardine,Scotland,2010,0.384,lib,S14000058,2010-2019,actual,0.303,0.384,0.136,0.157,2005_notional
West Bromwich East,West Midlands,2010,0.465,lab,E14001029,2010-2019,actual,0.289,0.132,0.465,,2005_notional
West Bromwich West,West Midlands,2010,0.45,lab,E14001030,2010-2019,actual,0.293,0.12,0.45,,2005_notional
West Dorset,South West,2010,0.476,con,E14001031,2010-2019,actual,0.476,0.407,0.067,,2005_notional
West Dunbartonshire,Scotland,2010,0.613,lab,S14000059,2010-2019,actual,0.077,0.081,0.613,0.201,2005_notional
West Ham,London,2010,0.627,lab,E14001032,2010-2019,actual,0.147,0.115,0.627,,2005_notional
West Lancashire,North West,2010,0.451,lab,E14001033,2010-2019,actual,0.362,0.136,0.451,,2005_notional
West Suffolk,Eastern,2010,0.506,con,E14001034,2010-2019,actual,0.506,0.234,0.147,,2005_notional
West Worcestershire,West Midlands,2010,0.503,con,E14001035,2010-2019,actual,0.503,0.378,0.068,,2005_notional
Westminster North,London,2010,0.439,lab,E14001036,2010-2019,actual,0.385,0.139,0.439,,2005_notional
Westmorland & Lonsdale,North West,2010,0.6,lib,E14001037,2010-2019,actual,0.362,0.6,0.022,,2005_notional
Weston Super Mare,South West,2010,0.443,con,E14001038,2010-2019,actual,0.443,0.392,0.109,,2005_notional
Wigan,North West,2010,0.485,lab,E14001039,2010-2019,actual,0.247,0.154,0.485,,2005_notional
Wimbledon,London,2010,0.491,con,E14001040,2010-2019,actual,0.491,0.25,0.223,,2005_notional
Winchester,South East,2010,0.485,con,E14001041,2010-2019,actual,0.485,0.431,0.055,,2005_notional
Windsor,South East,2010,0.608,con,E14001042,2010-2019,actual,0.608,0.224,0.099,,2005_notional
Wirral South,North West,2010,0.408,lab,E14001043,2010-2019,actual,0.395,0.166,0.408,,2005_notional
Wirral West,North West,2010,0.425,con,E14001044,2010-2019,actual,0.425,0.168,0.363,,2005_notional
Witham,Eastern,2010,0.522,con,E14001045,2010-2019,actual,0.522,0.198,0.185,,2005_notional
Witney,South East,2010,0.588,con,E14001046,2010-2019,actual,0.588,0.194,0.13,,2005_notional
Woking,South East,2010,0.503,con,E14001047,2010-2019,actual,0.503,0.374,0.08,,2005_notional
Wokingham,South East,2010,0.527,con,E14001048,2010-2019,actual,0.527,0.28,0.101,,2005_notional
Wolverhampton North East,West Midlands,2010,0.414,lab,E14001049,2010-2019,actual,0.343,0.135,0.414,,2005_notional
Wolverhampton South East,West Midlands,2010,0.476,lab,E14001050,2010-2019,actual,0.286,0.152,0.476,,2005_notional
Wolverhampton South West,West Midlands,2010,0.407,con,E14001051,2010-2019,actual,0.407,0.16,0.39,,2005_notional
Worcester,West Midlands,2010,0.395,con,E14001052,2010-2019,actual,0.395,0.194,0.334,,2005_notional
Workington,North West,2010,0.455,lab,E14001053,2010-2019,actual,0.339,0.135,0.455,,2005_notional
Worsley And Eccles South,North West,2010,0.429,lab,E14001054,2010-2019,actual,0.325,0.165,0.429,,2005_notional
Worthing West,South East,2010,0.517,con,E14001055,2010-2019,actual,0.517,0.279,0.118,,2005_notional
Wrexham,Wales,2010,0.369,lab,W07000044,2010-2019,actual,0.254,0.258,0.369,0.062,2005_notional
Wycombe,South East,2010,0.486,con,E14001056,2010-2019,actual,0.486,0.288,0.173,,2005_notional
Wyre And Preston North,North West,2010,0.524,con,E14001057,2010-2019,actual,0.524,0.215,0.213,,2005_notional
Wyre Forest,West Midlands,2010,0.369,con,E14001058,2010-2019,actual,0.369,0.119,0.143,,2005_notional
Wythenshawe & Sale East,North West,2010,0.441,lab,E14001059,2010-2019,actual,0.256,0.223,0.441,,2005_notional
Yeovil,South West,2010,0.557,lib,E14001060,2010-2019,actual,0.329,0.557,0.052,,2005_notional
Ynys Mon,Wales,2010,0.334,lab,W07000041,2010-2019,actual,0.225,0.075,0.334,0.262,2005_notional
York Central,Yorkshire and The Humber,2010,0.4,lab,E14001061,2010-2019,actual,0.261,0.252,0.4,,2005_notional
York Outer,Yorkshire and The Humber,2010,0.43,con,E14001062,2010-2019,actual,0.43,0.361,0.171,,2005_notional
Aberavon,Wales,2015,0.489,lab,W07000049,2010-2019,actual,0.119,0.044,0.489,0.116,2010
Aberconwy,Wales,2015,0.415,con,W07000058,2010-2019,actual,0.415,0.046,0.282,0.117,2010
Aberdeen North,Scotland,2015,0.564,natSW,S14000001,2010-2019,actual,0.121,0.047,0.259,0.564,2010
Aberdeen South,Scotland,2015,0.416,natSW,S14000002,2010-2019,actual,0.228,0.046,0.268,0.416,2010
Aberdeenshire West & Kincardine,Scotland,2015,0.416,natSW,S14000058,2010-2019,actual,0.288,0.214,0.045,0.416,2010
Airdrie & Shotts,Scotland,2015,0.539,natSW,S14000003,2010-2019,actual,0.077,0.015,0.341,0.539,2010
Aldershot,South East,2015,0.506,con,E14000530,2010-2019,actual,0.506,0.088,0.183,,2010
Aldridge-Brownhills,West Midlands,2015,0.52,con,E14000531,2010-2019,actual,0.52,0.034,0.224,,2010
Altrincham & Sale West,North West,2015,0.53,con,E14000532,2010-2019,actual,0.53,0.084,0.267,,2010
Alyn & Deeside,Wales,2015,0.4,lab,W07000043,2010-2019,actual,0.319,0.042,0.4,0.039,2010
Amber Valley,East Midlands,2015,0.44,con,E14000533,2010-2019,actual,0.44,0.03,0.348,,2010
Angus,Scotland,2015,0.542,natSW,S14000004,2010-2019,actual,0.29,0.027,0.088,0.542,2010
Arfon,Wales,2015,0.439,natSW,W07000057,2010-2019,actual,0.131,0.027,0.303,0.439,2010
Argyll & Bute,Scotland,2015,0.443,natSW,S14000005,2010-2019,actual,0.149,0.279,0.104,0.443,2010
Arundel & South Downs,South East,2015,0.608,con,E14000534,2010-2019,actual,0.608,0.072,0.112,,2010
Ashfield,East Midlands,2015,0.41,lab,E14000535,2010-2019,actual,0.224,0.148,0.41,,2010
Ashford,South East,2015,0.525,con,E14000536,2010-2019,actual,0.525,0.06,0.184,,2010
Ashton Under Lyne,North West,2015,0.498,lab,E14000537,2010-2019,actual,0.221,0.024,0.498,,2010
Aylesbury,South East,2015,0.507,con,E14000538,2010-2019,actual,0.507,0.106,0.151,,2010
Ayr Carrick & Cumnock,Scotland,2015,0.488,natSW,S14000006,2010-2019,actual,0.198,0.016,0.273,0.488,2010
Ayrshire Central,Scotland,2015,0.532,natSW,S14000010,2010-2019,actual,0.173,0.018,0.264,0.532,2010
Ayrshire North & Arran,Scotland,2015,0.532,natSW,S14000048,2010-2019,actual,0.148,0.017,0.28,0.532,2010
Banbury,South East,2015,0.53,con,E14000539,2010-2019,actual,0.53,0.059,0.213,,2010
Banff & Buchan,Scotland,2015,0.602,natSW,S14000007,2010-2019,actual,0.288,0.051,0.058,0.602,2010
Barking,London,2015,0.577,lab,E14000540,2010-2019,actual,0.163,0.013,0.577,,2010
Barnsley Central,Yorkshire and The Humber,2015,0.557,lab,E14000541,2010-2019,actual,0.15,0.021,0.557,,2010
Barnsley East,Yorkshire and The Humber,2015,0.547,lab,E14000542,2010-2019,actual,0.146,0.032,0.547,,2010
Barrow & Furness,North West,2015,0.423,lab,E14000543,2010-2019,actual,0.405,0.027,0.423,,2010
Basildon & Billericay,Eastern,2015,0.527,con,E14000544,2010-2019,actual,0.527,0.038,0.237,,2010
Basildon South & Thurrock East,Eastern,2015,0.434,con,E14000933,2010-2019,actual,0.434,0.03,0.252,,2010
Basingstoke,South East,2015,0.486,con,E14000545,2010-2019,actual,0.486,0.074,0.277,,2010
Bassetlaw,East Midlands,2015,0.486,lab,E14000546,2010-2019,actual,0.307,0.027,0.486,,2010
Bath,South West,2015,0.378,con,E14000547,2010-2019,actual,0.378,0.297,0.132,,2010
Batley & Spen,Yorkshire and The Humber,2015,0.432,lab,E14000548,2010-2019,actual,0.312,0.047,0.432,,2010
Battersea,London,2015,0.524,con,E14000549,2010-2019,actual,0.524,0.044,0.368,,2010
Beaconsfield,South East,2015,0.632,con,E14000550,2010-2019,actual,0.632,0.074,0.114,,2010
Beckenham,London,2015,0.573,con,E14000551,2010-2019,actual,0.573,0.069,0.194,,2010
Bedford,Eastern,2015,0.426,con,E14000552,2010-2019,actual,0.426,0.042,0.402,,2010
Bedfordshire Mid,Eastern,2015,0.561,con,E14000813,2010-2019,actual,0.561,0.072,0.159,,2010
Bedfordshire North East,Eastern,2015,0.595,con,E14000841,2010-2019,actual,0.595,0.058,0.158,,2010
Bedfordshire South West,Eastern,2015,0.55,con,E14000949,2010-2019,actual,0.55,0.052,0.203,,2010
Bermondsey & Old Southwark,London,2015,0.431,lab,E14000553,2010-2019,actual,0.118,0.343,0.431,,2010
Berwickshire Roxburgh & Selkirk,Scotland,2015,0.366,natSW,S14000008,2010-2019,actual,0.36,0.187,0.049,0.366,2010
Berwick-Upon-Tweed,North East,2015,0.411,con,E14000554,2010-2019,actual,0.411,0.289,0.149,,2010
Bethnal Green & Bow,London,2015,0.612,lab,E14000555,2010-2019,actual,0.152,0.045,0.612,,2010
Beverley & Holderness,Yorkshire and The Humber,2015,0.481,con,E14000556,2010-2019,actual,0.481,0.055,0.25,,2010
Bexhill & Battle,South East,2015,0.548,con,E14000557,2010-2019,actual,0.548,0.076,0.141,,2010
Bexleyheath & Crayford,London,2015,0.473,con,E14000558,2010-2019,actual,0.473,0.03,0.262,,2010
Birkenhead,North West,2015,0.676,lab,E14000559,2010-2019,actual,0.149,0.036,0.676,,2010
Birmingham Edgbaston,West Midlands,2015,0.448,lab,E14000560,2010-2019,actual,0.383,0.029,0.448,,2010
Birmingham Erdington,West Midlands,2015,0.456,lab,E14000561,2010-2019,actual,0.308,0.028,0.456,,2010
Birmingham Hall Green,West Midlands,2015,0.598,lab,E14000562,2010-2019,actual,0.177,0.116,0.598,,2010
Birmingham Hodge Hill,West Midlands,2015,0.684,lab,E14000563,2010-2019,actual,0.115,0.064,0.684,,2010
Birmingham Ladywood,West Midlands,2015,0.736,lab,E14000564,2010-2019,actual,0.127,0.038,0.736,,2010
Birmingham Northfield,West Midlands,2015,0.416,lab,E14000565,2010-2019,actual,0.357,0.032,0.416,,2010
Birmingham Perry Barr,West Midlands,2015,0.574,lab,E14000566,2010-2019,actual,0.215,0.048,0.574,,2010
Birmingham Selly Oak,West Midlands,2015,0.477,lab,E14000567,2010-2019,actual,0.29,0.056,0.477,,2010
Birmingham Yardley,West Midlands,2015,0.416,lab,E14000568,2010-2019,actual,0.14,0.256,0.416,,2010
Bishop Auckland,North East,2015,0.414,lab,E14000569,2010-2019,actual,0.325,0.044,0.414,,2010
Blackburn,North West,2015,0.563,lab,E14000570,2010-2019,actual,0.273,0.022,0.563,,2010
Blackley And Broughton,North West,2015,0.619,lab,E14000571,2010-2019,actual,0.15,0.024,0.619,,2010
Blackpool North & Cleveleys,North West,2015,0.444,con,E14000572,2010-2019,actual,0.444,0.024,0.36,,2010
Blackpool South,North West,2015,0.418,lab,E14000573,2010-2019,actual,0.338,0.023,0.418,,2010
Blaenau Gwent,Wales,2015,0.58,lab,W07000072,2010-2019,actual,0.108,0.02,0.58,0.09,2010
Blaydon,North East,2015,0.492,lab,E14000574,2010-2019,actual,0.174,0.122,0.492,,2010
Blyth Valley,North East,2015,0.463,lab,E14000575,2010-2019,actual,0.217,0.059,0.463,,2010
Bognor Regis & Littlehampton,South East,2015,0.513,con,E14000576,2010-2019,actual,0.513,0.09,0.138,,2010
Bolsover,East Midlands,2015,0.512,lab,E14000577,2010-2019,actual,0.245,0.033,0.512,,2010
Bolton North East,North West,2015,0.43,lab,E14000578,2010-2019,actual,0.328,0.029,0.43,,2010
Bolton South East,North West,2015,0.505,lab,E14000579,2010-2019,actual,0.203,0.026,0.505,,2010
Bolton West,North West,2015,0.406,con,E14000580,2010-2019,actual,0.406,0.04,0.39,,2010
Bootle,North West,2015,0.745,lab,E14000581,2010-2019,actual,0.081,0.022,0.745,,2010
Boston & Skegness,East Midlands,2015,0.438,con,E14000582,2010-2019,actual,0.438,0.023,0.165,,2010
Bosworth,East Midlands,2015,0.428,con,E14000583,2010-2019,actual,0.428,0.223,0.175,,2010
Bournemouth East,South West,2015,0.492,con,E14000584,2010-2019,actual,0.492,0.084,0.166,,2010
Bournemouth West,South West,2015,0.482,con,E14000585,2010-2019,actual,0.482,0.079,0.177,,2010
Bracknell,South East,2015,0.558,con,E14000586,2010-2019,actual,0.558,0.075,0.169,,2010
Bradford East,Yorkshire and The Humber,2015,0.466,lab,E14000587,2010-2019,actual,0.113,0.295,0.466,,2010
Bradford South,Yorkshire and The Humber,2015,0.434,lab,E14000588,2010-2019,actual,0.263,0.029,0.434,,2010
Bradford West,Yorkshire and The Humber,2015,0.496,lab,E14000589,2010-2019,actual,0.153,0.029,0.496,,2010
Braintree,Eastern,2015,0.538,con,E14000590,2010-2019,actual,0.538,0.049,0.185,,2010
Brecon & Radnorshire,Wales,2015,0.411,con,W07000068,2010-2019,actual,0.411,0.283,0.147,0.044,2010
Brent Central,London,2015,0.621,lab,E14000591,2010-2019,actual,0.203,0.084,0.621,,2010
Brent North,London,2015,0.543,lab,E14000592,2010-2019,actual,0.335,0.05,0.543,,2010
Brentford & Isleworth,London,2015,0.438,lab,E14000593,2010-2019,actual,0.429,0.04,0.438,,2010
Brentwood & Ongar,Eastern,2015,0.588,con,E14000594,2010-2019,actual,0.588,0.088,0.125,,2010
Bridgend,Wales,2015,0.371,lab,W07000073,2010-2019,actual,0.322,0.042,0.371,0.071,2010
Bridgwater & Somerset West,South West,2015,0.46,con,E14000595,2010-2019,actual,0.46,0.124,0.176,,2010
Brigg & Goole,Yorkshire and The Humber,2015,0.53,con,E14000596,2010-2019,actual,0.53,0.018,0.272,,2010
Brighton Kemptown,South East,2015,0.407,con,E14000597,2010-2019,actual,0.407,0.03,0.392,,2010
Brighton Pavilion,South East,2015,0.472,oth,E14000598,2010-2019,actual,0.228,0.028,0.273,,2010
Bristol East,South West,2015,0.393,lab,E14000599,2010-2019,actual,0.307,0.058,0.393,,2010
Bristol North West,South West,2015,0.439,con,E14000600,2010-2019,actual,0.439,0.062,0.344,,2010
Bristol South,South West,2015,0.384,lab,E14000601,2010-2019,actual,0.243,0.087,0.384,,2010
Bristol West,South West,2015,0.357,lab,E14000602,2010-2019,actual,0.152,0.188,0.357,,2010
Broadland,Eastern,2015,0.505,con,E14000603,2010-2019,actual,0.505,0.098,0.188,,2010
Bromley & Chislehurst,London,2015,0.53,con,E14000604,2010-2019,actual,0.53,0.064,0.222,,2010
Bromsgrove,West Midlands,2015,0.538,con,E14000605,2010-2019,actual,0.538,0.05,0.222,,2010
Broxbourne,Eastern,2015,0.561,con,E14000606,2010-2019,actual,0.561,0.032,0.184,,2010
Broxtowe,East Midlands,2015,0.452,con,E14000607,2010-2019,actual,0.452,0.04,0.372,,2010
Buckingham,South East,2015,1.0,oth,E14000608,2010-2019,actual,,,,,2010
Burnley,North West,2015,0.376,lab,E14000609,2010-2019,actual,0.135,0.295,0.376,,2010
Burton,West Midlands,2015,0.498,con,E14000610,2010-2019,actual,0.498,0.025,0.275,,2010
Bury North,North West,2015,0.419,con,E14000611,2010-2019,actual,0.419,0.021,0.411,,2010
Bury South,North West,2015,0.451,lab,E14000612,2010-2019,actual,0.346,0.036,0.451,,2010
Bury St Edmunds,Eastern,2015,0.536,con,E14000613,2010-2019,actual,0.536,0.06,0.177,,2010
Caerphilly,Wales,2015,0.443,lab,W07000076,2010-2019,actual,0.166,0.023,0.443,0.146,2010
Caithness Sutherland & Easter Ross,Scotland,2015,0.463,natSW,S14000009,2010-2019,actual,0.068,0.351,0.09,0.463,2010
Calder Valley,Yorkshire and The Humber,2015,0.436,con,E14000614,2010-2019,actual,0.436,0.05,0.354,,2010
Camberwell & Peckham,London,2015,0.633,lab,E14000615,2010-2019,actual,0.132,0.05,0.633,,2010
Camborne And Redruth,South West,2015,0.402,con,E14000616,2010-2019,actual,0.402,0.124,0.25,,2010
Cambridge,Eastern,2015,0.36,lab,E14000617,2010-2019,actual,0.157,0.349,0.36,,2010
Cambridgeshire North East,Eastern,2015,0.551,con,E14000842,2010-2019,actual,0.551,0.045,0.144,,2010
Cambridgeshire North West,Eastern,2015,0.525,con,E14000855,2010-2019,actual,0.525,0.057,0.179,,2010
Cambridgeshire South,Eastern,2015,0.511,con,E14000934,2010-2019,actual,0.511,0.152,0.176,,2010
Cambridgeshire South East,Eastern,2015,0.485,con,E14000937,2010-2019,actual,0.485,0.202,0.151,,2010
Cannock Chase,West Midlands,2015,0.442,con,E14000618,2010-2019,actual,0.442,0.027,0.337,,2010
Canterbury,South East,2015,0.429,con,E14000619,2010-2019,actual,0.429,0.116,0.245,,2010
Cardiff Central,Wales,2015,0.4,lab,W07000050,2010-2019,actual,0.147,0.271,0.4,0.05,2010
Cardiff North,Wales,2015,0.424,con,W07000051,2010-2019,actual,0.424,0.038,0.383,0.045,2010
Cardiff South & Penarth,Wales,2015,0.428,lab,W07000080,2010-2019,actual,0.268,0.05,0.428,0.074,2010
Cardiff West,Wales,2015,0.407,lab,W07000079,2010-2019,actual,0.252,0.047,0.407,0.139,2010
Carlisle,North West,2015,0.443,con,E14000620,2010-2019,actual,0.443,0.026,0.378,,2010
Carmarthen East & Dinefwr,Wales,2015,0.384,natSW,W07000067,2010-2019,actual,0.212,0.024,0.242,0.384,2010
Carmarthen West & Pembrokeshire South,Wales,2015,0.437,con,W07000066,2010-2019,actual,0.437,0.024,0.287,0.104,2010
Carshalton & Wallington,London,2015,0.349,lib,E14000621,2010-2019,actual,0.317,0.349,0.15,,2010
Castle Point,Eastern,2015,0.509,con,E14000622,2010-2019,actual,0.509,0.018,0.138,,2010
Ceredigion,Wales,2015,0.359,lib,W07000064,2010-2019,actual,0.11,0.359,0.097,0.277,2010
Charnwood,East Midlands,2015,0.543,con,E14000625,2010-2019,actual,0.543,0.069,0.219,,2010
Chatham & Aylesford,South East,2015,0.502,con,E14000626,2010-2019,actual,0.502,0.032,0.236,,2010
Cheadle,North West,2015,0.431,con,E14000627,2010-2019,actual,0.431,0.31,0.163,,2010
Chelmsford,Eastern,2015,0.515,con,E14000628,2010-2019,actual,0.515,0.119,0.176,,2010
Chelsea And Fulham,London,2015,0.629,con,E14000629,2010-2019,actual,0.629,0.052,0.231,,2010
Cheltenham,South West,2015,0.461,con,E14000630,2010-2019,actual,0.461,0.34,0.073,,2010
Chesham & Amersham,South East,2015,0.591,con,E14000631,2010-2019,actual,0.591,0.09,0.127,,2010
City Of Chester,North West,2015,0.432,lab,E14000640,2010-2019,actual,0.431,0.056,0.432,,2010
Chesterfield,East Midlands,2015,0.479,lab,E14000632,2010-2019,actual,0.181,0.138,0.479,,2010
Chichester,South East,2015,0.577,con,E14000633,2010-2019,actual,0.577,0.085,0.121,,2010
Chingford & Woodford Green,London,2015,0.479,con,E14000634,2010-2019,actual,0.479,0.055,0.288,,2010
Chippenham,South West,2015,0.476,con,E14000635,2010-2019,actual,0.476,0.294,0.082,,2010
Chipping Barnet,London,2015,0.486,con,E14000636,2010-2019,actual,0.486,0.045,0.341,,2010
Chorley,North West,2015,0.451,lab,E14000637,2010-2019,actual,0.363,0.026,0.451,,2010
Christchurch,South West,2015,0.581,con,E14000638,2010-2019,actual,0.581,0.066,0.095,,2010
Cities Of London And Westminster,London,2015,0.541,con,E14000639,2010-2019,actual,0.541,0.07,0.274,,2010
Clacton,Eastern,2015,0.471,oth,E14000642,2010-2019,actual,0.367,0.018,0.144,,2010
Cleethorpes,Yorkshire and The Humber,2015,0.466,con,E14000643,2010-2019,actual,0.466,0.03,0.291,,2010
Clwyd South,Wales,2015,0.372,lab,W07000062,2010-2019,actual,0.304,0.038,0.372,0.103,2010
Clwyd West,Wales,2015,0.433,con,W07000059,2010-2019,actual,0.433,0.036,0.256,0.122,2010
Coatbridge Chryston & Bellshill,Scotland,2015,0.566,natSW,S14000011,2010-2019,actual,0.063,0.011,0.339,0.566,2010
Colchester,Eastern,2015,0.389,con,E14000644,2010-2019,actual,0.389,0.275,0.162,,2010
Colne Valley,Yorkshire and The Humber,2015,0.444,con,E14000645,2010-2019,actual,0.444,0.06,0.35,,2010
Congleton,North West,2015,0.533,con,E14000646,2010-2019,actual,0.533,0.091,0.204,,2010
Copeland,North West,2015,0.423,lab,E14000647,2010-2019,actual,0.358,0.035,0.423,,2010
Corby,East Midlands,2015,0.428,con,E14000648,2010-2019,actual,0.428,0.026,0.385,,2010
Cornwall North,South West,2015,0.45,con,E14000837,2010-2019,actual,0.45,0.312,0.054,,2010
Cornwall South East,South West,2015,0.505,con,E14000938,2010-2019,actual,0.505,0.169,0.093,,2010
Cotswolds The,South West,2015,0.565,con,E14000991,2010-2019,actual,0.565,0.186,0.092,,2010
Coventry North East,West Midlands,2015,0.522,lab,E14000649,2010-2019,actual,0.231,0.048,0.522,,2010
Coventry North West,West Midlands,2015,0.41,lab,E14000650,2010-2019,actual,0.31,0.04,0.41,,2010
Coventry South,West Midlands,2015,0.423,lab,E14000651,2010-2019,actual,0.35,0.041,0.423,,2010
Crawley,South East,2015,0.47,con,E14000652,2010-2019,actual,0.47,0.028,0.336,,2010
Crewe & Nantwich,North West,2015,0.45,con,E14000653,2010-2019,actual,0.45,0.028,0.377,,2010
Croydon Central,London,2015,0.43,con,E14000654,2010-2019,actual,0.43,0.022,0.427,,2010
Croydon North,London,2015,0.626,lab,E14000655,2010-2019,actual,0.227,0.036,0.626,,2010
Croydon South,London,2015,0.545,con,E14000656,2010-2019,actual,0.545,0.06,0.248,,2010
Cumbernauld Kilsyth & Kirkintilloch East,Scotland,2015,0.599,natSW,S14000012,2010-2019,actual,0.079,0.022,0.3,0.599,2010
Cynon Valley,Wales,2015,0.477,lab,W07000070,2010-2019,actual,0.121,0.027,0.477,0.168,2010
Dagenham And Rainham,London,2015,0.414,lab,E14000657,2010-2019,actual,0.244,0.017,0.414,,2010
Darlington,North East,2015,0.429,lab,E14000658,2010-2019,actual,0.352,0.048,0.429,,2010
Dartford,South East,2015,0.49,con,E14000659,2010-2019,actual,0.49,0.028,0.254,,2010
Daventry,East Midlands,2015,0.582,con,E14000660,2010-2019,actual,0.582,0.045,0.181,,2010
Delyn,Wales,2015,0.405,lab,W07000042,2010-2019,actual,0.327,0.037,0.405,0.048,2010
Denton & Reddish,North West,2015,0.508,lab,E14000661,2010-2019,actual,0.237,0.025,0.508,,2010
Derby North,East Midlands,2015,0.367,con,E14000662,2010-2019,actual,0.367,0.086,0.366,,2010
Derby South,East Midlands,2015,0.49,lab,E14000663,2010-2019,actual,0.274,0.042,0.49,,2010
Derbyshire Dales,East Midlands,2015,0.524,con,E14000664,2010-2019,actual,0.524,0.084,0.227,,2010
Derbyshire Mid,East Midlands,2015,0.522,con,E14000814,2010-2019,actual,0.522,0.048,0.254,,2010
Derbyshire North East,East Midlands,2015,0.406,lab,E14000843,2010-2019,actual,0.367,0.042,0.406,,2010
Derbyshire South,East Midlands,2015,0.494,con,E14000935,2010-2019,actual,0.494,0.037,0.268,,2010
Devizes,South West,2015,0.577,con,E14000665,2010-2019,actual,0.577,0.081,0.13,,2010
Devon Central,South West,2015,0.522,con,E14000623,2010-2019,actual,0.522,0.122,0.128,,2010
Devon East,South West,2015,0.464,con,E14000678,2010-2019,actual,0.464,0.068,0.102,,2010
Devon North,South West,2015,0.427,con,E14000838,2010-2019,actual,0.427,0.294,0.071,,2010
Devon South West,South West,2015,0.566,con,E14000950,2010-2019,actual,0.566,0.075,0.167,,2010
Devon West & Torridge,South West,2015,0.509,con,E14001000,2010-2019,actual,0.509,0.132,0.106,,2010
Dewsbury,Yorkshire and The Humber,2015,0.418,lab,E14000666,2010-2019,actual,0.391,0.036,0.418,,2010
Don Valley,Yorkshire and The Humber,2015,0.462,lab,E14000667,2010-2019,actual,0.253,0.035,0.462,,2010
Doncaster Central,Yorkshire and The Humber,2015,0.491,lab,E14000668,2010-2019,actual,0.207,0.042,0.491,,2010
Doncaster North,Yorkshire and The Humber,2015,0.524,lab,E14000669,2010-2019,actual,0.183,0.025,0.524,,2010
Dorset Mid & Poole North,South West,2015,0.508,con,E14000815,2010-2019,actual,0.508,0.282,0.06,,2010
Dorset North,South West,2015,0.566,con,E14000839,2010-2019,actual,0.566,0.117,0.09,,2010
Dorset South,South West,2015,0.489,con,E14000936,2010-2019,actual,0.489,0.06,0.242,,2010
Dorset West,South West,2015,0.502,con,E14001031,2010-2019,actual,0.502,0.216,0.1,,2010
Dover,South East,2015,0.433,con,E14000670,2010-2019,actual,0.433,0.031,0.307,,2010
Dudley North,West Midlands,2015,0.418,lab,E14000671,2010-2019,actual,0.308,0.013,0.418,,2010
Dudley South,West Midlands,2015,0.438,con,E14000672,2010-2019,actual,0.438,0.022,0.326,,2010
Dulwich & West Norwood,London,2015,0.541,lab,E14000673,2010-2019,actual,0.227,0.098,0.541,,2010
Dumfries & Galloway,Scotland,2015,0.414,natSW,S14000013,2010-2019,actual,0.299,0.017,0.247,0.414,2010
Dumfriesshire Clydesdale & Tweeddale,Scotland,2015,0.398,con,S14000014,2010-2019,actual,0.398,0.027,0.148,0.383,2010
Dunbartonshire East,Scotland,2015,0.403,natSW,S14000018,2010-2019,actual,0.086,0.363,0.123,0.403,2010
Dunbartonshire West,Scotland,2015,0.59,natSW,S14000059,2010-2019,actual,0.07,0.016,0.313,0.59,2010
Dundee East,Scotland,2015,0.597,natSW,S14000015,2010-2019,actual,0.15,0.029,0.199,0.597,2010
Dundee West,Scotland,2015,0.619,natSW,S14000016,2010-2019,actual,0.086,0.024,0.237,0.619,2010
Dunfermline And West Fife,Scotland,2015,0.503,natSW,S14000017,2010-2019,actual,0.119,0.04,0.317,0.503,2010
Durham City Of,North East,2015,0.473,lab,E14000641,2010-2019,actual,0.222,0.113,0.473,,2010
Durham North,North East,2015,0.549,lab,E14000840,2010-2019,actual,0.209,0.051,0.549,,2010
Durham North West,North East,2015,0.469,lab,E14000856,2010-2019,actual,0.234,0.091,0.469,,2010
Dwyfor Meirionnydd,Wales,2015,0.409,natSW,W07000061,2010-2019,actual,0.227,0.04,0.135,0.409,2010
Ealing Central And Acton,London,2015,0.432,lab,E14000674,2010-2019,actual,0.427,0.061,0.432,,2010
Ealing North,London,2015,0.551,lab,E14000675,2010-2019,actual,0.297,0.032,0.551,,2010
Ealing Southall,London,2015,0.65,lab,E14000676,2010-2019,actual,0.217,0.036,0.65,,2010
Easington,North East,2015,0.61,lab,E14000677,2010-2019,actual,0.129,0.024,0.61,,2010
East Ham,London,2015,0.776,lab,E14000679,2010-2019,actual,0.121,0.016,0.776,,2010
East Kilbride Strathaven & Lesmahagow,Scotland,2015,0.556,natSW,S14000019,2010-2019,actual,0.118,0.017,0.283,0.556,2010
East Lothian,Scotland,2015,0.425,natSW,S14000020,2010-2019,actual,0.195,0.026,0.31,0.425,2010
Eastbourne,South East,2015,0.396,con,E14000684,2010-2019,actual,0.396,0.382,0.078,,2010
Eastleigh,South East,2015,0.423,con,E14000685,2010-2019,actual,0.423,0.258,0.129,,2010
Eddisbury,North West,2015,0.51,con,E14000686,2010-2019,actual,0.51,0.091,0.236,,2010
Edinburgh East,Scotland,2015,0.492,natSW,S14000022,2010-2019,actual,0.099,0.028,0.299,0.492,2010
Edinburgh North & Leith,Scotland,2015,0.409,natSW,S14000023,2010-2019,actual,0.162,0.045,0.313,0.409,2010
Edinburgh South,Scotland,2015,0.391,lab,S14000024,2010-2019,actual,0.175,0.037,0.391,0.338,2010
Edinburgh South West,Scotland,2015,0.43,natSW,S14000025,2010-2019,actual,0.202,0.037,0.272,0.43,2010
Edinburgh West,Scotland,2015,0.39,natSW,S14000026,2010-2019,actual,0.123,0.331,0.117,0.39,2010
Edmonton,London,2015,0.614,lab,E14000687,2010-2019,actual,0.241,0.022,0.614,,2010
Ellesmere Port & Neston,North West,2015,0.478,lab,E14000688,2010-2019,actual,0.343,0.033,0.478,,2010
Elmet And Rothwell,Yorkshire and The Humber,2015,0.484,con,E14000689,2010-2019,actual,0.484,0.046,0.337,,2010
Eltham,London,2015,0.426,lab,E14000690,2010-2019,actual,0.364,0.03,0.426,,2010
Enfield North,London,2015,0.437,lab,E14000691,2010-2019,actual,0.414,0.023,0.437,,2010
Enfield Southgate,London,2015,0.494,con,E14000692,2010-2019,actual,0.494,0.033,0.39,,2010
Epping Forest,Eastern,2015,0.548,con,E14000693,2010-2019,actual,0.548,0.07,0.161,,2010
Epsom & Ewell,South East,2015,0.583,con,E14000694,2010-2019,actual,0.583,0.088,0.155,,2010
Erewash,East Midlands,2015,0.427,con,E14000695,2010-2019,actual,0.427,0.034,0.353,,2010
Erith & Thamesmead,London,2015,0.498,lab,E14000696,2010-2019,actual,0.274,0.023,0.498,,2010
Esher & Walton,South East,2015,0.629,con,E14000697,2010-2019,actual,0.629,0.094,0.127,,2010
Exeter,South West,2015,0.464,lab,E14000698,2010-2019,actual,0.331,0.043,0.464,,2010
Falkirk,Scotland,2015,0.577,natSW,S14000028,2010-2019,actual,0.121,0.02,0.251,0.577,2010
Fareham,South East,2015,0.561,con,E14000699,2010-2019,actual,0.561,0.088,0.143,,2010
Faversham & Kent Mid,South East,2015,0.544,con,E14000700,2010-2019,actual,0.544,0.066,0.162,,2010
Feltham & Heston,London,2015,0.523,lab,E14000701,2010-2019,actual,0.291,0.032,0.523,,2010
Fife North East,Scotland,2015,0.409,natSW,S14000049,2010-2019,actual,0.163,0.313,0.077,0.409,2010
Filton And Bradley Stoke,South West,2015,0.467,con,E14000702,2010-2019,actual,0.467,0.073,0.266,,2010
Finchley & Golders Green,London,2015,0.509,con,E14000703,2010-2019,actual,0.509,0.033,0.397,,2010
Folkestone & Hythe,South East,2015,0.479,con,E14000704,2010-2019,actual,0.479,0.089,0.144,,2010
Forest Of Dean,South West,2015,0.468,con,E14000705,2010-2019,actual,0.468,0.053,0.246,,2010
Fylde,North West,2015,0.491,con,E14000706,2010-2019,actual,0.491,0.037,0.188,,2010
Gainsborough,East Midlands,2015,0.527,con,E14000707,2010-2019,actual,0.527,0.067,0.213,,2010
Garston And Halewood,North West,2015,0.691,lab,E14000708,2010-2019,actual,0.137,0.047,0.691,,2010
Gateshead,North East,2015,0.568,lab,E14000709,2010-2019,actual,0.145,0.068,0.568,,2010
Gedling,East Midlands,2015,0.423,lab,E14000710,2010-2019,actual,0.361,0.04,0.423,,2010
Gillingham And Rainham,South East,2015,0.48,con,E14000711,2010-2019,actual,0.48,0.036,0.256,,2010
Glasgow Central,Scotland,2015,0.525,natSW,S14000029,2010-2019,actual,0.06,0.016,0.331,0.525,2010
Glasgow East,Scotland,2015,0.569,natSW,S14000030,2010-2019,actual,0.06,0.007,0.324,0.569,2010
Glasgow North,Scotland,2015,0.531,natSW,S14000031,2010-2019,actual,0.079,0.027,0.279,0.531,2010
Glasgow North East,Scotland,2015,0.581,natSW,S14000032,2010-2019,actual,0.047,0.008,0.337,0.581,2010
Glasgow North West,Scotland,2015,0.545,natSW,S14000033,2010-2019,actual,0.084,0.027,0.309,0.545,2010
Glasgow South,Scotland,2015,0.549,natSW,S14000034,2010-2019,actual,0.097,0.021,0.297,0.549,2010
Glasgow South West,Scotland,2015,0.572,natSW,S14000035,2010-2019,actual,0.05,0.01,0.328,0.572,2010
Glenrothes,Scotland,2015,0.598,natSW,S14000036,2010-2019,actual,0.077,0.019,0.306,0.598,2010
Gloucester,South West,2015,0.453,con,E14000712,2010-2019,actual,0.453,0.054,0.315,,2010
Gordon,Scotland,2015,0.477,natSW,S14000037,2010-2019,actual,0.117,0.327,0.059,0.477,2010
Gosport,South East,2015,0.553,con,E14000713,2010-2019,actual,0.553,0.069,0.145,,2010
Gower,Wales,2015,0.371,con,W07000046,2010-2019,actual,0.371,0.036,0.37,0.071,2010
Grantham & Stamford,East Midlands,2015,0.528,con,E14000714,2010-2019,actual,0.528,0.061,0.169,,2010
Gravesham,South East,2015,0.468,con,E14000715,2010-2019,actual,0.468,0.022,0.301,,2010
Great Grimsby,Yorkshire and The Humber,2015,0.398,lab,E14000716,2010-2019,actual,0.263,0.05,0.398,,2010
Great Yarmouth,Eastern,2015,0.429,con,E14000717,2010-2019,actual,0.429,0.023,0.291,,2010
Greenwich & Woolwich,London,2015,0.522,lab,E14000718,2010-2019,actual,0.266,0.057,0.522,,2010
Guildford,South East,2015,0.571,con,E14000719,2010-2019,actual,0.571,0.155,0.121,,2010
Hackney North & Stoke Newington,London,2015,0.629,lab,E14000720,2010-2019,actual,0.147,0.05,0.629,,2010
Hackney South & Shoreditch,London,2015,0.644,lab,E14000721,2010-2019,actual,0.135,0.046,0.644,,2010
Halesowen & Rowley Regis,West Midlands,2015,0.432,con,E14000722,2010-2019,actual,0.432,0.021,0.362,,2010
Halifax,Yorkshire and The Humber,2015,0.4,lab,E14000723,2010-2019,actual,0.39,0.037,0.4,,2010
Haltemprice & Howden,Yorkshire and The Humber,2015,0.542,con,E14000724,2010-2019,actual,0.542,0.063,0.21,,2010
Halton,North West,2015,0.628,lab,E14000725,2010-2019,actual,0.178,0.024,0.628,,2010
Hammersmith,London,2015,0.5,lab,E14000726,2010-2019,actual,0.364,0.046,0.5,,2010
Hampshire East,South East,2015,0.607,con,E14000680,2010-2019,actual,0.607,0.111,0.101,,2010
Hampshire North East,South East,2015,0.659,con,E14000844,2010-2019,actual,0.659,0.105,0.098,,2010
Hampshire North West,South East,2015,0.581,con,E14000857,2010-2019,actual,0.581,0.093,0.133,,2010
Hampstead And Kilburn,London,2015,0.444,lab,E14000727,2010-2019,actual,0.423,0.056,0.444,,2010
Harborough,East Midlands,2015,0.527,con,E14000728,2010-2019,actual,0.527,0.134,0.153,,2010
Harlow,Eastern,2015,0.489,con,E14000729,2010-2019,actual,0.489,0.02,0.3,,2010
Harrogate & Knaresborough,Yorkshire and The Humber,2015,0.527,con,E14000730,2010-2019,actual,0.527,0.221,0.101,,2010
Harrow East,London,2015,0.503,con,E14000731,2010-2019,actual,0.503,0.021,0.406,,2010
Harrow West,London,2015,0.47,lab,E14000732,2010-2019,actual,0.422,0.034,0.47,,2010
Hartlepool,North East,2015,0.415,oth,E14000733,2010-2019,actual,0.209,0.019,0.356,,2010
Harwich And North Essex,Eastern,2015,0.51,con,E14000734,2010-2019,actual,0.51,0.074,0.197,,2010
Hastings & Rye,South East,2015,0.445,con,E14000735,2010-2019,actual,0.445,0.032,0.351,,2010
Havant,South East,2015,0.517,con,E14000736,2010-2019,actual,0.517,0.065,0.159,,2010
Hayes & Harlington,London,2015,0.596,lab,E14000737,2010-2019,actual,0.247,0.02,0.596,,2010
Hazel Grove,North West,2015,0.414,con,E14000738,2010-2019,actual,0.414,0.262,0.175,,2010
Hemel Hempstead,Eastern,2015,0.529,con,E14000739,2010-2019,actual,0.529,0.048,0.238,,2010
Hemsworth,Yorkshire and The Humber,2015,0.513,lab,E14000740,2010-2019,actual,0.229,0.032,0.513,,2010
Hendon,London,2015,0.49,con,E14000741,2010-2019,actual,0.49,0.022,0.415,,2010
Henley,South East,2015,0.585,con,E14000742,2010-2019,actual,0.585,0.112,0.125,,2010
Hereford And South Herefordshire,West Midlands,2015,0.526,con,E14000743,2010-2019,actual,0.526,0.106,0.128,,2010
Herefordshire North,West Midlands,2015,0.556,con,E14000847,2010-2019,actual,0.556,0.12,0.114,,2010
Hertford & Stortford,Eastern,2015,0.561,con,E14000744,2010-2019,actual,0.561,0.078,0.179,,2010
Hertfordshire North East,Eastern,2015,0.554,con,E14000845,2010-2019,actual,0.554,0.076,0.189,,2010
Hertfordshire South West,Eastern,2015,0.569,con,E14000951,2010-2019,actual,0.569,0.103,0.163,,2010
Hertsmere,Eastern,2015,0.593,con,E14000745,2010-2019,actual,0.593,0.055,0.224,,2010
Hexham,North East,2015,0.527,con,E14000746,2010-2019,actual,0.527,0.068,0.249,,2010
Heywood & Middleton,North West,2015,0.431,lab,E14000747,2010-2019,actual,0.191,0.033,0.431,,2010
High Peak,East Midlands,2015,0.45,con,E14000748,2010-2019,actual,0.45,0.047,0.353,,2010
Hitchin & Harpenden,Eastern,2015,0.569,con,E14000749,2010-2019,actual,0.569,0.081,0.206,,2010
Holborn & St Pancras,London,2015,0.529,lab,E14000750,2010-2019,actual,0.219,0.065,0.529,,2010
Hornchurch And Upminster,London,2015,0.49,con,E14000751,2010-2019,actual,0.49,0.027,0.201,,2010
Hornsey & Wood Green,London,2015,0.509,lab,E14000752,2010-2019,actual,0.093,0.318,0.509,,2010
Horsham,South East,2015,0.573,con,E14000753,2010-2019,actual,0.573,0.117,0.114,,2010
Houghton & Sunderland South,North East,2015,0.551,lab,E14000754,2010-2019,actual,0.185,0.021,0.551,,2010
Hove,South East,2015,0.423,lab,E14000755,2010-2019,actual,0.399,0.036,0.423,,2010
Huddersfield,Yorkshire and The Humber,2015,0.449,lab,E14000756,2010-2019,actual,0.268,0.058,0.449,,2010
Hull East,Yorkshire and The Humber,2015,0.517,lab,E14000771,2010-2019,actual,0.159,0.065,0.517,,2010
Hull North,Yorkshire and The Humber,2015,0.528,lab,E14000772,2010-2019,actual,0.15,0.09,0.528,,2010
Hull West & Hessle,Yorkshire and The Humber,2015,0.492,lab,E14000773,2010-2019,actual,0.175,0.1,0.492,,2010
Huntingdon,Eastern,2015,0.53,con,E14000757,2010-2019,actual,0.53,0.078,0.183,,2010
Hyndburn,North West,2015,0.421,lab,E14000758,2010-2019,actual,0.319,0.02,0.421,,2010
Ilford North,London,2015,0.439,lab,E14000759,2010-2019,actual,0.427,0.023,0.439,,2010
Ilford South,London,2015,0.64,lab,E14000760,2010-2019,actual,0.259,0.02,0.64,,2010
Inverclyde,Scotland,2015,0.551,natSW,S14000038,2010-2019,actual,0.1,0.025,0.303,0.551,2010
Inverness Nairn Badenoch & Strathspey,Scotland,2015,0.501,natSW,S14000039,2010-2019,actual,0.059,0.313,0.075,0.501,2010
Ipswich,Eastern,2015,0.448,con,E14000761,2010-2019,actual,0.448,0.029,0.371,,2010
Isle Of Wight,South East,2015,0.407,con,E14000762,2010-2019,actual,0.407,0.074,0.128,,2010
Islington North,London,2015,0.602,lab,E14000763,2010-2019,actual,0.172,0.081,0.602,,2010
Islington South & Finsbury,London,2015,0.509,lab,E14000764,2010-2019,actual,0.222,0.109,0.509,,2010
Islwyn,Wales,2015,0.49,lab,W07000077,2010-2019,actual,0.152,0.027,0.49,0.107,2010
Jarrow,North East,2015,0.557,lab,E14000765,2010-2019,actual,0.171,0.032,0.557,,2010
Keighley,Yorkshire and The Humber,2015,0.443,con,E14000766,2010-2019,actual,0.443,0.027,0.381,,2010
Kenilworth And Southam,West Midlands,2015,0.584,con,E14000767,2010-2019,actual,0.584,0.101,0.153,,2010
Kensington,London,2015,0.523,con,E14000768,2010-2019,actual,0.523,0.056,0.311,,2010
Kettering,East Midlands,2015,0.518,con,E14000769,2010-2019,actual,0.518,0.032,0.252,,2010
Kilmarnock & Loudoun,Scotland,2015,0.557,natSW,S14000040,2010-2019,actual,0.125,0.015,0.304,0.557,2010
Kingston & Surbiton,London,2015,0.392,con,E14000770,2010-2019,actual,0.392,0.345,0.145,,2010
Kingswood,South West,2015,0.483,con,E14000774,2010-2019,actual,0.483,0.038,0.296,,2010
Kirkcaldy & Cowdenbeath,Scotland,2015,0.522,natSW,S14000041,2010-2019,actual,0.099,0.022,0.334,0.522,2010
Knowsley,North West,2015,0.781,lab,E14000775,2010-2019,actual,0.066,0.029,0.781,,2010
Lanark & Hamilton East,Scotland,2015,0.488,natSW,S14000042,2010-2019,actual,0.159,0.022,0.305,0.488,2010
Lancashire West,North West,2015,0.493,lab,E14001033,2010-2019,actual,0.324,0.026,0.493,,2010
Lancaster & Fleetwood,North West,2015,0.423,lab,E14000776,2010-2019,actual,0.392,0.033,0.423,,2010
Leeds Central,Yorkshire and The Humber,2015,0.55,lab,E14000777,2010-2019,actual,0.173,0.034,0.55,,2010
Leeds East,Yorkshire and The Humber,2015,0.537,lab,E14000778,2010-2019,actual,0.209,0.034,0.537,,2010
Leeds North East,Yorkshire and The Humber,2015,0.479,lab,E14000779,2010-2019,actual,0.329,0.053,0.479,,2010
Leeds North West,Yorkshire and The Humber,2015,0.368,lib,E14000780,2010-2019,actual,0.186,0.368,0.301,,2010
Leeds West,Yorkshire and The Humber,2015,0.48,lab,E14000781,2010-2019,actual,0.201,0.039,0.48,,2010
Leicester East,East Midlands,2015,0.611,lab,E14000782,2010-2019,actual,0.23,0.026,0.611,,2010
Leicester South,East Midlands,2015,0.598,lab,E14000783,2010-2019,actual,0.21,0.046,0.598,,2010
Leicester West,East Midlands,2015,0.465,lab,E14000784,2010-2019,actual,0.256,0.044,0.465,,2010
Leicestershire North West,East Midlands,2015,0.495,con,E14000858,2010-2019,actual,0.495,0.039,0.274,,2010
Leicestershire South,East Midlands,2015,0.532,con,E14000940,2010-2019,actual,0.532,0.074,0.22,,2010
Leigh,North West,2015,0.539,lab,E14000785,2010-2019,actual,0.226,0.025,0.539,,2010
Lewes,South East,2015,0.38,con,E14000786,2010-2019,actual,0.38,0.359,0.099,,2010
Lewisham Deptford,London,2015,0.602,lab,E14000789,2010-2019,actual,0.149,0.053,0.602,,2010
Lewisham East,London,2015,0.557,lab,E14000787,2010-2019,actual,0.223,0.057,0.557,,2010
Lewisham West And Penge,London,2015,0.506,lab,E14000788,2010-2019,actual,0.242,0.077,0.506,,2010
Leyton & Wanstead,London,2015,0.586,lab,E14000790,2010-2019,actual,0.22,0.057,0.586,,2010
Lichfield,West Midlands,2015,0.552,con,E14000791,2010-2019,actual,0.552,0.052,0.198,,2010
Lincoln,East Midlands,2015,0.426,con,E14000792,2010-2019,actual,0.426,0.043,0.396,,2010
Linlithgow And East Falkirk,Scotland,2015,0.52,natSW,S14000043,2010-2019,actual,0.12,0.02,0.31,0.52,2010
Liverpool Riverside,North West,2015,0.674,lab,E14000793,2010-2019,actual,0.096,0.039,0.674,,2010
Liverpool Walton,North West,2015,0.813,lab,E14000794,2010-2019,actual,0.047,0.023,0.813,,2010
Liverpool Wavertree,North West,2015,0.693,lab,E14000795,2010-2019,actual,0.1,0.06,0.693,,2010
Liverpool West Derby,North West,2015,0.752,lab,E14000796,2010-2019,actual,0.066,0.023,0.752,,2010
Livingston,Scotland,2015,0.569,natSW,S14000044,2010-2019,actual,0.103,0.021,0.276,0.569,2010
Llanelli,Wales,2015,0.413,lab,W07000045,2010-2019,actual,0.143,0.019,0.413,0.23,2010
Loughborough,East Midlands,2015,0.495,con,E14000797,2010-2019,actual,0.495,0.041,0.319,,2010
Louth & Horncastle,East Midlands,2015,0.512,con,E14000798,2010-2019,actual,0.512,0.045,0.18,,2010
Ludlow,West Midlands,2015,0.543,con,E14000799,2010-2019,actual,0.543,0.135,0.123,,2010
Luton North,Eastern,2015,0.522,lab,E14000800,2010-2019,actual,0.299,0.031,0.522,,2010
Luton South,Eastern,2015,0.442,lab,E14000801,2010-2019,actual,0.307,0.075,0.442,,2010
Macclesfield,North West,2015,0.525,con,E14000802,2010-2019,actual,0.525,0.077,0.227,,2010
Maidenhead,South East,2015,0.658,con,E14000803,2010-2019,actual,0.658,0.099,0.119,,2010
Maidstone & The Weald,South East,2015,0.455,con,E14000804,2010-2019,actual,0.455,0.241,0.105,,2010
Makerfield,North West,2015,0.518,lab,E14000805,2010-2019,actual,0.195,0.037,0.518,,2010
Maldon,Eastern,2015,0.606,con,E14000806,2010-2019,actual,0.606,0.045,0.118,,2010
Manchester Central,North West,2015,0.613,lab,E14000807,2010-2019,actual,0.135,0.041,0.613,,2010
Manchester Gorton,North West,2015,0.671,lab,E14000808,2010-2019,actual,0.097,0.042,0.671,,2010
Manchester Withington,North West,2015,0.537,lab,E14000809,2010-2019,actual,0.098,0.24,0.537,,2010
Mansfield,East Midlands,2015,0.394,lab,E14000810,2010-2019,actual,0.282,0.035,0.394,,2010
Meon Valley,South East,2015,0.611,con,E14000811,2010-2019,actual,0.611,0.096,0.109,,2010
Meriden,West Midlands,2015,0.547,con,E14000812,2010-2019,actual,0.547,0.05,0.19,,2010
Merthyr Tydfil & Rhymney,Wales,2015,0.539,lab,W07000071,2010-2019,actual,0.101,0.041,0.539,0.095,2010
Middlesbrough,North East,2015,0.568,lab,E14000819,2010-2019,actual,0.165,0.037,0.568,,2010
Middlesbrough South & Cleveland East,North East,2015,0.42,lab,E14000820,2010-2019,actual,0.371,0.034,0.42,,2010
Midlothian,Scotland,2015,0.506,natSW,S14000045,2010-2019,actual,0.119,0.023,0.302,0.506,2010
Milton Keynes North,South East,2015,0.472,con,E14000821,2010-2019,actual,0.472,0.062,0.303,,2010
Milton Keynes South,South East,2015,0.468,con,E14000822,2010-2019,actual,0.468,0.039,0.321,,2010
Mitcham & Morden,London,2015,0.607,lab,E14000823,2010-2019,actual,0.232,0.031,0.607,,2010
Mole Valley,South East,2015,0.606,con,E14000824,2010-2019,actual,0.606,0.145,0.083,,2010
Monmouth,Wales,2015,0.499,con,W07000054,2010-2019,actual,0.499,0.053,0.268,0.04,2010
Montgomeryshire,Wales,2015,0.45,con,W07000063,2010-2019,actual,0.45,0.293,0.056,0.052,2010
Moray,Scotland,2015,0.495,natSW,S14000046,2010-2019,actual,0.311,0.028,0.099,0.495,2010
Morecambe And Lunesdale,North West,2015,0.455,con,E14000825,2010-2019,actual,0.455,0.037,0.349,,2010
Morley & Outwood,Yorkshire and The Humber,2015,0.389,con,E14000826,2010-2019,actual,0.389,0.03,0.38,,2010
Motherwell & Wishaw,Scotland,2015,0.565,natSW,S14000047,2010-2019,actual,0.077,0.012,0.319,0.565,2010
Na H-Eileanan An Iar,Scotland,2015,0.543,natSW,S14000027,2010-2019,actual,0.076,0.029,0.286,0.543,2010
Neath,Wales,2015,0.438,lab,W07000069,2010-2019,actual,0.153,0.032,0.438,0.181,2010
New Forest East,South East,2015,0.563,con,E14000827,2010-2019,actual,0.563,0.094,0.122,,2010
New Forest West,South East,2015,0.599,con,E14000828,2010-2019,actual,0.599,0.069,0.108,,2010
Newark,East Midlands,2015,0.57,con,E14000829,2010-2019,actual,0.57,0.046,0.217,,2010
Newbury,South East,2015,0.61,con,E14000830,2010-2019,actual,0.61,0.15,0.084,,2010
Newcastle Upon Tyne Central,North East,2015,0.55,lab,E14000831,2010-2019,actual,0.189,0.063,0.55,,2010
Newcastle Upon Tyne East,North East,2015,0.494,lab,E14000832,2010-2019,actual,0.176,0.11,0.494,,2010
Newcastle Upon Tyne North,North East,2015,0.461,lab,E14000833,2010-2019,actual,0.235,0.097,0.461,,2010
Newcastle-Under-Lyme,West Midlands,2015,0.384,lab,E14000834,2010-2019,actual,0.369,0.042,0.384,,2010
Newport East,Wales,2015,0.407,lab,W07000055,2010-2019,actual,0.273,0.064,0.407,0.035,2010
Newport West,Wales,2015,0.412,lab,W07000056,2010-2019,actual,0.325,0.039,0.412,0.04,2010
Newton Abbot,South West,2015,0.472,con,E14000835,2010-2019,actual,0.472,0.24,0.098,,2010
Norfolk Mid,Eastern,2015,0.521,con,E14000816,2010-2019,actual,0.521,0.063,0.184,,2010
Norfolk North,Eastern,2015,0.391,lib,E14000848,2010-2019,actual,0.309,0.391,0.102,,2010
Norfolk North West,Eastern,2015,0.522,con,E14000859,2010-2019,actual,0.522,0.035,0.228,,2010
Norfolk South,Eastern,2015,0.543,con,E14000941,2010-2019,actual,0.543,0.082,0.184,,2010
Norfolk South West,Eastern,2015,0.509,con,E14000952,2010-2019,actual,0.509,0.044,0.173,,2010
Normanton Pontefract And Castleford,Yorkshire and The Humber,2015,0.549,lab,E14000836,2010-2019,actual,0.208,0.029,0.549,,2010
Northampton North,East Midlands,2015,0.424,con,E14000861,2010-2019,actual,0.424,0.036,0.341,,2010
Northampton South,East Midlands,2015,0.416,con,E14000862,2010-2019,actual,0.416,0.043,0.318,,2010
Northamptonshire South,East Midlands,2015,0.601,con,E14000942,2010-2019,actual,0.601,0.059,0.167,,2010
Norwich North,Eastern,2015,0.437,con,E14000863,2010-2019,actual,0.437,0.043,0.335,,2010
Norwich South,Eastern,2015,0.393,lab,E14000864,2010-2019,actual,0.235,0.136,0.393,,2010
Nottingham East,East Midlands,2015,0.546,lab,E14000865,2010-2019,actual,0.208,0.042,0.546,,2010
Nottingham North,East Midlands,2015,0.546,lab,E14000866,2010-2019,actual,0.21,0.024,0.546,,2010
Nottingham South,East Midlands,2015,0.476,lab,E14000867,2010-2019,actual,0.317,0.035,0.476,,2010
Nuneaton,West Midlands,2015,0.455,con,E14000868,2010-2019,actual,0.455,0.018,0.349,,2010
Ochil & Perthshire South,Scotland,2015,0.46,natSW,S14000050,2010-2019,actual,0.207,0.026,0.284,0.46,2010
Ogmore,Wales,2015,0.529,lab,W07000074,2010-2019,actual,0.159,0.03,0.529,0.101,2010
Old Bexley & Sidcup,London,2015,0.528,con,E14000869,2010-2019,actual,0.528,0.035,0.19,,2010
Oldham East & Saddleworth,North West,2015,0.394,lab,E14000870,2010-2019,actual,0.259,0.129,0.394,,2010
Oldham West & Royton,North West,2015,0.548,lab,E14000871,2010-2019,actual,0.19,0.037,0.548,,2010
Orkney And Shetland,Scotland,2015,0.414,lib,S14000051,2010-2019,actual,0.089,0.414,0.071,0.378,2010
Orpington,London,2015,0.574,con,E14000872,2010-2019,actual,0.574,0.068,0.156,,2010
Oxford East,South East,2015,0.5,lab,E14000873,2010-2019,actual,0.199,0.108,0.5,,2010
Oxford West & Abingdon,South East,2015,0.457,con,E14000874,2010-2019,actual,0.457,0.289,0.127,,2010
Paisley & Renfrewshire North,Scotland,2015,0.507,natSW,S14000052,2010-2019,actual,0.123,0.021,0.327,0.507,2010
Paisley & Renfrewshire South,Scotland,2015,0.509,natSW,S14000053,2010-2019,actual,0.076,0.022,0.386,0.509,2010
Pendle,North West,2015,0.472,con,E14000875,2010-2019,actual,0.472,0.033,0.349,,2010
Penistone And Stocksbridge,Yorkshire and The Humber,2015,0.42,lab,E14000876,2010-2019,actual,0.277,0.063,0.42,,2010
Penrith & The Border,North West,2015,0.597,con,E14000877,2010-2019,actual,0.597,0.085,0.144,,2010
Perth And North Perthshire,Scotland,2015,0.505,natSW,S14000054,2010-2019,actual,0.327,0.038,0.081,0.505,2010
Peterborough,Eastern,2015,0.397,con,E14000878,2010-2019,actual,0.397,0.038,0.356,,2010
Plymouth Moor View,South West,2015,0.376,con,E14000879,2010-2019,actual,0.376,0.03,0.352,,2010
Plymouth Sutton And Devonport,South West,2015,0.378,con,E14000880,2010-2019,actual,0.378,0.042,0.367,,2010
Pontypridd,Wales,2015,0.411,lab,W07000075,2010-2019,actual,0.173,0.129,0.411,0.115,2010
Poole,South West,2015,0.501,con,E14000881,2010-2019,actual,0.501,0.118,0.129,,2010
Poplar & Limehouse,London,2015,0.585,lab,E14000882,2010-2019,actual,0.254,0.042,0.585,,2010
Portsmouth North,South East,2015,0.47,con,E14000883,2010-2019,actual,0.47,0.062,0.238,,2010
Portsmouth South,South East,2015,0.348,con,E14000884,2010-2019,actual,0.348,0.223,0.195,,2010
Preseli Pembrokeshire,Wales,2015,0.404,con,W07000065,2010-2019,actual,0.404,0.019,0.281,0.062,2010
Preston,North West,2015,0.56,lab,E14000885,2010-2019,actual,0.2,0.037,0.56,,2010
Pudsey,Yorkshire and The Humber,2015,0.464,con,E14000886,2010-2019,actual,0.464,0.038,0.376,,2010
Putney,London,2015,0.538,con,E14000887,2010-2019,actual,0.538,0.063,0.3,,2010
Rayleigh And Wickford,Eastern,2015,0.547,con,E14000888,2010-2019,actual,0.547,0.03,0.126,,2010
Reading East,South East,2015,0.46,con,E14000889,2010-2019,actual,0.46,0.074,0.331,,2010
Reading West,South East,2015,0.477,con,E14000890,2010-2019,actual,0.477,0.049,0.339,,2010
Redcar,North East,2015,0.439,lab,E14000891,2010-2019,actual,0.162,0.185,0.439,,2010
Redditch,West Midlands,2015,0.471,con,E14000892,2010-2019,actual,0.471,0.031,0.311,,2010
Reigate,South East,2015,0.568,con,E14000893,2010-2019,actual,0.568,0.105,0.128,,2010
Renfrewshire East,Scotland,2015,0.406,natSW,S14000021,2010-2019,actual,0.22,0.019,0.34,0.406,2010
Rhondda,Wales,2015,0.507,lab,W07000052,2010-2019,actual,0.067,0.015,0.507,0.27,2010
Ribble Valley,North West,2015,0.486,con,E14000894,2010-2019,actual,0.486,0.053,0.226,,2010
Richmond (Yorkshire),Yorkshire and The Humber,2015,0.514,con,E14000895,2010-2019,actual,0.514,0.064,0.132,,2010
Richmond Park,London,2015,0.582,con,E14000896,2010-2019,actual,0.582,0.193,0.123,,2010
Rochdale,North West,2015,0.461,lab,E14000897,2010-2019,actual,0.17,0.103,0.461,,2010
Rochester & Strood,South East,2015,0.441,con,E14000898,2010-2019,actual,0.441,0.024,0.198,,2010
Rochford & Southend East,Eastern,2015,0.464,con,E14000899,2010-2019,actual,0.464,0.033,0.247,,2010
Romford,London,2015,0.51,con,E14000900,2010-2019,actual,0.51,0.029,0.209,,2010
Romsey And Southampton North,South East,2015,0.543,con,E14000901,2010-2019,actual,0.543,0.177,0.119,,2010
Ross Skye & Lochaber,Scotland,2015,0.481,natSW,S14000055,2010-2019,actual,0.062,0.359,0.049,0.481,2010
Rossendale & Darwen,North West,2015,0.466,con,E14000902,2010-2019,actual,0.466,0.016,0.351,,2010
Rother Valley,Yorkshire and The Humber,2015,0.436,lab,E14000903,2010-2019,actual,0.233,0.042,0.436,,2010
Rotherham,Yorkshire and The Humber,2015,0.525,lab,E14000904,2010-2019,actual,0.123,0.029,0.525,,2010
Rugby,West Midlands,2015,0.491,con,E14000905,2010-2019,actual,0.491,0.057,0.279,,2010
Ruislip Northwood & Pinner,London,2015,0.596,con,E14000906,2010-2019,actual,0.596,0.05,0.201,,2010
Runnymede & Weybridge,South East,2015,0.597,con,E14000907,2010-2019,actual,0.597,0.067,0.155,,2010
Rushcliffe,East Midlands,2015,0.514,con,E14000908,2010-2019,actual,0.514,0.05,0.263,,2010
Rutherglen & Hamilton West,Scotland,2015,0.526,natSW,S14000056,2010-2019,actual,0.076,0.018,0.352,0.526,2010
Rutland & Melton,East Midlands,2015,0.556,con,E14000909,2010-2019,actual,0.556,0.081,0.154,,2010
Saffron Walden,Eastern,2015,0.572,con,E14000910,2010-2019,actual,0.572,0.106,0.118,,2010
Salford And Eccles,North West,2015,0.494,lab,E14000911,2010-2019,actual,0.204,0.037,0.494,,2010
Salisbury,South West,2015,0.556,con,E14000912,2010-2019,actual,0.556,0.101,0.153,,2010
Scarborough And Whitby,Yorkshire and The Humber,2015,0.432,con,E14000913,2010-2019,actual,0.432,0.045,0.302,,2010
Scunthorpe,Yorkshire and The Humber,2015,0.417,lab,E14000914,2010-2019,actual,0.332,0.021,0.417,,2010
Sedgefield,North East,2015,0.472,lab,E14000915,2010-2019,actual,0.295,0.035,0.472,,2010
Sefton Central,North West,2015,0.538,lab,E14000916,2010-2019,actual,0.296,0.043,0.538,,2010
Selby And Ainsty,Yorkshire and The Humber,2015,0.525,con,E14000917,2010-2019,actual,0.525,0.036,0.268,,2010
Sevenoaks,South East,2015,0.569,con,E14000918,2010-2019,actual,0.569,0.079,0.129,,2010
Sheffield Brightside And Hillsborough,Yorkshire and The Humber,2015,0.566,lab,E14000921,2010-2019,actual,0.11,0.045,0.566,,2010
Sheffield Central,Yorkshire and The Humber,2015,0.55,lab,E14000919,2010-2019,actual,0.111,0.097,0.55,,2010
Sheffield Hallam,Yorkshire and The Humber,2015,0.4,lib,E14000922,2010-2019,actual,0.136,0.4,0.358,,2010
Sheffield Heeley,Yorkshire and The Humber,2015,0.482,lab,E14000923,2010-2019,actual,0.162,0.113,0.482,,2010
Sheffield South East,Yorkshire and The Humber,2015,0.514,lab,E14000920,2010-2019,actual,0.174,0.053,0.514,,2010
Sherwood,East Midlands,2015,0.45,con,E14000924,2010-2019,actual,0.45,0.022,0.359,,2010
Shipley,Yorkshire and The Humber,2015,0.5,con,E14000925,2010-2019,actual,0.5,0.039,0.31,,2010
Shrewsbury & Atcham,West Midlands,2015,0.455,con,E14000926,2010-2019,actual,0.455,0.079,0.278,,2010
Shropshire North,West Midlands,2015,0.514,con,E14000849,2010-2019,actual,0.514,0.06,0.201,,2010
Sittingbourne & Sheppey,South East,2015,0.495,con,E14000927,2010-2019,actual,0.495,0.032,0.196,,2010
Skipton & Ripon,Yorkshire and The Humber,2015,0.554,con,E14000928,2010-2019,actual,0.554,0.074,0.174,,2010
Sleaford & North Hykeham,East Midlands,2015,0.562,con,E14000929,2010-2019,actual,0.562,0.057,0.173,,2010
Slough,South East,2015,0.485,lab,E14000930,2010-2019,actual,0.333,0.026,0.485,,2010
Solihull,West Midlands,2015,0.492,con,E14000931,2010-2019,actual,0.492,0.257,0.104,,2010
Somerset North,South West,2015,0.535,con,E14000850,2010-2019,actual,0.535,0.127,0.143,,2010
Somerset North East,South West,2015,0.498,con,E14000846,2010-2019,actual,0.498,0.079,0.248,,2010
Somerton & Frome,South West,2015,0.53,con,E14000932,2010-2019,actual,0.53,0.194,0.073,,2010
South Holland & The Deepings,East Midlands,2015,0.596,con,E14000939,2010-2019,actual,0.596,0.03,0.124,,2010
South Ribble,North West,2015,0.464,con,E14000943,2010-2019,actual,0.464,0.044,0.351,,2010
South Shields,North East,2015,0.513,lab,E14000944,2010-2019,actual,0.166,0.018,0.513,,2010
Southampton Itchen,South East,2015,0.417,con,E14000955,2010-2019,actual,0.417,0.036,0.365,,2010
Southampton Test,South East,2015,0.413,lab,E14000956,2010-2019,actual,0.325,0.049,0.413,,2010
Southend West,Eastern,2015,0.498,con,E14000957,2010-2019,actual,0.498,0.093,0.183,,2010
Southport,North West,2015,0.31,lib,E14000958,2010-2019,actual,0.28,0.31,0.192,,2010
Spelthorne,South East,2015,0.497,con,E14000959,2010-2019,actual,0.497,0.064,0.186,,2010
St Albans,Eastern,2015,0.466,con,E14000960,2010-2019,actual,0.466,0.185,0.233,,2010
St Austell & Newquay,South West,2015,0.402,con,E14000961,2010-2019,actual,0.402,0.24,0.102,,2010
St Helens North,North West,2015,0.57,lab,E14000962,2010-2019,actual,0.196,0.044,0.57,,2010
St Helens South And Whiston,North West,2015,0.598,lab,E14000963,2010-2019,actual,0.159,0.057,0.598,,2010
St Ives,South West,2015,0.383,con,E14000964,2010-2019,actual,0.383,0.332,0.093,,2010
Stafford,West Midlands,2015,0.484,con,E14000965,2010-2019,actual,0.484,0.028,0.296,,2010
Staffordshire Moorlands,West Midlands,2015,0.511,con,E14000966,2010-2019,actual,0.511,0.041,0.272,,2010
Staffordshire South,West Midlands,2015,0.594,con,E14000945,2010-2019,actual,0.594,0.029,0.184,,2010
Stalybridge And Hyde,North West,2015,0.45,lab,E14000967,2010-2019,actual,0.287,0.031,0.45,,2010
Stevenage,Eastern,2015,0.445,con,E14000968,2010-2019,actual,0.445,0.033,0.342,,2010
Stirling,Scotland,2015,0.456,natSW,S14000057,2010-2019,actual,0.231,0.027,0.255,0.456,2010
Stockport,North West,2015,0.499,lab,E14000969,2010-2019,actual,0.245,0.077,0.499,,2010
Stockton North,North East,2015,0.491,lab,E14000970,2010-2019,actual,0.28,0.022,0.491,,2010
Stockton South,North East,2015,0.468,con,E14000971,2010-2019,actual,0.468,0.026,0.37,,2010
Stoke-On-Trent Central,West Midlands,2015,0.393,lab,E14000972,2010-2019,actual,0.225,0.042,0.393,,2010
Stoke-On-Trent North,West Midlands,2015,0.399,lab,E14000973,2010-2019,actual,0.274,0.029,0.399,,2010
Stoke-On-Trent South,West Midlands,2015,0.392,lab,E14000974,2010-2019,actual,0.327,0.033,0.392,,2010
Stone,West Midlands,2015,0.547,con,E14000975,2010-2019,actual,0.547,0.053,0.202,,2010
Stourbridge,West Midlands,2015,0.46,con,E14000976,2010-2019,actual,0.46,0.033,0.315,,2010
Stratford-On-Avon,West Midlands,2015,0.577,con,E14000977,2010-2019,actual,0.577,0.12,0.13,,2010
Streatham,London,2015,0.53,lab,E14000978,2010-2019,actual,0.251,0.09,0.53,,2010
Stretford & Urmston,North West,2015,0.53,lab,E14000979,2010-2019,actual,0.278,0.029,0.53,,2010
Stroud,South West,2015,0.457,con,E14000980,2010-2019,actual,0.457,0.034,0.377,,2010
Suffolk Central & Ipswich North,Eastern,2015,0.561,con,E14000624,2010-2019,actual,0.561,0.061,0.188,,2010
Suffolk Coastal,Eastern,2015,0.519,con,E14000981,2010-2019,actual,0.519,0.086,0.18,,2010
Suffolk South,Eastern,2015,0.531,con,E14000946,2010-2019,actual,0.531,0.078,0.193,,2010
Suffolk West,Eastern,2015,0.522,con,E14001034,2010-2019,actual,0.522,0.05,0.175,,2010
Sunderland Central,North East,2015,0.502,lab,E14000982,2010-2019,actual,0.234,0.026,0.502,,2010
Surrey East,South East,2015,0.574,con,E14000681,2010-2019,actual,0.574,0.092,0.118,,2010
Surrey Heath,South East,2015,0.599,con,E14000983,2010-2019,actual,0.599,0.091,0.112,,2010
Surrey South West,South East,2015,0.599,con,E14000953,2010-2019,actual,0.599,0.063,0.095,,2010
Sussex Mid,South East,2015,0.561,con,E14000817,2010-2019,actual,0.561,0.115,0.139,,2010
Sutton And Cheam,London,2015,0.415,con,E14000984,2010-2019,actual,0.415,0.337,0.111,,2010
Sutton Coldfield,West Midlands,2015,0.546,con,E14000985,2010-2019,actual,0.546,0.052,0.223,,2010
Swansea East,Wales,2015,0.53,lab,W07000048,2010-2019,actual,0.153,0.041,0.53,0.104,2010
Swansea West,Wales,2015,0.426,lab,W07000047,2010-2019,actual,0.226,0.09,0.426,0.064,2010
Swindon North,South West,2015,0.503,con,E14000851,2010-2019,actual,0.503,0.033,0.278,,2010
Swindon South,South West,2015,0.462,con,E14000947,2010-2019,actual,0.462,0.037,0.345,,2010
Tamworth,West Midlands,2015,0.5,con,E14000986,2010-2019,actual,0.5,0.03,0.261,,2010
Tatton,North West,2015,0.586,con,E14000987,2010-2019,actual,0.586,0.085,0.183,,2010
Taunton Deane,South West,2015,0.481,con,E14000988,2010-2019,actual,0.481,0.213,0.092,,2010
Telford,West Midlands,2015,0.396,con,E14000989,2010-2019,actual,0.396,0.023,0.378,,2010
Tewkesbury,South West,2015,0.545,con,E14000990,2010-2019,actual,0.545,0.138,0.148,,2010
Thanet North,South East,2015,0.49,con,E14000852,2010-2019,actual,0.49,0.035,0.179,,2010
Thanet South,South East,2015,0.381,con,E14000948,2010-2019,actual,0.381,0.019,0.238,,2010
Thirsk & Malton,Yorkshire and The Humber,2015,0.526,con,E14000993,2010-2019,actual,0.526,0.09,0.154,,2010
Thornbury And Yate,South West,2015,0.41,con,E14000994,2010-2019,actual,0.41,0.379,0.078,,2010
Thurrock,Eastern,2015,0.337,con,E14000995,2010-2019,actual,0.337,0.013,0.326,,2010
Tiverton & Honiton,South West,2015,0.54,con,E14000996,2010-2019,actual,0.54,0.105,0.127,,2010
Tonbridge & Malling,South East,2015,0.594,con,E14000997,2010-2019,actual,0.594,0.068,0.142,,2010
Tooting,London,2015,0.472,lab,E14000998,2010-2019,actual,0.419,0.039,0.472,,2010
Torbay,South West,2015,0.407,con,E14000999,2010-2019,actual,0.407,0.338,0.087,,2010
Torfaen,Wales,2015,0.446,lab,W07000053,2010-2019,actual,0.231,0.034,0.446,0.057,2010
Totnes,South West,2015,0.53,con,E14001001,2010-2019,actual,0.53,0.099,0.127,,2010
Tottenham,London,2015,0.673,lab,E14001002,2010-2019,actual,0.12,0.041,0.673,,2010
Truro And Falmouth,South West,2015,0.44,con,E14001003,2010-2019,actual,0.44,0.168,0.152,,2010
Tunbridge Wells,South East,2015,0.587,con,E14001004,2010-2019,actual,0.587,0.084,0.142,,2010
Twickenham,London,2015,0.413,con,E14001005,2010-2019,actual,0.413,0.38,0.115,,2010
Tynemouth,North East,2015,0.482,lab,E14001006,2010-2019,actual,0.328,0.03,0.482,,2010
Tyneside North,North East,2015,0.559,lab,E14000853,2010-2019,actual,0.192,0.044,0.559,,2010
Uxbridge And South Ruislip,London,2015,0.502,con,E14001007,2010-2019,actual,0.502,0.049,0.264,,2010
Vale Of Clwyd,Wales,2015,0.39,con,W07000060,2010-2019,actual,0.39,0.026,0.384,0.071,2010
Vale Of Glamorgan,Wales,2015,0.46,con,W07000078,2010-2019,actual,0.46,0.026,0.326,0.056,2010
Vauxhall,London,2015,0.538,lab,E14001008,2010-2019,actual,0.273,0.069,0.538,,2010
Wakefield,Yorkshire and The Humber,2015,0.403,lab,E14001009,2010-2019,actual,0.342,0.035,0.403,,2010
Wallasey,North West,2015,0.604,lab,E14001010,2010-2019,actual,0.227,0.023,0.604,,2010
Walsall North,West Midlands,2015,0.39,lab,E14001011,2010-2019,actual,0.338,0.023,0.39,,2010
Walsall South,West Midlands,2015,0.472,lab,E14001012,2010-2019,actual,0.328,0.016,0.472,,2010
Walthamstow,London,2015,0.689,lab,E14001013,2010-2019,actual,0.134,0.04,0.689,,2010
Wansbeck,North East,2015,0.5,lab,E14001014,2010-2019,actual,0.218,0.062,0.5,,2010
Wantage,South East,2015,0.533,con,E14001015,2010-2019,actual,0.533,0.131,0.16,,2010
Warley,West Midlands,2015,0.582,lab,E14001016,2010-2019,actual,0.193,0.021,0.582,,2010
Warrington North,North West,2015,0.478,lab,E14001017,2010-2019,actual,0.282,0.041,0.478,,2010
Warrington South,North West,2015,0.437,con,E14001018,2010-2019,actual,0.437,0.056,0.391,,2010
Warwick And Leamington,West Midlands,2015,0.479,con,E14001019,2010-2019,actual,0.479,0.05,0.349,,2010
Warwickshire North,West Midlands,2015,0.423,con,E14000854,2010-2019,actual,0.423,0.021,0.36,,2010
Washington And Sunderland West,North East,2015,0.55,lab,E14001020,2010-2019,actual,0.189,0.027,0.55,,2010
Watford,Eastern,2015,0.435,con,E14001021,2010-2019,actual,0.435,0.181,0.26,,2010
Waveney,Eastern,2015,0.423,con,E14001022,2010-2019,actual,0.423,0.02,0.377,,2010
Wealden,South East,2015,0.57,con,E14001023,2010-2019,actual,0.57,0.091,0.108,,2010
Weaver Vale,North West,2015,0.432,con,E14001024,2010-2019,actual,0.432,0.03,0.414,,2010
Wellingborough,East Midlands,2015,0.521,con,E14001025,2010-2019,actual,0.521,0.044,0.195,,2010
Wells,South West,2015,0.461,con,E14001026,2010-2019,actual,0.461,0.328,0.066,,2010
Welwyn Hatfield,Eastern,2015,0.504,con,E14001027,2010-2019,actual,0.504,0.063,0.261,,2010
Wentworth And Dearne,Yorkshire and The Humber,2015,0.569,lab,E14001028,2010-2019,actual,0.149,0.026,0.569,,2010
West Bromwich East,West Midlands,2015,0.502,lab,E14001029,2010-2019,actual,0.249,0.02,0.502,,2010
West Bromwich West,West Midlands,2015,0.473,lab,E14001030,2010-2019,actual,0.239,0.016,0.473,,2010
West Ham,London,2015,0.684,lab,E14001032,2010-2019,actual,0.154,0.027,0.684,,2010
Westminster North,London,2015,0.468,lab,E14001036,2010-2019,actual,0.418,0.037,0.468,,2010
Westmorland & Lonsdale,North West,2015,0.515,lib,E14001037,2010-2019,actual,0.332,0.515,0.054,,2010
Weston Super Mare,South West,2015,0.48,con,E14001038,2010-2019,actual,0.48,0.104,0.183,,2010
Wigan,North West,2015,0.522,lab,E14001039,2010-2019,actual,0.207,0.028,0.522,,2010
Wiltshire North,South West,2015,0.572,con,E14000860,2010-2019,actual,0.572,0.156,0.098,,2010
Wiltshire South West,South West,2015,0.527,con,E14000954,2010-2019,actual,0.527,0.106,0.135,,2010
Wimbledon,London,2015,0.521,con,E14001040,2010-2019,actual,0.521,0.127,0.26,,2010
Winchester,South East,2015,0.55,con,E14001041,2010-2019,actual,0.55,0.244,0.083,,2010
Windsor,South East,2015,0.634,con,E14001042,2010-2019,actual,0.634,0.086,0.134,,2010
Wirral South,North West,2015,0.482,lab,E14001043,2010-2019,actual,0.372,0.035,0.482,,2010
Wirral West,North West,2015,0.451,lab,E14001044,2010-2019,actual,0.442,0.034,0.451,,2010
Witham,Eastern,2015,0.575,con,E14001045,2010-2019,actual,0.575,0.061,0.158,,2010
Witney,South East,2015,0.602,con,E14001046,2010-2019,actual,0.602,0.068,0.172,,2010
Woking,South East,2015,0.562,con,E14001047,2010-2019,actual,0.562,0.116,0.161,,2010
Wokingham,South East,2015,0.577,con,E14001048,2010-2019,actual,0.577,0.135,0.145,,2010
Wolverhampton North East,West Midlands,2015,0.461,lab,E14001049,2010-2019,actual,0.299,0.027,0.461,,2010
Wolverhampton South East,West Midlands,2015,0.533,lab,E14001050,2010-2019,actual,0.223,0.023,0.533,,2010
Wolverhampton South West,West Midlands,2015,0.432,lab,E14001051,2010-2019,actual,0.412,0.021,0.432,,2010
Worcester,West Midlands,2015,0.453,con,E14001052,2010-2019,actual,0.453,0.034,0.34,,2010
Worcestershire Mid,West Midlands,2015,0.57,con,E14000818,2010-2019,actual,0.57,0.072,0.145,,2010
Worcestershire West,West Midlands,2015,0.561,con,E14001035,2010-2019,actual,0.561,0.097,0.134,,2010
Workington,North West,2015,0.423,lab,E14001053,2010-2019,actual,0.301,0.044,0.423,,2010
Worsley And Eccles South,North West,2015,0.442,lab,E14001054,2010-2019,actual,0.301,0.026,0.442,,2010
Worthing East & Shoreham,South East,2015,0.495,con,E14000682,2010-2019,actual,0.495,0.067,0.195,,2010
Worthing West,South East,2015,0.515,con,E14001055,2010-2019,actual,0.515,0.088,0.157,,2010
Wrekin The,West Midlands,2015,0.497,con,E14000992,2010-2019,actual,0.497,0.043,0.26,,2010
Wrexham,Wales,2015,0.372,lab,W07000044,2010-2019,actual,0.316,0.053,0.372,0.076,2010
Wycombe,South East,2015,0.514,con,E14001056,2010-2019,actual,0.514,0.088,0.225,,2010
Wyre And Preston North,North West,2015,0.532,con,E14001057,2010-2019,actual,0.532,0.054,0.248,,2010
Wyre Forest,West Midlands,2015,0.453,con,E14001058,2010-2019,actual,0.453,0.025,0.193,,2010
Wythenshawe & Sale East,North West,2015,0.501,lab,E14001059,2010-2019,actual,0.257,0.045,0.501,,2010
Yeovil,South West,2015,0.425,con,E14001060,2010-2019,actual,0.425,0.331,0.071,,2010
Ynys Mon,Wales,2015,0.311,lab,W07000041,2010-2019,actual,0.212,0.022,0.311,0.305,2010
York Central,Yorkshire and The Humber,2015,0.424,lab,E14001061,2010-2019,actual,0.283,0.08,0.424,,2010
York Outer,Yorkshire and The Humber,2015,0.491,con,E14001062,2010-2019,actual,0.491,0.116,0.248,,2010
Yorkshire East,Yorkshire and The Humber,2015,0.506,con,E14000683,2010-2019,actual,0.506,0.059,0.207,,2010
Aberavon,Wales,2017,0.681,lab,W07000049,2010-2019,actual,0.177,0.018,0.681,0.083,2015
Aberconwy,Wales,2017,0.446,con,W07000058,2010-2019,actual,0.446,0.029,0.426,0.099,2015
Aberdeen North,Scotland,2017,0.413,natSW,S14000001,2010-2019,actual,0.227,0.046,0.3,0.413,2015
Aberdeen South,Scotland,2017,0.421,con,S14000002,2010-2019,actual,0.421,0.059,0.205,0.315,2015
Airdrie & Shotts,Scotland,2017,0.376,natSW,S14000003,2010-2019,actual,0.232,0.021,0.371,0.376,2015
Aldershot,South East,2017,0.551,con,E14000530,2010-2019,actual,0.551,0.074,0.316,,2015
Aldridge-Brownhills,West Midlands,2017,0.654,con,E14000531,2010-2019,actual,0.654,0.033,0.298,,2015
Altrincham & Sale West,North West,2017,0.51,con,E14000532,2010-2019,actual,0.51,0.077,0.388,,2015
Alyn & Deeside,Wales,2017,0.521,lab,W07000043,2010-2019,actual,0.404,0.024,0.521,0.026,2015
Amber Valley,East Midlands,2017,0.565,con,E14000533,2010-2019,actual,0.565,0.024,0.384,,2015
Angus,Scotland,2017,0.452,con,S14000004,2010-2019,actual,0.452,0.033,0.13,0.386,2015
Arfon,Wales,2017,0.408,natSW,W07000057,2010-2019,actual,0.164,0.023,0.405,0.408,2015
Argyll & Bute,Scotland,2017,0.36,natSW,S14000005,2010-2019,actual,0.332,0.182,0.126,0.36,2015
Arundel & South Downs,South East,2017,0.624,con,E14000534,2010-2019,actual,0.624,0.079,0.227,,2015
Ashfield,East Midlands,2017,0.426,lab,E14000535,2010-2019,actual,0.417,0.019,0.426,,2015
Ashford,South East,2017,0.59,con,E14000536,2010-2019,actual,0.59,0.052,0.298,,2015
Ashton Under Lyne,North West,2017,0.604,lab,E14000537,2010-2019,actual,0.32,0.016,0.604,,2015
Aylesbury,South East,2017,0.55,con,E14000538,2010-2019,actual,0.55,0.096,0.3,,2015
Ayr Carrick & Cumnock,Scotland,2017,0.401,con,S14000006,2010-2019,actual,0.401,0.019,0.239,0.341,2015
Banbury,South East,2017,0.542,con,E14000539,2010-2019,actual,0.542,0.056,0.341,,2015
Banff & Buchan,Scotland,2017,0.48,con,S14000007,2010-2019,actual,0.48,0.035,0.095,0.391,2015
Barking,London,2017,0.678,lab,E14000540,2010-2019,actual,0.225,0.013,0.678,,2015
Barnsley Central,Yorkshire and The Humber,2017,0.639,lab,E14000541,2010-2019,actual,0.241,0.014,0.639,,2015
Barnsley East,Yorkshire and The Humber,2017,0.595,lab,E14000542,2010-2019,actual,0.27,0.018,0.595,,2015
Barrow & Furness,North West,2017,0.475,lab,E14000543,2010-2019,actual,0.47,0.027,0.475,,2015
Basildon & Billericay,Eastern,2017,0.61,con,E14000544,2010-2019,actual,0.61,0.034,0.311,,2015
Basingstoke,South East,2017,0.527,con,E14000545,2010-2019,actual,0.527,0.061,0.358,,2015
Bassetlaw,East Midlands,2017,0.526,lab,E14000546,2010-2019,actual,0.433,0.022,0.526,,2015
Bath,South West,2017,0.473,lib,E14000547,2010-2019,actual,0.358,0.473,0.147,,2015
Batley & Spen,Yorkshire and The Humber,2017,0.555,lab,E14000548,2010-2019,actual,0.388,0.023,0.555,,2015
Battersea,London,2017,0.459,lab,E14000549,2010-2019,actual,0.415,0.08,0.459,,2015
Beaconsfield,South East,2017,0.653,con,E14000550,2010-2019,actual,0.653,0.079,0.214,,2015
Beckenham,London,2017,0.593,con,E14000551,2010-2019,actual,0.593,0.079,0.301,,2015
Bedford,Eastern,2017,0.468,lab,E14000552,2010-2019,actual,0.452,0.059,0.468,,2015
Bermondsey & Old Southwark,London,2017,0.532,lab,E14000553,2010-2019,actual,0.13,0.311,0.532,,2015
Berwickshire Roxburgh & Selkirk,Scotland,2017,0.539,con,S14000008,2010-2019,actual,0.539,0.047,0.086,0.328,2015
Berwick-Upon-Tweed,North East,2017,0.525,con,E14000554,2010-2019,actual,0.525,0.211,0.246,,2015
Bethnal Green & Bow,London,2017,0.718,lab,E14000555,2010-2019,actual,0.127,0.05,0.718,,2015
Beverley & Holderness,Yorkshire and The Humber,2017,0.584,con,E14000556,2010-2019,actual,0.584,0.05,0.332,,2015
Bexhill & Battle,South East,2017,0.62,con,E14000557,2010-2019,actual,0.62,0.075,0.247,,2015
Bexleyheath & Crayford,London,2017,0.556,con,E14000558,2010-2019,actual,0.556,0.027,0.355,,2015
Birkenhead,North West,2017,0.769,lab,E14000559,2010-2019,actual,0.184,0.026,0.769,,2015
Birmingham Edgbaston,West Midlands,2017,0.553,lab,E14000560,2010-2019,actual,0.395,0.036,0.553,,2015
Birmingham Erdington,West Midlands,2017,0.58,lab,E14000561,2010-2019,actual,0.384,0.02,0.58,,2015
Birmingham Hall Green,West Midlands,2017,0.776,lab,E14000562,2010-2019,actual,0.151,0.058,0.776,,2015
Birmingham Hodge Hill,West Midlands,2017,0.811,lab,E14000563,2010-2019,actual,0.142,0.017,0.811,,2015
Birmingham Ladywood,West Midlands,2017,0.827,lab,E14000564,2010-2019,actual,0.132,0.028,0.827,,2015
Birmingham Northfield,West Midlands,2017,0.532,lab,E14000565,2010-2019,actual,0.427,0.022,0.532,,2015
Birmingham Perry Barr,West Midlands,2017,0.681,lab,E14000566,2010-2019,actual,0.265,0.024,0.681,,2015
Birmingham Selly Oak,West Midlands,2017,0.629,lab,E14000567,2010-2019,actual,0.319,0.034,0.629,,2015
Birmingham Yardley,West Midlands,2017,0.571,lab,E14000568,2010-2019,actual,0.198,0.179,0.571,,2015
Bishop Auckland,North East,2017,0.481,lab,E14000569,2010-2019,actual,0.469,0.027,0.481,,2015
Blackburn,North West,2017,0.698,lab,E14000570,2010-2019,actual,0.269,0.015,0.698,,2015
Blackley And Broughton,North West,2017,0.704,lab,E14000571,2010-2019,actual,0.216,0.018,0.704,,2015
Blackpool North & Cleveleys,North West,2017,0.494,con,E14000572,2010-2019,actual,0.494,0.018,0.445,,2015
Blackpool South,North West,2017,0.503,lab,E14000573,2010-2019,actual,0.431,0.018,0.503,,2015
Blaenau Gwent,Wales,2017,0.58,lab,W07000072,2010-2019,actual,0.148,0.009,0.58,0.212,2015
Blaydon,North East,2017,0.561,lab,E14000574,2010-2019,actual,0.281,0.091,0.561,,2015
Blyth Valley,North East,2017,0.559,lab,E14000575,2010-2019,actual,0.373,0.046,0.559,,2015
Bognor Regis & Littlehampton,South East,2017,0.59,con,E14000576,2010-2019,actual,0.59,0.065,0.249,,2015
Bolsover,East Midlands,2017,0.519,lab,E14000577,2010-2019,actual,0.406,0.029,0.519,,2015
Bolton North East,North West,2017,0.506,lab,E14000578,2010-2019,actual,0.422,0.029,0.506,,2015
Bolton South East,North West,2017,0.607,lab,E14000579,2010-2019,actual,0.297,0.018,0.607,,2015
Bolton West,North West,2017,0.479,con,E14000580,2010-2019,actual,0.479,0.029,0.461,,2015
Bootle,North West,2017,0.84,lab,E14000581,2010-2019,actual,0.12,0.017,0.84,,2015
Boston & Skegness,East Midlands,2017,0.636,con,E14000582,2010-2019,actual,0.636,0.018,0.25,,2015
Bosworth,East Midlands,2017,0.567,con,E14000583,2010-2019,actual,0.567,0.173,0.241,,2015
Bournemouth East,South West,2017,0.519,con,E14000584,2010-2019,actual,0.519,0.065,0.356,,2015
Bournemouth West,South West,2017,0.535,con,E14000585,2010-2019,actual,0.535,0.066,0.362,,2015
Bracknell,South East,2017,0.588,con,E14000586,2010-2019,actual,0.588,0.075,0.302,,2015
Bradford East,Yorkshire and The Humber,2017,0.654,lab,E14000587,2010-2019,actual,0.204,0.018,0.654,,2015
Bradford South,Yorkshire and The Humber,2017,0.545,lab,E14000588,2010-2019,actual,0.382,0.013,0.545,,2015
Bradford West,Yorkshire and The Humber,2017,0.647,lab,E14000589,2010-2019,actual,0.166,0.016,0.647,,2015
Braintree,Eastern,2017,0.628,con,E14000590,2010-2019,actual,0.628,0.043,0.276,,2015
Brecon & Radnorshire,Wales,2017,0.486,con,W07000068,2010-2019,actual,0.486,0.291,0.177,0.031,2015
Brent Central,London,2017,0.731,lab,E14000591,2010-2019,actual,0.195,0.048,0.731,,2015
Brent North,London,2017,0.629,lab,E14000592,2010-2019,actual,0.327,0.029,0.629,,2015
Brentford & Isleworth,London,2017,0.574,lab,E14000593,2010-2019,actual,0.376,0.05,0.574,,2015
Brentwood & Ongar,Eastern,2017,0.658,con,E14000594,2010-2019,actual,0.658,0.084,0.204,,2015
Bridgend,Wales,2017,0.507,lab,W07000073,2010-2019,actual,0.398,0.021,0.507,0.041,2015
Bridgwater & West Somerset,South West,2017,0.551,con,E14000595,2010-2019,actual,0.551,0.109,0.286,,2015
Brigg & Goole,Yorkshire and The Humber,2017,0.604,con,E14000596,2010-2019,actual,0.604,0.019,0.33,,2015
Brighton Kemptown,South East,2017,0.583,lab,E14000597,2010-2019,actual,0.383,0.03,0.583,,2015
Brighton Pavilion,South East,2017,0.54,oth,E14000598,2010-2019,actual,0.192,,0.268,,2015
Bristol East,South West,2017,0.607,lab,E14000599,2010-2019,actual,0.344,0.027,0.607,,2015
Bristol North West,South West,2017,0.507,lab,E14000600,2010-2019,actual,0.418,0.052,0.507,,2015
Bristol South,South West,2017,0.601,lab,E14000601,2010-2019,actual,0.307,0.033,0.601,,2015
Bristol West,South West,2017,0.659,lab,E14000602,2010-2019,actual,0.138,0.073,0.659,,2015
Broadland,Eastern,2017,0.579,con,E14000603,2010-2019,actual,0.579,0.079,0.296,,2015
Bromley & Chislehurst,London,2017,0.54,con,E14000604,2010-2019,actual,0.54,0.072,0.334,,2015
Bromsgrove,West Midlands,2017,0.62,con,E14000605,2010-2019,actual,0.62,0.046,0.313,,2015
Broxbourne,Eastern,2017,0.622,con,E14000606,2010-2019,actual,0.622,0.031,0.289,,2015
Broxtowe,East Midlands,2017,0.468,con,E14000607,2010-2019,actual,0.468,0.04,0.453,,2015
Buckingham,South East,2017,1.0,oth,E14000608,2010-2019,actual,,,,,2015
Burnley,North West,2017,0.467,lab,E14000609,2010-2019,actual,0.31,0.15,0.467,,2015
Burton,West Midlands,2017,0.58,con,E14000610,2010-2019,actual,0.58,0.025,0.378,,2015
Bury North,North West,2017,0.536,lab,E14000611,2010-2019,actual,0.445,0.019,0.536,,2015
Bury South,North West,2017,0.533,lab,E14000612,2010-2019,actual,0.416,0.021,0.533,,2015
Bury St Edmunds,Eastern,2017,0.592,con,E14000613,2010-2019,actual,0.592,0.057,0.295,,2015
Caerphilly,Wales,2017,0.545,lab,W07000076,2010-2019,actual,0.252,0.018,0.545,0.144,2015
Caithness Sutherland & Easter Ross,Scotland,2017,0.358,lib,S14000009,2010-2019,actual,0.226,0.358,0.124,0.292,2015
Calder Valley,Yorkshire and The Humber,2017,0.461,con,E14000614,2010-2019,actual,0.461,0.034,0.451,,2015
Camberwell & Peckham,London,2017,0.778,lab,E14000615,2010-2019,actual,0.128,0.059,0.778,,2015
Camborne And Redruth,South West,2017,0.475,con,E14000616,2010-2019,actual,0.475,0.061,0.442,,2015
Cambridge,Eastern,2017,0.519,lab,E14000617,2010-2019,actual,0.163,0.293,0.519,,2015
Cannock Chase,West Midlands,2017,0.55,con,E14000618,2010-2019,actual,0.55,0.017,0.374,,2015
Canterbury,South East,2017,0.45,lab,E14000619,2010-2019,actual,0.447,0.08,0.45,,2015
Cardiff Central,Wales,2017,0.624,lab,W07000050,2010-2019,actual,0.198,0.134,0.624,0.025,2015
Cardiff North,Wales,2017,0.501,lab,W07000051,2010-2019,actual,0.421,0.033,0.501,0.033,2015
Cardiff South & Penarth,Wales,2017,0.595,lab,W07000080,2010-2019,actual,0.302,0.028,0.595,0.043,2015
Cardiff West,Wales,2017,0.567,lab,W07000079,2010-2019,actual,0.298,0.026,0.567,0.095,2015
Carlisle,North West,2017,0.499,con,E14000620,2010-2019,actual,0.499,0.029,0.438,,2015
Carmarthen East & Dinefwr,Wales,2017,0.393,natSW,W07000067,2010-2019,actual,0.263,0.022,0.298,0.393,2015
Carmarthen West & South Pembrokeshire,Wales,2017,0.468,con,W07000066,2010-2019,actual,0.468,0.023,0.395,0.093,2015
Carshalton & Wallington,London,2017,0.41,lib,E14000621,2010-2019,actual,0.383,0.41,0.184,,2015
Castle Point,Eastern,2017,0.673,con,E14000622,2010-2019,actual,0.673,0.023,0.251,,2015
Central Ayrshire,Scotland,2017,0.372,natSW,S14000010,2010-2019,actual,0.344,0.023,0.261,0.372,2015
Central Devon,South West,2017,0.541,con,E14000623,2010-2019,actual,0.541,0.117,0.27,,2015
Central Suffolk & North Ipswich,Eastern,2017,0.601,con,E14000624,2010-2019,actual,0.601,0.043,0.297,,2015
Ceredigion,Wales,2017,0.292,natSW,W07000064,2010-2019,actual,0.184,0.29,0.202,0.292,2015
Charnwood,East Midlands,2017,0.604,con,E14000625,2010-2019,actual,0.604,0.037,0.308,,2015
Chatham & Aylesford,South East,2017,0.57,con,E14000626,2010-2019,actual,0.57,0.025,0.337,,2015
Cheadle,North West,2017,0.446,con,E14000627,2010-2019,actual,0.446,0.363,0.191,,2015
Chelmsford,Eastern,2017,0.537,con,E14000628,2010-2019,actual,0.537,0.122,0.298,,2015
Chelsea And Fulham,London,2017,0.526,con,E14000629,2010-2019,actual,0.526,0.11,0.332,,2015
Cheltenham,South West,2017,0.467,con,E14000630,2010-2019,actual,0.467,0.422,0.095,,2015
Chesham & Amersham,South East,2017,0.607,con,E14000631,2010-2019,actual,0.607,0.13,0.206,,2015
Chesterfield,East Midlands,2017,0.548,lab,E14000632,2010-2019,actual,0.348,0.054,0.548,,2015
Chichester,South East,2017,0.601,con,E14000633,2010-2019,actual,0.601,0.113,0.224,,2015
Chingford & Woodford Green,London,2017,0.491,con,E14000634,2010-2019,actual,0.491,0.044,0.439,,2015
Chippenham,South West,2017,0.547,con,E14000635,2010-2019,actual,0.547,0.256,0.197,,2015
Chipping Barnet,London,2017,0.463,con,E14000636,2010-2019,actual,0.463,0.054,0.457,,2015
Chorley,North West,2017,0.553,lab,E14000637,2010-2019,actual,0.418,0.02,0.553,,2015
Christchurch,South West,2017,0.696,con,E14000638,2010-2019,actual,0.696,0.079,0.199,,2015
Cities Of London And Westminster,London,2017,0.466,con,E14000639,2010-2019,actual,0.466,0.11,0.384,,2015
City Of Chester,North West,2017,0.568,lab,E14000640,2010-2019,actual,0.405,0.027,0.568,,2015
City Of Durham,North East,2017,0.554,lab,E14000641,2010-2019,actual,0.298,0.099,0.554,,2015
Clacton,Eastern,2017,0.612,con,E14000642,2010-2019,actual,0.612,0.02,0.254,,2015
Cleethorpes,Yorkshire and The Humber,2017,0.571,con,E14000643,2010-2019,actual,0.571,0.023,0.354,,2015
Clwyd South,Wales,2017,0.507,lab,W07000062,2010-2019,actual,0.391,0.02,0.507,0.061,2015
Clwyd West,Wales,2017,0.481,con,W07000059,2010-2019,actual,0.481,0.027,0.396,0.096,2015
Coatbridge Chryston And Bellshill,Scotland,2017,0.426,lab,S14000011,2010-2019,actual,0.162,0.02,0.426,0.391,2015
Colchester,Eastern,2017,0.459,con,E14000644,2010-2019,actual,0.459,0.17,0.353,,2015
Colne Valley,Yorkshire and The Humber,2017,0.477,lab,E14000645,2010-2019,actual,0.462,0.041,0.477,,2015
Congleton,North West,2017,0.566,con,E14000646,2010-2019,actual,0.566,0.052,0.342,,2015
Copeland,North West,2017,0.491,con,E14000647,2010-2019,actual,0.491,0.033,0.451,,2015
Corby,East Midlands,2017,0.492,con,E14000648,2010-2019,actual,0.492,0.026,0.447,,2015
Coventry North East,West Midlands,2017,0.634,lab,E14000649,2010-2019,actual,0.299,0.025,0.634,,2015
Coventry North West,West Midlands,2017,0.54,lab,E14000650,2010-2019,actual,0.367,0.026,0.54,,2015
Coventry South,West Midlands,2017,0.55,lab,E14000651,2010-2019,actual,0.381,0.029,0.55,,2015
Crawley,South East,2017,0.506,con,E14000652,2010-2019,actual,0.506,0.037,0.457,,2015
Crewe & Nantwich,North West,2017,0.471,lab,E14000653,2010-2019,actual,0.47,0.024,0.471,,2015
Croydon Central,London,2017,0.523,lab,E14000654,2010-2019,actual,0.424,0.019,0.523,,2015
Croydon North,London,2017,0.742,lab,E14000655,2010-2019,actual,0.199,0.028,0.742,,2015
Croydon South,London,2017,0.544,con,E14000656,2010-2019,actual,0.544,0.058,0.358,,2015
Cumbernauld Kilsyth & Kirkintilloch East,Scotland,2017,0.436,natSW,S14000012,2010-2019,actual,0.183,0.028,0.339,0.436,2015
Cynon Valley,Wales,2017,0.61,lab,W07000070,2010-2019,actual,0.194,0.018,0.61,0.138,2015
Dagenham And Rainham,London,2017,0.501,lab,E14000657,2010-2019,actual,0.399,0.01,0.501,,2015
Darlington,North East,2017,0.506,lab,E14000658,2010-2019,actual,0.433,0.023,0.506,,2015
Dartford,South East,2017,0.576,con,E14000659,2010-2019,actual,0.576,0.026,0.332,,2015
Daventry,East Midlands,2017,0.637,con,E14000660,2010-2019,actual,0.637,0.072,0.247,,2015
Delyn,Wales,2017,0.522,lab,W07000042,2010-2019,actual,0.414,0.026,0.522,0.038,2015
Denton & Reddish,North West,2017,0.635,lab,E14000661,2010-2019,actual,0.28,0.022,0.635,,2015
Derby North,East Midlands,2017,0.485,lab,E14000662,2010-2019,actual,0.444,0.046,0.485,,2015
Derby South,East Midlands,2017,0.583,lab,E14000663,2010-2019,actual,0.335,0.027,0.583,,2015
Derbyshire Dales,East Midlands,2017,0.6,con,E14000664,2010-2019,actual,0.6,0.063,0.311,,2015
Devizes,South West,2017,0.627,con,E14000665,2010-2019,actual,0.627,0.093,0.21,,2015
Dewsbury,Yorkshire and The Humber,2017,0.51,lab,E14000666,2010-2019,actual,0.451,0.021,0.51,,2015
Don Valley,Yorkshire and The Humber,2017,0.53,lab,E14000667,2010-2019,actual,0.417,0.019,0.53,,2015
Doncaster Central,Yorkshire and The Humber,2017,0.579,lab,E14000668,2010-2019,actual,0.344,0.023,0.579,,2015
Doncaster North,Yorkshire and The Humber,2017,0.608,lab,E14000669,2010-2019,actual,0.276,0.017,0.608,,2015
Dover,South East,2017,0.524,con,E14000670,2010-2019,actual,0.524,0.026,0.4,,2015
Dudley North,West Midlands,2017,0.465,lab,E14000671,2010-2019,actual,0.464,0.009,0.465,,2015
Dudley South,West Midlands,2017,0.564,con,E14000672,2010-2019,actual,0.564,0.016,0.362,,2015
Dulwich & West Norwood,London,2017,0.696,lab,E14000673,2010-2019,actual,0.195,0.08,0.696,,2015
Dumfries And Galloway,Scotland,2017,0.433,con,S14000013,2010-2019,actual,0.433,0.024,0.209,0.324,2015
Dumfriesshire Clydesdale And Tweeddale,Scotland,2017,0.494,con,S14000014,2010-2019,actual,0.494,0.04,0.165,0.301,2015
Dundee East,Scotland,2017,0.428,natSW,S14000015,2010-2019,actual,0.274,0.038,0.26,0.428,2015
Dundee West,Scotland,2017,0.467,natSW,S14000016,2010-2019,actual,0.162,0.031,0.331,0.467,2015
Dunfermline And West Fife,Scotland,2017,0.355,natSW,S14000017,2010-2019,actual,0.247,0.059,0.339,0.355,2015
Dwyfor Meirionnydd,Wales,2017,0.451,natSW,W07000061,2010-2019,actual,0.291,0.031,0.207,0.451,2015
Ealing Central And Acton,London,2017,0.597,lab,E14000674,2010-2019,actual,0.347,0.056,0.597,,2015
Ealing North,London,2017,0.66,lab,E14000675,2010-2019,actual,0.285,0.024,0.66,,2015
Ealing Southall,London,2017,0.703,lab,E14000676,2010-2019,actual,0.213,0.042,0.703,,2015
Easington,North East,2017,0.637,lab,E14000677,2010-2019,actual,0.227,0.013,0.637,,2015
East Devon,South West,2017,0.485,con,E14000678,2010-2019,actual,0.485,0.024,0.114,,2015
East Dunbartonshire,Scotland,2017,0.406,lib,S14000018,2010-2019,actual,0.146,0.406,0.145,0.303,2015
East Ham,London,2017,0.832,lab,E14000679,2010-2019,actual,0.128,0.012,0.832,,2015
East Hampshire,South East,2017,0.636,con,E14000680,2010-2019,actual,0.636,0.152,0.17,,2015
East Kilbride Strathaven And Lesmahagow,Scotland,2017,0.389,natSW,S14000019,2010-2019,actual,0.253,0.029,0.317,0.389,2015
East Lothian,Scotland,2017,0.361,lab,S14000020,2010-2019,actual,0.296,0.031,0.361,0.306,2015
East Renfrewshire,Scotland,2017,0.4,con,S14000021,2010-2019,actual,0.4,0.021,0.267,0.312,2015
East Surrey,South East,2017,0.596,con,E14000681,2010-2019,actual,0.596,0.105,0.192,,2015
East Worthing & Shoreham,South East,2017,0.489,con,E14000682,2010-2019,actual,0.489,0.047,0.393,,2015
East Yorkshire,Yorkshire and The Humber,2017,0.583,con,E14000683,2010-2019,actual,0.583,0.04,0.305,,2015
Eastbourne,South East,2017,0.469,lib,E14000684,2010-2019,actual,0.441,0.469,0.081,,2015
Eastleigh,South East,2017,0.504,con,E14000685,2010-2019,actual,0.504,0.257,0.2,,2015
Eddisbury,North West,2017,0.569,con,E14000686,2010-2019,actual,0.569,0.055,0.336,,2015
Edinburgh East,Scotland,2017,0.425,natSW,S14000022,2010-2019,actual,0.186,0.042,0.347,0.425,2015
Edinburgh North & Leith,Scotland,2017,0.34,natSW,S14000023,2010-2019,actual,0.272,0.046,0.312,0.34,2015
Edinburgh South,Scotland,2017,0.549,lab,S14000024,2010-2019,actual,0.197,0.029,0.549,0.225,2015
Edinburgh South West,Scotland,2017,0.356,natSW,S14000025,2010-2019,actual,0.334,0.043,0.268,0.356,2015
Edinburgh West,Scotland,2017,0.343,lib,S14000026,2010-2019,actual,0.219,0.343,0.149,0.286,2015
Edmonton,London,2017,0.715,lab,E14000687,2010-2019,actual,0.231,0.02,0.715,,2015
Ellesmere Port & Neston,North West,2017,0.592,lab,E14000688,2010-2019,actual,0.368,0.018,0.592,,2015
Elmet And Rothwell,Yorkshire and The Humber,2017,0.543,con,E14000689,2010-2019,actual,0.543,0.044,0.379,,2015
Eltham,London,2017,0.544,lab,E14000690,2010-2019,actual,0.408,0.032,0.544,,2015
Enfield North,London,2017,0.58,lab,E14000691,2010-2019,actual,0.369,0.021,0.58,,2015
Enfield Southgate,London,2017,0.517,lab,E14000692,2010-2019,actual,0.427,0.04,0.517,,2015
Epping Forest,Eastern,2017,0.62,con,E14000693,2010-2019,actual,0.62,0.057,0.26,,2015
Epsom & Ewell,South East,2017,0.596,con,E14000694,2010-2019,actual,0.596,0.125,0.25,,2015
Erewash,East Midlands,2017,0.521,con,E14000695,2010-2019,actual,0.521,0.025,0.43,,2015
Erith & Thamesmead,London,2017,0.575,lab,E14000696,2010-2019,actual,0.35,0.017,0.575,,2015
Esher & Walton,South East,2017,0.586,con,E14000697,2010-2019,actual,0.586,0.173,0.197,,2015
Exeter,South West,2017,0.62,lab,E14000698,2010-2019,actual,0.329,0.028,0.62,,2015
Falkirk,Scotland,2017,0.389,natSW,S14000028,2010-2019,actual,0.262,0.021,0.298,0.389,2015
Fareham,South East,2017,0.63,con,E14000699,2010-2019,actual,0.63,0.068,0.252,,2015
Faversham & Mid Kent,South East,2017,0.611,con,E14000700,2010-2019,actual,0.611,0.065,0.261,,2015
Feltham & Heston,London,2017,0.612,lab,E14000701,2010-2019,actual,0.318,0.026,0.612,,2015
Filton And Bradley Stoke,South West,2017,0.5,con,E14000702,2010-2019,actual,0.5,0.06,0.417,,2015
Finchley & Golders Green,London,2017,0.47,con,E14000703,2010-2019,actual,0.47,0.066,0.438,,2015
Folkestone & Hythe,South East,2017,0.547,con,E14000704,2010-2019,actual,0.547,0.072,0.285,,2015
Forest Of Dean,South West,2017,0.543,con,E14000705,2010-2019,actual,0.543,0.039,0.359,,2015
Fylde,North West,2017,0.588,con,E14000706,2010-2019,actual,0.588,0.05,0.334,,2015
Gainsborough,East Midlands,2017,0.618,con,E14000707,2010-2019,actual,0.618,0.071,0.287,,2015
Garston And Halewood,North West,2017,0.777,lab,E14000708,2010-2019,actual,0.177,0.032,0.777,,2015
Gateshead,North East,2017,0.651,lab,E14000709,2010-2019,actual,0.239,0.041,0.651,,2015
Gedling,East Midlands,2017,0.519,lab,E14000710,2010-2019,actual,0.428,0.02,0.519,,2015
Gillingham And Rainham,South East,2017,0.554,con,E14000711,2010-2019,actual,0.554,0.028,0.361,,2015
Glasgow Central,Scotland,2017,0.447,natSW,S14000029,2010-2019,actual,0.139,0.029,0.384,0.447,2015
Glasgow East,Scotland,2017,0.388,natSW,S14000030,2010-2019,actual,0.188,0.016,0.386,0.388,2015
Glasgow North,Scotland,2017,0.376,natSW,S14000031,2010-2019,actual,0.147,0.034,0.345,0.376,2015
Glasgow North East,Scotland,2017,0.429,lab,S14000032,2010-2019,actual,0.129,0.02,0.429,0.422,2015
Glasgow North West,Scotland,2017,0.425,natSW,S14000033,2010-2019,actual,0.18,0.036,0.359,0.425,2015
Glasgow South,Scotland,2017,0.411,natSW,S14000034,2010-2019,actual,0.191,0.032,0.366,0.411,2015
Glasgow South West,Scotland,2017,0.407,natSW,S14000035,2010-2019,actual,0.156,0.019,0.405,0.407,2015
Glenrothes,Scotland,2017,0.428,natSW,S14000036,2010-2019,actual,0.195,0.03,0.347,0.428,2015
Gloucester,South West,2017,0.503,con,E14000712,2010-2019,actual,0.503,0.05,0.401,,2015
Gordon,Scotland,2017,0.407,con,S14000037,2010-2019,actual,0.407,0.116,0.118,0.359,2015
Gosport,South East,2017,0.619,con,E14000713,2010-2019,actual,0.619,0.047,0.272,,2015
Gower,Wales,2017,0.499,lab,W07000046,2010-2019,actual,0.427,0.02,0.499,0.037,2015
Grantham & Stamford,East Midlands,2017,0.62,con,E14000714,2010-2019,actual,0.62,0.055,0.265,,2015
Gravesham,South East,2017,0.556,con,E14000715,2010-2019,actual,0.556,0.025,0.365,,2015
Great Grimsby,Yorkshire and The Humber,2017,0.494,lab,E14000716,2010-2019,actual,0.422,0.027,0.494,,2015
Great Yarmouth,Eastern,2017,0.541,con,E14000717,2010-2019,actual,0.541,0.022,0.361,,2015
Greenwich & Woolwich,London,2017,0.644,lab,E14000718,2010-2019,actual,0.254,0.071,0.644,,2015
Guildford,South East,2017,0.546,con,E14000719,2010-2019,actual,0.546,0.239,0.19,,2015
Hackney North & Stoke Newington,London,2017,0.751,lab,E14000720,2010-2019,actual,0.127,0.068,0.751,,2015
Hackney South & Shoreditch,London,2017,0.794,lab,E14000721,2010-2019,actual,0.109,0.057,0.794,,2015
Halesowen & Rowley Regis,West Midlands,2017,0.519,con,E14000722,2010-2019,actual,0.519,0.019,0.4,,2015
Halifax,Yorkshire and The Humber,2017,0.528,lab,E14000723,2010-2019,actual,0.417,0.022,0.528,,2015
Haltemprice & Howden,Yorkshire and The Humber,2017,0.61,con,E14000724,2010-2019,actual,0.61,0.048,0.31,,2015
Halton,North West,2017,0.729,lab,E14000725,2010-2019,actual,0.216,0.018,0.729,,2015
Hammersmith,London,2017,0.639,lab,E14000726,2010-2019,actual,0.282,0.054,0.639,,2015
Hampstead And Kilburn,London,2017,0.59,lab,E14000727,2010-2019,actual,0.324,0.07,0.59,,2015
Harborough,East Midlands,2017,0.523,con,E14000728,2010-2019,actual,0.523,0.126,0.307,,2015
Harlow,Eastern,2017,0.54,con,E14000729,2010-2019,actual,0.54,0.022,0.384,,2015
Harrogate & Knaresborough,Yorkshire and The Humber,2017,0.555,con,E14000730,2010-2019,actual,0.555,0.235,0.201,,2015
Harrow East,London,2017,0.494,con,E14000731,2010-2019,actual,0.494,0.031,0.46,,2015
Harrow West,London,2017,0.608,lab,E14000732,2010-2019,actual,0.344,0.025,0.608,,2015
Hartlepool,North East,2017,0.525,lab,E14000733,2010-2019,actual,0.342,0.018,0.525,,2015
Harwich And North Essex,Eastern,2017,0.585,con,E14000734,2010-2019,actual,0.585,0.054,0.304,,2015
Hastings & Rye,South East,2017,0.469,con,E14000735,2010-2019,actual,0.469,0.034,0.462,,2015
Havant,South East,2017,0.598,con,E14000736,2010-2019,actual,0.598,0.06,0.253,,2015
Hayes & Harlington,London,2017,0.665,lab,E14000737,2010-2019,actual,0.286,0.013,0.665,,2015
Hazel Grove,North West,2017,0.454,con,E14000738,2010-2019,actual,0.454,0.329,0.205,,2015
Hemel Hempstead,Eastern,2017,0.55,con,E14000739,2010-2019,actual,0.55,0.062,0.369,,2015
Hemsworth,Yorkshire and The Humber,2017,0.56,lab,E14000740,2010-2019,actual,0.339,0.02,0.56,,2015
Hendon,London,2017,0.48,con,E14000741,2010-2019,actual,0.48,0.038,0.46,,2015
Henley,South East,2017,0.591,con,E14000742,2010-2019,actual,0.591,0.149,0.201,,2015
Hereford And South Herefordshire,West Midlands,2017,0.535,con,E14000743,2010-2019,actual,0.535,0.07,0.238,,2015
Hertford & Stortford,Eastern,2017,0.603,con,E14000744,2010-2019,actual,0.603,0.081,0.286,,2015
Hertsmere,Eastern,2017,0.611,con,E14000745,2010-2019,actual,0.611,0.053,0.287,,2015
Hexham,North East,2017,0.541,con,E14000746,2010-2019,actual,0.541,0.071,0.341,,2015
Heywood & Middleton,North West,2017,0.533,lab,E14000747,2010-2019,actual,0.38,0.022,0.533,,2015
High Peak,East Midlands,2017,0.497,lab,E14000748,2010-2019,actual,0.454,0.05,0.497,,2015
Hitchin & Harpenden,Eastern,2017,0.531,con,E14000749,2010-2019,actual,0.531,0.106,0.326,,2015
Holborn & St Pancras,London,2017,0.701,lab,E14000750,2010-2019,actual,0.184,0.068,0.701,,2015
Hornchurch And Upminster,London,2017,0.602,con,E14000751,2010-2019,actual,0.602,0.024,0.286,,2015
Hornsey & Wood Green,London,2017,0.654,lab,E14000752,2010-2019,actual,0.148,0.161,0.654,,2015
Horsham,South East,2017,0.595,con,E14000753,2010-2019,actual,0.595,0.123,0.217,,2015
Houghton & Sunderland South,North East,2017,0.595,lab,E14000754,2010-2019,actual,0.297,0.022,0.595,,2015
Hove,South East,2017,0.641,lab,E14000755,2010-2019,actual,0.316,0.023,0.641,,2015
Huddersfield,Yorkshire and The Humber,2017,0.604,lab,E14000756,2010-2019,actual,0.33,0.026,0.604,,2015
Huntingdon,Eastern,2017,0.551,con,E14000757,2010-2019,actual,0.551,0.085,0.309,,2015
Hyndburn,North West,2017,0.534,lab,E14000758,2010-2019,actual,0.405,0.018,0.534,,2015
Ilford North,London,2017,0.578,lab,E14000759,2010-2019,actual,0.396,0.02,0.578,,2015
Ilford South,London,2017,0.758,lab,E14000760,2010-2019,actual,0.209,0.013,0.758,,2015
Inverclyde,Scotland,2017,0.385,natSW,S14000038,2010-2019,actual,0.215,0.025,0.375,0.385,2015
Inverness Nairn Badenoch And Strathspey,Scotland,2017,0.399,natSW,S14000039,2010-2019,actual,0.305,0.123,0.162,0.399,2015
Ipswich,Eastern,2017,0.474,lab,E14000761,2010-2019,actual,0.457,0.023,0.474,,2015
Isle Of Wight,South East,2017,0.513,con,E14000762,2010-2019,actual,0.513,0.037,0.23,,2015
Islington North,London,2017,0.73,lab,E14000763,2010-2019,actual,0.125,0.09,0.73,,2015
Islington South & Finsbury,London,2017,0.628,lab,E14000764,2010-2019,actual,0.207,0.121,0.628,,2015
Islwyn,Wales,2017,0.588,lab,W07000077,2010-2019,actual,0.272,0.019,0.588,0.076,2015
Jarrow,North East,2017,0.651,lab,E14000765,2010-2019,actual,0.25,0.027,0.651,,2015
Keighley,Yorkshire and The Humber,2017,0.465,lab,E14000766,2010-2019,actual,0.461,0.024,0.465,,2015
Kenilworth And Southam,West Midlands,2017,0.608,con,E14000767,2010-2019,actual,0.608,0.096,0.256,,2015
Kensington,London,2017,0.422,con,E14000768,2010-2019,actual,0.422,0.122,0.422,,2015
Kettering,East Midlands,2017,0.579,con,E14000769,2010-2019,actual,0.579,0.033,0.365,,2015
Kilmarnock & Loudoun,Scotland,2017,0.423,natSW,S14000040,2010-2019,actual,0.267,0.021,0.289,0.423,2015
Kingston & Surbiton,London,2017,0.447,lib,E14000770,2010-2019,actual,0.381,0.447,0.148,,2015
Kingston Upon Hull East,Yorkshire and The Humber,2017,0.583,lab,E14000771,2010-2019,actual,0.299,0.034,0.583,,2015
Kingston Upon Hull North,Yorkshire and The Humber,2017,0.638,lab,E14000772,2010-2019,actual,0.252,0.05,0.638,,2015
Kingston Upon Hull West & Hessle,Yorkshire and The Humber,2017,0.531,lab,E14000773,2010-2019,actual,0.298,0.064,0.531,,2015
Kingswood,South West,2017,0.549,con,E14000774,2010-2019,actual,0.549,0.036,0.395,,2015
Kirkcaldy & Cowdenbeath,Scotland,2017,0.368,lab,S14000041,2010-2019,actual,0.233,0.024,0.368,0.363,2015
Knowsley,North West,2017,0.853,lab,E14000775,2010-2019,actual,0.093,0.021,0.853,,2015
Lanark & Hamilton East,Scotland,2017,0.326,natSW,S14000042,2010-2019,actual,0.321,0.024,0.319,0.326,2015
Lancaster & Fleetwood,North West,2017,0.551,lab,E14000776,2010-2019,actual,0.406,0.025,0.551,,2015
Leeds Central,Yorkshire and The Humber,2017,0.702,lab,E14000777,2010-2019,actual,0.205,0.022,0.702,,2015
Leeds East,Yorkshire and The Humber,2017,0.614,lab,E14000778,2010-2019,actual,0.306,0.018,0.614,,2015
Leeds North East,Yorkshire and The Humber,2017,0.631,lab,E14000779,2010-2019,actual,0.31,0.037,0.631,,2015
Leeds North West,Yorkshire and The Humber,2017,0.441,lab,E14000780,2010-2019,actual,0.197,0.35,0.441,,2015
Leeds West,Yorkshire and The Humber,2017,0.64,lab,E14000781,2010-2019,actual,0.262,0.021,0.64,,2015
Leicester East,East Midlands,2017,0.67,lab,E14000782,2010-2019,actual,0.242,0.026,0.67,,2015
Leicester South,East Midlands,2017,0.736,lab,E14000783,2010-2019,actual,0.216,0.025,0.736,,2015
Leicester West,East Midlands,2017,0.608,lab,E14000784,2010-2019,actual,0.314,0.021,0.608,,2015
Leigh,North West,2017,0.562,lab,E14000785,2010-2019,actual,0.358,0.02,0.562,,2015
Lewes,South East,2017,0.495,con,E14000786,2010-2019,actual,0.495,0.393,0.112,,2015
Lewisham Deptford,London,2017,0.77,lab,E14000789,2010-2019,actual,0.137,0.053,0.77,,2015
Lewisham East,London,2017,0.679,lab,E14000787,2010-2019,actual,0.23,0.044,0.679,,2015
Lewisham West And Penge,London,2017,0.666,lab,E14000788,2010-2019,actual,0.23,0.062,0.666,,2015
Leyton & Wanstead,London,2017,0.698,lab,E14000790,2010-2019,actual,0.208,0.064,0.698,,2015
Lichfield,West Midlands,2017,0.636,con,E14000791,2010-2019,actual,0.636,0.05,0.288,,2015
Lincoln,East Midlands,2017,0.479,lab,E14000792,2010-2019,actual,0.447,0.026,0.479,,2015
Linlithgow And East Falkirk,Scotland,2017,0.363,natSW,S14000043,2010-2019,actual,0.291,0.034,0.311,0.363,2015
Liverpool Riverside,North West,2017,0.845,lab,E14000793,2010-2019,actual,0.097,0.025,0.845,,2015
Liverpool Walton,North West,2017,0.857,lab,E14000794,2010-2019,actual,0.086,0.015,0.857,,2015
Liverpool Wavertree,North West,2017,0.796,lab,E14000795,2010-2019,actual,0.12,0.065,0.796,,2015
Liverpool West Derby,North West,2017,0.827,lab,E14000796,2010-2019,actual,0.099,0.012,0.827,,2015
Livingston,Scotland,2017,0.401,natSW,S14000044,2010-2019,actual,0.244,0.029,0.327,0.401,2015
Llanelli,Wales,2017,0.535,lab,W07000045,2010-2019,actual,0.237,0.014,0.535,0.182,2015
Loughborough,East Midlands,2017,0.499,con,E14000797,2010-2019,actual,0.499,0.036,0.42,,2015
Louth & Horncastle,East Midlands,2017,0.639,con,E14000798,2010-2019,actual,0.639,0.038,0.267,,2015
Ludlow,West Midlands,2017,0.629,con,E14000799,2010-2019,actual,0.629,0.107,0.243,,2015
Luton North,Eastern,2017,0.638,lab,E14000800,2010-2019,actual,0.33,0.017,0.638,,2015
Luton South,Eastern,2017,0.624,lab,E14000801,2010-2019,actual,0.323,0.023,0.624,,2015
Macclesfield,North West,2017,0.527,con,E14000802,2010-2019,actual,0.527,0.062,0.368,,2015
Maidenhead,South East,2017,0.648,con,E14000803,2010-2019,actual,0.648,0.112,0.193,,2015
Maidstone & The Weald,South East,2017,0.564,con,E14000804,2010-2019,actual,0.564,0.163,0.221,,2015
Makerfield,North West,2017,0.602,lab,E14000805,2010-2019,actual,0.313,0.028,0.602,,2015
Maldon,Eastern,2017,0.679,con,E14000806,2010-2019,actual,0.679,0.043,0.213,,2015
Manchester Central,North West,2017,0.774,lab,E14000807,2010-2019,actual,0.142,0.034,0.774,,2015
Manchester Gorton,North West,2017,0.763,lab,E14000808,2010-2019,actual,0.073,0.057,0.763,,2015
Manchester Withington,North West,2017,0.717,lab,E14000809,2010-2019,actual,0.103,0.159,0.717,,2015
Mansfield,East Midlands,2017,0.466,con,E14000810,2010-2019,actual,0.466,0.014,0.445,,2015
Meon Valley,South East,2017,0.657,con,E14000811,2010-2019,actual,0.657,0.109,0.183,,2015
Meriden,West Midlands,2017,0.62,con,E14000812,2010-2019,actual,0.62,0.049,0.269,,2015
Merthyr Tydfil & Rhymney,Wales,2017,0.668,lab,W07000071,2010-2019,actual,0.181,0.025,0.668,0.082,2015
Mid Bedfordshire,Eastern,2017,0.617,con,E14000813,2010-2019,actual,0.617,0.06,0.284,,2015
Mid Derbyshire,East Midlands,2017,0.586,con,E14000814,2010-2019,actual,0.586,0.036,0.355,,2015
Mid Dorset & North Poole,South West,2017,0.592,con,E14000815,2010-2019,actual,0.592,0.275,0.133,,2015
Mid Norfolk,Eastern,2017,0.59,con,E14000816,2010-2019,actual,0.59,0.051,0.301,,2015
Mid Sussex,South East,2017,0.569,con,E14000817,2010-2019,actual,0.569,0.127,0.25,,2015
Mid Worcestershire,West Midlands,2017,0.653,con,E14000818,2010-2019,actual,0.653,0.063,0.229,,2015
Middlesbrough,North East,2017,0.657,lab,E14000819,2010-2019,actual,0.267,0.01,0.657,,2015
Middlesbrough South & East Cleveland,North East,2017,0.496,con,E14000820,2010-2019,actual,0.496,0.028,0.475,,2015
Midlothian,Scotland,2017,0.364,lab,S14000045,2010-2019,actual,0.254,0.038,0.364,0.344,2015
Milton Keynes North,South East,2017,0.475,con,E14000821,2010-2019,actual,0.475,0.039,0.444,,2015
Milton Keynes South,South East,2017,0.475,con,E14000822,2010-2019,actual,0.475,0.029,0.449,,2015
Mitcham & Morden,London,2017,0.687,lab,E14000823,2010-2019,actual,0.242,0.031,0.687,,2015
Mole Valley,South East,2017,0.619,con,E14000824,2010-2019,actual,0.619,0.193,0.139,,2015
Monmouth,Wales,2017,0.531,con,W07000054,2010-2019,actual,0.531,0.042,0.366,0.027,2015
Montgomeryshire,Wales,2017,0.518,con,W07000063,2010-2019,actual,0.518,0.252,0.159,0.056,2015
Moray,Scotland,2017,0.476,con,S14000046,2010-2019,actual,0.476,0.023,0.109,0.388,2015
Morecambe And Lunesdale,North West,2017,0.477,con,E14000825,2010-2019,actual,0.477,0.037,0.446,,2015
Morley & Outwood,Yorkshire and The Humber,2017,0.507,con,E14000826,2010-2019,actual,0.507,0.026,0.467,,2015
Motherwell & Wishaw,Scotland,2017,0.385,natSW,S14000047,2010-2019,actual,0.202,0.022,0.378,0.385,2015
Na H-Eileanan An Iar,Scotland,2017,0.406,natSW,S14000027,2010-2019,actual,0.165,0.017,0.338,0.406,2015
Neath,Wales,2017,0.567,lab,W07000069,2010-2019,actual,0.237,0.019,0.567,0.139,2015
New Forest East,South East,2017,0.626,con,E14000827,2010-2019,actual,0.626,0.152,0.198,,2015
New Forest West,South East,2017,0.668,con,E14000828,2010-2019,actual,0.668,0.096,0.196,,2015
Newark,East Midlands,2017,0.627,con,E14000829,2010-2019,actual,0.627,0.051,0.297,,2015
Newbury,South East,2017,0.615,con,E14000830,2010-2019,actual,0.615,0.214,0.141,,2015
Newcastle Upon Tyne Central,North East,2017,0.649,lab,E14000831,2010-2019,actual,0.246,0.049,0.649,,2015
Newcastle Upon Tyne East,North East,2017,0.676,lab,E14000832,2010-2019,actual,0.213,0.062,0.676,,2015
Newcastle Upon Tyne North,North East,2017,0.554,lab,E14000833,2010-2019,actual,0.339,0.052,0.554,,2015
Newcastle-Under-Lyme,West Midlands,2017,0.482,lab,E14000834,2010-2019,actual,0.481,0.037,0.482,,2015
Newport East,Wales,2017,0.565,lab,W07000055,2010-2019,actual,0.348,0.026,0.565,0.024,2015
Newport West,Wales,2017,0.523,lab,W07000056,2010-2019,actual,0.393,0.022,0.523,0.025,2015
Newton Abbot,South West,2017,0.555,con,E14000835,2010-2019,actual,0.555,0.205,0.222,,2015
Normanton Pontefract And Castleford,Yorkshire and The Humber,2017,0.595,lab,E14000836,2010-2019,actual,0.3,0.014,0.595,,2015
North Ayrshire And Arran,Scotland,2017,0.389,natSW,S14000048,2010-2019,actual,0.312,0.024,0.275,0.389,2015
North Cornwall,South West,2017,0.507,con,E14000837,2010-2019,actual,0.507,0.366,0.121,,2015
North Devon,South West,2017,0.458,con,E14000838,2010-2019,actual,0.458,0.38,0.127,,2015
North Dorset,South West,2017,0.649,con,E14000839,2010-2019,actual,0.649,0.136,0.186,,2015
North Durham,North East,2017,0.599,lab,E14000840,2010-2019,actual,0.3,0.046,0.599,,2015
North East Bedfordshire,Eastern,2017,0.609,con,E14000841,2010-2019,actual,0.609,0.058,0.285,,2015
North East Cambridgeshire,Eastern,2017,0.644,con,E14000842,2010-2019,actual,0.644,0.045,0.245,,2015
North East Derbyshire,East Midlands,2017,0.492,con,E14000843,2010-2019,actual,0.492,0.028,0.435,,2015
North East Fife,Scotland,2017,0.329,lib,S14000049,2010-2019,actual,0.241,0.329,0.096,0.329,2015
North East Hampshire,South East,2017,0.655,con,E14000844,2010-2019,actual,0.655,0.121,0.173,,2015
North East Hertfordshire,Eastern,2017,0.586,con,E14000845,2010-2019,actual,0.586,0.077,0.283,,2015
North East Somerset,South West,2017,0.536,con,E14000846,2010-2019,actual,0.536,0.083,0.347,,2015
North Herefordshire,West Midlands,2017,0.62,con,E14000847,2010-2019,actual,0.62,0.117,0.189,,2015
North Norfolk,Eastern,2017,0.484,lib,E14000848,2010-2019,actual,0.417,0.484,0.099,,2015
North Shropshire,West Midlands,2017,0.605,con,E14000849,2010-2019,actual,0.605,0.053,0.311,,2015
North Somerset,South West,2017,0.542,con,E14000850,2010-2019,actual,0.542,0.096,0.266,,2015
North Swindon,South West,2017,0.536,con,E14000851,2010-2019,actual,0.536,0.036,0.384,,2015
North Thanet,South East,2017,0.562,con,E14000852,2010-2019,actual,0.562,0.033,0.34,,2015
North Tyneside,North East,2017,0.645,lab,E14000853,2010-2019,actual,0.273,0.029,0.645,,2015
North Warwickshire,West Midlands,2017,0.569,con,E14000854,2010-2019,actual,0.569,0.022,0.389,,2015
North West Cambridgeshire,Eastern,2017,0.586,con,E14000855,2010-2019,actual,0.586,0.05,0.305,,2015
North West Durham,North East,2017,0.528,lab,E14000856,2010-2019,actual,0.345,0.071,0.528,,2015
North West Hampshire,South East,2017,0.621,con,E14000857,2010-2019,actual,0.621,0.097,0.235,,2015
North West Leicestershire,East Midlands,2017,0.582,con,E14000858,2010-2019,actual,0.582,0.064,0.334,,2015
North West Norfolk,Eastern,2017,0.602,con,E14000859,2010-2019,actual,0.602,0.029,0.32,,2015
North Wiltshire,South West,2017,0.603,con,E14000860,2010-2019,actual,0.603,0.177,0.175,,2015
Northampton North,East Midlands,2017,0.472,con,E14000861,2010-2019,actual,0.472,0.025,0.452,,2015
Northampton South,East Midlands,2017,0.469,con,E14000862,2010-2019,actual,0.469,0.034,0.44,,2015
Norwich North,Eastern,2017,0.477,con,E14000863,2010-2019,actual,0.477,0.032,0.466,,2015
Norwich South,Eastern,2017,0.61,lab,E14000864,2010-2019,actual,0.306,0.055,0.61,,2015
Nottingham East,East Midlands,2017,0.715,lab,E14000865,2010-2019,actual,0.216,0.026,0.715,,2015
Nottingham North,East Midlands,2017,0.602,lab,E14000866,2010-2019,actual,0.311,0.018,0.602,,2015
Nottingham South,East Midlands,2017,0.624,lab,E14000867,2010-2019,actual,0.309,0.032,0.624,,2015
Nuneaton,West Midlands,2017,0.516,con,E14000868,2010-2019,actual,0.516,0.02,0.413,,2015
Ochil & South Perthshire,Scotland,2017,0.415,con,S14000050,2010-2019,actual,0.415,0.032,0.2,0.353,2015
Ogmore,Wales,2017,0.624,lab,W07000074,2010-2019,actual,0.251,0.016,0.624,0.075,2015
Old Bexley & Sidcup,London,2017,0.615,con,E14000869,2010-2019,actual,0.615,0.033,0.293,,2015
Oldham East & Saddleworth,North West,2017,0.545,lab,E14000870,2010-2019,actual,0.371,0.036,0.545,,2015
Oldham West & Royton,North West,2017,0.652,lab,E14000871,2010-2019,actual,0.276,0.021,0.652,,2015
Orkney And Shetland,Scotland,2017,0.486,lib,S14000051,2010-2019,actual,0.087,0.486,0.114,0.29,2015
Orpington,London,2017,0.629,con,E14000872,2010-2019,actual,0.629,0.066,0.244,,2015
Oxford East,South East,2017,0.652,lab,E14000873,2010-2019,actual,0.22,0.091,0.652,,2015
Oxford West & Abingdon,South East,2017,0.437,lib,E14000874,2010-2019,actual,0.424,0.437,0.126,,2015
Paisley & Renfrewshire North,Scotland,2017,0.374,natSW,S14000052,2010-2019,actual,0.275,0.032,0.318,0.374,2015
Paisley & Renfrewshire South,Scotland,2017,0.407,natSW,S14000053,2010-2019,actual,0.195,0.032,0.346,0.407,2015
Pendle,North West,2017,0.49,con,E14000875,2010-2019,actual,0.49,0.021,0.462,,2015
Penistone And Stocksbridge,Yorkshire and The Humber,2017,0.458,lab,E14000876,2010-2019,actual,0.432,0.041,0.458,,2015
Penrith & The Border,North West,2017,0.604,con,E14000877,2010-2019,actual,0.604,0.078,0.262,,2015
Perth And North Perthshire,Scotland,2017,0.423,con,S14000054,2010-2019,actual,0.423,0.05,0.104,0.423,2015
Peterborough,Eastern,2017,0.481,lab,E14000878,2010-2019,actual,0.468,0.033,0.481,,2015
Plymouth Moor View,South West,2017,0.519,con,E14000879,2010-2019,actual,0.519,0.02,0.408,,2015
Plymouth Sutton And Devonport,South West,2017,0.533,lab,E14000880,2010-2019,actual,0.4,0.024,0.533,,2015
Pontypridd,Wales,2017,0.554,lab,W07000075,2010-2019,actual,0.267,0.049,0.554,0.103,2015
Poole,South West,2017,0.579,con,E14000881,2010-2019,actual,0.579,0.089,0.294,,2015
Poplar & Limehouse,London,2017,0.673,lab,E14000882,2010-2019,actual,0.201,0.067,0.673,,2015
Portsmouth North,South East,2017,0.548,con,E14000883,2010-2019,actual,0.548,0.055,0.337,,2015
Portsmouth South,South East,2017,0.41,lab,E14000884,2010-2019,actual,0.376,0.173,0.41,,2015
Preseli Pembrokeshire,Wales,2017,0.434,con,W07000065,2010-2019,actual,0.434,0.026,0.426,0.064,2015
Preston,North West,2017,0.68,lab,E14000885,2010-2019,actual,0.238,0.034,0.68,,2015
Pudsey,Yorkshire and The Humber,2017,0.474,con,E14000886,2010-2019,actual,0.474,0.033,0.467,,2015
Putney,London,2017,0.441,con,E14000887,2010-2019,actual,0.441,0.116,0.408,,2015
Rayleigh And Wickford,Eastern,2017,0.667,con,E14000888,2010-2019,actual,0.667,0.028,0.243,,2015
Reading East,South East,2017,0.49,lab,E14000889,2010-2019,actual,0.423,0.061,0.49,,2015
Reading West,South East,2017,0.489,con,E14000890,2010-2019,actual,0.489,0.059,0.433,,2015
Redcar,North East,2017,0.555,lab,E14000891,2010-2019,actual,0.332,0.067,0.555,,2015
Redditch,West Midlands,2017,0.523,con,E14000892,2010-2019,actual,0.523,0.026,0.36,,2015
Reigate,South East,2017,0.574,con,E14000893,2010-2019,actual,0.574,0.109,0.247,,2015
Rhondda,Wales,2017,0.641,lab,W07000052,2010-2019,actual,0.101,0.008,0.641,0.223,2015
Ribble Valley,North West,2017,0.578,con,E14000894,2010-2019,actual,0.578,0.059,0.339,,2015
Richmond (Yorkshire),Yorkshire and The Humber,2017,0.639,con,E14000895,2010-2019,actual,0.639,0.059,0.234,,2015
Richmond Park,London,2017,0.451,con,E14000896,2010-2019,actual,0.451,0.451,0.091,,2015
Rochdale,North West,2017,0.58,lab,E14000897,2010-2019,actual,0.284,0.08,0.58,,2015
Rochester And Strood,South East,2017,0.544,con,E14000898,2010-2019,actual,0.544,0.022,0.36,,2015
Rochford & Southend East,Eastern,2017,0.487,con,E14000899,2010-2019,actual,0.487,0.027,0.37,,2015
Romford,London,2017,0.594,con,E14000900,2010-2019,actual,0.594,0.024,0.318,,2015
Romsey And Southampton North,South East,2017,0.572,con,E14000901,2010-2019,actual,0.572,0.212,0.192,,2015
Ross Skye & Lochaber,Scotland,2017,0.403,natSW,S14000055,2010-2019,actual,0.249,0.209,0.122,0.403,2015
Rossendale & Darwen,North West,2017,0.508,con,E14000902,2010-2019,actual,0.508,0.031,0.444,,2015
Rother Valley,Yorkshire and The Humber,2017,0.481,lab,E14000903,2010-2019,actual,0.403,0.023,0.481,,2015
Rotherham,Yorkshire and The Humber,2017,0.564,lab,E14000904,2010-2019,actual,0.264,0.046,0.564,,2015
Rugby,West Midlands,2017,0.543,con,E14000905,2010-2019,actual,0.543,0.056,0.383,,2015
Ruislip Northwood And Pinner,London,2017,0.572,con,E14000906,2010-2019,actual,0.572,0.071,0.31,,2015
Runnymede & Weybridge,South East,2017,0.609,con,E14000907,2010-2019,actual,0.609,0.073,0.259,,2015
Rushcliffe,East Midlands,2017,0.518,con,E14000908,2010-2019,actual,0.518,0.047,0.381,,2015
Rutherglen & Hamilton West,Scotland,2017,0.375,lab,S14000056,2010-2019,actual,0.195,0.042,0.375,0.37,2015
Rutland & Melton,East Midlands,2017,0.628,con,E14000909,2010-2019,actual,0.628,0.082,0.227,,2015
Saffron Walden,Eastern,2017,0.618,con,E14000910,2010-2019,actual,0.618,0.14,0.208,,2015
Salford And Eccles,North West,2017,0.655,lab,E14000911,2010-2019,actual,0.253,0.027,0.655,,2015
Salisbury,South West,2017,0.581,con,E14000912,2010-2019,actual,0.581,0.112,0.255,,2015
Scarborough And Whitby,Yorkshire and The Humber,2017,0.484,con,E14000913,2010-2019,actual,0.484,0.027,0.416,,2015
Scunthorpe,Yorkshire and The Humber,2017,0.52,lab,E14000914,2010-2019,actual,0.435,0.014,0.52,,2015
Sedgefield,North East,2017,0.534,lab,E14000915,2010-2019,actual,0.388,0.019,0.534,,2015
Sefton Central,North West,2017,0.63,lab,E14000916,2010-2019,actual,0.33,0.027,0.63,,2015
Selby And Ainsty,Yorkshire and The Humber,2017,0.587,con,E14000917,2010-2019,actual,0.587,0.041,0.341,,2015
Sevenoaks,South East,2017,0.637,con,E14000918,2010-2019,actual,0.637,0.084,0.209,,2015
Sheffield Brightside And Hillsborough,Yorkshire and The Humber,2017,0.673,lab,E14000921,2010-2019,actual,0.216,0.025,0.673,,2015
Sheffield Central,Yorkshire and The Humber,2017,0.709,lab,E14000919,2010-2019,actual,0.13,0.051,0.709,,2015
Sheffield Hallam,Yorkshire and The Humber,2017,0.384,lab,E14000922,2010-2019,actual,0.238,0.346,0.384,,2015
Sheffield Heeley,Yorkshire and The Humber,2017,0.6,lab,E14000923,2010-2019,actual,0.287,0.046,0.6,,2015
Sheffield South East,Yorkshire and The Humber,2017,0.585,lab,E14000920,2010-2019,actual,0.315,0.033,0.585,,2015
Sherwood,East Midlands,2017,0.515,con,E14000924,2010-2019,actual,0.515,0.021,0.418,,2015
Shipley,Yorkshire and The Humber,2017,0.513,con,E14000925,2010-2019,actual,0.513,0.041,0.426,,2015
Shrewsbury & Atcham,West Midlands,2017,0.5,con,E14000926,2010-2019,actual,0.5,0.073,0.386,,2015
Sittingbourne & Sheppey,South East,2017,0.602,con,E14000927,2010-2019,actual,0.602,0.027,0.306,,2015
Skipton & Ripon,Yorkshire and The Humber,2017,0.627,con,E14000928,2010-2019,actual,0.627,,0.283,,2015
Sleaford & North Hykeham,East Midlands,2017,0.642,con,E14000929,2010-2019,actual,0.642,0.041,0.258,,2015
Slough,South East,2017,0.629,lab,E14000930,2010-2019,actual,0.316,0.024,0.629,,2015
Solihull,West Midlands,2017,0.581,con,E14000931,2010-2019,actual,0.581,0.157,0.219,,2015
Somerton & Frome ,South West,2017,0.567,con,E14000932,2010-2019,actual,0.567,0.209,0.172,,2015
South Basildon And East Thurrock,Eastern,2017,0.569,con,E14000933,2010-2019,actual,0.569,0.016,0.325,,2015
South Cambridgeshire,Eastern,2017,0.518,con,E14000934,2010-2019,actual,0.518,0.186,0.272,,2015
South Derbyshire,East Midlands,2017,0.587,con,E14000935,2010-2019,actual,0.587,0.036,0.36,,2015
South Dorset,South West,2017,0.561,con,E14000936,2010-2019,actual,0.561,0.059,0.336,,2015
South East Cambridgeshire,Eastern,2017,0.533,con,E14000937,2010-2019,actual,0.533,0.19,0.277,,2015
South East Cornwall,South West,2017,0.554,con,E14000938,2010-2019,actual,0.554,0.194,0.226,,2015
South Holland & The Deepings,East Midlands,2017,0.699,con,E14000939,2010-2019,actual,0.699,0.028,0.204,,2015
South Leicestershire,East Midlands,2017,0.614,con,E14000940,2010-2019,actual,0.614,0.042,0.285,,2015
South Norfolk,Eastern,2017,0.582,con,E14000941,2010-2019,actual,0.582,0.083,0.309,,2015
South Northamptonshire,East Midlands,2017,0.625,con,E14000942,2010-2019,actual,0.625,0.056,0.273,,2015
South Ribble,North West,2017,0.529,con,E14000943,2010-2019,actual,0.529,0.038,0.393,,2015
South Shields,North East,2017,0.615,lab,E14000944,2010-2019,actual,0.259,0.017,0.615,,2015
South Staffordshire,West Midlands,2017,0.698,con,E14000945,2010-2019,actual,0.698,0.026,0.253,,2015
South Suffolk,Eastern,2017,0.605,con,E14000946,2010-2019,actual,0.605,0.058,0.278,,2015
South Swindon,South West,2017,0.484,con,E14000947,2010-2019,actual,0.484,0.041,0.436,,2015
South Thanet,South East,2017,0.508,con,E14000948,2010-2019,actual,0.508,0.03,0.379,,2015
South West Bedfordshire,Eastern,2017,0.592,con,E14000949,2010-2019,actual,0.592,0.047,0.338,,2015
South West Devon,South West,2017,0.598,con,E14000950,2010-2019,actual,0.598,0.052,0.299,,2015
South West Hertfordshire,Eastern,2017,0.579,con,E14000951,2010-2019,actual,0.579,0.117,0.257,,2015
South West Norfolk,Eastern,2017,0.628,con,E14000952,2010-2019,actual,0.628,0.045,0.278,,2015
South West Surrey,South East,2017,0.557,con,E14000953,2010-2019,actual,0.557,0.099,0.126,,2015
South West Wiltshire,South West,2017,0.6,con,E14000954,2010-2019,actual,0.6,0.098,0.265,,2015
Southampton Itchen,South East,2017,0.465,con,E14000955,2010-2019,actual,0.465,0.03,0.465,,2015
Southampton Test,South East,2017,0.587,lab,E14000956,2010-2019,actual,0.341,0.04,0.587,,2015
Southend West,Eastern,2017,0.552,con,E14000957,2010-2019,actual,0.552,0.045,0.34,,2015
Southport,North West,2017,0.387,con,E14000958,2010-2019,actual,0.387,0.264,0.326,,2015
Spelthorne,South East,2017,0.573,con,E14000959,2010-2019,actual,0.573,0.055,0.305,,2015
St Albans,Eastern,2017,0.431,con,E14000960,2010-2019,actual,0.431,0.324,0.23,,2015
St Austell And Newquay,South West,2017,0.495,con,E14000961,2010-2019,actual,0.495,0.215,0.29,,2015
St Helens North,North West,2017,0.637,lab,E14000962,2010-2019,actual,0.271,0.026,0.637,,2015
St Helens South And Whiston,North West,2017,0.678,lab,E14000963,2010-2019,actual,0.218,0.04,0.678,,2015
St Ives,South West,2017,0.432,con,E14000964,2010-2019,actual,0.432,0.426,0.142,,2015
Stafford,West Midlands,2017,0.547,con,E14000965,2010-2019,actual,0.547,0.03,0.399,,2015
Staffordshire Moorlands,West Midlands,2017,0.581,con,E14000966,2010-2019,actual,0.581,0.033,0.339,,2015
Stalybridge And Hyde,North West,2017,0.572,lab,E14000967,2010-2019,actual,0.381,0.023,0.572,,2015
Stevenage,Eastern,2017,0.503,con,E14000968,2010-2019,actual,0.503,0.041,0.434,,2015
Stirling,Scotland,2017,0.371,con,S14000057,2010-2019,actual,0.371,0.034,0.221,0.368,2015
Stockport,North West,2017,0.633,lab,E14000969,2010-2019,actual,0.284,0.043,0.633,,2015
Stockton North,North East,2017,0.569,lab,E14000970,2010-2019,actual,0.365,0.015,0.569,,2015
Stockton South,North East,2017,0.485,lab,E14000971,2010-2019,actual,0.468,0.018,0.485,,2015
Stoke-On-Trent Central,West Midlands,2017,0.515,lab,E14000972,2010-2019,actual,0.398,0.021,0.515,,2015
Stoke-On-Trent North,West Midlands,2017,0.509,lab,E14000973,2010-2019,actual,0.453,0.022,0.509,,2015
Stoke-On-Trent South,West Midlands,2017,0.491,con,E14000974,2010-2019,actual,0.491,0.019,0.475,,2015
Stone,West Midlands,2017,0.632,con,E14000975,2010-2019,actual,0.632,0.044,0.282,,2015
Stourbridge,West Midlands,2017,0.545,con,E14000976,2010-2019,actual,0.545,0.023,0.383,,2015
Stratford-On-Avon,West Midlands,2017,0.629,con,E14000977,2010-2019,actual,0.629,0.119,0.219,,2015
Streatham,London,2017,0.685,lab,E14000978,2010-2019,actual,0.214,0.065,0.685,,2015
Stretford & Urmston,North West,2017,0.668,lab,E14000979,2010-2019,actual,0.275,0.02,0.668,,2015
Stroud,South West,2017,0.47,lab,E14000980,2010-2019,actual,0.459,0.032,0.47,,2015
Suffolk Coastal,Eastern,2017,0.581,con,E14000981,2010-2019,actual,0.581,0.07,0.305,,2015
Sunderland Central,North East,2017,0.555,lab,E14000982,2010-2019,actual,0.334,0.039,0.555,,2015
Surrey Heath,South East,2017,0.642,con,E14000983,2010-2019,actual,0.642,0.108,0.211,,2015
Sutton And Cheam,London,2017,0.511,con,E14000984,2010-2019,actual,0.511,0.267,0.205,,2015
Sutton Coldfield,West Midlands,2017,0.61,con,E14000985,2010-2019,actual,0.61,0.044,0.319,,2015
Swansea East,Wales,2017,0.634,lab,W07000048,2010-2019,actual,0.26,0.018,0.634,0.048,2015
Swansea West,Wales,2017,0.598,lab,W07000047,2010-2019,actual,0.313,0.034,0.598,0.041,2015
Tamworth,West Midlands,2017,0.61,con,E14000986,2010-2019,actual,0.61,0.042,0.348,,2015
Tatton,North West,2017,0.586,con,E14000987,2010-2019,actual,0.586,0.09,0.285,,2015
Taunton Deane,South West,2017,0.529,con,E14000988,2010-2019,actual,0.529,0.277,0.154,,2015
Telford,West Midlands,2017,0.487,con,E14000989,2010-2019,actual,0.487,0.021,0.471,,2015
Tewkesbury,South West,2017,0.6,con,E14000990,2010-2019,actual,0.6,0.135,0.218,,2015
The Cotswolds,South West,2017,0.606,con,E14000991,2010-2019,actual,0.606,0.163,0.179,,2015
The Wrekin,West Midlands,2017,0.554,con,E14000992,2010-2019,actual,0.554,0.027,0.361,,2015
Thirsk And Malton,Yorkshire and The Humber,2017,0.6,con,E14000993,2010-2019,actual,0.6,0.069,0.261,,2015
Thornbury And Yate,South West,2017,0.553,con,E14000994,2010-2019,actual,0.553,0.314,0.121,,2015
Thurrock,Eastern,2017,0.395,con,E14000995,2010-2019,actual,0.395,0.016,0.388,,2015
Tiverton & Honiton,South West,2017,0.614,con,E14000996,2010-2019,actual,0.614,0.08,0.271,,2015
Tonbridge & Malling,South East,2017,0.636,con,E14000997,2010-2019,actual,0.636,0.067,0.223,,2015
Tooting,London,2017,0.596,lab,E14000998,2010-2019,actual,0.331,0.053,0.596,,2015
Torbay,South West,2017,0.53,con,E14000999,2010-2019,actual,0.53,0.251,0.182,,2015
Torfaen,Wales,2017,0.576,lab,W07000053,2010-2019,actual,0.31,0.022,0.576,0.054,2015
Torridge & West Devon,South West,2017,0.565,con,E14001000,2010-2019,actual,0.565,0.177,0.217,,2015
Totnes,South West,2017,0.537,con,E14001001,2010-2019,actual,0.537,0.129,0.268,,2015
Tottenham,London,2017,0.816,lab,E14001002,2010-2019,actual,0.115,0.034,0.816,,2015
Truro And Falmouth,South West,2017,0.444,con,E14001003,2010-2019,actual,0.444,0.149,0.377,,2015
Tunbridge Wells,South East,2017,0.569,con,E14001004,2010-2019,actual,0.569,0.099,0.265,,2015
Twickenham,London,2017,0.528,lib,E14001005,2010-2019,actual,0.38,0.528,0.092,,2015
Tynemouth,North East,2017,0.57,lab,E14001006,2010-2019,actual,0.365,0.03,0.57,,2015
Uxbridge And South Ruislip,London,2017,0.508,con,E14001007,2010-2019,actual,0.508,0.039,0.4,,2015
Vale Of Clwyd,Wales,2017,0.502,lab,W07000060,2010-2019,actual,0.441,0.017,0.502,0.04,2015
Vale Of Glamorgan,Wales,2017,0.475,con,W07000078,2010-2019,actual,0.475,0.019,0.434,0.043,2015
Vauxhall,London,2017,0.574,lab,E14001008,2010-2019,actual,0.187,0.206,0.574,,2015
Wakefield,Yorkshire and The Humber,2017,0.497,lab,E14001009,2010-2019,actual,0.45,0.02,0.497,,2015
Wallasey,North West,2017,0.715,lab,E14001010,2010-2019,actual,0.232,0.016,0.715,,2015
Walsall North,West Midlands,2017,0.496,con,E14001011,2010-2019,actual,0.496,0.015,0.428,,2015
Walsall South,West Midlands,2017,0.574,lab,E14001012,2010-2019,actual,0.372,0.013,0.574,,2015
Walthamstow,London,2017,0.806,lab,E14001013,2010-2019,actual,0.141,0.029,0.806,,2015
Wansbeck,North East,2017,0.573,lab,E14001014,2010-2019,actual,0.327,0.047,0.573,,2015
Wantage,South East,2017,0.542,con,E14001015,2010-2019,actual,0.542,0.145,0.269,,2015
Warley,West Midlands,2017,0.672,lab,E14001016,2010-2019,actual,0.262,0.019,0.672,,2015
Warrington North,North West,2017,0.564,lab,E14001017,2010-2019,actual,0.366,0.025,0.564,,2015
Warrington South,North West,2017,0.484,lab,E14001018,2010-2019,actual,0.443,0.054,0.484,,2015
Warwick And Leamington,West Midlands,2017,0.467,lab,E14001019,2010-2019,actual,0.444,0.052,0.467,,2015
Washington And Sunderland West,North East,2017,0.607,lab,E14001020,2010-2019,actual,0.288,0.024,0.607,,2015
Watford,Eastern,2017,0.456,con,E14001021,2010-2019,actual,0.456,0.091,0.42,,2015
Waveney,Eastern,2017,0.544,con,E14001022,2010-2019,actual,0.544,0.019,0.369,,2015
Wealden,South East,2017,0.612,con,E14001023,2010-2019,actual,0.612,0.104,0.222,,2015
Weaver Vale,North West,2017,0.515,lab,E14001024,2010-2019,actual,0.437,0.032,0.515,,2015
Wellingborough,East Midlands,2017,0.574,con,E14001025,2010-2019,actual,0.574,0.033,0.34,,2015
Wells,South West,2017,0.501,con,E14001026,2010-2019,actual,0.501,0.376,0.117,,2015
Welwyn Hatfield,Eastern,2017,0.51,con,E14001027,2010-2019,actual,0.51,0.074,0.368,,2015
Wentworth And Dearne,Yorkshire and The Humber,2017,0.65,lab,E14001028,2010-2019,actual,0.313,0.038,0.65,,2015
West Aberdeenshire & Kincardine,Scotland,2017,0.479,con,S14000058,2010-2019,actual,0.479,0.086,0.111,0.325,2015
West Bromwich East,West Midlands,2017,0.58,lab,E14001029,2010-2019,actual,0.382,0.016,0.58,,2015
West Bromwich West,West Midlands,2017,0.521,lab,E14001030,2010-2019,actual,0.397,0.009,0.521,,2015
West Dorset,South West,2017,0.555,con,E14001031,2010-2019,actual,0.555,0.235,0.183,,2015
West Dunbartonshire,Scotland,2017,0.429,natSW,S14000059,2010-2019,actual,0.172,0.023,0.377,0.429,2015
West Ham,London,2017,0.767,lab,E14001032,2010-2019,actual,0.162,0.03,0.767,,2015
West Lancashire,North West,2017,0.589,lab,E14001033,2010-2019,actual,0.374,0.02,0.589,,2015
West Suffolk,Eastern,2017,0.612,con,E14001034,2010-2019,actual,0.612,0.042,0.282,,2015
West Worcestershire,West Midlands,2017,0.615,con,E14001035,2010-2019,actual,0.615,0.094,0.237,,2015
Westminster North,London,2017,0.599,lab,E14001036,2010-2019,actual,0.333,0.052,0.599,,2015
Westmorland & Lonsdale,North West,2017,0.458,lib,E14001037,2010-2019,actual,0.443,0.458,0.093,,2015
Weston Super Mare,South West,2017,0.531,con,E14001038,2010-2019,actual,0.531,0.092,0.327,,2015
Wigan,North West,2017,0.622,lab,E14001039,2010-2019,actual,0.285,0.019,0.622,,2015
Wimbledon,London,2017,0.465,con,E14001040,2010-2019,actual,0.465,0.145,0.356,,2015
Winchester,South East,2017,0.52,con,E14001041,2010-2019,actual,0.52,0.345,0.105,,2015
Windsor,South East,2017,0.644,con,E14001042,2010-2019,actual,0.644,0.101,0.229,,2015
Wirral South,North West,2017,0.572,lab,E14001043,2010-2019,actual,0.388,0.029,0.572,,2015
Wirral West,North West,2017,0.543,lab,E14001044,2010-2019,actual,0.421,0.026,0.543,,2015
Witham,Eastern,2017,0.643,con,E14001045,2010-2019,actual,0.643,0.055,0.264,,2015
Witney,South East,2017,0.555,con,E14001046,2010-2019,actual,0.555,0.204,0.207,,2015
Woking,South East,2017,0.541,con,E14001047,2010-2019,actual,0.541,0.176,0.239,,2015
Wokingham,South East,2017,0.566,con,E14001048,2010-2019,actual,0.566,0.159,0.251,,2015
Wolverhampton North East,West Midlands,2017,0.528,lab,E14001049,2010-2019,actual,0.403,0.016,0.528,,2015
Wolverhampton South East,West Midlands,2017,0.582,lab,E14001050,2010-2019,actual,0.348,0.012,0.582,,2015
Wolverhampton South West,West Midlands,2017,0.494,lab,E14001051,2010-2019,actual,0.442,0.019,0.494,,2015
Worcester,West Midlands,2017,0.481,con,E14001052,2010-2019,actual,0.481,0.034,0.432,,2015
Workington,North West,2017,0.511,lab,E14001053,2010-2019,actual,0.417,0.027,0.511,,2015
Worsley And Eccles South,North West,2017,0.571,lab,E14001054,2010-2019,actual,0.387,0.024,0.571,,2015
Worthing West,South East,2017,0.554,con,E14001055,2010-2019,actual,0.554,0.055,0.332,,2015
Wrexham,Wales,2017,0.489,lab,W07000044,2010-2019,actual,0.437,0.025,0.489,0.05,2015
Wycombe,South East,2017,0.5,con,E14001056,2010-2019,actual,0.5,0.078,0.377,,2015
Wyre And Preston North,North West,2017,0.583,con,E14001057,2010-2019,actual,0.583,0.048,0.35,,2015
Wyre Forest,West Midlands,2017,0.584,con,E14001058,2010-2019,actual,0.584,0.038,0.323,,2015
Wythenshawe & Sale East,North West,2017,0.622,lab,E14001059,2010-2019,actual,0.296,0.033,0.622,,2015
Yeovil,South West,2017,0.545,con,E14001060,2010-2019,actual,0.545,0.297,0.125,,2015
Ynys Mon,Wales,2017,0.419,lab,W07000041,2010-2019,actual,0.278,0.013,0.419,0.274,2015
York Central,Yorkshire and The Humber,2017,0.652,lab,E14001061,2010-2019,actual,0.302,0.047,0.652,,2015
York Outer,Yorkshire and The Humber,2017,0.511,con,E14001062,2010-2019,actual,0.511,0.103,0.367,,2015
Aberavon,Wales,2019,0.538,lab,W07000049,2010-2019,actual,0.206,0.034,0.538,0.086,2017
Aberconwy,Wales,2019,0.461,con,W07000058,2010-2019,actual,0.461,0.057,0.397,0.085,2017
Aberdeen North,Scotland,2019,0.54,natSW,S14000001,2010-2019,actual,0.201,0.076,0.132,0.54,2017
Aberdeen South,Scotland,2019,0.447,natSW,S14000002,2010-2019,actual,0.359,0.11,0.084,0.447,2017
Airdrie & Shotts,Scotland,2019,0.451,natSW,S14000003,2010-2019,actual,0.176,0.036,0.32,0.451,2017
Aldershot,South East,2019,0.584,con,E14000530,2010-2019,actual,0.584,0.144,0.235,,2017
Aldridge-Brownhills,West Midlands,2019,0.708,con,E14000531,2010-2019,actual,0.708,0.06,0.204,,2017
Altrincham & Sale West,North West,2019,0.48,con,E14000532,2010-2019,actual,0.48,0.11,0.368,,2017
Alyn & Deeside,Wales,2019,0.425,lab,W07000043,2010-2019,actual,0.42,0.059,0.425,0.034,2017
Amber Valley,East Midlands,2019,0.639,con,E14000533,2010-2019,actual,0.639,0.063,0.268,,2017
Angus,Scotland,2019,0.491,natSW,S14000004,2010-2019,actual,0.404,0.057,0.048,0.491,2017
Arfon,Wales,2019,0.452,natSW,W07000057,2010-2019,actual,0.152,0.0,0.356,0.452,2017
Argyll & Bute,Scotland,2019,0.438,natSW,S14000005,2010-2019,actual,0.352,0.142,0.068,0.438,2017
Arundel & South Downs,South East,2019,0.579,con,E14000534,2010-2019,actual,0.579,0.212,0.158,,2017
Ashfield,East Midlands,2019,0.393,con,E14000535,2010-2019,actual,0.393,0.023,0.244,,2017
Ashford,South East,2019,0.621,con,E14000536,2010-2019,actual,0.621,0.101,0.22,,2017
Ashton Under Lyne,North West,2019,0.481,lab,E14000537,2010-2019,actual,0.37,0.036,0.481,,2017
Aylesbury,South East,2019,0.54,con,E14000538,2010-2019,actual,0.54,0.166,0.254,,2017
Ayr Carrick & Cumnock,Scotland,2019,0.435,natSW,S14000006,2010-2019,actual,0.385,0.046,0.133,0.435,2017
Banbury,South East,2019,0.543,con,E14000539,2010-2019,actual,0.543,0.14,0.276,,2017
Banff & Buchan,Scotland,2019,0.501,con,S14000007,2010-2019,actual,0.501,0.054,0.041,0.404,2017
Barking,London,2019,0.612,lab,E14000540,2010-2019,actual,0.265,0.033,0.612,,2017
Barnsley Central,Yorkshire and The Humber,2019,0.401,lab,E14000541,2010-2019,actual,0.214,0.032,0.401,,2017
Barnsley East,Yorkshire and The Humber,2019,0.376,lab,E14000542,2010-2019,actual,0.273,0.035,0.376,,2017
Barrow & Furness,North West,2019,0.519,con,E14000543,2010-2019,actual,0.519,0.044,0.393,,2017
Basildon & Billericay,Eastern,2019,0.671,con,E14000544,2010-2019,actual,0.671,0.085,0.208,,2017
Basingstoke,South East,2019,0.541,con,E14000545,2010-2019,actual,0.541,0.125,0.281,,2017
Bassetlaw,East Midlands,2019,0.552,con,E14000546,2010-2019,actual,0.552,0.066,0.277,,2017
Bath,South West,2019,0.545,lib,E14000547,2010-2019,actual,0.309,0.545,0.127,,2017
Batley & Spen,Yorkshire and The Humber,2019,0.427,lab,E14000548,2010-2019,actual,0.36,0.047,0.427,,2017
Battersea,London,2019,0.455,lab,E14000549,2010-2019,actual,0.361,0.153,0.455,,2017
Beaconsfield,South East,2019,0.561,con,E14000550,2010-2019,actual,0.561,,0.099,,2017
Beckenham,London,2019,0.54,con,E14000551,2010-2019,actual,0.54,0.162,0.258,,2017
Bedford,Eastern,2019,0.433,lab,E14000552,2010-2019,actual,0.43,0.097,0.433,,2017
Bermondsey & Old Southwark,London,2019,0.541,lab,E14000553,2010-2019,actual,0.165,0.266,0.541,,2017
Berwickshire Roxburgh & Selkirk,Scotland,2019,0.484,con,S14000008,2010-2019,actual,0.484,0.081,0.047,0.388,2017
Berwick-Upon-Tweed,North East,2019,0.569,con,E14000554,2010-2019,actual,0.569,0.182,0.216,,2017
Bethnal Green & Bow,London,2019,0.727,lab,E14000555,2010-2019,actual,0.108,0.097,0.727,,2017
Beverley & Holderness,Yorkshire and The Humber,2019,0.621,con,E14000556,2010-2019,actual,0.621,0.087,0.239,,2017
Bexhill & Battle,South East,2019,0.636,con,E14000557,2010-2019,actual,0.636,0.123,0.195,,2017
Bexleyheath & Crayford,London,2019,0.598,con,E14000558,2010-2019,actual,0.598,0.065,0.295,,2017
Birkenhead,North West,2019,0.59,lab,E14000559,2010-2019,actual,0.131,0.038,0.59,,2017
Birmingham Edgbaston,West Midlands,2019,0.501,lab,E14000560,2010-2019,actual,0.369,0.079,0.501,,2017
Birmingham Erdington,West Midlands,2019,0.503,lab,E14000561,2010-2019,actual,0.401,0.037,0.503,,2017
Birmingham Hall Green,West Midlands,2019,0.678,lab,E14000562,2010-2019,actual,0.139,0.069,0.678,,2017
Birmingham Hodge Hill,West Midlands,2019,0.787,lab,E14000563,2010-2019,actual,0.15,0.017,0.787,,2017
Birmingham Ladywood,West Midlands,2019,0.792,lab,E14000564,2010-2019,actual,0.113,0.053,0.792,,2017
Birmingham Northfield,West Midlands,2019,0.463,con,E14000565,2010-2019,actual,0.463,0.046,0.425,,2017
Birmingham Perry Barr,West Midlands,2019,0.631,lab,E14000566,2010-2019,actual,0.268,0.045,0.631,,2017
Birmingham Selly Oak,West Midlands,2019,0.56,lab,E14000567,2010-2019,actual,0.309,0.064,0.56,,2017
Birmingham Yardley,West Midlands,2019,0.548,lab,E14000568,2010-2019,actual,0.298,0.088,0.548,,2017
Bishop Auckland,North East,2019,0.537,con,E14000569,2010-2019,actual,0.537,0.048,0.359,,2017
Blackburn,North West,2019,0.649,lab,E14000570,2010-2019,actual,0.24,0.025,0.649,,2017
Blackley And Broughton,North West,2019,0.619,lab,E14000571,2010-2019,actual,0.246,0.041,0.619,,2017
Blackpool North & Cleveleys,North West,2019,0.576,con,E14000572,2010-2019,actual,0.576,0.039,0.355,,2017
Blackpool South,North West,2019,0.496,con,E14000573,2010-2019,actual,0.496,0.031,0.383,,2017
Blaenau Gwent,Wales,2019,0.492,lab,W07000072,2010-2019,actual,0.19,0.043,0.492,0.057,2017
Blaydon,North East,2019,0.433,lab,E14000574,2010-2019,actual,0.312,0.081,0.433,,2017
Blyth Valley,North East,2019,0.427,con,E14000575,2010-2019,actual,0.427,0.053,0.409,,2017
Bognor Regis & Littlehampton,South East,2019,0.635,con,E14000576,2010-2019,actual,0.635,0.11,0.196,,2017
Bolsover,East Midlands,2019,0.474,con,E14000577,2010-2019,actual,0.474,0.038,0.359,,2017
Bolton North East,North West,2019,0.454,con,E14000578,2010-2019,actual,0.454,0.042,0.445,,2017
Bolton South East,North West,2019,0.53,lab,E14000579,2010-2019,actual,0.343,0.035,0.53,,2017
Bolton West,North West,2019,0.553,con,E14000580,2010-2019,actual,0.553,0.055,0.373,,2017
Bootle,North West,2019,0.794,lab,E14000581,2010-2019,actual,0.092,0.037,0.794,,2017
Boston & Skegness,East Midlands,2019,0.767,con,E14000582,2010-2019,actual,0.767,0.047,0.152,,2017
Bosworth,East Midlands,2019,0.639,con,E14000583,2010-2019,actual,0.639,0.161,0.173,,2017
Bournemouth East,South West,2019,0.506,con,E14000584,2010-2019,actual,0.506,0.11,0.327,,2017
Bournemouth West,South West,2019,0.534,con,E14000585,2010-2019,actual,0.534,0.107,0.313,,2017
Bracknell,South East,2019,0.587,con,E14000586,2010-2019,actual,0.587,0.143,0.222,,2017
Bradford East,Yorkshire and The Humber,2019,0.63,lab,E14000587,2010-2019,actual,0.219,0.075,0.63,,2017
Bradford South,Yorkshire and The Humber,2019,0.463,lab,E14000588,2010-2019,actual,0.404,0.038,0.463,,2017
Bradford West,Yorkshire and The Humber,2019,0.762,lab,E14000589,2010-2019,actual,0.152,0.03,0.762,,2017
Braintree,Eastern,2019,0.675,con,E14000590,2010-2019,actual,0.675,0.095,0.187,,2017
Brecon & Radnorshire,Wales,2019,0.531,con,W07000068,2010-2019,actual,0.531,0.359,0.095,,2017
Brent Central,London,2019,0.647,lab,E14000591,2010-2019,actual,0.222,0.099,0.647,,2017
Brent North,London,2019,0.519,lab,E14000592,2010-2019,actual,0.363,0.078,0.519,,2017
Brentford & Isleworth,London,2019,0.502,lab,E14000593,2010-2019,actual,0.322,0.125,0.502,,2017
Brentwood & Ongar,Eastern,2019,0.686,con,E14000594,2010-2019,actual,0.686,0.136,0.137,,2017
Bridgend,Wales,2019,0.431,con,W07000073,2010-2019,actual,0.431,0.056,0.403,0.048,2017
Bridgwater & West Somerset,South West,2019,0.621,con,E14000595,2010-2019,actual,0.621,0.135,0.198,,2017
Brigg & Goole,Yorkshire and The Humber,2019,0.713,con,E14000596,2010-2019,actual,0.713,0.05,0.207,,2017
Brighton Kemptown,South East,2019,0.516,lab,E14000597,2010-2019,actual,0.35,0.061,0.516,,2017
Brighton Pavilion,South East,2019,0.597,oth,E14000598,2010-2019,actual,0.175,,0.228,,2017
Bristol East,South West,2019,0.531,lab,E14000599,2010-2019,actual,0.324,0.068,0.531,,2017
Bristol North West,South West,2019,0.489,lab,E14000600,2010-2019,actual,0.387,0.088,0.489,,2017
Bristol South,South West,2019,0.505,lab,E14000601,2010-2019,actual,0.327,0.077,0.505,,2017
Bristol West,South West,2019,0.623,lab,E14000602,2010-2019,actual,0.117,,0.623,,2017
Broadland,Eastern,2019,0.596,con,E14000603,2010-2019,actual,0.596,0.161,0.212,,2017
Bromley & Chislehurst,London,2019,0.526,con,E14000604,2010-2019,actual,0.526,0.145,0.287,,2017
Bromsgrove,West Midlands,2019,0.634,con,E14000605,2010-2019,actual,0.634,0.125,0.208,,2017
Broxbourne,Eastern,2019,0.656,con,E14000606,2010-2019,actual,0.656,0.085,0.232,,2017
Broxtowe,East Midlands,2019,0.481,con,E14000607,2010-2019,actual,0.481,,0.385,,2017
Buckingham,South East,2019,0.584,con,E14000608,2010-2019,actual,0.584,0.262,0.12,,2017
Burnley,North West,2019,0.403,con,E14000609,2010-2019,actual,0.403,0.09,0.369,,2017
Burton,West Midlands,2019,0.607,con,E14000610,2010-2019,actual,0.607,0.055,0.309,,2017
Bury North,North West,2019,0.462,con,E14000611,2010-2019,actual,0.462,0.034,0.46,,2017
Bury South,North West,2019,0.438,con,E14000612,2010-2019,actual,0.438,0.046,0.43,,2017
Bury St Edmunds,Eastern,2019,0.61,con,E14000613,2010-2019,actual,0.61,,0.206,,2017
Caerphilly,Wales,2019,0.449,lab,W07000076,2010-2019,actual,0.279,,0.449,0.16,2017
Caithness Sutherland & Easter Ross,Scotland,2019,0.372,lib,S14000009,2010-2019,actual,0.165,0.372,0.062,0.366,2017
Calder Valley,Yorkshire and The Humber,2019,0.519,con,E14000614,2010-2019,actual,0.519,0.05,0.419,,2017
Camberwell & Peckham,London,2019,0.713,lab,E14000615,2010-2019,actual,0.115,0.09,0.713,,2017
Camborne And Redruth,South West,2019,0.531,con,E14000616,2010-2019,actual,0.531,0.07,0.359,,2017
Cambridge,Eastern,2019,0.48,lab,E14000617,2010-2019,actual,0.155,0.3,0.48,,2017
Cannock Chase,West Midlands,2019,0.683,con,E14000618,2010-2019,actual,0.683,,0.254,,2017
Canterbury,South East,2019,0.483,lab,E14000619,2010-2019,actual,0.452,0.057,0.483,,2017
Cardiff Central,Wales,2019,0.612,lab,W07000050,2010-2019,actual,0.201,0.151,0.612,,2017
Cardiff North,Wales,2019,0.495,lab,W07000051,2010-2019,actual,0.362,0.068,0.495,0.03,2017
Cardiff South & Penarth,Wales,2019,0.541,lab,W07000080,2010-2019,actual,0.29,0.059,0.541,0.047,2017
Cardiff West,Wales,2019,0.518,lab,W07000079,2010-2019,actual,0.28,0.059,0.518,0.084,2017
Carlisle,North West,2019,0.552,con,E14000620,2010-2019,actual,0.552,0.066,0.358,,2017
Carmarthen East & Dinefwr,Wales,2019,0.389,natSW,W07000067,2010-2019,actual,0.345,,0.21,0.389,2017
Carmarthen West & South Pembrokeshire,Wales,2019,0.527,con,W07000066,2010-2019,actual,0.527,0.044,0.343,0.086,2017
Carshalton & Wallington,London,2019,0.424,con,E14000621,2010-2019,actual,0.424,0.411,0.124,,2017
Castle Point,Eastern,2019,0.767,con,E14000622,2010-2019,actual,0.767,0.067,0.166,,2017
Central Ayrshire,Scotland,2019,0.462,natSW,S14000010,2010-2019,actual,0.348,0.049,0.141,0.462,2017
Central Devon,South West,2019,0.553,con,E14000623,2010-2019,actual,0.553,0.151,0.248,,2017
Central Suffolk & North Ipswich,Eastern,2019,0.627,con,E14000624,2010-2019,actual,0.627,0.115,0.211,,2017
Ceredigion,Wales,2019,0.379,natSW,W07000064,2010-2019,actual,0.221,0.174,0.158,0.379,2017
Charnwood,East Midlands,2019,0.634,con,E14000625,2010-2019,actual,0.634,0.088,0.23,,2017
Chatham & Aylesford,South East,2019,0.666,con,E14000626,2010-2019,actual,0.666,0.066,0.238,,2017
Cheadle,North West,2019,0.46,con,E14000627,2010-2019,actual,0.46,0.418,0.123,,2017
Chelmsford,Eastern,2019,0.559,con,E14000628,2010-2019,actual,0.559,0.251,0.18,,2017
Chelsea And Fulham,London,2019,0.499,con,E14000629,2010-2019,actual,0.499,0.259,0.232,,2017
Cheltenham,South West,2019,0.48,con,E14000630,2010-2019,actual,0.48,0.463,0.049,,2017
Chesham & Amersham,South East,2019,0.554,con,E14000631,2010-2019,actual,0.554,0.263,0.129,,2017
Chesterfield,East Midlands,2019,0.402,lab,E14000632,2010-2019,actual,0.37,0.088,0.402,,2017
Chichester,South East,2019,0.578,con,E14000633,2010-2019,actual,0.578,0.227,0.148,,2017
Chingford & Woodford Green,London,2019,0.485,con,E14000634,2010-2019,actual,0.485,0.057,0.459,,2017
Chippenham,South West,2019,0.543,con,E14000635,2010-2019,actual,0.543,0.345,0.112,,2017
Chipping Barnet,London,2019,0.447,con,E14000636,2010-2019,actual,0.447,0.103,0.426,,2017
Chorley,North West,2019,1.0,oth,E14000637,2010-2019,actual,,,,,2017
Christchurch,South West,2019,0.652,con,E14000638,2010-2019,actual,0.652,0.179,0.126,,2017
Cities Of London And Westminster,London,2019,0.399,con,E14000639,2010-2019,actual,0.399,0.307,0.272,,2017
City Of Chester,North West,2019,0.496,lab,E14000640,2010-2019,actual,0.383,0.068,0.496,,2017
City Of Durham,North East,2019,0.42,lab,E14000641,2010-2019,actual,0.317,0.162,0.42,,2017
Clacton,Eastern,2019,0.723,con,E14000642,2010-2019,actual,0.723,0.058,0.155,,2017
Cleethorpes,Yorkshire and The Humber,2019,0.69,con,E14000643,2010-2019,actual,0.69,0.055,0.228,,2017
Clwyd South,Wales,2019,0.447,con,W07000062,2010-2019,actual,0.447,0.041,0.413,0.059,2017
Clwyd West,Wales,2019,0.507,con,W07000059,2010-2019,actual,0.507,0.056,0.34,0.097,2017
Coatbridge Chryston And Bellshill,Scotland,2019,0.47,natSW,S14000011,2010-2019,actual,0.127,0.032,0.354,0.47,2017
Colchester,Eastern,2019,0.504,con,E14000644,2010-2019,actual,0.504,0.139,0.328,,2017
Colne Valley,Yorkshire and The Humber,2019,0.484,con,E14000645,2010-2019,actual,0.484,0.063,0.4,,2017
Congleton,North West,2019,0.59,con,E14000646,2010-2019,actual,0.59,0.105,0.265,,2017
Copeland,North West,2019,0.537,con,E14000647,2010-2019,actual,0.537,0.044,0.4,,2017
Corby,East Midlands,2019,0.552,con,E14000648,2010-2019,actual,0.552,0.065,0.383,,2017
Coventry North East,West Midlands,2019,0.527,lab,E14000649,2010-2019,actual,0.354,0.046,0.527,,2017
Coventry North West,West Midlands,2019,0.438,lab,E14000650,2010-2019,actual,0.434,0.057,0.438,,2017
Coventry South,West Midlands,2019,0.434,lab,E14000651,2010-2019,actual,0.425,0.075,0.434,,2017
Crawley,South East,2019,0.542,con,E14000652,2010-2019,actual,0.542,0.055,0.374,,2017
Crewe & Nantwich,North West,2019,0.531,con,E14000653,2010-2019,actual,0.531,0.048,0.374,,2017
Croydon Central,London,2019,0.502,lab,E14000654,2010-2019,actual,0.392,0.065,0.502,,2017
Croydon North,London,2019,0.656,lab,E14000655,2010-2019,actual,0.213,0.08,0.656,,2017
Croydon South,London,2019,0.522,con,E14000656,2010-2019,actual,0.522,0.126,0.314,,2017
Cumbernauld Kilsyth & Kirkintilloch East,Scotland,2019,0.529,natSW,S14000012,2010-2019,actual,0.162,0.065,0.245,0.529,2017
Cynon Valley,Wales,2019,0.514,lab,W07000070,2010-2019,actual,0.222,0.031,0.514,0.085,2017
Dagenham And Rainham,London,2019,0.445,lab,E14000657,2010-2019,actual,0.438,0.027,0.445,,2017
Darlington,North East,2019,0.481,con,E14000658,2010-2019,actual,0.481,0.048,0.405,,2017
Dartford,South East,2019,0.629,con,E14000659,2010-2019,actual,0.629,0.069,0.275,,2017
Daventry,East Midlands,2019,0.646,con,E14000660,2010-2019,actual,0.646,0.123,0.191,,2017
Delyn,Wales,2019,0.437,con,W07000042,2010-2019,actual,0.437,0.061,0.414,0.037,2017
Denton & Reddish,North West,2019,0.501,lab,E14000661,2010-2019,actual,0.341,0.043,0.501,,2017
Derby North,East Midlands,2019,0.452,con,E14000662,2010-2019,actual,0.452,0.073,0.398,,2017
Derby South,East Midlands,2019,0.511,lab,E14000663,2010-2019,actual,0.369,0.062,0.511,,2017
Derbyshire Dales,East Midlands,2019,0.587,con,E14000664,2010-2019,actual,0.587,0.132,0.239,,2017
Devizes,South West,2019,0.631,con,E14000665,2010-2019,actual,0.631,0.16,0.154,,2017
Dewsbury,Yorkshire and The Humber,2019,0.464,con,E14000666,2010-2019,actual,0.464,0.043,0.437,,2017
Don Valley,Yorkshire and The Humber,2019,0.432,con,E14000667,2010-2019,actual,0.432,0.042,0.352,,2017
Doncaster Central,Yorkshire and The Humber,2019,0.4,lab,E14000668,2010-2019,actual,0.345,0.042,0.4,,2017
Doncaster North,Yorkshire and The Humber,2019,0.387,lab,E14000669,2010-2019,actual,0.329,0.036,0.387,,2017
Dover,South East,2019,0.569,con,E14000670,2010-2019,actual,0.569,0.057,0.326,,2017
Dudley North,West Midlands,2019,0.631,con,E14000671,2010-2019,actual,0.631,0.033,0.316,,2017
Dudley South,West Midlands,2019,0.679,con,E14000672,2010-2019,actual,0.679,0.044,0.253,,2017
Dulwich & West Norwood,London,2019,0.655,lab,E14000673,2010-2019,actual,0.164,,0.655,,2017
Dumfries And Galloway,Scotland,2019,0.441,con,S14000013,2010-2019,actual,0.441,0.061,0.092,0.406,2017
Dumfriesshire Clydesdale And Tweeddale,Scotland,2019,0.46,con,S14000014,2010-2019,actual,0.46,0.072,0.085,0.383,2017
Dundee East,Scotland,2019,0.538,natSW,S14000015,2010-2019,actual,0.243,0.079,0.134,0.538,2017
Dundee West,Scotland,2019,0.538,natSW,S14000016,2010-2019,actual,0.124,0.059,0.243,0.538,2017
Dunfermline And West Fife,Scotland,2019,0.444,natSW,S14000017,2010-2019,actual,0.21,0.08,0.244,0.444,2017
Dwyfor Meirionnydd,Wales,2019,0.483,natSW,W07000061,2010-2019,actual,0.324,,0.134,0.483,2017
Ealing Central And Acton,London,2019,0.513,lab,E14000674,2010-2019,actual,0.271,0.172,0.513,,2017
Ealing North,London,2019,0.565,lab,E14000675,2010-2019,actual,0.318,0.088,0.565,,2017
Ealing Southall,London,2019,0.608,lab,E14000676,2010-2019,actual,0.227,0.093,0.608,,2017
Easington,North East,2019,0.455,lab,E14000677,2010-2019,actual,0.264,0.044,0.455,,2017
East Devon,South West,2019,0.508,con,E14000678,2010-2019,actual,0.508,0.028,0.045,,2017
East Dunbartonshire,Scotland,2019,0.371,natSW,S14000018,2010-2019,actual,0.141,0.368,0.091,0.371,2017
East Ham,London,2019,0.763,lab,E14000679,2010-2019,actual,0.156,0.04,0.763,,2017
East Hampshire,South East,2019,0.588,con,E14000680,2010-2019,actual,0.588,0.242,0.111,,2017
East Kilbride Strathaven And Lesmahagow,Scotland,2019,0.464,natSW,S14000019,2010-2019,actual,0.212,0.067,0.227,0.464,2017
East Lothian,Scotland,2019,0.362,natSW,S14000020,2010-2019,actual,0.265,0.07,0.295,0.362,2017
East Renfrewshire,Scotland,2019,0.449,natSW,S14000021,2010-2019,actual,0.351,0.075,0.124,0.449,2017
East Surrey,South East,2019,0.597,con,E14000681,2010-2019,actual,0.597,0.194,0.138,,2017
East Worthing & Shoreham,South East,2019,0.51,con,E14000682,2010-2019,actual,0.51,0.078,0.37,,2017
East Yorkshire,Yorkshire and The Humber,2019,0.644,con,E14000683,2010-2019,actual,0.644,0.08,0.212,,2017
Eastbourne,South East,2019,0.489,con,E14000684,2010-2019,actual,0.489,0.41,0.07,,2017
Eastleigh,South East,2019,0.554,con,E14000685,2010-2019,actual,0.554,0.29,0.128,,2017
Eddisbury,North West,2019,0.568,con,E14000686,2010-2019,actual,0.568,0.181,0.22,,2017
Edinburgh East,Scotland,2019,0.484,natSW,S14000022,2010-2019,actual,0.137,0.069,0.267,0.484,2017
Edinburgh North & Leith,Scotland,2019,0.437,natSW,S14000023,2010-2019,actual,0.185,0.112,0.221,0.437,2017
Edinburgh South,Scotland,2019,0.477,lab,S14000024,2010-2019,actual,0.164,0.077,0.477,0.254,2017
Edinburgh South West,Scotland,2019,0.476,natSW,S14000025,2010-2019,actual,0.246,0.095,0.143,0.476,2017
Edinburgh West,Scotland,2019,0.399,lib,S14000026,2010-2019,actual,0.17,0.399,0.082,0.33,2017
Edmonton,London,2019,0.65,lab,E14000687,2010-2019,actual,0.253,0.053,0.65,,2017
Ellesmere Port & Neston,North West,2019,0.533,lab,E14000688,2010-2019,actual,0.354,0.049,0.533,,2017
Elmet And Rothwell,Yorkshire and The Humber,2019,0.579,con,E14000689,2010-2019,actual,0.579,0.089,0.281,,2017
Eltham,London,2019,0.47,lab,E14000690,2010-2019,actual,0.397,0.067,0.47,,2017
Enfield North,London,2019,0.518,lab,E14000691,2010-2019,actual,0.374,0.065,0.518,,2017
Enfield Southgate,London,2019,0.485,lab,E14000692,2010-2019,actual,0.391,0.092,0.485,,2017
Epping Forest,Eastern,2019,0.644,con,E14000693,2010-2019,actual,0.644,0.107,0.203,,2017
Epsom & Ewell,South East,2019,0.535,con,E14000694,2010-2019,actual,0.535,0.235,0.172,,2017
Erewash,East Midlands,2019,0.565,con,E14000695,2010-2019,actual,0.565,0.051,0.347,,2017
Erith & Thamesmead,London,2019,0.48,lab,E14000696,2010-2019,actual,0.39,0.048,0.48,,2017
Esher & Walton,South East,2019,0.494,con,E14000697,2010-2019,actual,0.494,0.45,0.045,,2017
Exeter,South West,2019,0.532,lab,E14000698,2010-2019,actual,0.347,,0.532,,2017
Falkirk,Scotland,2019,0.525,natSW,S14000028,2010-2019,actual,0.258,0.071,0.112,0.525,2017
Fareham,South East,2019,0.637,con,E14000699,2010-2019,actual,0.637,0.14,0.181,,2017
Faversham & Mid Kent,South East,2019,0.632,con,E14000700,2010-2019,actual,0.632,0.122,0.196,,2017
Feltham & Heston,London,2019,0.52,lab,E14000701,2010-2019,actual,0.356,0.065,0.52,,2017
Filton And Bradley Stoke,South West,2019,0.489,con,E14000702,2010-2019,actual,0.489,0.093,0.384,,2017
Finchley & Golders Green,London,2019,0.438,con,E14000703,2010-2019,actual,0.438,0.319,0.242,,2017
Folkestone & Hythe,South East,2019,0.601,con,E14000704,2010-2019,actual,0.601,0.098,0.24,,2017
Forest Of Dean,South West,2019,0.596,con,E14000705,2010-2019,actual,0.596,,0.288,,2017
Fylde,North West,2019,0.609,con,E14000706,2010-2019,actual,0.609,0.08,0.253,,2017
Gainsborough,East Midlands,2019,0.664,con,E14000707,2010-2019,actual,0.664,0.101,0.214,,2017
Garston And Halewood,North West,2019,0.723,lab,E14000708,2010-2019,actual,0.13,0.062,0.723,,2017
Gateshead,North East,2019,0.536,lab,E14000709,2010-2019,actual,0.347,0.073,0.536,,2017
Gedling,East Midlands,2019,0.455,con,E14000710,2010-2019,actual,0.455,0.046,0.441,,2017
Gillingham And Rainham,South East,2019,0.613,con,E14000711,2010-2019,actual,0.613,0.054,0.284,,2017
Glasgow Central,Scotland,2019,0.492,natSW,S14000029,2010-2019,actual,0.092,0.049,0.331,0.492,2017
Glasgow East,Scotland,2019,0.477,natSW,S14000030,2010-2019,actual,0.148,0.042,0.332,0.477,2017
Glasgow North,Scotland,2019,0.469,natSW,S14000031,2010-2019,actual,0.105,0.066,0.314,0.469,2017
Glasgow North East,Scotland,2019,0.469,natSW,S14000032,2010-2019,actual,0.105,0.032,0.394,0.469,2017
Glasgow North West,Scotland,2019,0.495,natSW,S14000033,2010-2019,actual,0.152,0.068,0.285,0.495,2017
Glasgow South,Scotland,2019,0.481,natSW,S14000034,2010-2019,actual,0.131,0.059,0.291,0.481,2017
Glasgow South West,Scotland,2019,0.479,natSW,S14000035,2010-2019,actual,0.115,0.039,0.346,0.479,2017
Glenrothes,Scotland,2019,0.511,natSW,S14000036,2010-2019,actual,0.167,0.064,0.228,0.511,2017
Gloucester,South West,2019,0.542,con,E14000712,2010-2019,actual,0.542,0.081,0.351,,2017
Gordon,Scotland,2019,0.427,natSW,S14000037,2010-2019,actual,0.413,0.106,0.055,0.427,2017
Gosport,South East,2019,0.665,con,E14000713,2010-2019,actual,0.665,0.113,0.185,,2017
Gower,Wales,2019,0.454,lab,W07000046,2010-2019,actual,0.413,0.05,0.454,0.051,2017
Grantham & Stamford,East Midlands,2019,0.657,con,E14000714,2010-2019,actual,0.657,0.11,0.193,,2017
Gravesham,South East,2019,0.622,con,E14000715,2010-2019,actual,0.622,0.054,0.294,,2017
Great Grimsby,Yorkshire and The Humber,2019,0.549,con,E14000716,2010-2019,actual,0.549,0.032,0.327,,2017
Great Yarmouth,Eastern,2019,0.658,con,E14000717,2010-2019,actual,0.658,0.038,0.251,,2017
Greenwich & Woolwich,London,2019,0.568,lab,E14000718,2010-2019,actual,0.221,0.137,0.568,,2017
Guildford,South East,2019,0.449,con,E14000719,2010-2019,actual,0.449,0.392,0.077,,2017
Hackney North & Stoke Newington,London,2019,0.703,lab,E14000720,2010-2019,actual,0.119,0.075,0.703,,2017
Hackney South & Shoreditch,London,2019,0.733,lab,E14000721,2010-2019,actual,0.108,0.089,0.733,,2017
Halesowen & Rowley Regis,West Midlands,2019,0.605,con,E14000722,2010-2019,actual,0.605,0.041,0.32,,2017
Halifax,Yorkshire and The Humber,2019,0.463,lab,E14000723,2010-2019,actual,0.407,0.049,0.463,,2017
Haltemprice & Howden,Yorkshire and The Humber,2019,0.624,con,E14000724,2010-2019,actual,0.624,0.105,0.215,,2017
Halton,North West,2019,0.635,lab,E14000725,2010-2019,actual,0.224,0.039,0.635,,2017
Hammersmith,London,2019,0.579,lab,E14000726,2010-2019,actual,0.235,0.134,0.579,,2017
Hampstead And Kilburn,London,2019,0.489,lab,E14000727,2010-2019,actual,0.242,0.229,0.489,,2017
Harborough,East Midlands,2019,0.553,con,E14000728,2010-2019,actual,0.553,0.159,0.252,,2017
Harlow,Eastern,2019,0.635,con,E14000729,2010-2019,actual,0.635,0.055,0.31,,2017
Harrogate & Knaresborough,Yorkshire and The Humber,2019,0.526,con,E14000730,2010-2019,actual,0.526,0.356,0.096,,2017
Harrow East,London,2019,0.544,con,E14000731,2010-2019,actual,0.544,0.077,0.379,,2017
Harrow West,London,2019,0.524,lab,E14000732,2010-2019,actual,0.343,0.09,0.524,,2017
Hartlepool,North East,2019,0.377,lab,E14000733,2010-2019,actual,0.289,0.041,0.377,,2017
Harwich And North Essex,Eastern,2019,0.613,con,E14000734,2010-2019,actual,0.613,0.113,0.224,,2017
Hastings & Rye,South East,2019,0.496,con,E14000735,2010-2019,actual,0.496,0.073,0.421,,2017
Havant,South East,2019,0.654,con,E14000736,2010-2019,actual,0.654,0.124,0.18,,2017
Hayes & Harlington,London,2019,0.558,lab,E14000737,2010-2019,actual,0.347,0.044,0.558,,2017
Hazel Grove,North West,2019,0.488,con,E14000738,2010-2019,actual,0.488,0.388,0.124,,2017
Hemel Hempstead,Eastern,2019,0.565,con,E14000739,2010-2019,actual,0.565,0.123,0.281,,2017
Hemsworth,Yorkshire and The Humber,2019,0.375,lab,E14000740,2010-2019,actual,0.348,0.039,0.375,,2017
Hendon,London,2019,0.488,con,E14000741,2010-2019,actual,0.488,0.084,0.411,,2017
Henley,South East,2019,0.548,con,E14000742,2010-2019,actual,0.548,0.309,0.097,,2017
Hereford And South Herefordshire,West Midlands,2019,0.612,con,E14000743,2010-2019,actual,0.612,0.125,0.216,,2017
Hertford & Stortford,Eastern,2019,0.561,con,E14000744,2010-2019,actual,0.561,0.143,0.234,,2017
Hertsmere,Eastern,2019,0.625,con,E14000745,2010-2019,actual,0.625,0.126,0.217,,2017
Hexham,North East,2019,0.545,con,E14000746,2010-2019,actual,0.545,0.101,0.316,,2017
Heywood & Middleton,North West,2019,0.431,con,E14000747,2010-2019,actual,0.431,0.044,0.417,,2017
High Peak,East Midlands,2019,0.459,con,E14000748,2010-2019,actual,0.459,0.051,0.448,,2017
Hitchin & Harpenden,Eastern,2019,0.471,con,E14000749,2010-2019,actual,0.471,0.354,0.169,,2017
Holborn & St Pancras,London,2019,0.645,lab,E14000750,2010-2019,actual,0.156,0.129,0.645,,2017
Hornchurch And Upminster,London,2019,0.658,con,E14000751,2010-2019,actual,0.658,0.072,0.226,,2017
Hornsey & Wood Green,London,2019,0.575,lab,E14000752,2010-2019,actual,0.112,0.26,0.575,,2017
Horsham,South East,2019,0.568,con,E14000753,2010-2019,actual,0.568,0.234,0.149,,2017
Houghton & Sunderland South,North East,2019,0.407,lab,E14000754,2010-2019,actual,0.329,0.058,0.407,,2017
Hove,South East,2019,0.583,lab,E14000755,2010-2019,actual,0.281,0.066,0.583,,2017
Huddersfield,Yorkshire and The Humber,2019,0.49,lab,E14000756,2010-2019,actual,0.372,0.057,0.49,,2017
Huntingdon,Eastern,2019,0.548,con,E14000757,2010-2019,actual,0.548,0.159,0.22,,2017
Hyndburn,North West,2019,0.485,con,E14000758,2010-2019,actual,0.485,0.029,0.415,,2017
Ilford North,London,2019,0.505,lab,E14000759,2010-2019,actual,0.401,0.053,0.505,,2017
Ilford South,London,2019,0.656,lab,E14000760,2010-2019,actual,0.205,0.034,0.656,,2017
Inverclyde,Scotland,2019,0.484,natSW,S14000038,2010-2019,actual,0.157,0.064,0.295,0.484,2017
Inverness Nairn Badenoch And Strathspey,Scotland,2019,0.479,natSW,S14000039,2010-2019,actual,0.288,0.107,0.075,0.479,2017
Ipswich,Eastern,2019,0.503,con,E14000761,2010-2019,actual,0.503,0.049,0.393,,2017
Isle Of Wight,South East,2019,0.562,con,E14000762,2010-2019,actual,0.562,,0.243,,2017
Islington North,London,2019,0.643,lab,E14000763,2010-2019,actual,0.102,0.156,0.643,,2017
Islington South & Finsbury,London,2019,0.563,lab,E14000764,2010-2019,actual,0.168,0.2,0.563,,2017
Islwyn,Wales,2019,0.447,lab,W07000077,2010-2019,actual,0.288,0.038,0.447,0.067,2017
Jarrow,North East,2019,0.451,lab,E14000765,2010-2019,actual,0.276,0.058,0.451,,2017
Keighley,Yorkshire and The Humber,2019,0.481,con,E14000766,2010-2019,actual,0.481,0.049,0.439,,2017
Kenilworth And Southam,West Midlands,2019,0.577,con,E14000767,2010-2019,actual,0.577,0.19,0.179,,2017
Kensington,London,2019,0.383,con,E14000768,2010-2019,actual,0.383,0.213,0.38,,2017
Kettering,East Midlands,2019,0.603,con,E14000769,2010-2019,actual,0.603,0.068,0.264,,2017
Kilmarnock & Loudoun,Scotland,2019,0.508,natSW,S14000040,2010-2019,actual,0.243,0.051,0.189,0.508,2017
Kingston & Surbiton,London,2019,0.511,lib,E14000770,2010-2019,actual,0.339,0.511,0.107,,2017
Kingston Upon Hull East,Yorkshire and The Humber,2019,0.392,lab,E14000771,2010-2019,actual,0.354,0.053,0.392,,2017
Kingston Upon Hull North,Yorkshire and The Humber,2019,0.498,lab,E14000772,2010-2019,actual,0.276,0.061,0.498,,2017
Kingston Upon Hull West & Hessle,Yorkshire and The Humber,2019,0.427,lab,E14000773,2010-2019,actual,0.336,0.056,0.427,,2017
Kingswood,South West,2019,0.562,con,E14000774,2010-2019,actual,0.562,0.069,0.334,,2017
Kirkcaldy & Cowdenbeath,Scotland,2019,0.352,natSW,S14000041,2010-2019,actual,0.201,0.062,0.326,0.352,2017
Knowsley,North West,2019,0.808,lab,E14000775,2010-2019,actual,0.081,0.02,0.808,,2017
Lanark & Hamilton East,Scotland,2019,0.419,natSW,S14000042,2010-2019,actual,0.321,0.057,0.202,0.419,2017
Lancaster & Fleetwood,North West,2019,0.468,lab,E14000776,2010-2019,actual,0.416,0.045,0.468,,2017
Leeds Central,Yorkshire and The Humber,2019,0.617,lab,E14000777,2010-2019,actual,0.226,0.048,0.617,,2017
Leeds East,Yorkshire and The Humber,2019,0.498,lab,E14000778,2010-2019,actual,0.357,0.046,0.498,,2017
Leeds North East,Yorkshire and The Humber,2019,0.575,lab,E14000779,2010-2019,actual,0.236,0.112,0.575,,2017
Leeds North West,Yorkshire and The Humber,2019,0.486,lab,E14000780,2010-2019,actual,0.268,0.191,0.486,,2017
Leeds West,Yorkshire and The Humber,2019,0.551,lab,E14000781,2010-2019,actual,0.289,0.044,0.551,,2017
Leicester East,East Midlands,2019,0.508,lab,E14000782,2010-2019,actual,0.386,0.057,0.508,,2017
Leicester South,East Midlands,2019,0.67,lab,E14000783,2010-2019,actual,0.218,0.055,0.67,,2017
Leicester West,East Midlands,2019,0.497,lab,E14000784,2010-2019,actual,0.376,0.052,0.497,,2017
Leigh,North West,2019,0.453,con,E14000785,2010-2019,actual,0.453,0.048,0.411,,2017
Lewes,South East,2019,0.479,con,E14000786,2010-2019,actual,0.479,0.434,0.058,,2017
Lewisham Deptford,London,2019,0.708,lab,E14000789,2010-2019,actual,0.114,0.104,0.708,,2017
Lewisham East,London,2019,0.595,lab,E14000787,2010-2019,actual,0.215,0.112,0.595,,2017
Lewisham West And Penge,London,2019,0.612,lab,E14000788,2010-2019,actual,0.198,0.12,0.612,,2017
Leyton & Wanstead,London,2019,0.647,lab,E14000790,2010-2019,actual,0.18,0.105,0.647,,2017
Lichfield,West Midlands,2019,0.645,con,E14000791,2010-2019,actual,0.645,0.104,0.208,,2017
Lincoln,East Midlands,2019,0.479,con,E14000792,2010-2019,actual,0.479,0.048,0.41,,2017
Linlithgow And East Falkirk,Scotland,2019,0.442,natSW,S14000043,2010-2019,actual,0.247,0.076,0.182,0.442,2017
Liverpool Riverside,North West,2019,0.78,lab,E14000793,2010-2019,actual,0.078,0.051,0.78,,2017
Liverpool Walton,North West,2019,0.847,lab,E14000794,2010-2019,actual,0.099,0.019,0.847,,2017
Liverpool Wavertree,North West,2019,0.722,lab,E14000795,2010-2019,actual,0.097,0.093,0.722,,2017
Liverpool West Derby,North West,2019,0.776,lab,E14000796,2010-2019,actual,0.094,0.029,0.776,,2017
Livingston,Scotland,2019,0.469,natSW,S14000044,2010-2019,actual,0.223,0.063,0.218,0.469,2017
Llanelli,Wales,2019,0.422,lab,W07000045,2010-2019,actual,0.3,,0.422,0.184,2017
Loughborough,East Midlands,2019,0.512,con,E14000797,2010-2019,actual,0.512,0.076,0.38,,2017
Louth & Horncastle,East Midlands,2019,0.727,con,E14000798,2010-2019,actual,0.727,0.079,0.175,,2017
Ludlow,West Midlands,2019,0.641,con,E14000799,2010-2019,actual,0.641,0.17,0.151,,2017
Luton North,Eastern,2019,0.552,lab,E14000800,2010-2019,actual,0.335,0.048,0.552,,2017
Luton South,Eastern,2019,0.518,lab,E14000801,2010-2019,actual,0.31,,0.518,,2017
Macclesfield,North West,2019,0.525,con,E14000802,2010-2019,actual,0.525,0.106,0.326,,2017
Maidenhead,South East,2019,0.577,con,E14000803,2010-2019,actual,0.577,0.244,0.14,,2017
Maidstone & The Weald,South East,2019,0.604,con,E14000804,2010-2019,actual,0.604,0.164,0.183,,2017
Makerfield,North West,2019,0.451,lab,E14000805,2010-2019,actual,0.344,0.048,0.451,,2017
Maldon,Eastern,2019,0.72,con,E14000806,2010-2019,actual,0.72,0.119,0.124,,2017
Manchester Central,North West,2019,0.704,lab,E14000807,2010-2019,actual,0.148,0.065,0.704,,2017
Manchester Gorton,North West,2019,0.776,lab,E14000808,2010-2019,actual,0.095,0.055,0.776,,2017
Manchester Withington,North West,2019,0.677,lab,E14000809,2010-2019,actual,0.11,0.151,0.677,,2017
Mansfield,East Midlands,2019,0.639,con,E14000810,2010-2019,actual,0.639,0.033,0.308,,2017
Meon Valley,South East,2019,0.643,con,E14000811,2010-2019,actual,0.643,0.214,0.103,,2017
Meriden,West Midlands,2019,0.634,con,E14000812,2010-2019,actual,0.634,0.104,0.213,,2017
Merthyr Tydfil & Rhymney,Wales,2019,0.524,lab,W07000071,2010-2019,actual,0.196,0.035,0.524,0.076,2017
Mid Bedfordshire,Eastern,2019,0.598,con,E14000813,2010-2019,actual,0.598,0.126,0.217,,2017
Mid Derbyshire,East Midlands,2019,0.588,con,E14000814,2010-2019,actual,0.588,0.096,0.276,,2017
Mid Dorset & North Poole,South West,2019,0.604,con,E14000815,2010-2019,actual,0.604,0.299,0.07,,2017
Mid Norfolk,Eastern,2019,0.624,con,E14000816,2010-2019,actual,0.624,0.138,0.222,,2017
Mid Sussex,South East,2019,0.533,con,E14000817,2010-2019,actual,0.533,0.243,0.179,,2017
Mid Worcestershire,West Midlands,2019,0.667,con,E14000818,2010-2019,actual,0.667,0.115,0.168,,2017
Middlesbrough,North East,2019,0.505,lab,E14000819,2010-2019,actual,0.258,0.024,0.505,,2017
Middlesbrough South & East Cleveland,North East,2019,0.588,con,E14000820,2010-2019,actual,0.588,0.041,0.345,,2017
Midlothian,Scotland,2019,0.415,natSW,S14000045,2010-2019,actual,0.217,0.07,0.297,0.415,2017
Milton Keynes North,South East,2019,0.495,con,E14000821,2010-2019,actual,0.495,0.08,0.395,,2017
Milton Keynes South,South East,2019,0.5,con,E14000822,2010-2019,actual,0.5,0.073,0.392,,2017
Mitcham & Morden,London,2019,0.611,lab,E14000823,2010-2019,actual,0.251,0.081,0.611,,2017
Mole Valley,South East,2019,0.554,con,E14000824,2010-2019,actual,0.554,0.343,0.052,,2017
Monmouth,Wales,2019,0.521,con,W07000054,2010-2019,actual,0.521,0.098,0.322,0.024,2017
Montgomeryshire,Wales,2019,0.585,con,W07000063,2010-2019,actual,0.585,0.23,0.163,,2017
Moray,Scotland,2019,0.453,con,S14000046,2010-2019,actual,0.453,0.046,0.05,0.442,2017
Morecambe And Lunesdale,North West,2019,0.528,con,E14000825,2010-2019,actual,0.528,0.051,0.388,,2017
Morley & Outwood,Yorkshire and The Humber,2019,0.567,con,E14000826,2010-2019,actual,0.567,0.044,0.35,,2017
Motherwell & Wishaw,Scotland,2019,0.464,natSW,S14000047,2010-2019,actual,0.161,0.038,0.323,0.464,2017
Na H-Eileanan An Iar,Scotland,2019,0.451,natSW,S14000027,2010-2019,actual,0.222,0.044,0.283,0.451,2017
Neath,Wales,2019,0.433,lab,W07000069,2010-2019,actual,0.28,0.04,0.433,0.122,2017
New Forest East,South East,2019,0.645,con,E14000827,2010-2019,actual,0.645,0.146,0.148,,2017
New Forest West,South East,2019,0.638,con,E14000828,2010-2019,actual,0.638,0.153,0.131,,2017
Newark,East Midlands,2019,0.633,con,E14000829,2010-2019,actual,0.633,0.097,0.235,,2017
Newbury,South East,2019,0.574,con,E14000830,2010-2019,actual,0.574,0.306,0.073,,2017
Newcastle Upon Tyne Central,North East,2019,0.576,lab,E14000831,2010-2019,actual,0.248,0.072,0.576,,2017
Newcastle Upon Tyne East,North East,2019,0.601,lab,E14000832,2010-2019,actual,0.244,0.105,0.601,,2017
Newcastle Upon Tyne North,North East,2019,0.454,lab,E14000833,2010-2019,actual,0.332,0.093,0.454,,2017
Newcastle-Under-Lyme,West Midlands,2019,0.525,con,E14000834,2010-2019,actual,0.525,0.053,0.359,,2017
Newport East,Wales,2019,0.444,lab,W07000055,2010-2019,actual,0.39,0.058,0.444,0.024,2017
Newport West,Wales,2019,0.437,lab,W07000056,2010-2019,actual,0.416,0.059,0.437,0.027,2017
Newton Abbot,South West,2019,0.555,con,E14000835,2010-2019,actual,0.555,0.222,0.178,,2017
Normanton Pontefract And Castleford,Yorkshire and The Humber,2019,0.379,lab,E14000836,2010-2019,actual,0.353,0.065,0.379,,2017
North Ayrshire And Arran,Scotland,2019,0.485,natSW,S14000048,2010-2019,actual,0.308,0.044,0.139,0.485,2017
North Cornwall,South West,2019,0.594,con,E14000837,2010-2019,actual,0.594,0.308,0.087,,2017
North Devon,South West,2019,0.566,con,E14000838,2010-2019,actual,0.566,0.3,0.092,,2017
North Dorset,South West,2019,0.636,con,E14000839,2010-2019,actual,0.636,0.203,0.12,,2017
North Durham,North East,2019,0.442,lab,E14000840,2010-2019,actual,0.329,0.068,0.442,,2017
North East Bedfordshire,Eastern,2019,0.591,con,E14000841,2010-2019,actual,0.591,0.123,0.218,,2017
North East Cambridgeshire,Eastern,2019,0.725,con,E14000842,2010-2019,actual,0.725,0.081,0.159,,2017
North East Derbyshire,East Midlands,2019,0.587,con,E14000843,2010-2019,actual,0.587,0.061,0.326,,2017
North East Fife,Scotland,2019,0.431,lib,S14000049,2010-2019,actual,0.13,0.431,0.037,0.402,2017
North East Hampshire,South East,2019,0.595,con,E14000844,2010-2019,actual,0.595,0.254,0.097,,2017
North East Hertfordshire,Eastern,2019,0.566,con,E14000845,2010-2019,actual,0.566,0.155,0.237,,2017
North East Somerset,South West,2019,0.504,con,E14000846,2010-2019,actual,0.504,0.221,0.242,,2017
North Herefordshire,West Midlands,2019,0.63,con,E14000847,2010-2019,actual,0.63,0.143,0.133,,2017
North Norfolk,Eastern,2019,0.586,con,E14000848,2010-2019,actual,0.586,0.303,0.077,,2017
North Shropshire,West Midlands,2019,0.627,con,E14000849,2010-2019,actual,0.627,0.1,0.221,,2017
North Somerset,South West,2019,0.529,con,E14000850,2010-2019,actual,0.529,0.178,0.246,,2017
North Swindon,South West,2019,0.591,con,E14000851,2010-2019,actual,0.591,0.08,0.298,,2017
North Thanet,South East,2019,0.624,con,E14000852,2010-2019,actual,0.624,0.071,0.267,,2017
North Tyneside,North East,2019,0.497,lab,E14000853,2010-2019,actual,0.307,0.064,0.497,,2017
North Warwickshire,West Midlands,2019,0.659,con,E14000854,2010-2019,actual,0.659,0.045,0.268,,2017
North West Cambridgeshire,Eastern,2019,0.625,con,E14000855,2010-2019,actual,0.625,0.107,0.222,,2017
North West Durham,North East,2019,0.419,con,E14000856,2010-2019,actual,0.419,0.059,0.395,,2017
North West Hampshire,South East,2019,0.621,con,E14000857,2010-2019,actual,0.621,0.175,0.158,,2017
North West Leicestershire,East Midlands,2019,0.628,con,E14000858,2010-2019,actual,0.628,0.067,0.249,,2017
North West Norfolk,Eastern,2019,0.657,con,E14000859,2010-2019,actual,0.657,0.078,0.23,,2017
North Wiltshire,South West,2019,0.591,con,E14000860,2010-2019,actual,0.591,0.269,0.104,,2017
Northampton North,East Midlands,2019,0.532,con,E14000861,2010-2019,actual,0.532,0.051,0.393,,2017
Northampton South,East Midlands,2019,0.512,con,E14000862,2010-2019,actual,0.512,0.061,0.397,,2017
Norwich North,Eastern,2019,0.505,con,E14000863,2010-2019,actual,0.505,0.058,0.403,,2017
Norwich South,Eastern,2019,0.537,lab,E14000864,2010-2019,actual,0.29,0.092,0.537,,2017
Nottingham East,East Midlands,2019,0.643,lab,E14000865,2010-2019,actual,0.209,0.049,0.643,,2017
Nottingham North,East Midlands,2019,0.491,lab,E14000866,2010-2019,actual,0.364,0.045,0.491,,2017
Nottingham South,East Midlands,2019,0.552,lab,E14000867,2010-2019,actual,0.291,0.082,0.552,,2017
Nuneaton,West Midlands,2019,0.606,con,E14000868,2010-2019,actual,0.606,0.041,0.315,,2017
Ochil & South Perthshire,Scotland,2019,0.465,natSW,S14000050,2010-2019,actual,0.387,0.055,0.086,0.465,2017
Ogmore,Wales,2019,0.497,lab,W07000074,2010-2019,actual,0.277,0.041,0.497,0.082,2017
Old Bexley & Sidcup,London,2019,0.645,con,E14000869,2010-2019,actual,0.645,0.083,0.235,,2017
Oldham East & Saddleworth,North West,2019,0.435,lab,E14000870,2010-2019,actual,0.403,0.052,0.435,,2017
Oldham West & Royton,North West,2019,0.553,lab,E14000871,2010-2019,actual,0.303,0.033,0.553,,2017
Orkney And Shetland,Scotland,2019,0.448,lib,S14000051,2010-2019,actual,0.099,0.448,0.067,0.34,2017
Orpington,London,2019,0.634,con,E14000872,2010-2019,actual,0.634,0.155,0.175,,2017
Oxford East,South East,2019,0.57,lab,E14000873,2010-2019,actual,0.209,0.139,0.57,,2017
Oxford West & Abingdon,South East,2019,0.533,lib,E14000874,2010-2019,actual,0.381,0.533,0.072,,2017
Paisley & Renfrewshire North,Scotland,2019,0.47,natSW,S14000052,2010-2019,actual,0.226,0.074,0.23,0.47,2017
Paisley & Renfrewshire South,Scotland,2019,0.502,natSW,S14000053,2010-2019,actual,0.176,0.068,0.254,0.502,2017
Pendle,North West,2019,0.542,con,E14000875,2010-2019,actual,0.542,0.035,0.402,,2017
Penistone And Stocksbridge,Yorkshire and The Humber,2019,0.478,con,E14000876,2010-2019,actual,0.478,0.102,0.333,,2017
Penrith & The Border,North West,2019,0.604,con,E14000877,2010-2019,actual,0.604,0.112,0.217,,2017
Perth And North Perthshire,Scotland,2019,0.506,natSW,S14000054,2010-2019,actual,0.366,0.07,0.046,0.506,2017
Peterborough,Eastern,2019,0.467,con,E14000878,2010-2019,actual,0.467,0.049,0.413,,2017
Plymouth Moor View,South West,2019,0.607,con,E14000879,2010-2019,actual,0.607,0.052,0.315,,2017
Plymouth Sutton And Devonport,South West,2019,0.479,lab,E14000880,2010-2019,actual,0.389,0.048,0.479,,2017
Pontypridd,Wales,2019,0.445,lab,W07000075,2010-2019,actual,0.294,,0.445,0.128,2017
Poole,South West,2019,0.587,con,E14000881,2010-2019,actual,0.587,0.155,0.208,,2017
Poplar & Limehouse,London,2019,0.631,lab,E14000882,2010-2019,actual,0.159,0.144,0.631,,2017
Portsmouth North,South East,2019,0.614,con,E14000883,2010-2019,actual,0.614,0.074,0.27,,2017
Portsmouth South,South East,2019,0.486,lab,E14000884,2010-2019,actual,0.373,0.114,0.486,,2017
Preseli Pembrokeshire,Wales,2019,0.504,con,W07000065,2010-2019,actual,0.504,0.046,0.385,0.065,2017
Preston,North West,2019,0.618,lab,E14000885,2010-2019,actual,0.258,0.051,0.618,,2017
Pudsey,Yorkshire and The Humber,2019,0.488,con,E14000886,2010-2019,actual,0.488,0.057,0.423,,2017
Putney,London,2019,0.451,lab,E14000887,2010-2019,actual,0.357,0.169,0.451,,2017
Rayleigh And Wickford,Eastern,2019,0.726,con,E14000888,2010-2019,actual,0.726,0.076,0.161,,2017
Reading East,South East,2019,0.485,lab,E14000889,2010-2019,actual,0.379,0.09,0.485,,2017
Reading West,South East,2019,0.484,con,E14000890,2010-2019,actual,0.484,0.089,0.402,,2017
Redcar,North East,2019,0.461,con,E14000891,2010-2019,actual,0.461,0.049,0.374,,2017
Redditch,West Midlands,2019,0.633,con,E14000892,2010-2019,actual,0.633,0.066,0.269,,2017
Reigate,South East,2019,0.539,con,E14000893,2010-2019,actual,0.539,0.194,0.195,,2017
Rhondda,Wales,2019,0.544,lab,W07000052,2010-2019,actual,0.158,0.021,0.544,0.137,2017
Ribble Valley,North West,2019,0.603,con,E14000894,2010-2019,actual,0.603,0.086,0.27,,2017
Richmond (Yorkshire),Yorkshire and The Humber,2019,0.636,con,E14000895,2010-2019,actual,0.636,0.121,0.164,,2017
Richmond Park,London,2019,0.531,lib,E14000896,2010-2019,actual,0.412,0.531,0.052,,2017
Rochdale,North West,2019,0.516,lab,E14000897,2010-2019,actual,0.312,0.07,0.516,,2017
Rochester And Strood,South East,2019,0.6,con,E14000898,2010-2019,actual,0.6,0.072,0.271,,2017
Rochford & Southend East,Eastern,2019,0.587,con,E14000899,2010-2019,actual,0.587,0.061,0.32,,2017
Romford,London,2019,0.646,con,E14000900,2010-2019,actual,0.646,0.057,0.267,,2017
Romsey And Southampton North,South East,2019,0.542,con,E14000901,2010-2019,actual,0.542,0.331,0.115,,2017
Ross Skye & Lochaber,Scotland,2019,0.483,natSW,S14000055,2010-2019,actual,0.173,0.246,0.061,0.483,2017
Rossendale & Darwen,North West,2019,0.565,con,E14000902,2010-2019,actual,0.565,0.041,0.37,,2017
Rother Valley,Yorkshire and The Humber,2019,0.451,con,E14000903,2010-2019,actual,0.451,0.052,0.321,,2017
Rotherham,Yorkshire and The Humber,2019,0.413,lab,E14000904,2010-2019,actual,0.326,0.059,0.413,,2017
Rugby,West Midlands,2019,0.576,con,E14000905,2010-2019,actual,0.576,0.083,0.311,,2017
Ruislip Northwood And Pinner,London,2019,0.556,con,E14000906,2010-2019,actual,0.556,0.151,0.246,,2017
Runnymede & Weybridge,South East,2019,0.549,con,E14000907,2010-2019,actual,0.549,0.173,0.206,,2017
Rushcliffe,East Midlands,2019,0.475,con,E14000908,2010-2019,actual,0.475,0.159,0.349,,2017
Rutherglen & Hamilton West,Scotland,2019,0.442,natSW,S14000056,2010-2019,actual,0.15,0.052,0.345,0.442,2017
Rutland & Melton,East Midlands,2019,0.626,con,E14000909,2010-2019,actual,0.626,0.137,0.164,,2017
Saffron Walden,Eastern,2019,0.63,con,E14000910,2010-2019,actual,0.63,0.192,0.132,,2017
Salford And Eccles,North West,2019,0.568,lab,E14000911,2010-2019,actual,0.245,0.061,0.568,,2017
Salisbury,South West,2019,0.564,con,E14000912,2010-2019,actual,0.564,0.196,0.18,,2017
Scarborough And Whitby,Yorkshire and The Humber,2019,0.555,con,E14000913,2010-2019,actual,0.555,0.061,0.348,,2017
Scunthorpe,Yorkshire and The Humber,2019,0.538,con,E14000914,2010-2019,actual,0.538,0.023,0.367,,2017
Sedgefield,North East,2019,0.472,con,E14000915,2010-2019,actual,0.472,0.047,0.363,,2017
Sefton Central,North West,2019,0.575,lab,E14000916,2010-2019,actual,0.278,0.067,0.575,,2017
Selby And Ainsty,Yorkshire and The Humber,2019,0.603,con,E14000917,2010-2019,actual,0.603,0.086,0.246,,2017
Sevenoaks,South East,2019,0.607,con,E14000918,2010-2019,actual,0.607,0.198,0.136,,2017
Sheffield Brightside And Hillsborough,Yorkshire and The Humber,2019,0.565,lab,E14000921,2010-2019,actual,0.255,0.038,0.565,,2017
Sheffield Central,Yorkshire and The Humber,2019,0.667,lab,E14000919,2010-2019,actual,0.131,0.064,0.667,,2017
Sheffield Hallam,Yorkshire and The Humber,2019,0.346,lab,E14000922,2010-2019,actual,0.258,0.334,0.346,,2017
Sheffield Heeley,Yorkshire and The Humber,2019,0.503,lab,E14000923,2010-2019,actual,0.303,0.068,0.503,,2017
Sheffield South East,Yorkshire and The Humber,2019,0.461,lab,E14000920,2010-2019,actual,0.359,0.051,0.461,,2017
Sherwood,East Midlands,2019,0.608,con,E14000924,2010-2019,actual,0.608,0.055,0.301,,2017
Shipley,Yorkshire and The Humber,2019,0.508,con,E14000925,2010-2019,actual,0.508,0.059,0.392,,2017
Shrewsbury & Atcham,West Midlands,2019,0.525,con,E14000926,2010-2019,actual,0.525,0.1,0.335,,2017
Sittingbourne & Sheppey,South East,2019,0.676,con,E14000927,2010-2019,actual,0.676,0.063,0.2,,2017
Skipton & Ripon,Yorkshire and The Humber,2019,0.595,con,E14000928,2010-2019,actual,0.595,0.148,0.191,,2017
Sleaford & North Hykeham,East Midlands,2019,0.671,con,E14000929,2010-2019,actual,0.671,0.08,0.182,,2017
Slough,South East,2019,0.576,lab,E14000930,2010-2019,actual,0.309,0.066,0.576,,2017
Solihull,West Midlands,2019,0.584,con,E14000931,2010-2019,actual,0.584,0.18,0.199,,2017
Somerton & Frome ,South West,2019,0.558,con,E14000932,2010-2019,actual,0.558,0.262,0.129,,2017
South Basildon And East Thurrock,Eastern,2019,0.662,con,E14000933,2010-2019,actual,0.662,0.043,0.222,,2017
South Cambridgeshire,Eastern,2019,0.463,con,E14000934,2010-2019,actual,0.463,0.42,0.117,,2017
South Derbyshire,East Midlands,2019,0.628,con,E14000935,2010-2019,actual,0.628,0.074,0.265,,2017
South Dorset,South West,2019,0.588,con,E14000936,2010-2019,actual,0.588,0.106,0.252,,2017
South East Cambridgeshire,Eastern,2019,0.5,con,E14000937,2010-2019,actual,0.5,0.321,0.163,,2017
South East Cornwall,South West,2019,0.593,con,E14000938,2010-2019,actual,0.593,0.161,0.202,,2017
South Holland & The Deepings,East Midlands,2019,0.759,con,E14000939,2010-2019,actual,0.759,0.066,0.132,,2017
South Leicestershire,East Midlands,2019,0.64,con,E14000940,2010-2019,actual,0.64,0.095,0.223,,2017
South Norfolk,Eastern,2019,0.58,con,E14000941,2010-2019,actual,0.58,0.14,0.24,,2017
South Northamptonshire,East Midlands,2019,0.624,con,E14000942,2010-2019,actual,0.624,0.118,0.209,,2017
South Ribble,North West,2019,0.558,con,E14000943,2010-2019,actual,0.558,0.069,0.35,,2017
South Shields,North East,2019,0.456,lab,E14000944,2010-2019,actual,0.203,0.04,0.456,,2017
South Staffordshire,West Midlands,2019,0.73,con,E14000945,2010-2019,actual,0.73,0.066,0.165,,2017
South Suffolk,Eastern,2019,0.622,con,E14000946,2010-2019,actual,0.622,0.125,0.194,,2017
South Swindon,South West,2019,0.523,con,E14000947,2010-2019,actual,0.523,0.085,0.392,,2017
South Thanet,South East,2019,0.561,con,E14000948,2010-2019,actual,0.561,0.057,0.342,,2017
South West Bedfordshire,Eastern,2019,0.604,con,E14000949,2010-2019,actual,0.604,0.102,0.256,,2017
South West Devon,South West,2019,0.624,con,E14000950,2010-2019,actual,0.624,0.116,0.222,,2017
South West Hertfordshire,Eastern,2019,0.496,con,E14000951,2010-2019,actual,0.496,0.102,0.118,,2017
South West Norfolk,Eastern,2019,0.69,con,E14000952,2010-2019,actual,0.69,0.081,0.181,,2017
South West Surrey,South East,2019,0.533,con,E14000953,2010-2019,actual,0.533,0.387,0.079,,2017
South West Wiltshire,South West,2019,0.602,con,E14000954,2010-2019,actual,0.602,0.146,0.208,,2017
Southampton Itchen,South East,2019,0.505,con,E14000955,2010-2019,actual,0.505,0.053,0.41,,2017
Southampton Test,South East,2019,0.495,lab,E14000956,2010-2019,actual,0.357,0.077,0.495,,2017
Southend West,Eastern,2019,0.592,con,E14000957,2010-2019,actual,0.592,0.114,0.281,,2017
Southport,North West,2019,0.476,con,E14000958,2010-2019,actual,0.476,0.135,0.39,,2017
Spelthorne,South East,2019,0.589,con,E14000959,2010-2019,actual,0.589,0.151,0.217,,2017
St Albans,Eastern,2019,0.501,lib,E14000960,2010-2019,actual,0.392,0.501,0.087,,2017
St Austell And Newquay,South West,2019,0.561,con,E14000961,2010-2019,actual,0.561,0.105,0.264,,2017
St Helens North,North West,2019,0.523,lab,E14000962,2010-2019,actual,0.266,0.056,0.523,,2017
St Helens South And Whiston,North West,2019,0.585,lab,E14000963,2010-2019,actual,0.205,0.057,0.585,,2017
St Ives,South West,2019,0.493,con,E14000964,2010-2019,actual,0.493,0.41,0.069,,2017
Stafford,West Midlands,2019,0.586,con,E14000965,2010-2019,actual,0.586,0.062,0.305,,2017
Staffordshire Moorlands,West Midlands,2019,0.646,con,E14000966,2010-2019,actual,0.646,0.057,0.269,,2017
Stalybridge And Hyde,North West,2019,0.449,lab,E14000967,2010-2019,actual,0.38,0.043,0.449,,2017
Stevenage,Eastern,2019,0.531,con,E14000968,2010-2019,actual,0.531,0.087,0.352,,2017
Stirling,Scotland,2019,0.511,natSW,S14000057,2010-2019,actual,0.335,0.054,0.081,0.511,2017
Stockport,North West,2019,0.52,lab,E14000969,2010-2019,actual,0.279,0.121,0.52,,2017
Stockton North,North East,2019,0.431,lab,E14000970,2010-2019,actual,0.406,0.04,0.431,,2017
Stockton South,North East,2019,0.507,con,E14000971,2010-2019,actual,0.507,0.043,0.411,,2017
Stoke-On-Trent Central,West Midlands,2019,0.454,con,E14000972,2010-2019,actual,0.454,0.035,0.433,,2017
Stoke-On-Trent North,West Midlands,2019,0.523,con,E14000973,2010-2019,actual,0.523,0.032,0.366,,2017
Stoke-On-Trent South,West Midlands,2019,0.622,con,E14000974,2010-2019,actual,0.622,0.041,0.337,,2017
Stone,West Midlands,2019,0.636,con,E14000975,2010-2019,actual,0.636,0.089,0.236,,2017
Stourbridge,West Midlands,2019,0.603,con,E14000976,2010-2019,actual,0.603,0.055,0.306,,2017
Stratford-On-Avon,West Midlands,2019,0.606,con,E14000977,2010-2019,actual,0.606,0.243,0.113,,2017
Streatham,London,2019,0.548,lab,E14000978,2010-2019,actual,0.16,0.235,0.548,,2017
Stretford & Urmston,North West,2019,0.603,lab,E14000979,2010-2019,actual,0.275,0.059,0.603,,2017
Stroud,South West,2019,0.479,con,E14000980,2010-2019,actual,0.479,0.0,0.421,,2017
Suffolk Coastal,Eastern,2019,0.565,con,E14000981,2010-2019,actual,0.565,0.15,0.213,,2017
Sunderland Central,North East,2019,0.422,lab,E14000982,2010-2019,actual,0.354,0.07,0.422,,2017
Surrey Heath,South East,2019,0.586,con,E14000983,2010-2019,actual,0.586,0.273,0.092,,2017
Sutton And Cheam,London,2019,0.5,con,E14000984,2010-2019,actual,0.5,0.334,0.143,,2017
Sutton Coldfield,West Midlands,2019,0.604,con,E14000985,2010-2019,actual,0.604,0.122,0.236,,2017
Swansea East,Wales,2019,0.518,lab,W07000048,2010-2019,actual,0.281,0.042,0.518,0.057,2017
Swansea West,Wales,2019,0.516,lab,W07000047,2010-2019,actual,0.29,0.084,0.516,0.055,2017
Tamworth,West Midlands,2019,0.663,con,E14000986,2010-2019,actual,0.663,0.053,0.237,,2017
Tatton,North West,2019,0.577,con,E14000987,2010-2019,actual,0.577,0.157,0.222,,2017
Taunton Deane,South West,2019,0.536,con,E14000988,2010-2019,actual,0.536,0.352,0.074,,2017
Telford,West Midlands,2019,0.597,con,E14000989,2010-2019,actual,0.597,0.062,0.341,,2017
Tewkesbury,South West,2019,0.584,con,E14000990,2010-2019,actual,0.584,0.218,0.152,,2017
The Cotswolds,South West,2019,0.58,con,E14000991,2010-2019,actual,0.58,0.25,0.116,,2017
The Wrekin,West Midlands,2019,0.635,con,E14000992,2010-2019,actual,0.635,0.083,0.252,,2017
Thirsk And Malton,Yorkshire and The Humber,2019,0.63,con,E14000993,2010-2019,actual,0.63,0.12,0.185,,2017
Thornbury And Yate,South West,2019,0.578,con,E14000994,2010-2019,actual,0.578,0.341,0.081,,2017
Thurrock,Eastern,2019,0.586,con,E14000995,2010-2019,actual,0.586,0.032,0.344,,2017
Tiverton & Honiton,South West,2019,0.602,con,E14000996,2010-2019,actual,0.602,0.148,0.195,,2017
Tonbridge & Malling,South East,2019,0.628,con,E14000997,2010-2019,actual,0.628,0.155,0.145,,2017
Tooting,London,2019,0.527,lab,E14000998,2010-2019,actual,0.282,0.142,0.527,,2017
Torbay,South West,2019,0.592,con,E14000999,2010-2019,actual,0.592,0.24,0.13,,2017
Torfaen,Wales,2019,0.418,lab,W07000053,2010-2019,actual,0.318,0.049,0.418,0.039,2017
Torridge & West Devon,South West,2019,0.601,con,E14001000,2010-2019,actual,0.601,0.183,0.172,,2017
Totnes,South West,2019,0.532,con,E14001001,2010-2019,actual,0.532,0.288,0.17,,2017
Tottenham,London,2019,0.76,lab,E14001002,2010-2019,actual,0.116,0.068,0.76,,2017
Truro And Falmouth,South West,2019,0.46,con,E14001003,2010-2019,actual,0.46,0.121,0.383,,2017
Tunbridge Wells,South East,2019,0.551,con,E14001004,2010-2019,actual,0.551,0.283,0.148,,2017
Twickenham,London,2019,0.561,lib,E14001005,2010-2019,actual,0.342,0.561,0.085,,2017
Tynemouth,North East,2019,0.481,lab,E14001006,2010-2019,actual,0.394,0.068,0.481,,2017
Uxbridge And South Ruislip,London,2019,0.526,con,E14001007,2010-2019,actual,0.526,0.063,0.376,,2017
Vale Of Clwyd,Wales,2019,0.464,con,W07000060,2010-2019,actual,0.464,0.04,0.415,0.042,2017
Vale Of Glamorgan,Wales,2019,0.498,con,W07000078,2010-2019,actual,0.498,,0.433,,2017
Vauxhall,London,2019,0.561,lab,E14001008,2010-2019,actual,0.167,0.213,0.561,,2017
Wakefield,Yorkshire and The Humber,2019,0.473,con,E14001009,2010-2019,actual,0.473,0.039,0.398,,2017
Wallasey,North West,2019,0.643,lab,E14001010,2010-2019,actual,0.249,0.04,0.643,,2017
Walsall North,West Midlands,2019,0.638,con,E14001011,2010-2019,actual,0.638,0.034,0.311,,2017
Walsall South,West Midlands,2019,0.491,lab,E14001012,2010-2019,actual,0.41,0.038,0.491,,2017
Walthamstow,London,2019,0.761,lab,E14001013,2010-2019,actual,0.123,0.059,0.761,,2017
Wansbeck,North East,2019,0.423,lab,E14001014,2010-2019,actual,0.403,0.063,0.423,,2017
Wantage,South East,2019,0.507,con,E14001015,2010-2019,actual,0.507,0.319,0.152,,2017
Warley,West Midlands,2019,0.588,lab,E14001016,2010-2019,actual,0.279,0.043,0.588,,2017
Warrington North,North West,2019,0.442,lab,E14001017,2010-2019,actual,0.409,0.066,0.442,,2017
Warrington South,North West,2019,0.455,con,E14001018,2010-2019,actual,0.455,0.093,0.423,,2017
Warwick And Leamington,West Midlands,2019,0.438,lab,E14001019,2010-2019,actual,0.423,0.092,0.438,,2017
Washington And Sunderland West,North East,2019,0.425,lab,E14001020,2010-2019,actual,0.326,0.055,0.425,,2017
Watford,Eastern,2019,0.455,con,E14001021,2010-2019,actual,0.455,0.161,0.379,,2017
Waveney,Eastern,2019,0.622,con,E14001022,2010-2019,actual,0.622,0.051,0.269,,2017
Wealden,South East,2019,0.608,con,E14001023,2010-2019,actual,0.608,0.187,0.154,,2017
Weaver Vale,North West,2019,0.449,lab,E14001024,2010-2019,actual,0.438,0.065,0.449,,2017
Wellingborough,East Midlands,2019,0.622,con,E14001025,2010-2019,actual,0.622,0.079,0.265,,2017
Wells,South West,2019,0.541,con,E14001026,2010-2019,actual,0.541,0.379,0.07,,2017
Welwyn Hatfield,Eastern,2019,0.526,con,E14001027,2010-2019,actual,0.526,0.127,0.316,,2017
Wentworth And Dearne,Yorkshire and The Humber,2019,0.403,lab,E14001028,2010-2019,actual,0.351,0.041,0.403,,2017
West Aberdeenshire & Kincardine,Scotland,2019,0.427,con,S14000058,2010-2019,actual,0.427,0.117,0.046,0.411,2017
West Bromwich East,West Midlands,2019,0.467,con,E14001029,2010-2019,actual,0.467,0.036,0.423,,2017
West Bromwich West,West Midlands,2019,0.505,con,E14001030,2010-2019,actual,0.505,0.027,0.395,,2017
West Dorset,South West,2019,0.551,con,E14001031,2010-2019,actual,0.551,0.32,0.094,,2017
West Dunbartonshire,Scotland,2019,0.496,natSW,S14000059,2010-2019,actual,0.143,0.042,0.285,0.496,2017
West Ham,London,2019,0.701,lab,E14001032,2010-2019,actual,0.163,0.069,0.701,,2017
West Lancashire,North West,2019,0.521,lab,E14001033,2010-2019,actual,0.363,0.049,0.521,,2017
West Suffolk,Eastern,2019,0.658,con,E14001034,2010-2019,actual,0.658,0.091,0.207,,2017
West Worcestershire,West Midlands,2019,0.607,con,E14001035,2010-2019,actual,0.607,0.181,0.165,,2017
Westminster North,London,2019,0.542,lab,E14001036,2010-2019,actual,0.291,0.13,0.542,,2017
Westmorland & Lonsdale,North West,2019,0.489,lib,E14001037,2010-2019,actual,0.453,0.489,0.044,,2017
Weston Super Mare,South West,2019,0.575,con,E14001038,2010-2019,actual,0.575,0.125,0.267,,2017
Wigan,North West,2019,0.467,lab,E14001039,2010-2019,actual,0.318,0.054,0.467,,2017
Wimbledon,London,2019,0.384,con,E14001040,2010-2019,actual,0.384,0.372,0.237,,2017
Winchester,South East,2019,0.483,con,E14001041,2010-2019,actual,0.483,0.466,0.046,,2017
Windsor,South East,2019,0.586,con,E14001042,2010-2019,actual,0.586,0.213,0.152,,2017
Wirral South,North West,2019,0.512,lab,E14001043,2010-2019,actual,0.372,0.067,0.512,,2017
Wirral West,North West,2019,0.482,lab,E14001044,2010-2019,actual,0.412,0.063,0.482,,2017
Witham,Eastern,2019,0.666,con,E14001045,2010-2019,actual,0.666,0.093,0.178,,2017
Witney,South East,2019,0.552,con,E14001046,2010-2019,actual,0.552,0.305,0.143,,2017
Woking,South East,2019,0.489,con,E14001047,2010-2019,actual,0.489,0.308,0.164,,2017
Wokingham,South East,2019,0.496,con,E14001048,2010-2019,actual,0.496,0.377,0.104,,2017
Wolverhampton North East,West Midlands,2019,0.517,con,E14001049,2010-2019,actual,0.517,0.028,0.398,,2017
Wolverhampton South East,West Midlands,2019,0.464,lab,E14001050,2010-2019,actual,0.427,0.03,0.464,,2017
Wolverhampton South West,West Midlands,2019,0.483,con,E14001051,2010-2019,actual,0.483,0.05,0.443,,2017
Worcester,West Midlands,2019,0.508,con,E14001052,2010-2019,actual,0.508,0.072,0.375,,2017
Workington,North West,2019,0.493,con,E14001053,2010-2019,actual,0.493,0.037,0.392,,2017
Worsley And Eccles South,North West,2019,0.457,lab,E14001054,2010-2019,actual,0.385,0.056,0.457,,2017
Worthing West,South East,2019,0.558,con,E14001055,2010-2019,actual,0.558,0.11,0.286,,2017
Wrexham,Wales,2019,0.453,con,W07000044,2010-2019,actual,0.453,0.043,0.39,0.064,2017
Wycombe,South East,2019,0.452,con,E14001056,2010-2019,actual,0.452,0.119,0.375,,2017
Wyre And Preston North,North West,2019,0.597,con,E14001057,2010-2019,actual,0.597,0.084,0.28,,2017
Wyre Forest,West Midlands,2019,0.652,con,E14001058,2010-2019,actual,0.652,0.081,0.228,,2017
Wythenshawe & Sale East,North West,2019,0.533,lab,E14001059,2010-2019,actual,0.301,0.07,0.533,,2017
Yeovil,South West,2019,0.584,con,E14001060,2010-2019,actual,0.584,0.311,0.063,,2017
Ynys Mon,Wales,2019,0.355,con,W07000041,2010-2019,actual,0.355,,0.301,0.285,2017
York Central,Yorkshire and The Humber,2019,0.552,lab,E14001061,2010-2019,actual,0.278,0.084,0.552,,2017
York Outer,Yorkshire and The Humber,2019,0.494,con,E14001062,2010-2019,actual,0.494,0.181,0.313,,2017
