stage,train_through,validation_year,evaluation_year,architecture,learning_rate,patience,seeds,validation_accuracy,validation_changed_seat_accuracy,validation_changed_seats,validation_log_loss,validation_brier_score,validation_rows,validation_unseen_winners,evaluation_accuracy,evaluation_changed_seat_accuracy,evaluation_changed_seats,evaluation_log_loss,evaluation_brier_score,evaluation_rows,evaluation_unseen_winners,policy
confirmation,1987,1992,1997,16,1.0,10,10,0.9116719242902208,0.2941176470588235,51,0.1906333435506618,0.1140335349671811,634,0,0.6864274570982839,0.05625,160,1.1393280937070331,0.5202605320713568,641,0,validation_all_rates
confirmation,1987,1992,1997,16,0.5,10,10,0.9116719242902208,0.2156862745098039,51,0.2033453805482951,0.1207416213224129,634,0,0.6848673946957878,0.05,160,1.2190840877775853,0.5460497582368868,641,0,validation_midrange
confirmation,1987,1992,1997,16,0.3,10,10,0.9132492113564668,0.1568627450980392,51,0.211212877464679,0.1257927608268203,634,0,0.6848673946957878,0.05,160,1.3381504412076834,0.5643391838646575,641,0,validation_compact
confirmation,1987,1992,1997,16,0.01,10,10,0.9100946372239748,0.0980392156862745,51,0.2296035049209094,0.135744087665053,634,0,0.6770670826833073,0.03125,160,1.2965573527062293,0.5803650639947534,641,0,fixed_0.01
confirmation,1987,1992,1997,16,0.03,10,10,0.9116719242902208,0.1176470588235294,51,0.2286077166958824,0.1352350204513599,634,0,0.6770670826833073,0.03125,160,1.294301137250658,0.5797033057041829,641,0,fixed_0.03
confirmation,1987,1992,1997,16,0.05,10,10,0.9132492113564668,0.1176470588235294,51,0.2250952048226395,0.1336620038923723,634,0,0.6786271450858035,0.03125,160,1.2948700944265246,0.5789072861019217,641,0,fixed_0.05
confirmation,1987,1992,1997,16,0.1,10,10,0.9116719242902208,0.1176470588235294,51,0.2213587723273397,0.1316818158148674,634,0,0.6801872074882995,0.03125,160,1.2941396352063188,0.5742689184292211,641,0,fixed_0.1
confirmation,1987,1992,1997,16,0.2,10,10,0.9132492113564668,0.1568627450980392,51,0.2163016248640583,0.1285861384440169,634,0,0.6833073322932918,0.04375,160,1.3358136507971143,0.5696553442338016,641,0,fixed_0.2
confirmation,1987,1992,1997,16,0.3,10,10,0.9132492113564668,0.1568627450980392,51,0.211212877464679,0.1257927608268203,634,0,0.6848673946957878,0.05,160,1.3381504412076834,0.5643391838646575,641,0,fixed_0.3
confirmation,1987,1992,1997,16,0.5,10,10,0.9116719242902208,0.2156862745098039,51,0.2033453805482951,0.1207416213224129,634,0,0.6848673946957878,0.05,160,1.2190840877775853,0.5460497582368868,641,0,fixed_0.5
confirmation,1987,1992,1997,16,1.0,10,10,0.9116719242902208,0.2941176470588235,51,0.1906333435506618,0.1140335349671811,634,0,0.6864274570982839,0.05625,160,1.1393280937070331,0.5202605320713568,641,0,fixed_1
confirmation,1987,1992,1997,16,1.0,20,10,0.9116719242902208,0.2941176470588235,51,0.1906333435506618,0.1140335349671811,634,0,0.6864274570982839,0.05625,160,1.1393280937070331,0.5202605320713568,641,0,validation_all_rates
confirmation,1987,1992,1997,16,0.5,20,10,0.9116719242902208,0.2156862745098039,51,0.2033453805482951,0.1207416213224129,634,0,0.6848673946957878,0.05,160,1.2190840877775853,0.5460497582368868,641,0,validation_midrange
confirmation,1987,1992,1997,16,0.3,20,10,0.9132492113564668,0.1568627450980392,51,0.211212877464679,0.1257927608268203,634,0,0.6848673946957878,0.05,160,1.3381504412076834,0.5643391838646575,641,0,validation_compact
confirmation,1987,1992,1997,16,0.01,20,10,0.9100946372239748,0.0980392156862745,51,0.2296035049209094,0.135744087665053,634,0,0.6770670826833073,0.03125,160,1.2965573527062293,0.5803650639947534,641,0,fixed_0.01
confirmation,1987,1992,1997,16,0.03,20,10,0.9132492113564668,0.1176470588235294,51,0.226424446378721,0.1342708944335312,634,0,0.6786271450858035,0.03125,160,1.3276365200782565,0.5827265231478383,641,0,fixed_0.03
confirmation,1987,1992,1997,16,0.05,20,10,0.9132492113564668,0.1176470588235294,51,0.224703902091844,0.133436917185312,634,0,0.6786271450858035,0.03125,160,1.2983555881471656,0.5792393076789717,641,0,fixed_0.05
confirmation,1987,1992,1997,16,0.1,20,10,0.9116719242902208,0.1176470588235294,51,0.2228857156218078,0.1321126925787873,634,0,0.6817472698907956,0.0375,160,1.3620526559757593,0.5790086401556914,641,0,fixed_0.1
confirmation,1987,1992,1997,16,0.2,20,10,0.9132492113564668,0.1568627450980392,51,0.2163016248640583,0.1285861384440169,634,0,0.6833073322932918,0.04375,160,1.3358136507971143,0.5696553442338016,641,0,fixed_0.2
confirmation,1987,1992,1997,16,0.3,20,10,0.9132492113564668,0.1568627450980392,51,0.211212877464679,0.1257927608268203,634,0,0.6848673946957878,0.05,160,1.3381504412076834,0.5643391838646575,641,0,fixed_0.3
confirmation,1987,1992,1997,16,0.5,20,10,0.9116719242902208,0.2156862745098039,51,0.2033453805482951,0.1207416213224129,634,0,0.6848673946957878,0.05,160,1.2190840877775853,0.5460497582368868,641,0,fixed_0.5
confirmation,1987,1992,1997,16,1.0,20,10,0.9116719242902208,0.2941176470588235,51,0.1906333435506618,0.1140335349671811,634,0,0.6864274570982839,0.05625,160,1.1393280937070331,0.5202605320713568,641,0,fixed_1
confirmation,1987,1992,1997,16,1.0,50,10,0.9116719242902208,0.2941176470588235,51,0.1906333435506618,0.1140335349671811,634,0,0.6864274570982839,0.05625,160,1.1393280937070331,0.5202605320713568,641,0,validation_all_rates
confirmation,1987,1992,1997,16,0.5,50,10,0.9116719242902208,0.2156862745098039,51,0.2033453805482951,0.1207416213224129,634,0,0.6848673946957878,0.05,160,1.2190840877775853,0.5460497582368868,641,0,validation_midrange
confirmation,1987,1992,1997,16,0.3,50,10,0.9132492113564668,0.1568627450980392,51,0.211212877464679,0.1257927608268203,634,0,0.6848673946957878,0.05,160,1.3381504412076834,0.5643391838646575,641,0,validation_compact
confirmation,1987,1992,1997,16,0.01,50,10,0.9132492113564668,0.1176470588235294,51,0.2269150579281887,0.1345440702156989,634,0,0.6786271450858035,0.03125,160,1.3197789632831007,0.5822837649734235,641,0,fixed_0.01
confirmation,1987,1992,1997,16,0.03,50,10,0.9132492113564668,0.1176470588235294,51,0.2285778669572272,0.1349045225149557,634,0,0.6801872074882995,0.03125,160,1.4047707885899592,0.5877531951254743,641,0,fixed_0.03
confirmation,1987,1992,1997,16,0.05,50,10,0.9132492113564668,0.1176470588235294,51,0.2267205656263278,0.1340645439862716,634,0,0.6801872074882995,0.03125,160,1.385042884585022,0.5850634759314799,641,0,fixed_0.05
confirmation,1987,1992,1997,16,0.1,50,10,0.9116719242902208,0.1176470588235294,51,0.2228857156218078,0.1321126925787873,634,0,0.6817472698907956,0.0375,160,1.3620526559757593,0.5790086401556914,641,0,fixed_0.1
confirmation,1987,1992,1997,16,0.2,50,10,0.9132492113564668,0.1568627450980392,51,0.2163016248640583,0.1285861384440169,634,0,0.6833073322932918,0.04375,160,1.3358136507971143,0.5696553442338016,641,0,fixed_0.2
confirmation,1987,1992,1997,16,0.3,50,10,0.9132492113564668,0.1568627450980392,51,0.211212877464679,0.1257927608268203,634,0,0.6848673946957878,0.05,160,1.3381504412076834,0.5643391838646575,641,0,fixed_0.3
confirmation,1987,1992,1997,16,0.5,50,10,0.9116719242902208,0.2156862745098039,51,0.2033453805482951,0.1207416213224129,634,0,0.6848673946957878,0.05,160,1.2190840877775853,0.5460497582368868,641,0,fixed_0.5
confirmation,1987,1992,1997,16,1.0,50,10,0.9116719242902208,0.2941176470588235,51,0.1906333435506618,0.1140335349671811,634,0,0.6864274570982839,0.05625,160,1.1393280937070331,0.5202605320713568,641,0,fixed_1
confirmation,1987,1992,1997,32,1.0,10,10,0.9116719242902208,0.2156862745098039,51,0.1912089657015749,0.1166383116523823,634,0,0.6895475819032761,0.0625,160,1.173859276839012,0.5300148377831008,641,0,validation_all_rates
confirmation,1987,1992,1997,32,0.5,10,10,0.9085173501577288,0.1764705882352941,51,0.2008139356530895,0.1214107551565111,634,0,0.6879875195007801,0.0625,160,1.193342093408013,0.5437503735459669,641,0,validation_midrange
confirmation,1987,1992,1997,32,0.3,10,10,0.9085173501577288,0.0980392156862745,51,0.2092034019772503,0.1266510159235632,634,0,0.6848673946957878,0.05,160,1.2716367270627655,0.5609367747639982,641,0,validation_compact
confirmation,1987,1992,1997,32,0.01,10,10,0.9100946372239748,0.0784313725490196,51,0.2244292263374235,0.1342140937443596,634,0,0.6801872074882995,0.03125,160,1.3064295975522262,0.5790182394475256,641,0,fixed_0.01
confirmation,1987,1992,1997,32,0.03,10,10,0.9100946372239748,0.0784313725490196,51,0.2244378502229733,0.1342268651372391,634,0,0.6801872074882995,0.03125,160,1.3100224493299395,0.5792744014309446,641,0,fixed_0.03
confirmation,1987,1992,1997,32,0.05,10,10,0.9132492113564668,0.1176470588235294,51,0.2233237669789207,0.1336302189464539,634,0,0.6801872074882995,0.03125,160,1.3001761752291925,0.5772512221670186,641,0,fixed_0.05
confirmation,1987,1992,1997,32,0.1,10,10,0.9100946372239748,0.0980392156862745,51,0.2204882664568922,0.1323996918787517,634,0,0.6801872074882995,0.03125,160,1.3128350250947105,0.5758949117954699,641,0,fixed_0.1
confirmation,1987,1992,1997,32,0.2,10,10,0.9100946372239748,0.0980392156862745,51,0.2136575523576198,0.1289004453155983,634,0,0.6817472698907956,0.0375,160,1.254877228946715,0.565215622239599,641,0,fixed_0.2
confirmation,1987,1992,1997,32,0.3,10,10,0.9085173501577288,0.0980392156862745,51,0.2092034019772503,0.1266510159235632,634,0,0.6848673946957878,0.05,160,1.2716367270627655,0.5609367747639982,641,0,fixed_0.3
confirmation,1987,1992,1997,32,0.5,10,10,0.9085173501577288,0.1764705882352941,51,0.2008139356530895,0.1214107551565111,634,0,0.6879875195007801,0.0625,160,1.193342093408013,0.5437503735459669,641,0,fixed_0.5
confirmation,1987,1992,1997,32,1.0,10,10,0.9116719242902208,0.2156862745098039,51,0.1912089657015749,0.1166383116523823,634,0,0.6895475819032761,0.0625,160,1.173859276839012,0.5300148377831008,641,0,fixed_1
confirmation,1987,1992,1997,32,1.0,20,10,0.9116719242902208,0.2156862745098039,51,0.1912089657015749,0.1166383116523823,634,0,0.6895475819032761,0.0625,160,1.173859276839012,0.5300148377831008,641,0,validation_all_rates
confirmation,1987,1992,1997,32,0.5,20,10,0.9085173501577288,0.1764705882352941,51,0.2008139356530895,0.1214107551565111,634,0,0.6879875195007801,0.0625,160,1.193342093408013,0.5437503735459669,641,0,validation_midrange
confirmation,1987,1992,1997,32,0.3,20,10,0.9085173501577288,0.0980392156862745,51,0.2092034019772503,0.1266510159235632,634,0,0.6848673946957878,0.05,160,1.2716367270627655,0.5609367747639982,641,0,validation_compact
confirmation,1987,1992,1997,32,0.01,20,10,0.9100946372239748,0.0784313725490196,51,0.2244100807588979,0.1342009888907284,634,0,0.6801872074882995,0.03125,160,1.309274252003826,0.5793313483872075,641,0,fixed_0.01
confirmation,1987,1992,1997,32,0.03,20,10,0.9100946372239748,0.0784313725490196,51,0.2244378502229733,0.1342268651372391,634,0,0.6801872074882995,0.03125,160,1.3100224493299395,0.5792744014309446,641,0,fixed_0.03
confirmation,1987,1992,1997,32,0.05,20,10,0.9132492113564668,0.1176470588235294,51,0.2233237669789207,0.1336302189464539,634,0,0.6801872074882995,0.03125,160,1.3001761752291925,0.5772512221670186,641,0,fixed_0.05
confirmation,1987,1992,1997,32,0.1,20,10,0.9100946372239748,0.0980392156862745,51,0.2204882664568922,0.1323996918787517,634,0,0.6801872074882995,0.03125,160,1.3128350250947105,0.5758949117954699,641,0,fixed_0.1
confirmation,1987,1992,1997,32,0.2,20,10,0.9100946372239748,0.0980392156862745,51,0.2136575523576198,0.1289004453155983,634,0,0.6817472698907956,0.0375,160,1.254877228946715,0.565215622239599,641,0,fixed_0.2
confirmation,1987,1992,1997,32,0.3,20,10,0.9085173501577288,0.0980392156862745,51,0.2092034019772503,0.1266510159235632,634,0,0.6848673946957878,0.05,160,1.2716367270627655,0.5609367747639982,641,0,fixed_0.3
confirmation,1987,1992,1997,32,0.5,20,10,0.9085173501577288,0.1764705882352941,51,0.2008139356530895,0.1214107551565111,634,0,0.6879875195007801,0.0625,160,1.193342093408013,0.5437503735459669,641,0,fixed_0.5
confirmation,1987,1992,1997,32,1.0,20,10,0.9116719242902208,0.2156862745098039,51,0.1912089657015749,0.1166383116523823,634,0,0.6895475819032761,0.0625,160,1.173859276839012,0.5300148377831008,641,0,fixed_1
confirmation,1987,1992,1997,32,1.0,50,10,0.9116719242902208,0.2156862745098039,51,0.1912089657015749,0.1166383116523823,634,0,0.6895475819032761,0.0625,160,1.173859276839012,0.5300148377831008,641,0,validation_all_rates
confirmation,1987,1992,1997,32,0.5,50,10,0.9085173501577288,0.1764705882352941,51,0.2008139356530895,0.1214107551565111,634,0,0.6879875195007801,0.0625,160,1.193342093408013,0.5437503735459669,641,0,validation_midrange
confirmation,1987,1992,1997,32,0.3,50,10,0.9085173501577288,0.0980392156862745,51,0.2092034019772503,0.1266510159235632,634,0,0.6848673946957878,0.05,160,1.2716367270627655,0.5609367747639982,641,0,validation_compact
confirmation,1987,1992,1997,32,0.01,50,10,0.9100946372239748,0.0784313725490196,51,0.2244100807588979,0.1342009888907284,634,0,0.6801872074882995,0.03125,160,1.309274252003826,0.5793313483872075,641,0,fixed_0.01
confirmation,1987,1992,1997,32,0.03,50,10,0.9100946372239748,0.0784313725490196,51,0.2244378502229733,0.1342268651372391,634,0,0.6801872074882995,0.03125,160,1.3100224493299395,0.5792744014309446,641,0,fixed_0.03
confirmation,1987,1992,1997,32,0.05,50,10,0.9132492113564668,0.1176470588235294,51,0.2233237669789207,0.1336302189464539,634,0,0.6801872074882995,0.03125,160,1.3001761752291925,0.5772512221670186,641,0,fixed_0.05
confirmation,1987,1992,1997,32,0.1,50,10,0.9100946372239748,0.0980392156862745,51,0.2204882664568922,0.1323996918787517,634,0,0.6801872074882995,0.03125,160,1.3128350250947105,0.5758949117954699,641,0,fixed_0.1
confirmation,1987,1992,1997,32,0.2,50,10,0.9100946372239748,0.0980392156862745,51,0.2136575523576198,0.1289004453155983,634,0,0.6817472698907956,0.0375,160,1.254877228946715,0.565215622239599,641,0,fixed_0.2
confirmation,1987,1992,1997,32,0.3,50,10,0.9085173501577288,0.0980392156862745,51,0.2092034019772503,0.1266510159235632,634,0,0.6848673946957878,0.05,160,1.2716367270627655,0.5609367747639982,641,0,fixed_0.3
confirmation,1987,1992,1997,32,0.5,50,10,0.9085173501577288,0.1764705882352941,51,0.2008139356530895,0.1214107551565111,634,0,0.6879875195007801,0.0625,160,1.193342093408013,0.5437503735459669,641,0,fixed_0.5
confirmation,1987,1992,1997,32,1.0,50,10,0.9116719242902208,0.2156862745098039,51,0.1912089657015749,0.1166383116523823,634,0,0.6895475819032761,0.0625,160,1.173859276839012,0.5300148377831008,641,0,fixed_1
confirmation,1987,1992,1997,32_16,1.0,10,10,0.9022082018927444,0.2352941176470588,51,0.2193192194023995,0.1287680038126931,634,0,0.6786271450858035,0.05,160,1.212377726241631,0.5447257634606577,641,0,validation_all_rates
confirmation,1987,1992,1997,32_16,0.3,10,10,0.9037854889589906,0.2745098039215686,51,0.2230957459223524,0.1288919721356678,634,0,0.6786271450858035,0.05,160,1.3364291674383095,0.5550286112204851,641,0,validation_midrange
confirmation,1987,1992,1997,32_16,0.3,10,10,0.9037854889589906,0.2745098039215686,51,0.2230957459223524,0.1288919721356678,634,0,0.6786271450858035,0.05,160,1.3364291674383095,0.5550286112204851,641,0,validation_compact
confirmation,1987,1992,1997,32_16,0.01,10,10,0.8911671924290221,0.1372549019607843,51,0.263536539737262,0.1486832906227282,634,0,0.6645865834633385,0.03125,160,1.2327278078581478,0.5798302261174615,641,0,fixed_0.01
confirmation,1987,1992,1997,32_16,0.03,10,10,0.8911671924290221,0.1372549019607843,51,0.2623272357601913,0.1479313208845304,634,0,0.6645865834633385,0.03125,160,1.209961394737552,0.5761733455717248,641,0,fixed_0.03
confirmation,1987,1992,1997,32_16,0.05,10,10,0.889589905362776,0.1372549019607843,51,0.2603542589005276,0.1476671032665782,634,0,0.6645865834633385,0.03125,160,1.2222057386086118,0.5785335752818995,641,0,fixed_0.05
confirmation,1987,1992,1997,32_16,0.1,10,10,0.9006309148264984,0.1372549019607843,51,0.2427961125793339,0.1422686890088036,634,0,0.6692667706708268,0.0375,160,1.238922707284352,0.5811359002770756,641,0,fixed_0.1
confirmation,1987,1992,1997,32_16,0.2,10,10,0.9037854889589906,0.196078431372549,51,0.2387007459047946,0.1385886523686247,634,0,0.6739469578783152,0.04375,160,1.3966868181114225,0.5801752475739157,641,0,fixed_0.2
confirmation,1987,1992,1997,32_16,0.3,10,10,0.9037854889589906,0.2745098039215686,51,0.2230957459223524,0.1288919721356678,634,0,0.6786271450858035,0.05,160,1.3364291674383095,0.5550286112204851,641,0,fixed_0.3
confirmation,1987,1992,1997,32_16,0.5,10,10,0.9037854889589906,0.2549019607843137,51,0.2298775327396437,0.1315693689878279,634,0,0.6770670826833073,0.05,160,1.3645453306990314,0.5643660494551951,641,0,fixed_0.5
confirmation,1987,1992,1997,32_16,1.0,10,10,0.9022082018927444,0.2352941176470588,51,0.2193192194023995,0.1287680038126931,634,0,0.6786271450858035,0.05,160,1.212377726241631,0.5447257634606577,641,0,fixed_1
confirmation,1987,1992,1997,32_16,1.0,20,10,0.9022082018927444,0.2352941176470588,51,0.2193192194023995,0.1287680038126931,634,0,0.6786271450858035,0.05,160,1.212377726241631,0.5447257634606577,641,0,validation_all_rates
confirmation,1987,1992,1997,32_16,0.3,20,10,0.9037854889589906,0.2745098039215686,51,0.2230957459223524,0.1288919721356678,634,0,0.6786271450858035,0.05,160,1.3364291674383095,0.5550286112204851,641,0,validation_midrange
confirmation,1987,1992,1997,32_16,0.3,20,10,0.9037854889589906,0.2745098039215686,51,0.2230957459223524,0.1288919721356678,634,0,0.6786271450858035,0.05,160,1.3364291674383095,0.5550286112204851,641,0,validation_compact
confirmation,1987,1992,1997,32_16,0.01,20,10,0.8911671924290221,0.1372549019607843,51,0.2629157043488904,0.1486719252197794,634,0,0.6645865834633385,0.03125,160,1.2452764063705346,0.5819264373265607,641,0,fixed_0.01
confirmation,1987,1992,1997,32_16,0.03,20,10,0.8958990536277602,0.1372549019607843,51,0.2587365963938961,0.1471788902972855,634,0,0.6645865834633385,0.03125,160,1.2437797575803415,0.5821527274133996,641,0,fixed_0.03
confirmation,1987,1992,1997,32_16,0.05,20,10,0.8974763406940063,0.1372549019607843,51,0.2527809225744766,0.1462038286371994,634,0,0.6661466458658346,0.0375,160,1.2627575908086064,0.5870406455975652,641,0,fixed_0.05
confirmation,1987,1992,1997,32_16,0.1,20,10,0.8990536277602523,0.1372549019607843,51,0.244617135189101,0.1426152508590579,634,0,0.6708268330733229,0.04375,160,1.3076879604659224,0.5876316661148517,641,0,fixed_0.1
confirmation,1987,1992,1997,32_16,0.2,20,10,0.9037854889589906,0.196078431372549,51,0.2374061169413913,0.1369895612074597,634,0,0.6755070202808112,0.04375,160,1.4278411552325023,0.5796788601484573,641,0,fixed_0.2
confirmation,1987,1992,1997,32_16,0.3,20,10,0.9037854889589906,0.2745098039215686,51,0.2230957459223524,0.1288919721356678,634,0,0.6786271450858035,0.05,160,1.3364291674383095,0.5550286112204851,641,0,fixed_0.3
confirmation,1987,1992,1997,32_16,0.5,20,10,0.9037854889589906,0.2549019607843137,51,0.2298775327396437,0.1315693689878279,634,0,0.6770670826833073,0.05,160,1.3645453306990314,0.5643660494551951,641,0,fixed_0.5
confirmation,1987,1992,1997,32_16,1.0,20,10,0.9022082018927444,0.2352941176470588,51,0.2193192194023995,0.1287680038126931,634,0,0.6786271450858035,0.05,160,1.212377726241631,0.5447257634606577,641,0,fixed_1
confirmation,1987,1992,1997,32_16,1.0,50,10,0.9022082018927444,0.2352941176470588,51,0.2193192194023995,0.1287680038126931,634,0,0.6786271450858035,0.05,160,1.212377726241631,0.5447257634606577,641,0,validation_all_rates
confirmation,1987,1992,1997,32_16,0.3,50,10,0.9037854889589906,0.2745098039215686,51,0.2230957459223524,0.1288919721356678,634,0,0.6786271450858035,0.05,160,1.3364291674383095,0.5550286112204851,641,0,validation_midrange
confirmation,1987,1992,1997,32_16,0.3,50,10,0.9037854889589906,0.2745098039215686,51,0.2230957459223524,0.1288919721356678,634,0,0.6786271450858035,0.05,160,1.3364291674383095,0.5550286112204851,641,0,validation_compact
confirmation,1987,1992,1997,32_16,0.01,50,10,0.8958990536277602,0.1372549019607843,51,0.2595530742697312,0.1476307556809818,634,0,0.6645865834633385,0.03125,160,1.2611758466554357,0.5851779162012196,641,0,fixed_0.01
confirmation,1987,1992,1997,32_16,0.03,50,10,0.8974763406940063,0.1372549019607843,51,0.2529523695379277,0.1455160326568866,634,0,0.6661466458658346,0.0375,160,1.2521918254104816,0.5849350729380245,641,0,fixed_0.03
confirmation,1987,1992,1997,32_16,0.05,50,10,0.8974763406940063,0.1372549019607843,51,0.2527809225744766,0.1462038286371994,634,0,0.6661466458658346,0.0375,160,1.2627575908086064,0.5870406455975652,641,0,fixed_0.05
confirmation,1987,1992,1997,32_16,0.1,50,10,0.8990536277602523,0.1372549019607843,51,0.244617135189101,0.1426152508590579,634,0,0.6708268330733229,0.04375,160,1.3076879604659224,0.5876316661148517,641,0,fixed_0.1
confirmation,1987,1992,1997,32_16,0.2,50,10,0.9037854889589906,0.196078431372549,51,0.2374061169413913,0.1369895612074597,634,0,0.6755070202808112,0.04375,160,1.4278411552325023,0.5796788601484573,641,0,fixed_0.2
confirmation,1987,1992,1997,32_16,0.3,50,10,0.9037854889589906,0.2745098039215686,51,0.2230957459223524,0.1288919721356678,634,0,0.6786271450858035,0.05,160,1.3364291674383095,0.5550286112204851,641,0,fixed_0.3
confirmation,1987,1992,1997,32_16,0.5,50,10,0.9037854889589906,0.2549019607843137,51,0.2298775327396437,0.1315693689878279,634,0,0.6770670826833073,0.05,160,1.3645453306990314,0.5643660494551951,641,0,fixed_0.5
confirmation,1987,1992,1997,32_16,1.0,50,10,0.9022082018927444,0.2352941176470588,51,0.2193192194023995,0.1287680038126931,634,0,0.6786271450858035,0.05,160,1.212377726241631,0.5447257634606577,641,0,fixed_1
confirmation,1987,1992,1997,64_32,1.0,10,10,0.9116719242902208,0.3137254901960784,51,0.1993864147445948,0.1179970849923857,634,0,0.6848673946957878,0.05625,160,1.1723628986982888,0.5201577931740267,641,0,validation_all_rates
confirmation,1987,1992,1997,64_32,0.5,10,10,0.9022082018927444,0.2745098039215686,51,0.2150941392000792,0.127299150297101,634,0,0.6770670826833073,0.05,160,1.188037237755708,0.5418828345305357,641,0,validation_midrange
confirmation,1987,1992,1997,64_32,0.3,10,10,0.9085173501577288,0.2941176470588235,51,0.2173929805153729,0.1270624859831715,634,0,0.6817472698907956,0.05,160,1.3493111571583505,0.5577938938039223,641,0,validation_compact
confirmation,1987,1992,1997,64_32,0.01,10,10,0.8911671924290221,0.1176470588235294,51,0.2567844775831519,0.1466511722339029,634,0,0.6630265210608425,0.025,160,1.2251854602084675,0.5822948971014984,641,0,fixed_0.01
confirmation,1987,1992,1997,64_32,0.03,10,10,0.8958990536277602,0.1372549019607843,51,0.2536685514218479,0.1459508743798072,634,0,0.6630265210608425,0.025,160,1.238667516327363,0.5851690816756672,641,0,fixed_0.03
confirmation,1987,1992,1997,64_32,0.05,10,10,0.8943217665615142,0.1372549019607843,51,0.2576361435832441,0.1485045437335508,634,0,0.6630265210608425,0.025,160,1.311505245321724,0.5914074379438149,641,0,fixed_0.05
confirmation,1987,1992,1997,64_32,0.1,10,10,0.9006309148264984,0.1372549019607843,51,0.2405710670750309,0.1412987415409811,634,0,0.6708268330733229,0.04375,160,1.2754730575424962,0.5845870391518523,641,0,fixed_0.1
confirmation,1987,1992,1997,64_32,0.2,10,10,0.9069400630914828,0.196078431372549,51,0.2244692272698418,0.1321914080506934,634,0,0.6801872074882995,0.04375,160,1.396241918602295,0.577579054430242,641,0,fixed_0.2
confirmation,1987,1992,1997,64_32,0.3,10,10,0.9085173501577288,0.2941176470588235,51,0.2173929805153729,0.1270624859831715,634,0,0.6817472698907956,0.05,160,1.3493111571583505,0.5577938938039223,641,0,fixed_0.3
confirmation,1987,1992,1997,64_32,0.5,10,10,0.9022082018927444,0.2745098039215686,51,0.2150941392000792,0.127299150297101,634,0,0.6770670826833073,0.05,160,1.188037237755708,0.5418828345305357,641,0,fixed_0.5
confirmation,1987,1992,1997,64_32,1.0,10,10,0.9116719242902208,0.3137254901960784,51,0.1993864147445948,0.1179970849923857,634,0,0.6848673946957878,0.05625,160,1.1723628986982888,0.5201577931740267,641,0,fixed_1
confirmation,1987,1992,1997,64_32,1.0,20,10,0.9116719242902208,0.3137254901960784,51,0.1993864147445948,0.1179970849923857,634,0,0.6848673946957878,0.05625,160,1.1723628986982888,0.5201577931740267,641,0,validation_all_rates
confirmation,1987,1992,1997,64_32,0.5,20,10,0.9022082018927444,0.2745098039215686,51,0.2150941392000792,0.127299150297101,634,0,0.6770670826833073,0.05,160,1.188037237755708,0.5418828345305357,641,0,validation_midrange
confirmation,1987,1992,1997,64_32,0.3,20,10,0.9085173501577288,0.2941176470588235,51,0.2173929805153729,0.1270624859831715,634,0,0.6817472698907956,0.05,160,1.3493111571583505,0.5577938938039223,641,0,validation_compact
confirmation,1987,1992,1997,64_32,0.01,20,10,0.8911671924290221,0.1176470588235294,51,0.2550409864855873,0.1460794035458224,634,0,0.6630265210608425,0.025,160,1.2287768027783617,0.5830810838735553,641,0,fixed_0.01
confirmation,1987,1992,1997,64_32,0.03,20,10,0.8974763406940063,0.1372549019607843,51,0.2518567061400741,0.1453204094968907,634,0,0.6630265210608425,0.025,160,1.2427453247647062,0.5860491497701082,641,0,fixed_0.03
confirmation,1987,1992,1997,64_32,0.05,20,10,0.9006309148264984,0.1372549019607843,51,0.2504974879558026,0.1461422606218669,634,0,0.6677067082683308,0.03125,160,1.3777808143533874,0.5993387769008397,641,0,fixed_0.05
confirmation,1987,1992,1997,64_32,0.1,20,10,0.9022082018927444,0.1372549019607843,51,0.2421005781359045,0.1418163648730773,634,0,0.672386895475819,0.04375,160,1.3994203339728786,0.5933368993334697,641,0,fixed_0.1
confirmation,1987,1992,1997,64_32,0.2,20,10,0.9069400630914828,0.196078431372549,51,0.2244692272698418,0.1321914080506934,634,0,0.6801872074882995,0.04375,160,1.396241918602295,0.577579054430242,641,0,fixed_0.2
confirmation,1987,1992,1997,64_32,0.3,20,10,0.9085173501577288,0.2941176470588235,51,0.2173929805153729,0.1270624859831715,634,0,0.6817472698907956,0.05,160,1.3493111571583505,0.5577938938039223,641,0,fixed_0.3
confirmation,1987,1992,1997,64_32,0.5,20,10,0.9022082018927444,0.2745098039215686,51,0.2150941392000792,0.127299150297101,634,0,0.6770670826833073,0.05,160,1.188037237755708,0.5418828345305357,641,0,fixed_0.5
confirmation,1987,1992,1997,64_32,1.0,20,10,0.9116719242902208,0.3137254901960784,51,0.1993864147445948,0.1179970849923857,634,0,0.6848673946957878,0.05625,160,1.1723628986982888,0.5201577931740267,641,0,fixed_1
confirmation,1987,1992,1997,64_32,1.0,50,10,0.9116719242902208,0.3137254901960784,51,0.1993864147445948,0.1179970849923857,634,0,0.6848673946957878,0.05625,160,1.1723628986982888,0.5201577931740267,641,0,validation_all_rates
confirmation,1987,1992,1997,64_32,0.5,50,10,0.9022082018927444,0.2745098039215686,51,0.2150941392000792,0.127299150297101,634,0,0.6770670826833073,0.05,160,1.188037237755708,0.5418828345305357,641,0,validation_midrange
confirmation,1987,1992,1997,64_32,0.3,50,10,0.9085173501577288,0.2941176470588235,51,0.2173929805153729,0.1270624859831715,634,0,0.6817472698907956,0.05,160,1.3493111571583505,0.5577938938039223,641,0,validation_compact
confirmation,1987,1992,1997,64_32,0.01,50,10,0.8911671924290221,0.1176470588235294,51,0.2550409864855873,0.1460794035458224,634,0,0.6630265210608425,0.025,160,1.2287768027783617,0.5830810838735553,641,0,fixed_0.01
confirmation,1987,1992,1997,64_32,0.03,50,10,0.8974763406940063,0.1372549019607843,51,0.25125303050526,0.1453339003586786,634,0,0.6630265210608425,0.025,160,1.2556817953535222,0.5884511080666558,641,0,fixed_0.03
confirmation,1987,1992,1997,64_32,0.05,50,10,0.9022082018927444,0.1372549019607843,51,0.2497641020112181,0.1452633550797371,634,0,0.6692667706708268,0.0375,160,1.4227225211350212,0.6032625978086756,641,0,fixed_0.05
confirmation,1987,1992,1997,64_32,0.1,50,10,0.9022082018927444,0.1372549019607843,51,0.2421005781359045,0.1418163648730773,634,0,0.672386895475819,0.04375,160,1.3994203339728786,0.5933368993334697,641,0,fixed_0.1
confirmation,1987,1992,1997,64_32,0.2,50,10,0.9069400630914828,0.196078431372549,51,0.2244692272698418,0.1321914080506934,634,0,0.6801872074882995,0.04375,160,1.396241918602295,0.577579054430242,641,0,fixed_0.2
confirmation,1987,1992,1997,64_32,0.3,50,10,0.9085173501577288,0.2941176470588235,51,0.2173929805153729,0.1270624859831715,634,0,0.6817472698907956,0.05,160,1.3493111571583505,0.5577938938039223,641,0,fixed_0.3
confirmation,1987,1992,1997,64_32,0.5,50,10,0.9022082018927444,0.2745098039215686,51,0.2150941392000792,0.127299150297101,634,0,0.6770670826833073,0.05,160,1.188037237755708,0.5418828345305357,641,0,fixed_0.5
confirmation,1987,1992,1997,64_32,1.0,50,10,0.9116719242902208,0.3137254901960784,51,0.1993864147445948,0.1179970849923857,634,0,0.6848673946957878,0.05625,160,1.1723628986982888,0.5201577931740267,641,0,fixed_1
confirmation,1992,1997,2001,16,1.0,10,10,0.8081123244929798,0.53125,160,0.4647119470530805,0.2595524882203275,641,0,0.9407176287051482,0.125,24,0.2071148365592762,0.0991645330631171,641,0,validation_all_rates
confirmation,1992,1997,2001,16,0.5,10,10,0.781591263650546,0.4375,160,0.5385256469947611,0.3052471887806806,641,0,0.9438377535101404,0.1666666666666666,24,0.2082359868663292,0.1016679571417751,641,0,validation_midrange
confirmation,1992,1997,2001,16,0.3,10,10,0.781591263650546,0.44375,160,0.5494323449240434,0.3100266098153288,641,0,0.9453978159126364,0.1666666666666666,24,0.2055607710416642,0.0984388878303656,641,0,validation_compact
confirmation,1992,1997,2001,16,0.01,10,10,0.7425897035881436,0.34375,160,0.6480966546409155,0.3459319312603261,641,0,0.8876755070202809,0.2083333333333333,24,0.4454955394630159,0.2021284116909473,641,0,fixed_0.01
confirmation,1992,1997,2001,16,0.03,10,10,0.748829953198128,0.36875,160,0.6080141384488189,0.3337009876272521,641,0,0.890795631825273,0.2083333333333333,24,0.3728361365973858,0.169344724792379,641,0,fixed_0.03
confirmation,1992,1997,2001,16,0.05,10,10,0.7550702028081123,0.39375,160,0.5763202757444646,0.3276660628185681,641,0,0.9095163806552262,0.2083333333333333,24,0.3046592315015664,0.1429030416638792,641,0,fixed_0.05
confirmation,1992,1997,2001,16,0.1,10,10,0.7691107644305772,0.4125,160,0.5698721957295224,0.3242599182657433,641,0,0.93603744149766,0.1666666666666666,24,0.2412170344798178,0.11340783715144,641,0,fixed_0.1
confirmation,1992,1997,2001,16,0.2,10,10,0.7691107644305772,0.41875,160,0.5882569863151029,0.330207445511583,641,0,0.9235569422776913,0.1666666666666666,24,0.2325751009999803,0.1146020296430598,641,0,fixed_0.2
confirmation,1992,1997,2001,16,0.3,10,10,0.781591263650546,0.44375,160,0.5494323449240434,0.3100266098153288,641,0,0.9453978159126364,0.1666666666666666,24,0.2055607710416642,0.0984388878303656,641,0,fixed_0.3
confirmation,1992,1997,2001,16,0.5,10,10,0.781591263650546,0.4375,160,0.5385256469947611,0.3052471887806806,641,0,0.9438377535101404,0.1666666666666666,24,0.2082359868663292,0.1016679571417751,641,0,fixed_0.5
confirmation,1992,1997,2001,16,1.0,10,10,0.8081123244929798,0.53125,160,0.4647119470530805,0.2595524882203275,641,0,0.9407176287051482,0.125,24,0.2071148365592762,0.0991645330631171,641,0,fixed_1
confirmation,1992,1997,2001,16,1.0,20,10,0.8081123244929798,0.53125,160,0.4647119470530805,0.2595524882203275,641,0,0.9407176287051482,0.125,24,0.2071148365592762,0.0991645330631171,641,0,validation_all_rates
confirmation,1992,1997,2001,16,0.5,20,10,0.7862714508580343,0.45625,160,0.5225758960687451,0.2949338946561488,641,0,0.9438377535101404,0.1666666666666666,24,0.2013831514383283,0.0969758958695336,641,0,validation_midrange
confirmation,1992,1997,2001,16,0.3,20,10,0.781591263650546,0.44375,160,0.5494323449240434,0.3100266098153288,641,0,0.9453978159126364,0.1666666666666666,24,0.2055607710416642,0.0984388878303656,641,0,validation_compact
confirmation,1992,1997,2001,16,0.01,20,10,0.748829953198128,0.36875,160,0.608386739220998,0.334914104677889,641,0,0.8923556942277691,0.2083333333333333,24,0.3713433614411225,0.1685463071995948,641,0,fixed_0.01
confirmation,1992,1997,2001,16,0.03,20,10,0.7566302652106084,0.4,160,0.5764521420362984,0.3285944626348419,641,0,0.904836193447738,0.2083333333333333,24,0.3052624753254419,0.1443260374589567,641,0,fixed_0.03
confirmation,1992,1997,2001,16,0.05,20,10,0.7581903276131046,0.40625,160,0.5721344758735697,0.3260557007351581,641,0,0.9126365054602184,0.2083333333333333,24,0.301188786563502,0.1411727948552044,641,0,fixed_0.05
confirmation,1992,1997,2001,16,0.1,20,10,0.7691107644305772,0.4125,160,0.5698721957295224,0.3242599182657433,641,0,0.93603744149766,0.1666666666666666,24,0.2412170344798178,0.11340783715144,641,0,fixed_0.1
confirmation,1992,1997,2001,16,0.2,20,10,0.7691107644305772,0.41875,160,0.5882569863151029,0.330207445511583,641,0,0.9235569422776913,0.1666666666666666,24,0.2325751009999803,0.1146020296430598,641,0,fixed_0.2
confirmation,1992,1997,2001,16,0.3,20,10,0.781591263650546,0.44375,160,0.5494323449240434,0.3100266098153288,641,0,0.9453978159126364,0.1666666666666666,24,0.2055607710416642,0.0984388878303656,641,0,fixed_0.3
confirmation,1992,1997,2001,16,0.5,20,10,0.7862714508580343,0.45625,160,0.5225758960687451,0.2949338946561488,641,0,0.9438377535101404,0.1666666666666666,24,0.2013831514383283,0.0969758958695336,641,0,fixed_0.5
confirmation,1992,1997,2001,16,1.0,20,10,0.8081123244929798,0.53125,160,0.4647119470530805,0.2595524882203275,641,0,0.9407176287051482,0.125,24,0.2071148365592762,0.0991645330631171,641,0,fixed_1
confirmation,1992,1997,2001,16,1.0,50,10,0.8081123244929798,0.53125,160,0.4647119470530805,0.2595524882203275,641,0,0.9407176287051482,0.125,24,0.2071148365592762,0.0991645330631171,641,0,validation_all_rates
confirmation,1992,1997,2001,16,0.5,50,10,0.7862714508580343,0.45625,160,0.5225758960687451,0.2949338946561488,641,0,0.9438377535101404,0.1666666666666666,24,0.2013831514383283,0.0969758958695336,641,0,validation_midrange
confirmation,1992,1997,2001,16,0.3,50,10,0.781591263650546,0.44375,160,0.5494323449240434,0.3100266098153288,641,0,0.9453978159126364,0.1666666666666666,24,0.2055607710416642,0.0984388878303656,641,0,validation_compact
confirmation,1992,1997,2001,16,0.01,50,10,0.750390015600624,0.375,160,0.5935757986323018,0.3315043801528696,641,0,0.8954758190327613,0.2083333333333333,24,0.337439928435283,0.1561443648214072,641,0,fixed_0.01
confirmation,1992,1997,2001,16,0.03,50,10,0.7566302652106084,0.4,160,0.5764521420362984,0.3285944626348419,641,0,0.904836193447738,0.2083333333333333,24,0.3052624753254419,0.1443260374589567,641,0,fixed_0.03
confirmation,1992,1997,2001,16,0.05,50,10,0.7581903276131046,0.40625,160,0.5721344758735697,0.3260557007351581,641,0,0.9126365054602184,0.2083333333333333,24,0.301188786563502,0.1411727948552044,641,0,fixed_0.05
confirmation,1992,1997,2001,16,0.1,50,10,0.7691107644305772,0.4125,160,0.5698721957295224,0.3242599182657433,641,0,0.93603744149766,0.1666666666666666,24,0.2412170344798178,0.11340783715144,641,0,fixed_0.1
confirmation,1992,1997,2001,16,0.2,50,10,0.7691107644305772,0.41875,160,0.5882569863151029,0.330207445511583,641,0,0.9235569422776913,0.1666666666666666,24,0.2325751009999803,0.1146020296430598,641,0,fixed_0.2
confirmation,1992,1997,2001,16,0.3,50,10,0.781591263650546,0.44375,160,0.5494323449240434,0.3100266098153288,641,0,0.9453978159126364,0.1666666666666666,24,0.2055607710416642,0.0984388878303656,641,0,fixed_0.3
confirmation,1992,1997,2001,16,0.5,50,10,0.7862714508580343,0.45625,160,0.5225758960687451,0.2949338946561488,641,0,0.9438377535101404,0.1666666666666666,24,0.2013831514383283,0.0969758958695336,641,0,fixed_0.5
confirmation,1992,1997,2001,16,1.0,50,10,0.8081123244929798,0.53125,160,0.4647119470530805,0.2595524882203275,641,0,0.9407176287051482,0.125,24,0.2071148365592762,0.0991645330631171,641,0,fixed_1
confirmation,1992,1997,2001,32,1.0,10,10,0.8237129485179407,0.53125,160,0.5005266706553748,0.2691203287621086,641,0,0.9422776911076444,0.125,24,0.2104295753209172,0.0973279616587255,641,0,validation_all_rates
confirmation,1992,1997,2001,32,0.5,10,10,0.7862714508580343,0.4625,160,0.5538298444964093,0.2980120786688177,641,0,0.9453978159126364,0.1666666666666666,24,0.2182048026736776,0.1028140496485026,641,0,validation_midrange
confirmation,1992,1997,2001,32,0.3,10,10,0.7722308892355694,0.44375,160,0.5708557592646482,0.3091810945400409,641,0,0.9453978159126364,0.1666666666666666,24,0.2255973652080616,0.1065019116152593,641,0,validation_compact
confirmation,1992,1997,2001,32,0.01,10,10,0.7425897035881436,0.34375,160,0.6664064490130573,0.358427277457261,641,0,0.8861154446177847,0.1666666666666666,24,0.4347945733374624,0.1988656085671085,641,0,fixed_0.01
confirmation,1992,1997,2001,32,0.03,10,10,0.765990639625585,0.4125,160,0.6080675950205126,0.3354069354228994,641,0,0.9297971918876756,0.1666666666666666,24,0.2577105555063422,0.120893561461805,641,0,fixed_0.03
confirmation,1992,1997,2001,32,0.05,10,10,0.7737909516380655,0.41875,160,0.6070677946411533,0.3332414436209314,641,0,0.937597503900156,0.1666666666666666,24,0.2367407781871978,0.1134281943332695,641,0,fixed_0.05
confirmation,1992,1997,2001,32,0.1,10,10,0.7737909516380655,0.41875,160,0.5960948456600131,0.3287166077211375,641,0,0.9407176287051482,0.1666666666666666,24,0.2351760752742246,0.1123117600012029,641,0,fixed_0.1
confirmation,1992,1997,2001,32,0.2,10,10,0.7784711388455539,0.43125,160,0.5830043135231019,0.3224748505500439,641,0,0.9251170046801872,0.1666666666666666,24,0.2494623980776243,0.1201009156017095,641,0,fixed_0.2
confirmation,1992,1997,2001,32,0.3,10,10,0.7722308892355694,0.44375,160,0.5708557592646482,0.3091810945400409,641,0,0.9453978159126364,0.1666666666666666,24,0.2255973652080616,0.1065019116152593,641,0,fixed_0.3
confirmation,1992,1997,2001,32,0.5,10,10,0.7862714508580343,0.4625,160,0.5538298444964093,0.2980120786688177,641,0,0.9453978159126364,0.1666666666666666,24,0.2182048026736776,0.1028140496485026,641,0,fixed_0.5
confirmation,1992,1997,2001,32,1.0,10,10,0.8237129485179407,0.53125,160,0.5005266706553748,0.2691203287621086,641,0,0.9422776911076444,0.125,24,0.2104295753209172,0.0973279616587255,641,0,fixed_1
confirmation,1992,1997,2001,32,1.0,20,10,0.7987519500780031,0.59375,160,0.4778455344033288,0.2542235288259672,641,0,0.9422776911076444,0.125,24,0.2062270453358673,0.0965803292652915,641,0,validation_all_rates
confirmation,1992,1997,2001,32,0.5,20,10,0.7862714508580343,0.4625,160,0.5538298444964093,0.2980120786688177,641,0,0.9453978159126364,0.1666666666666666,24,0.2182048026736776,0.1028140496485026,641,0,validation_midrange
confirmation,1992,1997,2001,32,0.3,20,10,0.7722308892355694,0.44375,160,0.5708557592646482,0.3091810945400409,641,0,0.9453978159126364,0.1666666666666666,24,0.2255973652080616,0.1065019116152593,641,0,validation_compact
confirmation,1992,1997,2001,32,0.01,20,10,0.748829953198128,0.36875,160,0.6443903177101472,0.3475570098007506,641,0,0.8939157566302652,0.2083333333333333,24,0.4021409823112341,0.1832622702539705,641,0,fixed_0.01
confirmation,1992,1997,2001,32,0.03,20,10,0.7691107644305772,0.40625,160,0.6186491283938916,0.3404652913286682,641,0,0.9282371294851794,0.1666666666666666,24,0.241790539886559,0.1166938105359601,641,0,fixed_0.03
confirmation,1992,1997,2001,32,0.05,20,10,0.7737909516380655,0.41875,160,0.6070677946411533,0.3332414436209314,641,0,0.937597503900156,0.1666666666666666,24,0.2367407781871978,0.1134281943332695,641,0,fixed_0.05
confirmation,1992,1997,2001,32,0.1,20,10,0.7737909516380655,0.41875,160,0.5960948456600131,0.3287166077211375,641,0,0.9407176287051482,0.1666666666666666,24,0.2351760752742246,0.1123117600012029,641,0,fixed_0.1
confirmation,1992,1997,2001,32,0.2,20,10,0.7784711388455539,0.43125,160,0.5830043135231019,0.3224748505500439,641,0,0.9251170046801872,0.1666666666666666,24,0.2494623980776243,0.1201009156017095,641,0,fixed_0.2
confirmation,1992,1997,2001,32,0.3,20,10,0.7722308892355694,0.44375,160,0.5708557592646482,0.3091810945400409,641,0,0.9453978159126364,0.1666666666666666,24,0.2255973652080616,0.1065019116152593,641,0,fixed_0.3
confirmation,1992,1997,2001,32,0.5,20,10,0.7862714508580343,0.4625,160,0.5538298444964093,0.2980120786688177,641,0,0.9453978159126364,0.1666666666666666,24,0.2182048026736776,0.1028140496485026,641,0,fixed_0.5
confirmation,1992,1997,2001,32,1.0,20,10,0.7987519500780031,0.59375,160,0.4778455344033288,0.2542235288259672,641,0,0.9422776911076444,0.125,24,0.2062270453358673,0.0965803292652915,641,0,fixed_1
confirmation,1992,1997,2001,32,1.0,50,10,0.7987519500780031,0.59375,160,0.4778455344033288,0.2542235288259672,641,0,0.9422776911076444,0.125,24,0.2062270453358673,0.0965803292652915,641,0,validation_all_rates
confirmation,1992,1997,2001,32,0.5,50,10,0.7862714508580343,0.4625,160,0.5538298444964093,0.2980120786688177,641,0,0.9453978159126364,0.1666666666666666,24,0.2182048026736776,0.1028140496485026,641,0,validation_midrange
confirmation,1992,1997,2001,32,0.3,50,10,0.7722308892355694,0.44375,160,0.5708557592646482,0.3091810945400409,641,0,0.9453978159126364,0.1666666666666666,24,0.2255973652080616,0.1065019116152593,641,0,validation_compact
confirmation,1992,1997,2001,32,0.01,50,10,0.7628705148205929,0.3875,160,0.623584173303019,0.3439717067833717,641,0,0.9251170046801872,0.1666666666666666,24,0.245819167008735,0.1191506002057217,641,0,fixed_0.01
confirmation,1992,1997,2001,32,0.03,50,10,0.7691107644305772,0.40625,160,0.6186491283938916,0.3404652913286682,641,0,0.9282371294851794,0.1666666666666666,24,0.241790539886559,0.1166938105359601,641,0,fixed_0.03
confirmation,1992,1997,2001,32,0.05,50,10,0.7737909516380655,0.41875,160,0.6070677946411533,0.3332414436209314,641,0,0.937597503900156,0.1666666666666666,24,0.2367407781871978,0.1134281943332695,641,0,fixed_0.05
confirmation,1992,1997,2001,32,0.1,50,10,0.7737909516380655,0.41875,160,0.5960948456600131,0.3287166077211375,641,0,0.9407176287051482,0.1666666666666666,24,0.2351760752742246,0.1123117600012029,641,0,fixed_0.1
confirmation,1992,1997,2001,32,0.2,50,10,0.7784711388455539,0.43125,160,0.5830043135231019,0.3224748505500439,641,0,0.9251170046801872,0.1666666666666666,24,0.2494623980776243,0.1201009156017095,641,0,fixed_0.2
confirmation,1992,1997,2001,32,0.3,50,10,0.7722308892355694,0.44375,160,0.5708557592646482,0.3091810945400409,641,0,0.9453978159126364,0.1666666666666666,24,0.2255973652080616,0.1065019116152593,641,0,fixed_0.3
confirmation,1992,1997,2001,32,0.5,50,10,0.7862714508580343,0.4625,160,0.5538298444964093,0.2980120786688177,641,0,0.9453978159126364,0.1666666666666666,24,0.2182048026736776,0.1028140496485026,641,0,fixed_0.5
confirmation,1992,1997,2001,32,1.0,50,10,0.7987519500780031,0.59375,160,0.4778455344033288,0.2542235288259672,641,0,0.9422776911076444,0.125,24,0.2062270453358673,0.0965803292652915,641,0,fixed_1
confirmation,1992,1997,2001,32_16,1.0,10,10,0.8081123244929798,0.61875,160,0.4363793872495879,0.2373541507603586,641,0,0.9438377535101404,0.1666666666666666,24,0.2285590231327696,0.1018471091090848,641,0,validation_all_rates
confirmation,1992,1997,2001,32_16,0.5,10,10,0.8065522620904836,0.55,160,0.478179218151902,0.2645996776141646,641,0,0.9266770670826832,0.2083333333333333,24,0.2279573387959601,0.1106796926751845,641,0,validation_midrange
confirmation,1992,1997,2001,32_16,0.3,10,10,0.7706708268330733,0.45,160,0.5458502039231168,0.3041783453933237,641,0,0.9110764430577224,0.2083333333333333,24,0.2498328911524054,0.1239380947093789,641,0,validation_compact
confirmation,1992,1997,2001,32_16,0.01,10,10,0.748829953198128,0.36875,160,0.6589636158206827,0.3430196580312062,641,0,0.8861154446177847,0.2083333333333333,24,0.4831802361491465,0.2158566989787403,641,0,fixed_0.01
confirmation,1992,1997,2001,32_16,0.03,10,10,0.7613104524180967,0.41875,160,0.6162707839092224,0.3326871927034237,641,0,0.8892355694227769,0.2083333333333333,24,0.3565160164042324,0.1651063830141759,641,0,fixed_0.03
confirmation,1992,1997,2001,32_16,0.05,10,10,0.7613104524180967,0.41875,160,0.6031957249779706,0.3315089970094321,641,0,0.890795631825273,0.2083333333333333,24,0.3266873790444644,0.1563597717473901,641,0,fixed_0.05
confirmation,1992,1997,2001,32_16,0.1,10,10,0.765990639625585,0.4375,160,0.5850138758941456,0.3230651551771603,641,0,0.8954758190327613,0.2083333333333333,24,0.3056459398110687,0.1472406346085349,641,0,fixed_0.1
confirmation,1992,1997,2001,32_16,0.2,10,10,0.7722308892355694,0.4625,160,0.5520471086845534,0.3027801655026065,641,0,0.9001560062402496,0.2083333333333333,24,0.2856071062061277,0.137800050799091,641,0,fixed_0.2
confirmation,1992,1997,2001,32_16,0.3,10,10,0.7706708268330733,0.45,160,0.5458502039231168,0.3041783453933237,641,0,0.9110764430577224,0.2083333333333333,24,0.2498328911524054,0.1239380947093789,641,0,fixed_0.3
confirmation,1992,1997,2001,32_16,0.5,10,10,0.8065522620904836,0.55,160,0.478179218151902,0.2645996776141646,641,0,0.9266770670826832,0.2083333333333333,24,0.2279573387959601,0.1106796926751845,641,0,fixed_0.5
confirmation,1992,1997,2001,32_16,1.0,10,10,0.8081123244929798,0.61875,160,0.4363793872495879,0.2373541507603586,641,0,0.9438377535101404,0.1666666666666666,24,0.2285590231327696,0.1018471091090848,641,0,fixed_1
confirmation,1992,1997,2001,32_16,1.0,20,10,0.8081123244929798,0.61875,160,0.4363793872495879,0.2373541507603586,641,0,0.9438377535101404,0.1666666666666666,24,0.2285590231327696,0.1018471091090848,641,0,validation_all_rates
confirmation,1992,1997,2001,32_16,0.5,20,10,0.8237129485179407,0.59375,160,0.456222258844936,0.2503343399386468,641,0,0.939157566302652,0.1666666666666666,24,0.2244951348776877,0.1087354936101584,641,0,validation_midrange
confirmation,1992,1997,2001,32_16,0.3,20,10,0.7847113884555382,0.48125,160,0.5323834783158217,0.2946827924980729,641,0,0.9204368174726988,0.2083333333333333,24,0.238329509083731,0.1179700800800501,641,0,validation_compact
confirmation,1992,1997,2001,32_16,0.01,20,10,0.7550702028081123,0.39375,160,0.6455018149872146,0.336009589262456,641,0,0.8876755070202809,0.2083333333333333,24,0.457521528310704,0.2056971373900948,641,0,fixed_0.01
confirmation,1992,1997,2001,32_16,0.03,20,10,0.7597503900156006,0.4125,160,0.6055671600914196,0.3315065477824861,641,0,0.8892355694227769,0.2083333333333333,24,0.3353628255811403,0.1586903027879396,641,0,fixed_0.03
confirmation,1992,1997,2001,32_16,0.05,20,10,0.7613104524180967,0.41875,160,0.6031957249779706,0.3315089970094321,641,0,0.890795631825273,0.2083333333333333,24,0.3266873790444644,0.1563597717473901,641,0,fixed_0.05
confirmation,1992,1997,2001,32_16,0.1,20,10,0.765990639625585,0.4375,160,0.5850138758941456,0.3230651551771603,641,0,0.8954758190327613,0.2083333333333333,24,0.3056459398110687,0.1472406346085349,641,0,fixed_0.1
confirmation,1992,1997,2001,32_16,0.2,20,10,0.7722308892355694,0.4625,160,0.5520471086845534,0.3027801655026065,641,0,0.9001560062402496,0.2083333333333333,24,0.2856071062061277,0.137800050799091,641,0,fixed_0.2
confirmation,1992,1997,2001,32_16,0.3,20,10,0.7847113884555382,0.48125,160,0.5323834783158217,0.2946827924980729,641,0,0.9204368174726988,0.2083333333333333,24,0.238329509083731,0.1179700800800501,641,0,fixed_0.3
confirmation,1992,1997,2001,32_16,0.5,20,10,0.8237129485179407,0.59375,160,0.456222258844936,0.2503343399386468,641,0,0.939157566302652,0.1666666666666666,24,0.2244951348776877,0.1087354936101584,641,0,fixed_0.5
confirmation,1992,1997,2001,32_16,1.0,20,10,0.8081123244929798,0.61875,160,0.4363793872495879,0.2373541507603586,641,0,0.9438377535101404,0.1666666666666666,24,0.2285590231327696,0.1018471091090848,641,0,fixed_1
confirmation,1992,1997,2001,32_16,1.0,50,10,0.8081123244929798,0.61875,160,0.4363793872495879,0.2373541507603586,641,0,0.9438377535101404,0.1666666666666666,24,0.2285590231327696,0.1018471091090848,641,0,validation_all_rates
confirmation,1992,1997,2001,32_16,0.5,50,10,0.8237129485179407,0.59375,160,0.456222258844936,0.2503343399386468,641,0,0.939157566302652,0.1666666666666666,24,0.2244951348776877,0.1087354936101584,641,0,validation_midrange
confirmation,1992,1997,2001,32_16,0.3,50,10,0.7847113884555382,0.48125,160,0.5323834783158217,0.2946827924980729,641,0,0.9204368174726988,0.2083333333333333,24,0.238329509083731,0.1179700800800501,641,0,validation_compact
confirmation,1992,1997,2001,32_16,0.01,50,10,0.7581903276131046,0.40625,160,0.6124514129572054,0.3354595565262142,641,0,0.8892355694227769,0.2083333333333333,24,0.3455428468504292,0.1633976413088625,641,0,fixed_0.01
confirmation,1992,1997,2001,32_16,0.03,50,10,0.7597503900156006,0.4125,160,0.6055671600914196,0.3315065477824861,641,0,0.8892355694227769,0.2083333333333333,24,0.3353628255811403,0.1586903027879396,641,0,fixed_0.03
confirmation,1992,1997,2001,32_16,0.05,50,10,0.7613104524180967,0.41875,160,0.6031957249779706,0.3315089970094321,641,0,0.890795631825273,0.2083333333333333,24,0.3266873790444644,0.1563597717473901,641,0,fixed_0.05
confirmation,1992,1997,2001,32_16,0.1,50,10,0.765990639625585,0.4375,160,0.5850138758941456,0.3230651551771603,641,0,0.8954758190327613,0.2083333333333333,24,0.3056459398110687,0.1472406346085349,641,0,fixed_0.1
confirmation,1992,1997,2001,32_16,0.2,50,10,0.7722308892355694,0.4625,160,0.5520471086845534,0.3027801655026065,641,0,0.9001560062402496,0.2083333333333333,24,0.2856071062061277,0.137800050799091,641,0,fixed_0.2
confirmation,1992,1997,2001,32_16,0.3,50,10,0.7847113884555382,0.48125,160,0.5323834783158217,0.2946827924980729,641,0,0.9204368174726988,0.2083333333333333,24,0.238329509083731,0.1179700800800501,641,0,fixed_0.3
confirmation,1992,1997,2001,32_16,0.5,50,10,0.8237129485179407,0.59375,160,0.456222258844936,0.2503343399386468,641,0,0.939157566302652,0.1666666666666666,24,0.2244951348776877,0.1087354936101584,641,0,fixed_0.5
confirmation,1992,1997,2001,32_16,1.0,50,10,0.8081123244929798,0.61875,160,0.4363793872495879,0.2373541507603586,641,0,0.9438377535101404,0.1666666666666666,24,0.2285590231327696,0.1018471091090848,641,0,fixed_1
confirmation,1992,1997,2001,64_32,1.0,10,10,0.8127925117004681,0.63125,160,0.4359032799841681,0.236061821581406,641,0,0.9453978159126364,0.0416666666666666,24,0.1980770304477735,0.0896273210645546,641,0,validation_all_rates
confirmation,1992,1997,2001,64_32,0.5,10,10,0.7893915756630265,0.5125,160,0.5123714124434539,0.2795851274631049,641,0,0.9266770670826832,0.1666666666666666,24,0.2245716800902456,0.1109262801864862,641,0,validation_midrange
confirmation,1992,1997,2001,64_32,0.3,10,10,0.7722308892355694,0.45625,160,0.5774615200614315,0.3112672908481297,641,0,0.9173166926677068,0.2083333333333333,24,0.2512418433825452,0.1270291900743908,641,0,validation_compact
confirmation,1992,1997,2001,64_32,0.01,10,10,0.7550702028081123,0.39375,160,0.7091932772781157,0.3466539858554797,641,0,0.8892355694227769,0.2083333333333333,24,0.594823364981939,0.26428201671963,641,0,fixed_0.01
confirmation,1992,1997,2001,64_32,0.03,10,10,0.7675507020280812,0.44375,160,0.6720392202801335,0.3392012089268482,641,0,0.8892355694227769,0.2083333333333333,24,0.4926094997281239,0.2243430340981613,641,0,fixed_0.03
confirmation,1992,1997,2001,64_32,0.05,10,10,0.7706708268330733,0.45625,160,0.6716014988006336,0.3338395790030068,641,0,0.890795631825273,0.2083333333333333,24,0.516811056316803,0.230848640296075,641,0,fixed_0.05
confirmation,1992,1997,2001,64_32,0.1,10,10,0.7706708268330733,0.4625,160,0.6332131431142025,0.3180165633420221,641,0,0.890795631825273,0.2083333333333333,24,0.4211192056935401,0.1881303789202272,641,0,fixed_0.1
confirmation,1992,1997,2001,64_32,0.2,10,10,0.7628705148205929,0.425,160,0.6111173021259949,0.3325661721827722,641,0,0.9001560062402496,0.2083333333333333,24,0.2857772265632177,0.1432801832729585,641,0,fixed_0.2
confirmation,1992,1997,2001,64_32,0.3,10,10,0.7722308892355694,0.45625,160,0.5774615200614315,0.3112672908481297,641,0,0.9173166926677068,0.2083333333333333,24,0.2512418433825452,0.1270291900743908,641,0,fixed_0.3
confirmation,1992,1997,2001,64_32,0.5,10,10,0.7893915756630265,0.5125,160,0.5123714124434539,0.2795851274631049,641,0,0.9266770670826832,0.1666666666666666,24,0.2245716800902456,0.1109262801864862,641,0,fixed_0.5
confirmation,1992,1997,2001,64_32,1.0,10,10,0.8127925117004681,0.63125,160,0.4359032799841681,0.236061821581406,641,0,0.9453978159126364,0.0416666666666666,24,0.1980770304477735,0.0896273210645546,641,0,fixed_1
confirmation,1992,1997,2001,64_32,1.0,20,10,0.8127925117004681,0.63125,160,0.4359032799841681,0.236061821581406,641,0,0.9453978159126364,0.0416666666666666,24,0.1980770304477735,0.0896273210645546,641,0,validation_all_rates
confirmation,1992,1997,2001,64_32,0.5,20,10,0.7893915756630265,0.5125,160,0.5123714124434539,0.2795851274631049,641,0,0.9266770670826832,0.1666666666666666,24,0.2245716800902456,0.1109262801864862,641,0,validation_midrange
confirmation,1992,1997,2001,64_32,0.3,20,10,0.7847113884555382,0.5,160,0.5620802273779291,0.2998746701595545,641,0,0.921996879875195,0.2083333333333333,24,0.2469847474012797,0.1237362804605747,641,0,validation_compact
confirmation,1992,1997,2001,64_32,0.01,20,10,0.765990639625585,0.4375,160,0.680155113219816,0.3390536509262459,641,0,0.8892355694227769,0.2083333333333333,24,0.5396546789490198,0.2437070167156584,641,0,fixed_0.01
confirmation,1992,1997,2001,64_32,0.03,20,10,0.7675507020280812,0.44375,160,0.6720392202801335,0.3392012089268482,641,0,0.8892355694227769,0.2083333333333333,24,0.4926094997281239,0.2243430340981613,641,0,fixed_0.03
confirmation,1992,1997,2001,64_32,0.05,20,10,0.7691107644305772,0.45,160,0.6600082254148024,0.3324190251103774,641,0,0.890795631825273,0.2083333333333333,24,0.472455542196078,0.2115174844427683,641,0,fixed_0.05
confirmation,1992,1997,2001,64_32,0.1,20,10,0.7706708268330733,0.4625,160,0.6332131431142025,0.3180165633420221,641,0,0.890795631825273,0.2083333333333333,24,0.4211192056935401,0.1881303789202272,641,0,fixed_0.1
confirmation,1992,1997,2001,64_32,0.2,20,10,0.7691107644305772,0.45,160,0.6030475779498368,0.3259691206025965,641,0,0.9017160686427456,0.2083333333333333,24,0.2817378444791887,0.1407647289714958,641,0,fixed_0.2
confirmation,1992,1997,2001,64_32,0.3,20,10,0.7847113884555382,0.5,160,0.5620802273779291,0.2998746701595545,641,0,0.921996879875195,0.2083333333333333,24,0.2469847474012797,0.1237362804605747,641,0,fixed_0.3
confirmation,1992,1997,2001,64_32,0.5,20,10,0.7893915756630265,0.5125,160,0.5123714124434539,0.2795851274631049,641,0,0.9266770670826832,0.1666666666666666,24,0.2245716800902456,0.1109262801864862,641,0,fixed_0.5
confirmation,1992,1997,2001,64_32,1.0,20,10,0.8127925117004681,0.63125,160,0.4359032799841681,0.236061821581406,641,0,0.9453978159126364,0.0416666666666666,24,0.1980770304477735,0.0896273210645546,641,0,fixed_1
confirmation,1992,1997,2001,64_32,1.0,50,10,0.8127925117004681,0.63125,160,0.4359032799841681,0.236061821581406,641,0,0.9453978159126364,0.0416666666666666,24,0.1980770304477735,0.0896273210645546,641,0,validation_all_rates
confirmation,1992,1997,2001,64_32,0.5,50,10,0.7893915756630265,0.5125,160,0.5123714124434539,0.2795851274631049,641,0,0.9266770670826832,0.1666666666666666,24,0.2245716800902456,0.1109262801864862,641,0,validation_midrange
confirmation,1992,1997,2001,64_32,0.3,50,10,0.7847113884555382,0.5,160,0.5620802273779291,0.2998746701595545,641,0,0.921996879875195,0.2083333333333333,24,0.2469847474012797,0.1237362804605747,641,0,validation_compact
confirmation,1992,1997,2001,64_32,0.01,50,10,0.7675507020280812,0.44375,160,0.6716367285381528,0.3373247636227107,641,0,0.8892355694227769,0.2083333333333333,24,0.5094713923732046,0.2296794473819871,641,0,fixed_0.01
confirmation,1992,1997,2001,64_32,0.03,50,10,0.7675507020280812,0.44375,160,0.6720392202801335,0.3392012089268482,641,0,0.8892355694227769,0.2083333333333333,24,0.4926094997281239,0.2243430340981613,641,0,fixed_0.03
confirmation,1992,1997,2001,64_32,0.05,50,10,0.7691107644305772,0.45,160,0.6600082254148024,0.3324190251103774,641,0,0.890795631825273,0.2083333333333333,24,0.472455542196078,0.2115174844427683,641,0,fixed_0.05
confirmation,1992,1997,2001,64_32,0.1,50,10,0.7706708268330733,0.4625,160,0.6332131431142025,0.3180165633420221,641,0,0.890795631825273,0.2083333333333333,24,0.4211192056935401,0.1881303789202272,641,0,fixed_0.1
confirmation,1992,1997,2001,64_32,0.2,50,10,0.7691107644305772,0.45,160,0.6030475779498368,0.3259691206025965,641,0,0.9017160686427456,0.2083333333333333,24,0.2817378444791887,0.1407647289714958,641,0,fixed_0.2
confirmation,1992,1997,2001,64_32,0.3,50,10,0.7847113884555382,0.5,160,0.5620802273779291,0.2998746701595545,641,0,0.921996879875195,0.2083333333333333,24,0.2469847474012797,0.1237362804605747,641,0,fixed_0.3
confirmation,1992,1997,2001,64_32,0.5,50,10,0.7893915756630265,0.5125,160,0.5123714124434539,0.2795851274631049,641,0,0.9266770670826832,0.1666666666666666,24,0.2245716800902456,0.1109262801864862,641,0,fixed_0.5
confirmation,1992,1997,2001,64_32,1.0,50,10,0.8127925117004681,0.63125,160,0.4359032799841681,0.236061821581406,641,0,0.9453978159126364,0.0416666666666666,24,0.1980770304477735,0.0896273210645546,641,0,fixed_1
confirmation,1997,2001,2005,16,0.3,10,10,0.9594383775351014,0.0833333333333333,24,0.1556980934061859,0.0728629588480229,641,0,0.802547770700637,0.631578947368421,57,0.4435664741634175,0.2616139977901646,628,0,validation_all_rates
confirmation,1997,2001,2005,16,0.3,10,10,0.9594383775351014,0.0833333333333333,24,0.1556980934061859,0.0728629588480229,641,0,0.802547770700637,0.631578947368421,57,0.4435664741634175,0.2616139977901646,628,0,validation_midrange
confirmation,1997,2001,2005,16,0.3,10,10,0.9594383775351014,0.0833333333333333,24,0.1556980934061859,0.0728629588480229,641,0,0.802547770700637,0.631578947368421,57,0.4435664741634175,0.2616139977901646,628,0,validation_compact
confirmation,1997,2001,2005,16,0.01,10,10,0.9516380655226208,0.1666666666666666,24,0.1669030265520028,0.0819074745482178,641,0,0.8630573248407644,0.5614035087719298,57,0.3434637219759083,0.1886486210263454,628,0,fixed_0.01
confirmation,1997,2001,2005,16,0.03,10,10,0.9516380655226208,0.1666666666666666,24,0.1698832867648962,0.0816096177715266,641,0,0.8710191082802548,0.5614035087719298,57,0.3299882694871351,0.1784227701253585,628,0,fixed_0.03
confirmation,1997,2001,2005,16,0.05,10,10,0.9516380655226208,0.1666666666666666,24,0.1639404846952455,0.0783500139884613,641,0,0.8519108280254777,0.5614035087719298,57,0.3494498430461277,0.1949401493238573,628,0,fixed_0.05
confirmation,1997,2001,2005,16,0.1,10,10,0.9547581903276132,0.1666666666666666,24,0.1618767250889633,0.0774625814594598,641,0,0.8375796178343949,0.5964912280701754,57,0.3617061331075928,0.2034532432556794,628,0,fixed_0.1
confirmation,1997,2001,2005,16,0.2,10,10,0.9625585023400935,0.1666666666666666,24,0.1559013629909907,0.0734453008838149,641,0,0.8232484076433121,0.6140350877192983,57,0.4083548744197557,0.2382906764549193,628,0,fixed_0.2
confirmation,1997,2001,2005,16,0.3,10,10,0.9594383775351014,0.0833333333333333,24,0.1556980934061859,0.0728629588480229,641,0,0.802547770700637,0.631578947368421,57,0.4435664741634175,0.2616139977901646,628,0,fixed_0.3
confirmation,1997,2001,2005,16,0.5,10,10,0.9609984399375976,0.125,24,0.1587102330596753,0.0738752066892048,641,0,0.8136942675159236,0.6140350877192983,57,0.4212257960041202,0.2455275252336069,628,0,fixed_0.5
confirmation,1997,2001,2005,16,1.0,10,10,0.9656786271450858,0.125,24,0.1647402506150168,0.0723224031513774,641,0,0.8136942675159236,0.5964912280701754,57,0.416368045935503,0.2412349561236633,628,0,fixed_1
confirmation,1997,2001,2005,16,0.2,20,10,0.9609984399375976,0.125,24,0.1550854599015561,0.073083163985825,641,0,0.8057324840764332,0.6140350877192983,57,0.4328457538584594,0.2555280119441636,628,0,validation_all_rates
confirmation,1997,2001,2005,16,0.2,20,10,0.9609984399375976,0.125,24,0.1550854599015561,0.073083163985825,641,0,0.8057324840764332,0.6140350877192983,57,0.4328457538584594,0.2555280119441636,628,0,validation_midrange
confirmation,1997,2001,2005,16,0.3,20,10,0.9594383775351014,0.0833333333333333,24,0.1556980934061859,0.0728629588480229,641,0,0.802547770700637,0.631578947368421,57,0.4435664741634175,0.2616139977901646,628,0,validation_compact
confirmation,1997,2001,2005,16,0.01,20,10,0.9516380655226208,0.1666666666666666,24,0.1605787369590993,0.0783426660852459,641,0,0.8184713375796179,0.6140350877192983,57,0.4105483200108445,0.2391880374586684,628,0,fixed_0.01
confirmation,1997,2001,2005,16,0.03,20,10,0.9563182527301092,0.1666666666666666,24,0.1601422243402893,0.0772022524636098,641,0,0.8248407643312102,0.6140350877192983,57,0.3916409573888087,0.2265416242521276,628,0,fixed_0.03
confirmation,1997,2001,2005,16,0.05,20,10,0.9563182527301092,0.125,24,0.1588345580462493,0.0767261944286551,641,0,0.8121019108280255,0.6140350877192983,57,0.4259328020988498,0.2499000636332427,628,0,fixed_0.05
confirmation,1997,2001,2005,16,0.1,20,10,0.9578783151326054,0.125,24,0.1574519505592505,0.0755016075744012,641,0,0.8073248407643312,0.6140350877192983,57,0.4258806882028055,0.250242825484166,628,0,fixed_0.1
confirmation,1997,2001,2005,16,0.2,20,10,0.9609984399375976,0.125,24,0.1550854599015561,0.073083163985825,641,0,0.8057324840764332,0.6140350877192983,57,0.4328457538584594,0.2555280119441636,628,0,fixed_0.2
confirmation,1997,2001,2005,16,0.3,20,10,0.9594383775351014,0.0833333333333333,24,0.1556980934061859,0.0728629588480229,641,0,0.802547770700637,0.631578947368421,57,0.4435664741634175,0.2616139977901646,628,0,fixed_0.3
confirmation,1997,2001,2005,16,0.5,20,10,0.9609984399375976,0.125,24,0.1587102330596753,0.0738752066892048,641,0,0.8136942675159236,0.6140350877192983,57,0.4212257960041202,0.2455275252336069,628,0,fixed_0.5
confirmation,1997,2001,2005,16,1.0,20,10,0.9656786271450858,0.125,24,0.1648594210606615,0.0728540065425592,641,0,0.8057324840764332,0.5964912280701754,57,0.4431003307187184,0.2586222210961811,628,0,fixed_1
confirmation,1997,2001,2005,16,0.2,50,10,0.9609984399375976,0.125,24,0.1550854599015561,0.073083163985825,641,0,0.8057324840764332,0.6140350877192983,57,0.4328457538584594,0.2555280119441636,628,0,validation_all_rates
confirmation,1997,2001,2005,16,0.2,50,10,0.9609984399375976,0.125,24,0.1550854599015561,0.073083163985825,641,0,0.8057324840764332,0.6140350877192983,57,0.4328457538584594,0.2555280119441636,628,0,validation_midrange
confirmation,1997,2001,2005,16,0.3,50,10,0.9594383775351014,0.0833333333333333,24,0.1556980934061859,0.0728629588480229,641,0,0.802547770700637,0.631578947368421,57,0.4435664741634175,0.2616139977901646,628,0,validation_compact
confirmation,1997,2001,2005,16,0.01,50,10,0.953198127925117,0.125,24,0.1596025467438356,0.0777704099221861,641,0,0.8105095541401274,0.6140350877192983,57,0.430652967539522,0.2526507977525986,628,0,fixed_0.01
confirmation,1997,2001,2005,16,0.03,50,10,0.9547581903276132,0.125,24,0.1587671302452769,0.0768929182737188,641,0,0.8105095541401274,0.6140350877192983,57,0.4290975454649523,0.2516848914223409,628,0,fixed_0.03
confirmation,1997,2001,2005,16,0.05,50,10,0.9547581903276132,0.125,24,0.1587778892877983,0.0767466908556659,641,0,0.8073248407643312,0.6140350877192983,57,0.4318844796234105,0.2536368658130753,628,0,fixed_0.05
confirmation,1997,2001,2005,16,0.1,50,10,0.9578783151326054,0.125,24,0.1574519505592505,0.0755016075744012,641,0,0.8073248407643312,0.6140350877192983,57,0.4258806882028055,0.250242825484166,628,0,fixed_0.1
confirmation,1997,2001,2005,16,0.2,50,10,0.9609984399375976,0.125,24,0.1550854599015561,0.073083163985825,641,0,0.8057324840764332,0.6140350877192983,57,0.4328457538584594,0.2555280119441636,628,0,fixed_0.2
confirmation,1997,2001,2005,16,0.3,50,10,0.9594383775351014,0.0833333333333333,24,0.1556980934061859,0.0728629588480229,641,0,0.802547770700637,0.631578947368421,57,0.4435664741634175,0.2616139977901646,628,0,fixed_0.3
confirmation,1997,2001,2005,16,0.5,50,10,0.9609984399375976,0.125,24,0.1587102330596753,0.0738752066892048,641,0,0.8136942675159236,0.6140350877192983,57,0.4212257960041202,0.2455275252336069,628,0,fixed_0.5
confirmation,1997,2001,2005,16,1.0,50,10,0.9656786271450858,0.125,24,0.1648594210606615,0.0728540065425592,641,0,0.8057324840764332,0.5964912280701754,57,0.4431003307187184,0.2586222210961811,628,0,fixed_1
confirmation,1997,2001,2005,32,0.3,10,10,0.953198127925117,0.125,24,0.1699497235701797,0.0790863641196257,641,0,0.8089171974522293,0.6140350877192983,57,0.4202977488871813,0.2495264018943279,628,0,validation_all_rates
confirmation,1997,2001,2005,32,0.3,10,10,0.953198127925117,0.125,24,0.1699497235701797,0.0790863641196257,641,0,0.8089171974522293,0.6140350877192983,57,0.4202977488871813,0.2495264018943279,628,0,validation_midrange
confirmation,1997,2001,2005,32,0.3,10,10,0.953198127925117,0.125,24,0.1699497235701797,0.0790863641196257,641,0,0.8089171974522293,0.6140350877192983,57,0.4202977488871813,0.2495264018943279,628,0,validation_compact
confirmation,1997,2001,2005,32,0.01,10,10,0.9469578783151326,0.1666666666666666,24,0.1858972112074836,0.0921965490245924,641,0,0.8630573248407644,0.5789473684210527,57,0.3386970629803892,0.1855122148268189,628,0,fixed_0.01
confirmation,1997,2001,2005,32,0.03,10,10,0.9469578783151326,0.1666666666666666,24,0.1824308980270704,0.0897581238604992,641,0,0.8550955414012739,0.5789473684210527,57,0.347062527951801,0.1927710741283987,628,0,fixed_0.03
confirmation,1997,2001,2005,32,0.05,10,10,0.9485179407176288,0.1666666666666666,24,0.1815261454680698,0.0888103462562198,641,0,0.8535031847133758,0.5789473684210527,57,0.3477683914857301,0.1931271118866867,628,0,fixed_0.05
confirmation,1997,2001,2005,32,0.1,10,10,0.9516380655226208,0.1666666666666666,24,0.1757662450487721,0.0854858372945479,641,0,0.8296178343949044,0.5964912280701754,57,0.3762008654576493,0.2160027560395377,628,0,fixed_0.1
confirmation,1997,2001,2005,32,0.2,10,10,0.9500780031201248,0.1666666666666666,24,0.1702197712135147,0.0807355116856226,641,0,0.8105095541401274,0.6140350877192983,57,0.4100773933358875,0.2427777786242916,628,0,fixed_0.2
confirmation,1997,2001,2005,32,0.3,10,10,0.953198127925117,0.125,24,0.1699497235701797,0.0790863641196257,641,0,0.8089171974522293,0.6140350877192983,57,0.4202977488871813,0.2495264018943279,628,0,fixed_0.3
confirmation,1997,2001,2005,32,0.5,10,10,0.9516380655226208,0.125,24,0.1707102202186743,0.0800817658930749,641,0,0.8136942675159236,0.5964912280701754,57,0.4026152030956061,0.2366443971048371,628,0,fixed_0.5
confirmation,1997,2001,2005,32,1.0,10,10,0.9594383775351014,0.1666666666666666,24,0.1745812584127933,0.0783558278090003,641,0,0.8089171974522293,0.6140350877192983,57,0.4136304305731383,0.2444217472114345,628,0,fixed_1
confirmation,1997,2001,2005,32,0.5,20,10,0.953198127925117,0.0833333333333333,24,0.1684676008613174,0.0787265827407187,641,0,0.8057324840764332,0.6140350877192983,57,0.421186014136569,0.2506288292476413,628,0,validation_all_rates
confirmation,1997,2001,2005,32,0.5,20,10,0.953198127925117,0.0833333333333333,24,0.1684676008613174,0.0787265827407187,641,0,0.8057324840764332,0.6140350877192983,57,0.421186014136569,0.2506288292476413,628,0,validation_midrange
confirmation,1997,2001,2005,32,0.3,20,10,0.953198127925117,0.125,24,0.1696632024105526,0.0797609330406086,641,0,0.7882165605095541,0.631578947368421,57,0.4744053241742634,0.2860983089101918,628,0,validation_compact
confirmation,1997,2001,2005,32,0.01,20,10,0.9469578783151326,0.1666666666666666,24,0.180849167340363,0.0903074626220194,641,0,0.8296178343949044,0.6140350877192983,57,0.3730495558113182,0.2141545197136365,628,0,fixed_0.01
confirmation,1997,2001,2005,32,0.03,20,10,0.9469578783151326,0.125,24,0.1778565089630275,0.088093680182306,641,0,0.8248407643312102,0.6140350877192983,57,0.3898820804411472,0.2272847481673703,628,0,fixed_0.03
confirmation,1997,2001,2005,32,0.05,20,10,0.9500780031201248,0.1666666666666666,24,0.1749746130537452,0.0864290434475418,641,0,0.804140127388535,0.6140350877192983,57,0.4213590570332461,0.249548266888562,628,0,fixed_0.05
confirmation,1997,2001,2005,32,0.1,20,10,0.9500780031201248,0.1666666666666666,24,0.1715682998360497,0.0827455610045651,641,0,0.8073248407643312,0.6140350877192983,57,0.4181973718350008,0.2484937697182609,628,0,fixed_0.1
confirmation,1997,2001,2005,32,0.2,20,10,0.9500780031201248,0.1666666666666666,24,0.1688713761543308,0.0803006918187421,641,0,0.7961783439490446,0.6140350877192983,57,0.44630643988092,0.2675477261613638,628,0,fixed_0.2
confirmation,1997,2001,2005,32,0.3,20,10,0.953198127925117,0.125,24,0.1696632024105526,0.0797609330406086,641,0,0.7882165605095541,0.631578947368421,57,0.4744053241742634,0.2860983089101918,628,0,fixed_0.3
confirmation,1997,2001,2005,32,0.5,20,10,0.953198127925117,0.0833333333333333,24,0.1684676008613174,0.0787265827407187,641,0,0.8057324840764332,0.6140350877192983,57,0.421186014136569,0.2506288292476413,628,0,fixed_0.5
confirmation,1997,2001,2005,32,1.0,20,10,0.9594383775351014,0.1666666666666666,24,0.1745812584127933,0.0783558278090003,641,0,0.8089171974522293,0.6140350877192983,57,0.4136304305731383,0.2444217472114345,628,0,fixed_1
confirmation,1997,2001,2005,32,0.2,50,10,0.9500780031201248,0.125,24,0.1684624081732648,0.0801151300314391,641,0,0.7929936305732485,0.631578947368421,57,0.4641291139385108,0.2794309116631934,628,0,validation_all_rates
confirmation,1997,2001,2005,32,0.2,50,10,0.9500780031201248,0.125,24,0.1684624081732648,0.0801151300314391,641,0,0.7929936305732485,0.631578947368421,57,0.4641291139385108,0.2794309116631934,628,0,validation_midrange
confirmation,1997,2001,2005,32,0.3,50,10,0.953198127925117,0.125,24,0.1696632024105526,0.0797609330406086,641,0,0.7882165605095541,0.631578947368421,57,0.4744053241742634,0.2860983089101918,628,0,validation_compact
confirmation,1997,2001,2005,32,0.01,50,10,0.9485179407176288,0.1666666666666666,24,0.1775356865495472,0.0885602946597665,641,0,0.804140127388535,0.6140350877192983,57,0.4212240408307913,0.2506151213139721,628,0,fixed_0.01
confirmation,1997,2001,2005,32,0.03,50,10,0.9469578783151326,0.125,24,0.1747221420947296,0.0863273700291961,641,0,0.8009554140127388,0.631578947368421,57,0.4379757752569135,0.2625690106538452,628,0,fixed_0.03
confirmation,1997,2001,2005,32,0.05,50,10,0.9469578783151326,0.125,24,0.1735485441239202,0.0856349811784016,641,0,0.7898089171974523,0.631578947368421,57,0.4795811744869708,0.2869525986724153,628,0,fixed_0.05
confirmation,1997,2001,2005,32,0.1,50,10,0.9500780031201248,0.1666666666666666,24,0.1711709499589113,0.0829274731085175,641,0,0.802547770700637,0.631578947368421,57,0.4438492779492565,0.2663454593761188,628,0,fixed_0.1
confirmation,1997,2001,2005,32,0.2,50,10,0.9500780031201248,0.125,24,0.1684624081732648,0.0801151300314391,641,0,0.7929936305732485,0.631578947368421,57,0.4641291139385108,0.2794309116631934,628,0,fixed_0.2
confirmation,1997,2001,2005,32,0.3,50,10,0.953198127925117,0.125,24,0.1696632024105526,0.0797609330406086,641,0,0.7882165605095541,0.631578947368421,57,0.4744053241742634,0.2860983089101918,628,0,fixed_0.3
confirmation,1997,2001,2005,32,0.5,50,10,0.953198127925117,0.0833333333333333,24,0.1684676008613174,0.0787265827407187,641,0,0.8057324840764332,0.6140350877192983,57,0.421186014136569,0.2506288292476413,628,0,fixed_0.5
confirmation,1997,2001,2005,32,1.0,50,10,0.9594383775351014,0.1666666666666666,24,0.1745812584127933,0.0783558278090003,641,0,0.8089171974522293,0.6140350877192983,57,0.4136304305731383,0.2444217472114345,628,0,fixed_1
confirmation,1997,2001,2005,32_16,0.2,10,10,0.9547581903276132,0.0833333333333333,24,0.1769968722936049,0.0815520015142978,641,0,0.7882165605095541,0.6140350877192983,57,0.4708750801054929,0.279784001884203,628,0,validation_all_rates
confirmation,1997,2001,2005,32_16,0.2,10,10,0.9547581903276132,0.0833333333333333,24,0.1769968722936049,0.0815520015142978,641,0,0.7882165605095541,0.6140350877192983,57,0.4708750801054929,0.279784001884203,628,0,validation_midrange
confirmation,1997,2001,2005,32_16,0.3,10,10,0.9547581903276132,0.0833333333333333,24,0.1773961176811665,0.0813340620569964,641,0,0.7977707006369427,0.6140350877192983,57,0.4516092853463735,0.2667613819364668,628,0,validation_compact
confirmation,1997,2001,2005,32_16,0.01,10,10,0.9453978159126364,0.125,24,0.1964866951361259,0.0947422660287337,641,0,0.8296178343949044,0.5789473684210527,57,0.3683349164942525,0.2056378659207677,628,0,fixed_0.01
confirmation,1997,2001,2005,32_16,0.03,10,10,0.9500780031201248,0.0833333333333333,24,0.1872921557402169,0.0879856721585495,641,0,0.8073248407643312,0.5964912280701754,57,0.4040264460322383,0.236425541156664,628,0,fixed_0.03
confirmation,1997,2001,2005,32_16,0.05,10,10,0.9516380655226208,0.125,24,0.1845110099005515,0.087802879774336,641,0,0.8089171974522293,0.5964912280701754,57,0.4054131472640424,0.2365356695969701,628,0,fixed_0.05
confirmation,1997,2001,2005,32_16,0.1,10,10,0.9485179407176288,0.0833333333333333,24,0.1778008591148627,0.083069889686846,641,0,0.7882165605095541,0.6140350877192983,57,0.452352253147086,0.2707908131166824,628,0,fixed_0.1
confirmation,1997,2001,2005,32_16,0.2,10,10,0.9547581903276132,0.0833333333333333,24,0.1769968722936049,0.0815520015142978,641,0,0.7882165605095541,0.6140350877192983,57,0.4708750801054929,0.279784001884203,628,0,fixed_0.2
confirmation,1997,2001,2005,32_16,0.3,10,10,0.9547581903276132,0.0833333333333333,24,0.1773961176811665,0.0813340620569964,641,0,0.7977707006369427,0.6140350877192983,57,0.4516092853463735,0.2667613819364668,628,0,fixed_0.3
confirmation,1997,2001,2005,32_16,0.5,10,10,0.9563182527301092,0.125,24,0.1818617714061676,0.0815566844043678,641,0,0.8057324840764332,0.6140350877192983,57,0.4488926072539761,0.262335565116756,628,0,fixed_0.5
confirmation,1997,2001,2005,32_16,1.0,10,10,0.9516380655226208,0.125,24,0.1910239780332694,0.0855694751805785,641,0,0.8089171974522293,0.6140350877192983,57,0.4485081901745087,0.2596316146073832,628,0,fixed_1
confirmation,1997,2001,2005,32_16,0.2,20,10,0.9547581903276132,0.0833333333333333,24,0.1769968722936049,0.0815520015142978,641,0,0.7882165605095541,0.6140350877192983,57,0.4708750801054929,0.279784001884203,628,0,validation_all_rates
confirmation,1997,2001,2005,32_16,0.2,20,10,0.9547581903276132,0.0833333333333333,24,0.1769968722936049,0.0815520015142978,641,0,0.7882165605095541,0.6140350877192983,57,0.4708750801054929,0.279784001884203,628,0,validation_midrange
confirmation,1997,2001,2005,32_16,0.3,20,10,0.9547581903276132,0.0833333333333333,24,0.1773961176811665,0.0813340620569964,641,0,0.7977707006369427,0.6140350877192983,57,0.4516092853463735,0.2667613819364668,628,0,validation_compact
confirmation,1997,2001,2005,32_16,0.01,20,10,0.9453978159126364,0.125,24,0.1864074988801156,0.0902302622411862,641,0,0.8057324840764332,0.5964912280701754,57,0.4113609509351836,0.2417707835252497,628,0,fixed_0.01
confirmation,1997,2001,2005,32_16,0.03,20,10,0.9469578783151326,0.0833333333333333,24,0.180922172864462,0.0864714409360878,641,0,0.7961783439490446,0.6140350877192983,57,0.4480465911080016,0.2665237510530517,628,0,fixed_0.03
confirmation,1997,2001,2005,32_16,0.05,20,10,0.9485179407176288,0.125,24,0.1810313152905185,0.0860853280662258,641,0,0.802547770700637,0.6140350877192983,57,0.4350910768725496,0.2578631116175958,628,0,fixed_0.05
confirmation,1997,2001,2005,32_16,0.1,20,10,0.9500780031201248,0.0833333333333333,24,0.1777727479184326,0.082919849634453,641,0,0.7882165605095541,0.6140350877192983,57,0.461216003968473,0.277120407320542,628,0,fixed_0.1
confirmation,1997,2001,2005,32_16,0.2,20,10,0.9547581903276132,0.0833333333333333,24,0.1769968722936049,0.0815520015142978,641,0,0.7882165605095541,0.6140350877192983,57,0.4708750801054929,0.279784001884203,628,0,fixed_0.2
confirmation,1997,2001,2005,32_16,0.3,20,10,0.9547581903276132,0.0833333333333333,24,0.1773961176811665,0.0813340620569964,641,0,0.7977707006369427,0.6140350877192983,57,0.4516092853463735,0.2667613819364668,628,0,fixed_0.3
confirmation,1997,2001,2005,32_16,0.5,20,10,0.9563182527301092,0.125,24,0.1818617714061676,0.0815566844043678,641,0,0.8057324840764332,0.6140350877192983,57,0.4488926072539761,0.262335565116756,628,0,fixed_0.5
confirmation,1997,2001,2005,32_16,1.0,20,10,0.9516380655226208,0.125,24,0.1910239780332694,0.0855694751805785,641,0,0.8089171974522293,0.6140350877192983,57,0.4485081901745087,0.2596316146073832,628,0,fixed_1
confirmation,1997,2001,2005,32_16,0.2,50,10,0.9547581903276132,0.0833333333333333,24,0.1769968722936049,0.0815520015142978,641,0,0.7882165605095541,0.6140350877192983,57,0.4708750801054929,0.279784001884203,628,0,validation_all_rates
confirmation,1997,2001,2005,32_16,0.2,50,10,0.9547581903276132,0.0833333333333333,24,0.1769968722936049,0.0815520015142978,641,0,0.7882165605095541,0.6140350877192983,57,0.4708750801054929,0.279784001884203,628,0,validation_midrange
confirmation,1997,2001,2005,32_16,0.1,50,10,0.9500780031201248,0.0833333333333333,24,0.1773918783605826,0.0833342547496858,641,0,0.7882165605095541,0.631578947368421,57,0.4879466106764658,0.2896010787687521,628,0,validation_compact
confirmation,1997,2001,2005,32_16,0.01,50,10,0.9438377535101404,0.0833333333333333,24,0.1839625955109077,0.0889333778585461,641,0,0.8009554140127388,0.631578947368421,57,0.4472751200298613,0.2649708065283748,628,0,fixed_0.01
confirmation,1997,2001,2005,32_16,0.03,50,10,0.9453978159126364,0.0833333333333333,24,0.1805258922631897,0.0864391876291925,641,0,0.8009554140127388,0.631578947368421,57,0.4579151319432539,0.2710290552652745,628,0,fixed_0.03
confirmation,1997,2001,2005,32_16,0.05,50,10,0.9485179407176288,0.125,24,0.1808871064607518,0.0859865305209433,641,0,0.7993630573248408,0.6140350877192983,57,0.4447667400131997,0.2637828347004565,628,0,fixed_0.05
confirmation,1997,2001,2005,32_16,0.1,50,10,0.9500780031201248,0.0833333333333333,24,0.1773918783605826,0.0833342547496858,641,0,0.7882165605095541,0.631578947368421,57,0.4879466106764658,0.2896010787687521,628,0,fixed_0.1
confirmation,1997,2001,2005,32_16,0.2,50,10,0.9547581903276132,0.0833333333333333,24,0.1769968722936049,0.0815520015142978,641,0,0.7882165605095541,0.6140350877192983,57,0.4708750801054929,0.279784001884203,628,0,fixed_0.2
confirmation,1997,2001,2005,32_16,0.3,50,10,0.9547581903276132,0.0833333333333333,24,0.1773961176811665,0.0813340620569964,641,0,0.7977707006369427,0.6140350877192983,57,0.4516092853463735,0.2667613819364668,628,0,fixed_0.3
confirmation,1997,2001,2005,32_16,0.5,50,10,0.9625585023400935,0.1666666666666666,24,0.1804820151512825,0.0813690514429775,641,0,0.7993630573248408,0.6140350877192983,57,0.4526144054794541,0.2653282008287785,628,0,fixed_0.5
confirmation,1997,2001,2005,32_16,1.0,50,10,0.9594383775351014,0.125,24,0.1852039774195952,0.0822886754378479,641,0,0.8089171974522293,0.5964912280701754,57,0.4502169730542782,0.260686467780321,628,0,fixed_1
confirmation,1997,2001,2005,64_32,0.2,10,10,0.9516380655226208,0.125,24,0.1764553373977323,0.0821719676496504,641,0,0.7945859872611465,0.6140350877192983,57,0.4470464258076872,0.2652880067840303,628,0,validation_all_rates
confirmation,1997,2001,2005,64_32,0.2,10,10,0.9516380655226208,0.125,24,0.1764553373977323,0.0821719676496504,641,0,0.7945859872611465,0.6140350877192983,57,0.4470464258076872,0.2652880067840303,628,0,validation_midrange
confirmation,1997,2001,2005,64_32,0.1,10,10,0.9500780031201248,0.1666666666666666,24,0.177117325866222,0.083090455318836,641,0,0.7898089171974523,0.631578947368421,57,0.4587219486892419,0.2750332376711633,628,0,validation_compact
confirmation,1997,2001,2005,64_32,0.01,10,10,0.9422776911076444,0.1666666666666666,24,0.1964767820728908,0.0956500590417216,641,0,0.8359872611464968,0.5789473684210527,57,0.3570116360852985,0.1973473793111103,628,0,fixed_0.01
confirmation,1997,2001,2005,64_32,0.03,10,10,0.9453978159126364,0.1666666666666666,24,0.1902686083341617,0.0924016055889773,641,0,0.8328025477707006,0.6140350877192983,57,0.3750096851003682,0.2122026399387516,628,0,fixed_0.03
confirmation,1997,2001,2005,64_32,0.05,10,10,0.9469578783151326,0.125,24,0.1841066274245484,0.0879015712117268,641,0,0.8089171974522293,0.6140350877192983,57,0.4015701091055067,0.233377576521086,628,0,fixed_0.05
confirmation,1997,2001,2005,64_32,0.1,10,10,0.9500780031201248,0.1666666666666666,24,0.177117325866222,0.083090455318836,641,0,0.7898089171974523,0.631578947368421,57,0.4587219486892419,0.2750332376711633,628,0,fixed_0.1
confirmation,1997,2001,2005,64_32,0.2,10,10,0.9516380655226208,0.125,24,0.1764553373977323,0.0821719676496504,641,0,0.7945859872611465,0.6140350877192983,57,0.4470464258076872,0.2652880067840303,628,0,fixed_0.2
confirmation,1997,2001,2005,64_32,0.3,10,10,0.953198127925117,0.0833333333333333,24,0.1784145811863431,0.0817737260556019,641,0,0.7945859872611465,0.631578947368421,57,0.4439969605907372,0.263443722576361,628,0,fixed_0.3
confirmation,1997,2001,2005,64_32,0.5,10,10,0.9516380655226208,0.1666666666666666,24,0.1857393073696467,0.0847893385887803,641,0,0.8121019108280255,0.6140350877192983,57,0.4099971928180398,0.2381645823528685,628,0,fixed_0.5
confirmation,1997,2001,2005,64_32,1.0,10,10,0.9438377535101404,0.0833333333333333,24,0.1987004766508789,0.0893321192339302,641,0,0.8089171974522293,0.5964912280701754,57,0.4226891049615744,0.2410061753024946,628,0,fixed_1
confirmation,1997,2001,2005,64_32,0.2,20,10,0.953198127925117,0.125,24,0.1756694655659104,0.0813339051301731,641,0,0.7914012738853503,0.631578947368421,57,0.4597363671223232,0.2738944204947226,628,0,validation_all_rates
confirmation,1997,2001,2005,64_32,0.2,20,10,0.953198127925117,0.125,24,0.1756694655659104,0.0813339051301731,641,0,0.7914012738853503,0.631578947368421,57,0.4597363671223232,0.2738944204947226,628,0,validation_midrange
confirmation,1997,2001,2005,64_32,0.1,20,10,0.9500780031201248,0.1666666666666666,24,0.1768677042349992,0.0829335768897897,641,0,0.7898089171974523,0.631578947368421,57,0.4659465543555955,0.2799064674527485,628,0,validation_compact
confirmation,1997,2001,2005,64_32,0.01,20,10,0.9438377535101404,0.1666666666666666,24,0.1890210839854231,0.0923340977385289,641,0,0.8200636942675159,0.6140350877192983,57,0.3915198513184388,0.2264869519471088,628,0,fixed_0.01
confirmation,1997,2001,2005,64_32,0.03,20,10,0.9485179407176288,0.1666666666666666,24,0.1823353090495029,0.0877162159108921,641,0,0.804140127388535,0.631578947368421,57,0.4352404047077186,0.258476187573843,628,0,fixed_0.03
confirmation,1997,2001,2005,64_32,0.05,20,10,0.9469578783151326,0.125,24,0.180133994999979,0.0855861848000635,641,0,0.7929936305732485,0.631578947368421,57,0.4440054198729205,0.2664060057438769,628,0,fixed_0.05
confirmation,1997,2001,2005,64_32,0.1,20,10,0.9500780031201248,0.1666666666666666,24,0.1768677042349992,0.0829335768897897,641,0,0.7898089171974523,0.631578947368421,57,0.4659465543555955,0.2799064674527485,628,0,fixed_0.1
confirmation,1997,2001,2005,64_32,0.2,20,10,0.953198127925117,0.125,24,0.1756694655659104,0.0813339051301731,641,0,0.7914012738853503,0.631578947368421,57,0.4597363671223232,0.2738944204947226,628,0,fixed_0.2
confirmation,1997,2001,2005,64_32,0.3,20,10,0.953198127925117,0.0833333333333333,24,0.1784145811863431,0.0817737260556019,641,0,0.7945859872611465,0.631578947368421,57,0.4439969605907372,0.263443722576361,628,0,fixed_0.3
confirmation,1997,2001,2005,64_32,0.5,20,10,0.953198127925117,0.1666666666666666,24,0.1818006652764313,0.0838722092339265,641,0,0.7993630573248408,0.631578947368421,57,0.4485910800677564,0.2648464505157695,628,0,fixed_0.5
confirmation,1997,2001,2005,64_32,1.0,20,10,0.9422776911076444,0.0833333333333333,24,0.1983544556793431,0.0899047299245901,641,0,0.802547770700637,0.5964912280701754,57,0.4319870380832535,0.2485759939596415,628,0,fixed_1
confirmation,1997,2001,2005,64_32,0.2,50,10,0.953198127925117,0.125,24,0.1756694655659104,0.0813339051301731,641,0,0.7914012738853503,0.631578947368421,57,0.4597363671223232,0.2738944204947226,628,0,validation_all_rates
confirmation,1997,2001,2005,64_32,0.2,50,10,0.953198127925117,0.125,24,0.1756694655659104,0.0813339051301731,641,0,0.7914012738853503,0.631578947368421,57,0.4597363671223232,0.2738944204947226,628,0,validation_midrange
confirmation,1997,2001,2005,64_32,0.1,50,10,0.9500780031201248,0.1666666666666666,24,0.1768677042349992,0.0829335768897897,641,0,0.7898089171974523,0.631578947368421,57,0.4659465543555955,0.2799064674527485,628,0,validation_compact
confirmation,1997,2001,2005,64_32,0.01,50,10,0.9453978159126364,0.1666666666666666,24,0.1821148324321976,0.088886591405393,641,0,0.7977707006369427,0.631578947368421,57,0.4584761842815025,0.2728635459061469,628,0,fixed_0.01
confirmation,1997,2001,2005,64_32,0.03,50,10,0.9469578783151326,0.1666666666666666,24,0.1793009405824038,0.0866020695134062,641,0,0.7977707006369427,0.631578947368421,57,0.4609516832220425,0.2742447519306391,628,0,fixed_0.03
confirmation,1997,2001,2005,64_32,0.05,50,10,0.9469578783151326,0.1666666666666666,24,0.178685894685436,0.0851881567776276,641,0,0.7929936305732485,0.631578947368421,57,0.4583802012602251,0.2741102050561126,628,0,fixed_0.05
confirmation,1997,2001,2005,64_32,0.1,50,10,0.9500780031201248,0.1666666666666666,24,0.1768677042349992,0.0829335768897897,641,0,0.7898089171974523,0.631578947368421,57,0.4659465543555955,0.2799064674527485,628,0,fixed_0.1
confirmation,1997,2001,2005,64_32,0.2,50,10,0.953198127925117,0.125,24,0.1756694655659104,0.0813339051301731,641,0,0.7914012738853503,0.631578947368421,57,0.4597363671223232,0.2738944204947226,628,0,fixed_0.2
confirmation,1997,2001,2005,64_32,0.3,50,10,0.953198127925117,0.0833333333333333,24,0.1784145811863431,0.0817737260556019,641,0,0.7945859872611465,0.631578947368421,57,0.4439969605907372,0.263443722576361,628,0,fixed_0.3
confirmation,1997,2001,2005,64_32,0.5,50,10,0.953198127925117,0.1666666666666666,24,0.1818006652764313,0.0838722092339265,641,0,0.7993630573248408,0.631578947368421,57,0.4485910800677564,0.2648464505157695,628,0,fixed_0.5
confirmation,1997,2001,2005,64_32,1.0,50,10,0.9422776911076444,0.0833333333333333,24,0.1983544556793431,0.0899047299245901,641,0,0.802547770700637,0.5964912280701754,57,0.4319870380832535,0.2485759939596415,628,0,fixed_1
confirmation,2001,2005,2010,16,0.5,10,10,0.9028662420382164,0.4912280701754385,57,0.2852118551459972,0.1471677810303921,628,0,0.8354430379746836,0.875,112,0.4003243732441728,0.2328369382589148,632,0,validation_all_rates
confirmation,2001,2005,2010,16,0.5,10,10,0.9028662420382164,0.4912280701754385,57,0.2852118551459972,0.1471677810303921,628,0,0.8354430379746836,0.875,112,0.4003243732441728,0.2328369382589148,632,0,validation_midrange
confirmation,2001,2005,2010,16,0.1,10,10,0.910828025477707,0.5087719298245614,57,0.2931013296016862,0.1497387772024039,628,0,0.8370253164556962,0.875,112,0.3979667801375189,0.2292757989557868,632,0,validation_compact
confirmation,2001,2005,2010,16,0.01,10,10,0.9092356687898088,0.4912280701754385,57,0.2981836260442315,0.1525795598823758,628,0,0.8322784810126582,0.875,112,0.4016450881347866,0.2304860925144139,632,0,fixed_0.01
confirmation,2001,2005,2010,16,0.03,10,10,0.9092356687898088,0.4912280701754385,57,0.2962684967962777,0.151465777102883,628,0,0.8322784810126582,0.875,112,0.3993937093824162,0.2295522682682379,632,0,fixed_0.03
confirmation,2001,2005,2010,16,0.05,10,10,0.9076433121019108,0.4912280701754385,57,0.2968895969891873,0.1521211217155688,628,0,0.8306962025316456,0.875,112,0.4060049437855845,0.2341950010800838,632,0,fixed_0.05
confirmation,2001,2005,2010,16,0.1,10,10,0.910828025477707,0.5087719298245614,57,0.2931013296016862,0.1497387772024039,628,0,0.8370253164556962,0.875,112,0.3979667801375189,0.2292757989557868,632,0,fixed_0.1
confirmation,2001,2005,2010,16,0.2,10,10,0.9012738853503184,0.5263157894736842,57,0.2927724622696929,0.1512686970906004,628,0,0.8386075949367089,0.875,112,0.4002807538600114,0.232210402181141,632,0,fixed_0.2
confirmation,2001,2005,2010,16,0.3,10,10,0.9012738853503184,0.5263157894736842,57,0.2944949804648528,0.1524402169551775,628,0,0.8370253164556962,0.875,112,0.4032905399877551,0.2334789272720257,632,0,fixed_0.3
confirmation,2001,2005,2010,16,0.5,10,10,0.9028662420382164,0.4912280701754385,57,0.2852118551459972,0.1471677810303921,628,0,0.8354430379746836,0.875,112,0.4003243732441728,0.2328369382589148,632,0,fixed_0.5
confirmation,2001,2005,2010,16,1.0,10,10,0.8901273885350318,0.4736842105263157,57,0.2887127237647828,0.1532470892811741,628,0,0.8322784810126582,0.8660714285714286,112,0.4058961855661482,0.2373894597914463,632,0,fixed_1
confirmation,2001,2005,2010,16,1.0,20,10,0.9060509554140128,0.4912280701754385,57,0.2734829749951776,0.1418911087431396,628,0,0.8560126582278481,0.8303571428571429,112,0.3534498617113686,0.1982407584889142,632,0,validation_all_rates
confirmation,2001,2005,2010,16,0.5,20,10,0.9028662420382164,0.4912280701754385,57,0.2852118551459972,0.1471677810303921,628,0,0.8354430379746836,0.875,112,0.4003243732441728,0.2328369382589148,632,0,validation_midrange
confirmation,2001,2005,2010,16,0.1,20,10,0.910828025477707,0.5087719298245614,57,0.2931013296016862,0.1497387772024039,628,0,0.8370253164556962,0.875,112,0.3979667801375189,0.2292757989557868,632,0,validation_compact
confirmation,2001,2005,2010,16,0.01,20,10,0.9092356687898088,0.4912280701754385,57,0.2981836260442315,0.1525795598823758,628,0,0.8322784810126582,0.875,112,0.4016450881347866,0.2304860925144139,632,0,fixed_0.01
confirmation,2001,2005,2010,16,0.03,20,10,0.9092356687898088,0.4912280701754385,57,0.2962684967962777,0.151465777102883,628,0,0.8322784810126582,0.875,112,0.3993937093824162,0.2295522682682379,632,0,fixed_0.03
confirmation,2001,2005,2010,16,0.05,20,10,0.9076433121019108,0.4912280701754385,57,0.2968895969891873,0.1521211217155688,628,0,0.8306962025316456,0.875,112,0.4060049437855845,0.2341950010800838,632,0,fixed_0.05
confirmation,2001,2005,2010,16,0.1,20,10,0.910828025477707,0.5087719298245614,57,0.2931013296016862,0.1497387772024039,628,0,0.8370253164556962,0.875,112,0.3979667801375189,0.2292757989557868,632,0,fixed_0.1
confirmation,2001,2005,2010,16,0.2,20,10,0.9012738853503184,0.5263157894736842,57,0.2927724622696929,0.1512686970906004,628,0,0.8386075949367089,0.875,112,0.4002807538600114,0.232210402181141,632,0,fixed_0.2
confirmation,2001,2005,2010,16,0.3,20,10,0.9012738853503184,0.5263157894736842,57,0.2944949804648528,0.1524402169551775,628,0,0.8370253164556962,0.875,112,0.4032905399877551,0.2334789272720257,632,0,fixed_0.3
confirmation,2001,2005,2010,16,0.5,20,10,0.9028662420382164,0.4912280701754385,57,0.2852118551459972,0.1471677810303921,628,0,0.8354430379746836,0.875,112,0.4003243732441728,0.2328369382589148,632,0,fixed_0.5
confirmation,2001,2005,2010,16,1.0,20,10,0.9060509554140128,0.4912280701754385,57,0.2734829749951776,0.1418911087431396,628,0,0.8560126582278481,0.8303571428571429,112,0.3534498617113686,0.1982407584889142,632,0,fixed_1
confirmation,2001,2005,2010,16,0.5,50,10,0.9092356687898088,0.4385964912280701,57,0.270726321390412,0.1370514459938913,628,0,0.8639240506329114,0.8392857142857143,112,0.3381520086052895,0.1860572244350082,632,0,validation_all_rates
confirmation,2001,2005,2010,16,0.5,50,10,0.9092356687898088,0.4385964912280701,57,0.270726321390412,0.1370514459938913,628,0,0.8639240506329114,0.8392857142857143,112,0.3381520086052895,0.1860572244350082,632,0,validation_midrange
confirmation,2001,2005,2010,16,0.1,50,10,0.910828025477707,0.5087719298245614,57,0.2931013296016862,0.1497387772024039,628,0,0.8370253164556962,0.875,112,0.3979667801375189,0.2292757989557868,632,0,validation_compact
confirmation,2001,2005,2010,16,0.01,50,10,0.9092356687898088,0.4912280701754385,57,0.2981836260442315,0.1525795598823758,628,0,0.8322784810126582,0.875,112,0.4016450881347866,0.2304860925144139,632,0,fixed_0.01
confirmation,2001,2005,2010,16,0.03,50,10,0.9092356687898088,0.4912280701754385,57,0.2962684967962777,0.151465777102883,628,0,0.8322784810126582,0.875,112,0.3993937093824162,0.2295522682682379,632,0,fixed_0.03
confirmation,2001,2005,2010,16,0.05,50,10,0.9076433121019108,0.4912280701754385,57,0.2968895969891873,0.1521211217155688,628,0,0.8306962025316456,0.875,112,0.4060049437855845,0.2341950010800838,632,0,fixed_0.05
confirmation,2001,2005,2010,16,0.1,50,10,0.910828025477707,0.5087719298245614,57,0.2931013296016862,0.1497387772024039,628,0,0.8370253164556962,0.875,112,0.3979667801375189,0.2292757989557868,632,0,fixed_0.1
confirmation,2001,2005,2010,16,0.2,50,10,0.9012738853503184,0.5263157894736842,57,0.2927724622696929,0.1512686970906004,628,0,0.8386075949367089,0.875,112,0.4002807538600114,0.232210402181141,632,0,fixed_0.2
confirmation,2001,2005,2010,16,0.3,50,10,0.9012738853503184,0.5263157894736842,57,0.2944949804648528,0.1524402169551775,628,0,0.8370253164556962,0.875,112,0.4032905399877551,0.2334789272720257,632,0,fixed_0.3
confirmation,2001,2005,2010,16,0.5,50,10,0.9092356687898088,0.4385964912280701,57,0.270726321390412,0.1370514459938913,628,0,0.8639240506329114,0.8392857142857143,112,0.3381520086052895,0.1860572244350082,632,0,fixed_0.5
confirmation,2001,2005,2010,16,1.0,50,10,0.9060509554140128,0.4912280701754385,57,0.2734829749951776,0.1418911087431396,628,0,0.8560126582278481,0.8303571428571429,112,0.3534498617113686,0.1982407584889142,632,0,fixed_1
confirmation,2001,2005,2010,32,1.0,10,10,0.9012738853503184,0.4385964912280701,57,0.2745210051944522,0.1419449265860338,628,0,0.8481012658227848,0.8660714285714286,112,0.361105778982026,0.2060820804881507,632,0,validation_all_rates
confirmation,2001,2005,2010,32,0.5,10,10,0.9124203821656052,0.4736842105263157,57,0.2823204454457304,0.1429812601925522,628,0,0.8560126582278481,0.875,112,0.3658257103845963,0.2071450397929964,632,0,validation_midrange
confirmation,2001,2005,2010,32,0.1,10,10,0.9124203821656052,0.5087719298245614,57,0.2898602414452757,0.1464903724105334,628,0,0.8481012658227848,0.8660714285714286,112,0.3795735463859106,0.2154685870666437,632,0,validation_compact
confirmation,2001,2005,2010,32,0.01,10,10,0.9092356687898088,0.4912280701754385,57,0.2960352447336939,0.1503450311817854,628,0,0.8433544303797469,0.8660714285714286,112,0.3919409781665894,0.2226952023542464,632,0,fixed_0.01
confirmation,2001,2005,2010,32,0.03,10,10,0.9092356687898088,0.4912280701754385,57,0.2948047949151327,0.1496905980381405,628,0,0.8401898734177216,0.8660714285714286,112,0.3932135129839417,0.2238456017916905,632,0,fixed_0.03
confirmation,2001,2005,2010,32,0.05,10,10,0.9092356687898088,0.4912280701754385,57,0.2945424859333609,0.1489028218744292,628,0,0.8449367088607594,0.8660714285714286,112,0.3868251164352287,0.2188418439871927,632,0,fixed_0.05
confirmation,2001,2005,2010,32,0.1,10,10,0.9124203821656052,0.5087719298245614,57,0.2898602414452757,0.1464903724105334,628,0,0.8481012658227848,0.8660714285714286,112,0.3795735463859106,0.2154685870666437,632,0,fixed_0.1
confirmation,2001,2005,2010,32,0.2,10,10,0.9140127388535032,0.4912280701754385,57,0.2894554195201684,0.1458675268956688,628,0,0.8449367088607594,0.8660714285714286,112,0.3753543411784293,0.2123418175737904,632,0,fixed_0.2
confirmation,2001,2005,2010,32,0.3,10,10,0.8980891719745223,0.543859649122807,57,0.2926615347957782,0.1508927026181084,628,0,0.8338607594936709,0.875,112,0.402869693733927,0.2326887795923186,632,0,fixed_0.3
confirmation,2001,2005,2010,32,0.5,10,10,0.9124203821656052,0.4736842105263157,57,0.2823204454457304,0.1429812601925522,628,0,0.8560126582278481,0.875,112,0.3658257103845963,0.2071450397929964,632,0,fixed_0.5
confirmation,2001,2005,2010,32,1.0,10,10,0.9012738853503184,0.4385964912280701,57,0.2745210051944522,0.1419449265860338,628,0,0.8481012658227848,0.8660714285714286,112,0.361105778982026,0.2060820804881507,632,0,fixed_1
confirmation,2001,2005,2010,32,1.0,20,10,0.9012738853503184,0.4385964912280701,57,0.2745210051944522,0.1419449265860338,628,0,0.8481012658227848,0.8660714285714286,112,0.361105778982026,0.2060820804881507,632,0,validation_all_rates
confirmation,2001,2005,2010,32,0.5,20,10,0.9124203821656052,0.4736842105263157,57,0.2823204454457304,0.1429812601925522,628,0,0.8560126582278481,0.875,112,0.3658257103845963,0.2071450397929964,632,0,validation_midrange
confirmation,2001,2005,2010,32,0.1,20,10,0.9124203821656052,0.5087719298245614,57,0.2898602414452757,0.1464903724105334,628,0,0.8481012658227848,0.8660714285714286,112,0.3795735463859106,0.2154685870666437,632,0,validation_compact
confirmation,2001,2005,2010,32,0.01,20,10,0.9092356687898088,0.4912280701754385,57,0.2960352447336939,0.1503450311817854,628,0,0.8433544303797469,0.8660714285714286,112,0.3919409781665894,0.2226952023542464,632,0,fixed_0.01
confirmation,2001,2005,2010,32,0.03,20,10,0.9092356687898088,0.4912280701754385,57,0.2948047949151327,0.1496905980381405,628,0,0.8401898734177216,0.8660714285714286,112,0.3932135129839417,0.2238456017916905,632,0,fixed_0.03
confirmation,2001,2005,2010,32,0.05,20,10,0.9092356687898088,0.4912280701754385,57,0.2945424859333609,0.1489028218744292,628,0,0.8449367088607594,0.8660714285714286,112,0.3868251164352287,0.2188418439871927,632,0,fixed_0.05
confirmation,2001,2005,2010,32,0.1,20,10,0.9124203821656052,0.5087719298245614,57,0.2898602414452757,0.1464903724105334,628,0,0.8481012658227848,0.8660714285714286,112,0.3795735463859106,0.2154685870666437,632,0,fixed_0.1
confirmation,2001,2005,2010,32,0.2,20,10,0.9140127388535032,0.4912280701754385,57,0.2894554195201684,0.1458675268956688,628,0,0.8449367088607594,0.8660714285714286,112,0.3753543411784293,0.2123418175737904,632,0,fixed_0.2
confirmation,2001,2005,2010,32,0.3,20,10,0.8980891719745223,0.543859649122807,57,0.2926615347957782,0.1508927026181084,628,0,0.8338607594936709,0.875,112,0.402869693733927,0.2326887795923186,632,0,fixed_0.3
confirmation,2001,2005,2010,32,0.5,20,10,0.9124203821656052,0.4736842105263157,57,0.2823204454457304,0.1429812601925522,628,0,0.8560126582278481,0.875,112,0.3658257103845963,0.2071450397929964,632,0,fixed_0.5
confirmation,2001,2005,2010,32,1.0,20,10,0.9012738853503184,0.4385964912280701,57,0.2745210051944522,0.1419449265860338,628,0,0.8481012658227848,0.8660714285714286,112,0.361105778982026,0.2060820804881507,632,0,fixed_1
confirmation,2001,2005,2010,32,1.0,50,10,0.9012738853503184,0.4385964912280701,57,0.2745210051944522,0.1419449265860338,628,0,0.8481012658227848,0.8660714285714286,112,0.361105778982026,0.2060820804881507,632,0,validation_all_rates
confirmation,2001,2005,2010,32,0.3,50,10,0.9060509554140128,0.5263157894736842,57,0.2822317997307301,0.1451151365404878,628,0,0.8528481012658228,0.875,112,0.3663040374468734,0.2068219652206194,632,0,validation_midrange
confirmation,2001,2005,2010,32,0.3,50,10,0.9060509554140128,0.5263157894736842,57,0.2822317997307301,0.1451151365404878,628,0,0.8528481012658228,0.875,112,0.3663040374468734,0.2068219652206194,632,0,validation_compact
confirmation,2001,2005,2010,32,0.01,50,10,0.9092356687898088,0.4912280701754385,57,0.2960352447336939,0.1503450311817854,628,0,0.8433544303797469,0.8660714285714286,112,0.3919409781665894,0.2226952023542464,632,0,fixed_0.01
confirmation,2001,2005,2010,32,0.03,50,10,0.9092356687898088,0.4912280701754385,57,0.2948047949151327,0.1496905980381405,628,0,0.8401898734177216,0.8660714285714286,112,0.3932135129839417,0.2238456017916905,632,0,fixed_0.03
confirmation,2001,2005,2010,32,0.05,50,10,0.9092356687898088,0.4912280701754385,57,0.2945424859333609,0.1489028218744292,628,0,0.8449367088607594,0.8660714285714286,112,0.3868251164352287,0.2188418439871927,632,0,fixed_0.05
confirmation,2001,2005,2010,32,0.1,50,10,0.9124203821656052,0.5087719298245614,57,0.2898602414452757,0.1464903724105334,628,0,0.8481012658227848,0.8660714285714286,112,0.3795735463859106,0.2154685870666437,632,0,fixed_0.1
confirmation,2001,2005,2010,32,0.2,50,10,0.9140127388535032,0.4912280701754385,57,0.2894554195201684,0.1458675268956688,628,0,0.8449367088607594,0.8660714285714286,112,0.3753543411784293,0.2123418175737904,632,0,fixed_0.2
confirmation,2001,2005,2010,32,0.3,50,10,0.9060509554140128,0.5263157894736842,57,0.2822317997307301,0.1451151365404878,628,0,0.8528481012658228,0.875,112,0.3663040374468734,0.2068219652206194,632,0,fixed_0.3
confirmation,2001,2005,2010,32,0.5,50,10,0.9124203821656052,0.4736842105263157,57,0.2823204454457304,0.1429812601925522,628,0,0.8560126582278481,0.875,112,0.3658257103845963,0.2071450397929964,632,0,fixed_0.5
confirmation,2001,2005,2010,32,1.0,50,10,0.9012738853503184,0.4385964912280701,57,0.2745210051944522,0.1419449265860338,628,0,0.8481012658227848,0.8660714285714286,112,0.361105778982026,0.2060820804881507,632,0,fixed_1
confirmation,2001,2005,2010,32_16,1.0,10,10,0.9028662420382164,0.4561403508771929,57,0.2888480367994591,0.1460022163475579,628,0,0.8734177215189873,0.8482142857142857,112,0.35282106373479,0.1928668450279258,632,0,validation_all_rates
confirmation,2001,2005,2010,32_16,0.5,10,10,0.8964968152866242,0.4912280701754385,57,0.2905609831940337,0.1480948376191549,628,0,0.8607594936708861,0.8482142857142857,112,0.3584422257294347,0.2003945927122191,632,0,validation_midrange
confirmation,2001,2005,2010,32_16,0.3,10,10,0.8853503184713376,0.4912280701754385,57,0.3072652933717444,0.162098160444653,628,0,0.8417721518987342,0.8660714285714286,112,0.3952452277792074,0.221625726027514,632,0,validation_compact
confirmation,2001,2005,2010,32_16,0.01,10,10,0.8598726114649682,0.5789473684210527,57,0.3531867766264652,0.1901245520763066,628,0,0.8117088607594937,0.875,112,0.4660393692449464,0.271464197283348,632,0,fixed_0.01
confirmation,2001,2005,2010,32_16,0.03,10,10,0.8662420382165605,0.5614035087719298,57,0.3445150882950505,0.1827928958919728,628,0,0.8132911392405063,0.875,112,0.4476404001409192,0.2588746940785359,632,0,fixed_0.03
confirmation,2001,2005,2010,32_16,0.05,10,10,0.8630573248407644,0.5614035087719298,57,0.3445026371540761,0.1834419593332186,628,0,0.8132911392405063,0.875,112,0.4522617448799249,0.2621153142316325,632,0,fixed_0.05
confirmation,2001,2005,2010,32_16,0.1,10,10,0.8789808917197452,0.5614035087719298,57,0.3294356485852436,0.1723086075891505,628,0,0.8212025316455697,0.875,112,0.4265697516694864,0.2454820493035566,632,0,fixed_0.1
confirmation,2001,2005,2010,32_16,0.2,10,10,0.8821656050955414,0.543859649122807,57,0.318645006914115,0.1695582911039514,628,0,0.8306962025316456,0.875,112,0.426316618268269,0.2431708532991868,632,0,fixed_0.2
confirmation,2001,2005,2010,32_16,0.3,10,10,0.8853503184713376,0.4912280701754385,57,0.3072652933717444,0.162098160444653,628,0,0.8417721518987342,0.8660714285714286,112,0.3952452277792074,0.221625726027514,632,0,fixed_0.3
confirmation,2001,2005,2010,32_16,0.5,10,10,0.8964968152866242,0.4912280701754385,57,0.2905609831940337,0.1480948376191549,628,0,0.8607594936708861,0.8482142857142857,112,0.3584422257294347,0.2003945927122191,632,0,fixed_0.5
confirmation,2001,2005,2010,32_16,1.0,10,10,0.9028662420382164,0.4561403508771929,57,0.2888480367994591,0.1460022163475579,628,0,0.8734177215189873,0.8482142857142857,112,0.35282106373479,0.1928668450279258,632,0,fixed_1
confirmation,2001,2005,2010,32_16,1.0,20,10,0.9028662420382164,0.4561403508771929,57,0.2888480367994591,0.1460022163475579,628,0,0.8734177215189873,0.8482142857142857,112,0.35282106373479,0.1928668450279258,632,0,validation_all_rates
confirmation,2001,2005,2010,32_16,0.5,20,10,0.8964968152866242,0.4912280701754385,57,0.2905609831940337,0.1480948376191549,628,0,0.8607594936708861,0.8482142857142857,112,0.3584422257294347,0.2003945927122191,632,0,validation_midrange
confirmation,2001,2005,2010,32_16,0.3,20,10,0.8853503184713376,0.4912280701754385,57,0.3027685357219696,0.1601128268307222,628,0,0.8449367088607594,0.8660714285714286,112,0.3916791493016202,0.2188125775841257,632,0,validation_compact
confirmation,2001,2005,2010,32_16,0.01,20,10,0.8598726114649682,0.5789473684210527,57,0.3531867766264652,0.1901245520763066,628,0,0.8117088607594937,0.875,112,0.4660393692449464,0.271464197283348,632,0,fixed_0.01
confirmation,2001,2005,2010,32_16,0.03,20,10,0.8662420382165605,0.5614035087719298,57,0.3445150882950505,0.1827928958919728,628,0,0.8132911392405063,0.875,112,0.4476404001409192,0.2588746940785359,632,0,fixed_0.03
confirmation,2001,2005,2010,32_16,0.05,20,10,0.8630573248407644,0.5614035087719298,57,0.3445026371540761,0.1834419593332186,628,0,0.8132911392405063,0.875,112,0.4522617448799249,0.2621153142316325,632,0,fixed_0.05
confirmation,2001,2005,2010,32_16,0.1,20,10,0.8821656050955414,0.5614035087719298,57,0.323155863218845,0.170633645457141,628,0,0.8243670886075949,0.875,112,0.413092263133783,0.2383394867984256,632,0,fixed_0.1
confirmation,2001,2005,2010,32_16,0.2,20,10,0.8821656050955414,0.5263157894736842,57,0.312332738815904,0.1662846669282245,628,0,0.8386075949367089,0.875,112,0.4019192941001133,0.2284169528276764,632,0,fixed_0.2
confirmation,2001,2005,2010,32_16,0.3,20,10,0.8853503184713376,0.4912280701754385,57,0.3027685357219696,0.1601128268307222,628,0,0.8449367088607594,0.8660714285714286,112,0.3916791493016202,0.2188125775841257,632,0,fixed_0.3
confirmation,2001,2005,2010,32_16,0.5,20,10,0.8964968152866242,0.4912280701754385,57,0.2905609831940337,0.1480948376191549,628,0,0.8607594936708861,0.8482142857142857,112,0.3584422257294347,0.2003945927122191,632,0,fixed_0.5
confirmation,2001,2005,2010,32_16,1.0,20,10,0.9028662420382164,0.4561403508771929,57,0.2888480367994591,0.1460022163475579,628,0,0.8734177215189873,0.8482142857142857,112,0.35282106373479,0.1928668450279258,632,0,fixed_1
confirmation,2001,2005,2010,32_16,1.0,50,10,0.9028662420382164,0.4561403508771929,57,0.2888480367994591,0.1460022163475579,628,0,0.8734177215189873,0.8482142857142857,112,0.35282106373479,0.1928668450279258,632,0,validation_all_rates
confirmation,2001,2005,2010,32_16,0.5,50,10,0.8964968152866242,0.4912280701754385,57,0.2905609831940337,0.1480948376191549,628,0,0.8607594936708861,0.8482142857142857,112,0.3584422257294347,0.2003945927122191,632,0,validation_midrange
confirmation,2001,2005,2010,32_16,0.3,50,10,0.8901273885350318,0.4736842105263157,57,0.2937826910949244,0.1526662342588844,628,0,0.8591772151898734,0.8482142857142857,112,0.3679789814290358,0.2030400334775034,632,0,validation_compact
confirmation,2001,2005,2010,32_16,0.01,50,10,0.8598726114649682,0.5789473684210527,57,0.3531867766264652,0.1901245520763066,628,0,0.8117088607594937,0.875,112,0.4660393692449464,0.271464197283348,632,0,fixed_0.01
confirmation,2001,2005,2010,32_16,0.03,50,10,0.8662420382165605,0.5614035087719298,57,0.3445150882950505,0.1827928958919728,628,0,0.8132911392405063,0.875,112,0.4476404001409192,0.2588746940785359,632,0,fixed_0.03
confirmation,2001,2005,2010,32_16,0.05,50,10,0.8630573248407644,0.5614035087719298,57,0.3445026371540761,0.1834419593332186,628,0,0.8132911392405063,0.875,112,0.4522617448799249,0.2621153142316325,632,0,fixed_0.05
confirmation,2001,2005,2010,32_16,0.1,50,10,0.8821656050955414,0.5614035087719298,57,0.323155863218845,0.170633645457141,628,0,0.8243670886075949,0.875,112,0.413092263133783,0.2383394867984256,632,0,fixed_0.1
confirmation,2001,2005,2010,32_16,0.2,50,10,0.8821656050955414,0.5263157894736842,57,0.312332738815904,0.1662846669282245,628,0,0.8386075949367089,0.875,112,0.4019192941001133,0.2284169528276764,632,0,fixed_0.2
confirmation,2001,2005,2010,32_16,0.3,50,10,0.8901273885350318,0.4736842105263157,57,0.2937826910949244,0.1526662342588844,628,0,0.8591772151898734,0.8482142857142857,112,0.3679789814290358,0.2030400334775034,632,0,fixed_0.3
confirmation,2001,2005,2010,32_16,0.5,50,10,0.8964968152866242,0.4912280701754385,57,0.2905609831940337,0.1480948376191549,628,0,0.8607594936708861,0.8482142857142857,112,0.3584422257294347,0.2003945927122191,632,0,fixed_0.5
confirmation,2001,2005,2010,32_16,1.0,50,10,0.9028662420382164,0.4561403508771929,57,0.2888480367994591,0.1460022163475579,628,0,0.8734177215189873,0.8482142857142857,112,0.35282106373479,0.1928668450279258,632,0,fixed_1
confirmation,2001,2005,2010,64_32,1.0,10,10,0.9140127388535032,0.4210526315789473,57,0.2748490007569054,0.13447842674364,628,0,0.8924050632911392,0.8303571428571429,112,0.3051705595202954,0.1623767514902334,632,0,validation_all_rates
confirmation,2001,2005,2010,64_32,0.5,10,10,0.9044585987261148,0.4736842105263157,57,0.2809409103751722,0.143773972056089,628,0,0.8686708860759493,0.8125,112,0.3280716235658245,0.1841800356992803,632,0,validation_midrange
confirmation,2001,2005,2010,64_32,0.3,10,10,0.8996815286624203,0.4561403508771929,57,0.2894864551345065,0.146953189863451,628,0,0.8401898734177216,0.8660714285714286,112,0.3732194625389263,0.2132304339995473,632,0,validation_compact
confirmation,2001,2005,2010,64_32,0.01,10,10,0.8821656050955414,0.5614035087719298,57,0.3247919635483405,0.1686932746683516,628,0,0.8306962025316456,0.875,112,0.4096932058094965,0.2359634309157522,632,0,fixed_0.01
confirmation,2001,2005,2010,64_32,0.03,10,10,0.89171974522293,0.5614035087719298,57,0.3180616530002058,0.1637429306578549,628,0,0.8354430379746836,0.875,112,0.4004526527856828,0.2296610161818198,632,0,fixed_0.03
confirmation,2001,2005,2010,64_32,0.05,10,10,0.8949044585987261,0.5263157894736842,57,0.3168188948464584,0.1614615350093629,628,0,0.8401898734177216,0.875,112,0.3895182471169983,0.2210416761345666,632,0,fixed_0.05
confirmation,2001,2005,2010,64_32,0.1,10,10,0.8964968152866242,0.5263157894736842,57,0.3061345561487874,0.1554980828814553,628,0,0.8449367088607594,0.875,112,0.3792416361614292,0.2151634120112066,632,0,fixed_0.1
confirmation,2001,2005,2010,64_32,0.2,10,10,0.8964968152866242,0.4561403508771929,57,0.2892188832202034,0.1471572956599647,628,0,0.8607594936708861,0.8660714285714286,112,0.3557839827217877,0.1992516237365644,632,0,fixed_0.2
confirmation,2001,2005,2010,64_32,0.3,10,10,0.8996815286624203,0.4561403508771929,57,0.2894864551345065,0.146953189863451,628,0,0.8401898734177216,0.8660714285714286,112,0.3732194625389263,0.2132304339995473,632,0,fixed_0.3
confirmation,2001,2005,2010,64_32,0.5,10,10,0.9044585987261148,0.4736842105263157,57,0.2809409103751722,0.143773972056089,628,0,0.8686708860759493,0.8125,112,0.3280716235658245,0.1841800356992803,632,0,fixed_0.5
confirmation,2001,2005,2010,64_32,1.0,10,10,0.9140127388535032,0.4210526315789473,57,0.2748490007569054,0.13447842674364,628,0,0.8924050632911392,0.8303571428571429,112,0.3051705595202954,0.1623767514902334,632,0,fixed_1
confirmation,2001,2005,2010,64_32,1.0,20,10,0.9140127388535032,0.4210526315789473,57,0.2748490007569054,0.13447842674364,628,0,0.8924050632911392,0.8303571428571429,112,0.3051705595202954,0.1623767514902334,632,0,validation_all_rates
confirmation,2001,2005,2010,64_32,0.5,20,10,0.9044585987261148,0.4736842105263157,57,0.2809409103751722,0.143773972056089,628,0,0.8686708860759493,0.8125,112,0.3280716235658245,0.1841800356992803,632,0,validation_midrange
confirmation,2001,2005,2010,64_32,0.3,20,10,0.9028662420382164,0.4561403508771929,57,0.2852765473391477,0.1434133083361272,628,0,0.8575949367088608,0.8660714285714286,112,0.3600992311602582,0.2009934896252531,632,0,validation_compact
confirmation,2001,2005,2010,64_32,0.01,20,10,0.8821656050955414,0.5614035087719298,57,0.3247919635483405,0.1686932746683516,628,0,0.8306962025316456,0.875,112,0.4096932058094965,0.2359634309157522,632,0,fixed_0.01
confirmation,2001,2005,2010,64_32,0.03,20,10,0.89171974522293,0.5614035087719298,57,0.3180616530002058,0.1637429306578549,628,0,0.8354430379746836,0.875,112,0.4004526527856828,0.2296610161818198,632,0,fixed_0.03
confirmation,2001,2005,2010,64_32,0.05,20,10,0.8949044585987261,0.5614035087719298,57,0.3142332638185868,0.1613415526171233,628,0,0.8386075949367089,0.875,112,0.3897782760479308,0.2229640559838929,632,0,fixed_0.05
confirmation,2001,2005,2010,64_32,0.1,20,10,0.8964968152866242,0.5263157894736842,57,0.3061345561487874,0.1554980828814553,628,0,0.8449367088607594,0.875,112,0.3792416361614292,0.2151634120112066,632,0,fixed_0.1
confirmation,2001,2005,2010,64_32,0.2,20,10,0.9028662420382164,0.4561403508771929,57,0.2871714868816915,0.1456650929304207,628,0,0.8591772151898734,0.8660714285714286,112,0.3575190010304381,0.200917076279873,632,0,fixed_0.2
confirmation,2001,2005,2010,64_32,0.3,20,10,0.9028662420382164,0.4561403508771929,57,0.2852765473391477,0.1434133083361272,628,0,0.8575949367088608,0.8660714285714286,112,0.3600992311602582,0.2009934896252531,632,0,fixed_0.3
confirmation,2001,2005,2010,64_32,0.5,20,10,0.9044585987261148,0.4736842105263157,57,0.2809409103751722,0.143773972056089,628,0,0.8686708860759493,0.8125,112,0.3280716235658245,0.1841800356992803,632,0,fixed_0.5
confirmation,2001,2005,2010,64_32,1.0,20,10,0.9140127388535032,0.4210526315789473,57,0.2748490007569054,0.13447842674364,628,0,0.8924050632911392,0.8303571428571429,112,0.3051705595202954,0.1623767514902334,632,0,fixed_1
confirmation,2001,2005,2010,64_32,1.0,50,10,0.9140127388535032,0.4210526315789473,57,0.2748490007569054,0.13447842674364,628,0,0.8924050632911392,0.8303571428571429,112,0.3051705595202954,0.1623767514902334,632,0,validation_all_rates
confirmation,2001,2005,2010,64_32,0.5,50,10,0.9044585987261148,0.4736842105263157,57,0.2809409103751722,0.143773972056089,628,0,0.8686708860759493,0.8125,112,0.3280716235658245,0.1841800356992803,632,0,validation_midrange
confirmation,2001,2005,2010,64_32,0.3,50,10,0.9028662420382164,0.4561403508771929,57,0.2852765473391477,0.1434133083361272,628,0,0.8575949367088608,0.8660714285714286,112,0.3600992311602582,0.2009934896252531,632,0,validation_compact
confirmation,2001,2005,2010,64_32,0.01,50,10,0.8821656050955414,0.5614035087719298,57,0.3247919635483405,0.1686932746683516,628,0,0.8306962025316456,0.875,112,0.4096932058094965,0.2359634309157522,632,0,fixed_0.01
confirmation,2001,2005,2010,64_32,0.03,50,10,0.89171974522293,0.5614035087719298,57,0.3180616530002058,0.1637429306578549,628,0,0.8354430379746836,0.875,112,0.4004526527856828,0.2296610161818198,632,0,fixed_0.03
confirmation,2001,2005,2010,64_32,0.05,50,10,0.8949044585987261,0.5614035087719298,57,0.3142332638185868,0.1613415526171233,628,0,0.8386075949367089,0.875,112,0.3897782760479308,0.2229640559838929,632,0,fixed_0.05
confirmation,2001,2005,2010,64_32,0.1,50,10,0.8964968152866242,0.5263157894736842,57,0.3061345561487874,0.1554980828814553,628,0,0.8449367088607594,0.875,112,0.3792416361614292,0.2151634120112066,632,0,fixed_0.1
confirmation,2001,2005,2010,64_32,0.2,50,10,0.9044585987261148,0.4561403508771929,57,0.2837047504971446,0.143127120663361,628,0,0.8718354430379747,0.8571428571428571,112,0.3468019582533606,0.1926191550451051,632,0,fixed_0.2
confirmation,2001,2005,2010,64_32,0.3,50,10,0.9028662420382164,0.4561403508771929,57,0.2852765473391477,0.1434133083361272,628,0,0.8575949367088608,0.8660714285714286,112,0.3600992311602582,0.2009934896252531,632,0,fixed_0.3
confirmation,2001,2005,2010,64_32,0.5,50,10,0.9044585987261148,0.4736842105263157,57,0.2809409103751722,0.143773972056089,628,0,0.8686708860759493,0.8125,112,0.3280716235658245,0.1841800356992803,632,0,fixed_0.5
confirmation,2001,2005,2010,64_32,1.0,50,10,0.9140127388535032,0.4210526315789473,57,0.2748490007569054,0.13447842674364,628,0,0.8924050632911392,0.8303571428571429,112,0.3051705595202954,0.1623767514902334,632,0,fixed_1
confirmation,2005,2010,2015,16,0.3,10,10,0.8987341772151899,0.6607142857142857,112,0.268227916714579,0.1408725618656039,632,0,0.7705696202531646,0.128440366972477,109,0.8115249988641952,0.354522582226725,632,0,validation_all_rates
confirmation,2005,2010,2015,16,0.3,10,10,0.8987341772151899,0.6607142857142857,112,0.268227916714579,0.1408725618656039,632,0,0.7705696202531646,0.128440366972477,109,0.8115249988641952,0.354522582226725,632,0,validation_midrange
confirmation,2005,2010,2015,16,0.3,10,10,0.8987341772151899,0.6607142857142857,112,0.268227916714579,0.1408725618656039,632,0,0.7705696202531646,0.128440366972477,109,0.8115249988641952,0.354522582226725,632,0,validation_compact
confirmation,2005,2010,2015,16,0.01,10,10,0.9003164556962026,0.75,112,0.2883155188339713,0.1524742823167064,632,0,0.7626582278481012,0.128440366972477,109,0.8141641554769637,0.366493483629041,632,0,fixed_0.01
confirmation,2005,2010,2015,16,0.03,10,10,0.8987341772151899,0.7410714285714286,112,0.2847084837656796,0.1505876706454137,632,0,0.7610759493670886,0.128440366972477,109,0.8222591993617099,0.3703219662437704,632,0,fixed_0.03
confirmation,2005,2010,2015,16,0.05,10,10,0.8987341772151899,0.7321428571428571,112,0.2808860822929511,0.147905409048167,632,0,0.7674050632911392,0.128440366972477,109,0.8141362037096218,0.3674441423623018,632,0,fixed_0.05
confirmation,2005,2010,2015,16,0.1,10,10,0.9003164556962026,0.7321428571428571,112,0.2796957259245949,0.1471871550399581,632,0,0.7674050632911392,0.128440366972477,109,0.8108967517204331,0.3649857234198479,632,0,fixed_0.1
confirmation,2005,2010,2015,16,0.2,10,10,0.8987341772151899,0.6875,112,0.2694915609499049,0.1421099348844793,632,0,0.7705696202531646,0.128440366972477,109,0.8307188831670469,0.3574885609786949,632,0,fixed_0.2
confirmation,2005,2010,2015,16,0.3,10,10,0.8987341772151899,0.6607142857142857,112,0.268227916714579,0.1408725618656039,632,0,0.7705696202531646,0.128440366972477,109,0.8115249988641952,0.354522582226725,632,0,fixed_0.3
confirmation,2005,2010,2015,16,0.5,10,10,0.9050632911392406,0.6875,112,0.2682603540771912,0.1412671772239019,632,0,0.7832278481012658,0.128440366972477,109,0.8082434272564659,0.3458743786138922,632,0,fixed_0.5
confirmation,2005,2010,2015,16,1.0,10,10,0.9098101265822784,0.6517857142857143,112,0.2701790585129536,0.1404119783201483,632,0,0.7721518987341772,0.1376146788990825,109,0.859033649713627,0.3621833806642737,632,0,fixed_1
confirmation,2005,2010,2015,16,0.5,20,10,0.9003164556962026,0.6517857142857143,112,0.2676409090874795,0.1408711898718676,632,0,0.7737341772151899,0.128440366972477,109,0.8226645502907475,0.34772498522744,632,0,validation_all_rates
confirmation,2005,2010,2015,16,0.5,20,10,0.9003164556962026,0.6517857142857143,112,0.2676409090874795,0.1408711898718676,632,0,0.7737341772151899,0.128440366972477,109,0.8226645502907475,0.34772498522744,632,0,validation_midrange
confirmation,2005,2010,2015,16,0.3,20,10,0.9018987341772152,0.6607142857142857,112,0.2681495045707215,0.141151197411776,632,0,0.7753164556962026,0.146788990825688,109,0.8281933994136912,0.3544414627525596,632,0,validation_compact
confirmation,2005,2010,2015,16,0.01,20,10,0.8955696202531646,0.7321428571428571,112,0.2832605617642827,0.1497497028494918,632,0,0.7642405063291139,0.128440366972477,109,0.8157245565481548,0.3614144955600454,632,0,fixed_0.01
confirmation,2005,2010,2015,16,0.03,20,10,0.8987341772151899,0.7321428571428571,112,0.281436562543458,0.1483786104288959,632,0,0.7674050632911392,0.128440366972477,109,0.8179492970031518,0.3625896599076448,632,0,fixed_0.03
confirmation,2005,2010,2015,16,0.05,20,10,0.8971518987341772,0.7232142857142857,112,0.2790805102781728,0.1472880271612729,632,0,0.7674050632911392,0.128440366972477,109,0.8183931356997667,0.358619330928104,632,0,fixed_0.05
confirmation,2005,2010,2015,16,0.1,20,10,0.8987341772151899,0.7053571428571429,112,0.2757437787095002,0.1447110277913932,632,0,0.7721518987341772,0.128440366972477,109,0.8036590546110826,0.3498623414959622,632,0,fixed_0.1
confirmation,2005,2010,2015,16,0.2,20,10,0.9018987341772152,0.6875,112,0.2701726662434021,0.142256770795819,632,0,0.7721518987341772,0.128440366972477,109,0.8242338670231459,0.3523968185844612,632,0,fixed_0.2
confirmation,2005,2010,2015,16,0.3,20,10,0.9018987341772152,0.6607142857142857,112,0.2681495045707215,0.141151197411776,632,0,0.7753164556962026,0.146788990825688,109,0.8281933994136912,0.3544414627525596,632,0,fixed_0.3
confirmation,2005,2010,2015,16,0.5,20,10,0.9003164556962026,0.6517857142857143,112,0.2676409090874795,0.1408711898718676,632,0,0.7737341772151899,0.128440366972477,109,0.8226645502907475,0.34772498522744,632,0,fixed_0.5
confirmation,2005,2010,2015,16,1.0,20,10,0.9098101265822784,0.6517857142857143,112,0.2701790585129536,0.1404119783201483,632,0,0.7721518987341772,0.1376146788990825,109,0.859033649713627,0.3621833806642737,632,0,fixed_1
confirmation,2005,2010,2015,16,0.5,50,10,0.9003164556962026,0.6517857142857143,112,0.2676409090874795,0.1408711898718676,632,0,0.7737341772151899,0.128440366972477,109,0.8226645502907475,0.34772498522744,632,0,validation_all_rates
confirmation,2005,2010,2015,16,0.5,50,10,0.9003164556962026,0.6517857142857143,112,0.2676409090874795,0.1408711898718676,632,0,0.7737341772151899,0.128440366972477,109,0.8226645502907475,0.34772498522744,632,0,validation_midrange
confirmation,2005,2010,2015,16,0.3,50,10,0.9018987341772152,0.6607142857142857,112,0.2681495045707215,0.141151197411776,632,0,0.7753164556962026,0.146788990825688,109,0.8281933994136912,0.3544414627525596,632,0,validation_compact
confirmation,2005,2010,2015,16,0.01,50,10,0.8987341772151899,0.7321428571428571,112,0.2813406198522545,0.1485628441252171,632,0,0.7674050632911392,0.128440366972477,109,0.8155405455903998,0.3585670213723793,632,0,fixed_0.01
confirmation,2005,2010,2015,16,0.03,50,10,0.8987341772151899,0.7321428571428571,112,0.2803250086160708,0.1478297768661482,632,0,0.7674050632911392,0.128440366972477,109,0.8218627071360777,0.3623732824641366,632,0,fixed_0.03
confirmation,2005,2010,2015,16,0.05,50,10,0.8971518987341772,0.7142857142857143,112,0.2775036121650658,0.1465901571117313,632,0,0.7705696202531646,0.128440366972477,109,0.8196682686865958,0.3554165683287956,632,0,fixed_0.05
confirmation,2005,2010,2015,16,0.1,50,10,0.8987341772151899,0.6875,112,0.2737461932377046,0.1439464851535719,632,0,0.7737341772151899,0.1376146788990825,109,0.811281240456108,0.34747548554086,632,0,fixed_0.1
confirmation,2005,2010,2015,16,0.2,50,10,0.8971518987341772,0.6607142857142857,112,0.2694881540366233,0.1421922290416731,632,0,0.7721518987341772,0.128440366972477,109,0.8224203855878773,0.3489634164695502,632,0,fixed_0.2
confirmation,2005,2010,2015,16,0.3,50,10,0.9018987341772152,0.6607142857142857,112,0.2681495045707215,0.141151197411776,632,0,0.7753164556962026,0.146788990825688,109,0.8281933994136912,0.3544414627525596,632,0,fixed_0.3
confirmation,2005,2010,2015,16,0.5,50,10,0.9003164556962026,0.6517857142857143,112,0.2676409090874795,0.1408711898718676,632,0,0.7737341772151899,0.128440366972477,109,0.8226645502907475,0.34772498522744,632,0,fixed_0.5
confirmation,2005,2010,2015,16,1.0,50,10,0.9098101265822784,0.6517857142857143,112,0.2701790585129536,0.1404119783201483,632,0,0.7721518987341772,0.1376146788990825,109,0.859033649713627,0.3621833806642737,632,0,fixed_1
confirmation,2005,2010,2015,32,0.3,10,10,0.9003164556962026,0.6607142857142857,112,0.2694175813308951,0.1419043813705112,632,0,0.7610759493670886,0.1376146788990825,109,0.8899482834484346,0.3876468998516818,632,0,validation_all_rates
confirmation,2005,2010,2015,32,0.3,10,10,0.9003164556962026,0.6607142857142857,112,0.2694175813308951,0.1419043813705112,632,0,0.7610759493670886,0.1376146788990825,109,0.8899482834484346,0.3876468998516818,632,0,validation_midrange
confirmation,2005,2010,2015,32,0.3,10,10,0.9003164556962026,0.6607142857142857,112,0.2694175813308951,0.1419043813705112,632,0,0.7610759493670886,0.1376146788990825,109,0.8899482834484346,0.3876468998516818,632,0,validation_compact
confirmation,2005,2010,2015,32,0.01,10,10,0.9003164556962026,0.7410714285714286,112,0.2853808307045832,0.150320201228457,632,0,0.7468354430379747,0.146788990825688,109,0.8634379443589997,0.3961816481094943,632,0,fixed_0.01
confirmation,2005,2010,2015,32,0.03,10,10,0.9003164556962026,0.7410714285714286,112,0.2817930907425121,0.1484155828496834,632,0,0.7468354430379747,0.1376146788990825,109,0.878283777830401,0.3972336873208144,632,0,fixed_0.03
confirmation,2005,2010,2015,32,0.05,10,10,0.9003164556962026,0.7321428571428571,112,0.2806448924102867,0.1476210989723725,632,0,0.7468354430379747,0.1376146788990825,109,0.8777588673388619,0.3958481764034786,632,0,fixed_0.05
confirmation,2005,2010,2015,32,0.1,10,10,0.8987341772151899,0.6875,112,0.2766015814173217,0.1457172426913883,632,0,0.7468354430379747,0.1376146788990825,109,0.87886227758146,0.3952496809609657,632,0,fixed_0.1
confirmation,2005,2010,2015,32,0.2,10,10,0.9050632911392406,0.6964285714285714,112,0.2724516340168458,0.143580850315115,632,0,0.7610759493670886,0.1376146788990825,109,0.8710343719963922,0.3829194284709668,632,0,fixed_0.2
confirmation,2005,2010,2015,32,0.3,10,10,0.9003164556962026,0.6607142857142857,112,0.2694175813308951,0.1419043813705112,632,0,0.7610759493670886,0.1376146788990825,109,0.8899482834484346,0.3876468998516818,632,0,fixed_0.3
confirmation,2005,2010,2015,32,0.5,10,10,0.9098101265822784,0.6160714285714286,112,0.2706011930955661,0.1435889063615863,632,0,0.7658227848101266,0.1376146788990825,109,0.8973166931658025,0.3762524933943147,632,0,fixed_0.5
confirmation,2005,2010,2015,32,1.0,10,10,0.9018987341772152,0.5982142857142857,112,0.2727794034933364,0.1449079456137595,632,0,0.7674050632911392,0.1376146788990825,109,0.8513834611286651,0.3648968293905844,632,0,fixed_1
confirmation,2005,2010,2015,32,0.3,20,10,0.9003164556962026,0.6607142857142857,112,0.2694175813308951,0.1419043813705112,632,0,0.7610759493670886,0.1376146788990825,109,0.8899482834484346,0.3876468998516818,632,0,validation_all_rates
confirmation,2005,2010,2015,32,0.3,20,10,0.9003164556962026,0.6607142857142857,112,0.2694175813308951,0.1419043813705112,632,0,0.7610759493670886,0.1376146788990825,109,0.8899482834484346,0.3876468998516818,632,0,validation_midrange
confirmation,2005,2010,2015,32,0.3,20,10,0.9003164556962026,0.6607142857142857,112,0.2694175813308951,0.1419043813705112,632,0,0.7610759493670886,0.1376146788990825,109,0.8899482834484346,0.3876468998516818,632,0,validation_compact
confirmation,2005,2010,2015,32,0.01,20,10,0.9003164556962026,0.7410714285714286,112,0.2828756139701854,0.1492858727899934,632,0,0.7484177215189873,0.1376146788990825,109,0.8699150475471689,0.3929163159553277,632,0,fixed_0.01
confirmation,2005,2010,2015,32,0.03,20,10,0.9003164556962026,0.7321428571428571,112,0.2795819353694477,0.1475590158659666,632,0,0.7515822784810127,0.1376146788990825,109,0.8850148337175073,0.3938536851230962,632,0,fixed_0.03
confirmation,2005,2010,2015,32,0.05,20,10,0.8987341772151899,0.6964285714285714,112,0.2776017080254316,0.1467415990841549,632,0,0.7579113924050633,0.1376146788990825,109,0.8725294878641285,0.3865714213599295,632,0,fixed_0.05
confirmation,2005,2010,2015,32,0.1,20,10,0.8987341772151899,0.6696428571428571,112,0.2751366519094939,0.1454650075806563,632,0,0.75,0.1376146788990825,109,0.8771491806168259,0.3921122821063829,632,0,fixed_0.1
confirmation,2005,2010,2015,32,0.2,20,10,0.9050632911392406,0.6964285714285714,112,0.2724516340168458,0.143580850315115,632,0,0.7610759493670886,0.1376146788990825,109,0.8710343719963922,0.3829194284709668,632,0,fixed_0.2
confirmation,2005,2010,2015,32,0.3,20,10,0.9003164556962026,0.6607142857142857,112,0.2694175813308951,0.1419043813705112,632,0,0.7610759493670886,0.1376146788990825,109,0.8899482834484346,0.3876468998516818,632,0,fixed_0.3
confirmation,2005,2010,2015,32,0.5,20,10,0.9098101265822784,0.6160714285714286,112,0.2706011930955661,0.1435889063615863,632,0,0.7658227848101266,0.1376146788990825,109,0.8973166931658025,0.3762524933943147,632,0,fixed_0.5
confirmation,2005,2010,2015,32,1.0,20,10,0.9018987341772152,0.5982142857142857,112,0.2727794034933364,0.1449079456137595,632,0,0.7674050632911392,0.1376146788990825,109,0.8513834611286651,0.3648968293905844,632,0,fixed_1
confirmation,2005,2010,2015,32,0.3,50,10,0.9003164556962026,0.6607142857142857,112,0.2694175813308951,0.1419043813705112,632,0,0.7610759493670886,0.1376146788990825,109,0.8899482834484346,0.3876468998516818,632,0,validation_all_rates
confirmation,2005,2010,2015,32,0.3,50,10,0.9003164556962026,0.6607142857142857,112,0.2694175813308951,0.1419043813705112,632,0,0.7610759493670886,0.1376146788990825,109,0.8899482834484346,0.3876468998516818,632,0,validation_midrange
confirmation,2005,2010,2015,32,0.3,50,10,0.9003164556962026,0.6607142857142857,112,0.2694175813308951,0.1419043813705112,632,0,0.7610759493670886,0.1376146788990825,109,0.8899482834484346,0.3876468998516818,632,0,validation_compact
confirmation,2005,2010,2015,32,0.01,50,10,0.8987341772151899,0.7410714285714286,112,0.2817527674721448,0.1488314289129556,632,0,0.7531645569620253,0.1376146788990825,109,0.8674176333662262,0.3905648930365693,632,0,fixed_0.01
confirmation,2005,2010,2015,32,0.03,50,10,0.8987341772151899,0.7142857142857143,112,0.2788275857976536,0.1473394706415863,632,0,0.7531645569620253,0.1376146788990825,109,0.8806290913332115,0.3905789972855221,632,0,fixed_0.03
confirmation,2005,2010,2015,32,0.05,50,10,0.8987341772151899,0.6964285714285714,112,0.2776017080254316,0.1467415990841549,632,0,0.7579113924050633,0.1376146788990825,109,0.8725294878641285,0.3865714213599295,632,0,fixed_0.05
confirmation,2005,2010,2015,32,0.1,50,10,0.8987341772151899,0.6696428571428571,112,0.2751366519094939,0.1454650075806563,632,0,0.75,0.1376146788990825,109,0.8771491806168259,0.3921122821063829,632,0,fixed_0.1
confirmation,2005,2010,2015,32,0.2,50,10,0.9050632911392406,0.6964285714285714,112,0.2724516340168458,0.143580850315115,632,0,0.7610759493670886,0.1376146788990825,109,0.8710343719963922,0.3829194284709668,632,0,fixed_0.2
confirmation,2005,2010,2015,32,0.3,50,10,0.9003164556962026,0.6607142857142857,112,0.2694175813308951,0.1419043813705112,632,0,0.7610759493670886,0.1376146788990825,109,0.8899482834484346,0.3876468998516818,632,0,fixed_0.3
confirmation,2005,2010,2015,32,0.5,50,10,0.9098101265822784,0.6160714285714286,112,0.2706011930955661,0.1435889063615863,632,0,0.7658227848101266,0.1376146788990825,109,0.8973166931658025,0.3762524933943147,632,0,fixed_0.5
confirmation,2005,2010,2015,32,1.0,50,10,0.9018987341772152,0.5982142857142857,112,0.2727794034933364,0.1449079456137595,632,0,0.7674050632911392,0.1376146788990825,109,0.8513834611286651,0.3648968293905844,632,0,fixed_1
confirmation,2005,2010,2015,32_16,0.5,10,10,0.9066455696202532,0.6339285714285714,112,0.2651339612177171,0.1378832050477937,632,0,0.7863924050632911,0.1192660550458715,109,0.8195778783730837,0.3363360465341974,632,0,validation_all_rates
confirmation,2005,2010,2015,32_16,0.5,10,10,0.9066455696202532,0.6339285714285714,112,0.2651339612177171,0.1378832050477937,632,0,0.7863924050632911,0.1192660550458715,109,0.8195778783730837,0.3363360465341974,632,0,validation_midrange
confirmation,2005,2010,2015,32_16,0.3,10,10,0.9098101265822784,0.6785714285714286,112,0.2653654098774216,0.1372650100054968,632,0,0.7879746835443038,0.128440366972477,109,0.7897196610487903,0.3329383926262438,632,0,validation_compact
confirmation,2005,2010,2015,32_16,0.01,10,10,0.8987341772151899,0.7053571428571429,112,0.2755412271563149,0.1426216893707088,632,0,0.7800632911392406,0.1192660550458715,109,0.7273827806665225,0.3378109042009543,632,0,fixed_0.01
confirmation,2005,2010,2015,32_16,0.03,10,10,0.9018987341772152,0.7053571428571429,112,0.2721549214738021,0.1411004014100775,632,0,0.7832278481012658,0.110091743119266,109,0.7237621358225211,0.3312278998593084,632,0,fixed_0.03
confirmation,2005,2010,2015,32_16,0.05,10,10,0.9082278481012658,0.7053571428571429,112,0.2706099964402851,0.1407910630393938,632,0,0.7832278481012658,0.110091743119266,109,0.731068364706501,0.3338121885025578,632,0,fixed_0.05
confirmation,2005,2010,2015,32_16,0.1,10,10,0.8987341772151899,0.6696428571428571,112,0.2683567336135313,0.1401217470642562,632,0,0.7974683544303798,0.1559633027522936,109,0.7179002008063523,0.3205772951382592,632,0,fixed_0.1
confirmation,2005,2010,2015,32_16,0.2,10,10,0.903481012658228,0.6696428571428571,112,0.2687174699667476,0.1390926848153512,632,0,0.7911392405063291,0.128440366972477,109,0.7376943729950511,0.328058468966942,632,0,fixed_0.2
confirmation,2005,2010,2015,32_16,0.3,10,10,0.9098101265822784,0.6785714285714286,112,0.2653654098774216,0.1372650100054968,632,0,0.7879746835443038,0.128440366972477,109,0.7897196610487903,0.3329383926262438,632,0,fixed_0.3
confirmation,2005,2010,2015,32_16,0.5,10,10,0.9066455696202532,0.6339285714285714,112,0.2651339612177171,0.1378832050477937,632,0,0.7863924050632911,0.1192660550458715,109,0.8195778783730837,0.3363360465341974,632,0,fixed_0.5
confirmation,2005,2010,2015,32_16,1.0,10,10,0.9050632911392406,0.6785714285714286,112,0.2699576790511976,0.1398903167305011,632,0,0.7879746835443038,0.146788990825688,109,0.942143220145645,0.3376843357306217,632,0,fixed_1
confirmation,2005,2010,2015,32_16,0.3,20,10,0.9098101265822784,0.6785714285714286,112,0.2653654098774216,0.1372650100054968,632,0,0.7879746835443038,0.128440366972477,109,0.7897196610487903,0.3329383926262438,632,0,validation_all_rates
confirmation,2005,2010,2015,32_16,0.3,20,10,0.9098101265822784,0.6785714285714286,112,0.2653654098774216,0.1372650100054968,632,0,0.7879746835443038,0.128440366972477,109,0.7897196610487903,0.3329383926262438,632,0,validation_midrange
confirmation,2005,2010,2015,32_16,0.3,20,10,0.9098101265822784,0.6785714285714286,112,0.2653654098774216,0.1372650100054968,632,0,0.7879746835443038,0.128440366972477,109,0.7897196610487903,0.3329383926262438,632,0,validation_compact
confirmation,2005,2010,2015,32_16,0.01,20,10,0.8987341772151899,0.7053571428571429,112,0.2735931895943349,0.1420474836821235,632,0,0.7863924050632911,0.1192660550458715,109,0.7199167423228254,0.3290187514329949,632,0,fixed_0.01
confirmation,2005,2010,2015,32_16,0.03,20,10,0.903481012658228,0.6875,112,0.2721035154217452,0.1417692660677947,632,0,0.7943037974683544,0.128440366972477,109,0.7140645822043088,0.3224599512348856,632,0,fixed_0.03
confirmation,2005,2010,2015,32_16,0.05,20,10,0.9082278481012658,0.7053571428571429,112,0.2706099964402851,0.1407910630393938,632,0,0.7832278481012658,0.110091743119266,109,0.731068364706501,0.3338121885025578,632,0,fixed_0.05
confirmation,2005,2010,2015,32_16,0.1,20,10,0.8987341772151899,0.6696428571428571,112,0.2683567336135313,0.1401217470642562,632,0,0.7974683544303798,0.1559633027522936,109,0.7179002008063523,0.3205772951382592,632,0,fixed_0.1
confirmation,2005,2010,2015,32_16,0.2,20,10,0.9050632911392406,0.6696428571428571,112,0.2683675888123633,0.1389281526363414,632,0,0.7974683544303798,0.128440366972477,109,0.7362208885091512,0.3231355278520269,632,0,fixed_0.2
confirmation,2005,2010,2015,32_16,0.3,20,10,0.9098101265822784,0.6785714285714286,112,0.2653654098774216,0.1372650100054968,632,0,0.7879746835443038,0.128440366972477,109,0.7897196610487903,0.3329383926262438,632,0,fixed_0.3
confirmation,2005,2010,2015,32_16,0.5,20,10,0.9066455696202532,0.6160714285714286,112,0.2665874946160025,0.1389594348882854,632,0,0.7895569620253164,0.128440366972477,109,0.8188880696818631,0.3320842056733683,632,0,fixed_0.5
confirmation,2005,2010,2015,32_16,1.0,20,10,0.9050632911392406,0.6785714285714286,112,0.2699576790511976,0.1398903167305011,632,0,0.7879746835443038,0.146788990825688,109,0.942143220145645,0.3376843357306217,632,0,fixed_1
confirmation,2005,2010,2015,32_16,0.3,50,10,0.9098101265822784,0.6785714285714286,112,0.2653654098774216,0.1372650100054968,632,0,0.7879746835443038,0.128440366972477,109,0.7897196610487903,0.3329383926262438,632,0,validation_all_rates
confirmation,2005,2010,2015,32_16,0.3,50,10,0.9098101265822784,0.6785714285714286,112,0.2653654098774216,0.1372650100054968,632,0,0.7879746835443038,0.128440366972477,109,0.7897196610487903,0.3329383926262438,632,0,validation_midrange
confirmation,2005,2010,2015,32_16,0.3,50,10,0.9098101265822784,0.6785714285714286,112,0.2653654098774216,0.1372650100054968,632,0,0.7879746835443038,0.128440366972477,109,0.7897196610487903,0.3329383926262438,632,0,validation_compact
confirmation,2005,2010,2015,32_16,0.01,50,10,0.903481012658228,0.7053571428571429,112,0.2734369484446405,0.1422658751589393,632,0,0.7879746835443038,0.1192660550458715,109,0.7174197343554387,0.3263063465324391,632,0,fixed_0.01
confirmation,2005,2010,2015,32_16,0.03,50,10,0.903481012658228,0.6875,112,0.2721035154217452,0.1417692660677947,632,0,0.7943037974683544,0.128440366972477,109,0.7140645822043088,0.3224599512348856,632,0,fixed_0.03
confirmation,2005,2010,2015,32_16,0.05,50,10,0.9082278481012658,0.7053571428571429,112,0.2706099964402851,0.1407910630393938,632,0,0.7832278481012658,0.110091743119266,109,0.731068364706501,0.3338121885025578,632,0,fixed_0.05
confirmation,2005,2010,2015,32_16,0.1,50,10,0.8987341772151899,0.6696428571428571,112,0.2683567336135313,0.1401217470642562,632,0,0.7974683544303798,0.1559633027522936,109,0.7179002008063523,0.3205772951382592,632,0,fixed_0.1
confirmation,2005,2010,2015,32_16,0.2,50,10,0.9050632911392406,0.6696428571428571,112,0.2683675888123633,0.1389281526363414,632,0,0.7974683544303798,0.128440366972477,109,0.7362208885091512,0.3231355278520269,632,0,fixed_0.2
confirmation,2005,2010,2015,32_16,0.3,50,10,0.9098101265822784,0.6785714285714286,112,0.2653654098774216,0.1372650100054968,632,0,0.7879746835443038,0.128440366972477,109,0.7897196610487903,0.3329383926262438,632,0,fixed_0.3
confirmation,2005,2010,2015,32_16,0.5,50,10,0.9066455696202532,0.6160714285714286,112,0.2665874946160025,0.1389594348882854,632,0,0.7895569620253164,0.128440366972477,109,0.8188880696818631,0.3320842056733683,632,0,fixed_0.5
confirmation,2005,2010,2015,32_16,1.0,50,10,0.9050632911392406,0.6785714285714286,112,0.2699576790511976,0.1398903167305011,632,0,0.7879746835443038,0.146788990825688,109,0.942143220145645,0.3376843357306217,632,0,fixed_1
confirmation,2005,2010,2015,64_32,1.0,10,10,0.9098101265822784,0.6696428571428571,112,0.2652403732398928,0.1378165578994213,632,0,0.7626582278481012,0.1376146788990825,109,1.0056232312746909,0.3748372421841189,632,0,validation_all_rates
confirmation,2005,2010,2015,64_32,0.2,10,10,0.903481012658228,0.6517857142857143,112,0.2684273177358555,0.1410466830585355,632,0,0.7737341772151899,0.1376146788990825,109,0.7965547567278431,0.3488180931630432,632,0,validation_midrange
confirmation,2005,2010,2015,64_32,0.3,10,10,0.903481012658228,0.6071428571428571,112,0.2705047962995648,0.1439402439636366,632,0,0.7689873417721519,0.1376146788990825,109,0.8217710564362529,0.359191128023654,632,0,validation_compact
confirmation,2005,2010,2015,64_32,0.01,10,10,0.9003164556962026,0.6696428571428571,112,0.2747328971536965,0.1435510750484518,632,0,0.7674050632911392,0.128440366972477,109,0.7892872874904369,0.3604732948090318,632,0,fixed_0.01
confirmation,2005,2010,2015,64_32,0.03,10,10,0.8987341772151899,0.6607142857142857,112,0.2739090681514056,0.143271582351553,632,0,0.7674050632911392,0.128440366972477,109,0.7904716002337733,0.3587875726708585,632,0,fixed_0.03
confirmation,2005,2010,2015,64_32,0.05,10,10,0.9003164556962026,0.6696428571428571,112,0.2731844617420712,0.1425917850093036,632,0,0.7705696202531646,0.1376146788990825,109,0.7935007445335512,0.3581425810261213,632,0,fixed_0.05
confirmation,2005,2010,2015,64_32,0.1,10,10,0.8955696202531646,0.625,112,0.270644433508418,0.1420495449339362,632,0,0.7705696202531646,0.1376146788990825,109,0.7941054059796506,0.3563569517481267,632,0,fixed_0.1
confirmation,2005,2010,2015,64_32,0.2,10,10,0.903481012658228,0.6517857142857143,112,0.2684273177358555,0.1410466830585355,632,0,0.7737341772151899,0.1376146788990825,109,0.7965547567278431,0.3488180931630432,632,0,fixed_0.2
confirmation,2005,2010,2015,64_32,0.3,10,10,0.903481012658228,0.6071428571428571,112,0.2705047962995648,0.1439402439636366,632,0,0.7689873417721519,0.1376146788990825,109,0.8217710564362529,0.359191128023654,632,0,fixed_0.3
confirmation,2005,2010,2015,64_32,0.5,10,10,0.9018987341772152,0.5803571428571429,112,0.2773856119385373,0.1484296972673772,632,0,0.7658227848101266,0.1376146788990825,109,0.8154948721188411,0.3701495991554007,632,0,fixed_0.5
confirmation,2005,2010,2015,64_32,1.0,10,10,0.9098101265822784,0.6696428571428571,112,0.2652403732398928,0.1378165578994213,632,0,0.7626582278481012,0.1376146788990825,109,1.0056232312746909,0.3748372421841189,632,0,fixed_1
confirmation,2005,2010,2015,64_32,1.0,20,10,0.9098101265822784,0.6607142857142857,112,0.2629465794321077,0.137158800714746,632,0,0.759493670886076,0.1376146788990825,109,0.9548897146692188,0.3750988247688735,632,0,validation_all_rates
confirmation,2005,2010,2015,64_32,0.2,20,10,0.903481012658228,0.6517857142857143,112,0.2684273177358555,0.1410466830585355,632,0,0.7737341772151899,0.1376146788990825,109,0.7965547567278431,0.3488180931630432,632,0,validation_midrange
confirmation,2005,2010,2015,64_32,0.3,20,10,0.903481012658228,0.6071428571428571,112,0.2705047962995648,0.1439402439636366,632,0,0.7689873417721519,0.1376146788990825,109,0.8217710564362529,0.359191128023654,632,0,validation_compact
confirmation,2005,2010,2015,64_32,0.01,20,10,0.9003164556962026,0.6696428571428571,112,0.2746167224081019,0.1435399855088233,632,0,0.7674050632911392,0.128440366972477,109,0.7926175758763376,0.3602241792833966,632,0,fixed_0.01
confirmation,2005,2010,2015,64_32,0.03,20,10,0.8987341772151899,0.6517857142857143,112,0.2741381449996865,0.143673438046541,632,0,0.7705696202531646,0.128440366972477,109,0.795572331666821,0.3540759843593674,632,0,fixed_0.03
confirmation,2005,2010,2015,64_32,0.05,20,10,0.9003164556962026,0.6696428571428571,112,0.2731844617420712,0.1425917850093036,632,0,0.7705696202531646,0.1376146788990825,109,0.7935007445335512,0.3581425810261213,632,0,fixed_0.05
confirmation,2005,2010,2015,64_32,0.1,20,10,0.8955696202531646,0.625,112,0.270644433508418,0.1420495449339362,632,0,0.7705696202531646,0.1376146788990825,109,0.7941054059796506,0.3563569517481267,632,0,fixed_0.1
confirmation,2005,2010,2015,64_32,0.2,20,10,0.903481012658228,0.6517857142857143,112,0.2684273177358555,0.1410466830585355,632,0,0.7737341772151899,0.1376146788990825,109,0.7965547567278431,0.3488180931630432,632,0,fixed_0.2
confirmation,2005,2010,2015,64_32,0.3,20,10,0.903481012658228,0.6071428571428571,112,0.2705047962995648,0.1439402439636366,632,0,0.7689873417721519,0.1376146788990825,109,0.8217710564362529,0.359191128023654,632,0,fixed_0.3
confirmation,2005,2010,2015,64_32,0.5,20,10,0.9018987341772152,0.5803571428571429,112,0.2773856119385373,0.1484296972673772,632,0,0.7658227848101266,0.1376146788990825,109,0.8154948721188411,0.3701495991554007,632,0,fixed_0.5
confirmation,2005,2010,2015,64_32,1.0,20,10,0.9098101265822784,0.6607142857142857,112,0.2629465794321077,0.137158800714746,632,0,0.759493670886076,0.1376146788990825,109,0.9548897146692188,0.3750988247688735,632,0,fixed_1
confirmation,2005,2010,2015,64_32,1.0,50,10,0.9098101265822784,0.6607142857142857,112,0.2629465794321077,0.137158800714746,632,0,0.759493670886076,0.1376146788990825,109,0.9548897146692188,0.3750988247688735,632,0,validation_all_rates
confirmation,2005,2010,2015,64_32,0.2,50,10,0.903481012658228,0.6517857142857143,112,0.2684273177358555,0.1410466830585355,632,0,0.7737341772151899,0.1376146788990825,109,0.7965547567278431,0.3488180931630432,632,0,validation_midrange
confirmation,2005,2010,2015,64_32,0.3,50,10,0.903481012658228,0.6071428571428571,112,0.2705047962995648,0.1439402439636366,632,0,0.7689873417721519,0.1376146788990825,109,0.8217710564362529,0.359191128023654,632,0,validation_compact
confirmation,2005,2010,2015,64_32,0.01,50,10,0.9003164556962026,0.6696428571428571,112,0.2746167224081019,0.1435399855088233,632,0,0.7674050632911392,0.128440366972477,109,0.7926175758763376,0.3602241792833966,632,0,fixed_0.01
confirmation,2005,2010,2015,64_32,0.03,50,10,0.8987341772151899,0.6339285714285714,112,0.2741101372740405,0.1440804983840811,632,0,0.7705696202531646,0.1376146788990825,109,0.7998531682315019,0.3538508702407582,632,0,fixed_0.03
confirmation,2005,2010,2015,64_32,0.05,50,10,0.9003164556962026,0.6696428571428571,112,0.2731844617420712,0.1425917850093036,632,0,0.7705696202531646,0.1376146788990825,109,0.7935007445335512,0.3581425810261213,632,0,fixed_0.05
confirmation,2005,2010,2015,64_32,0.1,50,10,0.8955696202531646,0.625,112,0.270644433508418,0.1420495449339362,632,0,0.7705696202531646,0.1376146788990825,109,0.7941054059796506,0.3563569517481267,632,0,fixed_0.1
confirmation,2005,2010,2015,64_32,0.2,50,10,0.903481012658228,0.6517857142857143,112,0.2684273177358555,0.1410466830585355,632,0,0.7737341772151899,0.1376146788990825,109,0.7965547567278431,0.3488180931630432,632,0,fixed_0.2
confirmation,2005,2010,2015,64_32,0.3,50,10,0.903481012658228,0.6071428571428571,112,0.2705047962995648,0.1439402439636366,632,0,0.7689873417721519,0.1376146788990825,109,0.8217710564362529,0.359191128023654,632,0,fixed_0.3
confirmation,2005,2010,2015,64_32,0.5,50,10,0.9018987341772152,0.5803571428571429,112,0.2773856119385373,0.1484296972673772,632,0,0.7658227848101266,0.1376146788990825,109,0.8154948721188411,0.3701495991554007,632,0,fixed_0.5
confirmation,2005,2010,2015,64_32,1.0,50,10,0.9098101265822784,0.6607142857142857,112,0.2629465794321077,0.137158800714746,632,0,0.759493670886076,0.1376146788990825,109,0.9548897146692188,0.3750988247688735,632,0,fixed_1
confirmation,2010,2015,2017,16,1.0,10,10,0.819620253164557,0.1651376146788991,109,0.6198152909075758,0.2800464800600478,632,0,0.8971518987341772,0.0895522388059701,67,0.365037011337223,0.1809788023280647,632,0,validation_all_rates
confirmation,2010,2015,2017,16,0.5,10,10,0.810126582278481,0.1651376146788991,109,0.6735735946570207,0.300091028221737,632,0,0.8955696202531646,0.0746268656716417,67,0.303201815268925,0.1609994951676615,632,0,validation_midrange
confirmation,2010,2015,2017,16,0.3,10,10,0.7863924050632911,0.1376146788990825,109,0.7317399804910434,0.3215863966264114,632,0,0.8987341772151899,0.1492537313432835,67,0.2824321480871227,0.1506480527970415,632,0,validation_compact
confirmation,2010,2015,2017,16,0.01,10,10,0.7958860759493671,0.4403669724770642,109,0.7687395777130319,0.320723605846519,632,0,0.8338607594936709,0.4626865671641791,67,0.4872406028024598,0.2474937101781441,632,0,fixed_0.01
confirmation,2010,2015,2017,16,0.03,10,10,0.7974683544303798,0.4403669724770642,109,0.7572079053105968,0.3201349158127233,632,0,0.8354430379746836,0.4626865671641791,67,0.4792630480039713,0.2442939471629162,632,0,fixed_0.03
confirmation,2010,2015,2017,16,0.05,10,10,0.8037974683544303,0.4220183486238532,109,0.7712846381256528,0.3155058013104466,632,0,0.8481012658227848,0.417910447761194,67,0.4537500949654113,0.2346633037660657,632,0,fixed_0.05
confirmation,2010,2015,2017,16,0.1,10,10,0.7927215189873418,0.3211009174311927,109,0.739856689844346,0.3101727617062923,632,0,0.8591772151898734,0.3880597014925373,67,0.3541726142697239,0.1977731367338113,632,0,fixed_0.1
confirmation,2010,2015,2017,16,0.2,10,10,0.7800632911392406,0.128440366972477,109,0.739869817934238,0.3195678741752637,632,0,0.8987341772151899,0.1641791044776119,67,0.278364043020658,0.149982669353932,632,0,fixed_0.2
confirmation,2010,2015,2017,16,0.3,10,10,0.7863924050632911,0.1376146788990825,109,0.7317399804910434,0.3215863966264114,632,0,0.8987341772151899,0.1492537313432835,67,0.2824321480871227,0.1506480527970415,632,0,fixed_0.3
confirmation,2010,2015,2017,16,0.5,10,10,0.810126582278481,0.1651376146788991,109,0.6735735946570207,0.300091028221737,632,0,0.8955696202531646,0.0746268656716417,67,0.303201815268925,0.1609994951676615,632,0,fixed_0.5
confirmation,2010,2015,2017,16,1.0,10,10,0.819620253164557,0.1651376146788991,109,0.6198152909075758,0.2800464800600478,632,0,0.8971518987341772,0.0895522388059701,67,0.365037011337223,0.1809788023280647,632,0,fixed_1
confirmation,2010,2015,2017,16,1.0,20,10,0.8227848101265823,0.146788990825688,109,0.6116678095034171,0.2751919504213884,632,0,0.8924050632911392,0.0895522388059701,67,0.3782379439333649,0.1876206329950003,632,0,validation_all_rates
confirmation,2010,2015,2017,16,0.5,20,10,0.8180379746835443,0.1743119266055046,109,0.6661605139849468,0.2940220764788115,632,0,0.8955696202531646,0.0746268656716417,67,0.3070190378102053,0.1633796660795861,632,0,validation_midrange
confirmation,2010,2015,2017,16,0.3,20,10,0.7879746835443038,0.146788990825688,109,0.722828723310747,0.320157252630148,632,0,0.8987341772151899,0.1492537313432835,67,0.2838287144722758,0.1508451789806749,632,0,validation_compact
confirmation,2010,2015,2017,16,0.01,20,10,0.7958860759493671,0.4403669724770642,109,0.7687395777130319,0.320723605846519,632,0,0.8338607594936709,0.4626865671641791,67,0.4872406028024598,0.2474937101781441,632,0,fixed_0.01
confirmation,2010,2015,2017,16,0.03,20,10,0.7974683544303798,0.4403669724770642,109,0.7572079053105968,0.3201349158127233,632,0,0.8354430379746836,0.4626865671641791,67,0.4792630480039713,0.2442939471629162,632,0,fixed_0.03
confirmation,2010,2015,2017,16,0.05,20,10,0.8037974683544303,0.4220183486238532,109,0.7712846381256528,0.3155058013104466,632,0,0.8481012658227848,0.417910447761194,67,0.4537500949654113,0.2346633037660657,632,0,fixed_0.05
confirmation,2010,2015,2017,16,0.1,20,10,0.7911392405063291,0.2568807339449541,109,0.7267301210630358,0.3064329553020025,632,0,0.8607594936708861,0.3134328358208955,67,0.3308768770755194,0.1833957145083552,632,0,fixed_0.1
confirmation,2010,2015,2017,16,0.2,20,10,0.7911392405063291,0.146788990825688,109,0.7197236057237666,0.3091940261268626,632,0,0.8971518987341772,0.1343283582089552,67,0.2775894226320571,0.1506271546083173,632,0,fixed_0.2
confirmation,2010,2015,2017,16,0.3,20,10,0.7879746835443038,0.146788990825688,109,0.722828723310747,0.320157252630148,632,0,0.8987341772151899,0.1492537313432835,67,0.2838287144722758,0.1508451789806749,632,0,fixed_0.3
confirmation,2010,2015,2017,16,0.5,20,10,0.8180379746835443,0.1743119266055046,109,0.6661605139849468,0.2940220764788115,632,0,0.8955696202531646,0.0746268656716417,67,0.3070190378102053,0.1633796660795861,632,0,fixed_0.5
confirmation,2010,2015,2017,16,1.0,20,10,0.8227848101265823,0.146788990825688,109,0.6116678095034171,0.2751919504213884,632,0,0.8924050632911392,0.0895522388059701,67,0.3782379439333649,0.1876206329950003,632,0,fixed_1
confirmation,2010,2015,2017,16,1.0,50,10,0.8212025316455697,0.1192660550458715,109,0.5535839183747203,0.265514544873468,632,0,0.8876582278481012,0.0895522388059701,67,0.4113891981504237,0.19559428919133,632,0,validation_all_rates
confirmation,2010,2015,2017,16,0.5,50,10,0.8180379746835443,0.1926605504587156,109,0.6600051172353872,0.2910119003216082,632,0,0.8955696202531646,0.0746268656716417,67,0.2870490788539491,0.1582807428635808,632,0,validation_midrange
confirmation,2010,2015,2017,16,0.3,50,10,0.8022151898734177,0.1651376146788991,109,0.6882286859835849,0.2991954735317236,632,0,0.8971518987341772,0.1044776119402985,67,0.2846016919046154,0.1548908396831415,632,0,validation_compact
confirmation,2010,2015,2017,16,0.01,50,10,0.7958860759493671,0.4403669724770642,109,0.7687395777130319,0.320723605846519,632,0,0.8338607594936709,0.4626865671641791,67,0.4872406028024598,0.2474937101781441,632,0,fixed_0.01
confirmation,2010,2015,2017,16,0.03,50,10,0.7974683544303798,0.4403669724770642,109,0.7572079053105968,0.3201349158127233,632,0,0.8354430379746836,0.4626865671641791,67,0.4792630480039713,0.2442939471629162,632,0,fixed_0.03
confirmation,2010,2015,2017,16,0.05,50,10,0.8037974683544303,0.3761467889908257,109,0.7349268088130214,0.3064248637660475,632,0,0.8575949367088608,0.3432835820895522,67,0.3647690505489425,0.2020527282600661,632,0,fixed_0.05
confirmation,2010,2015,2017,16,0.1,50,10,0.7911392405063291,0.2568807339449541,109,0.7267301210630358,0.3064329553020025,632,0,0.8607594936708861,0.3134328358208955,67,0.3308768770755194,0.1833957145083552,632,0,fixed_0.1
confirmation,2010,2015,2017,16,0.2,50,10,0.8164556962025317,0.1651376146788991,109,0.6914743022682863,0.291470558085548,632,0,0.8955696202531646,0.1044776119402985,67,0.2843158068982805,0.1539262178232248,632,0,fixed_0.2
confirmation,2010,2015,2017,16,0.3,50,10,0.8022151898734177,0.1651376146788991,109,0.6882286859835849,0.2991954735317236,632,0,0.8971518987341772,0.1044776119402985,67,0.2846016919046154,0.1548908396831415,632,0,fixed_0.3
confirmation,2010,2015,2017,16,0.5,50,10,0.8180379746835443,0.1926605504587156,109,0.6600051172353872,0.2910119003216082,632,0,0.8955696202531646,0.0746268656716417,67,0.2870490788539491,0.1582807428635808,632,0,fixed_0.5
confirmation,2010,2015,2017,16,1.0,50,10,0.8212025316455697,0.1192660550458715,109,0.5535839183747203,0.265514544873468,632,0,0.8876582278481012,0.0895522388059701,67,0.4113891981504237,0.19559428919133,632,0,fixed_1
confirmation,2010,2015,2017,32,1.0,10,10,0.8180379746835443,0.1376146788990825,109,0.6862063693372668,0.2848477059700536,632,0,0.8924050632911392,0.0895522388059701,67,0.3558924620214186,0.1822988723621281,632,0,validation_all_rates
confirmation,2010,2015,2017,32,0.5,10,10,0.8069620253164557,0.1376146788990825,109,0.7202049347586472,0.3116942464139398,632,0,0.8955696202531646,0.0746268656716417,67,0.3001885839432512,0.1671374695245203,632,0,validation_midrange
confirmation,2010,2015,2017,32,0.3,10,10,0.7832278481012658,0.128440366972477,109,0.7480750323301216,0.3303636782523482,632,0,0.8987341772151899,0.1044776119402985,67,0.2806334827566217,0.1533289204768782,632,0,validation_compact
confirmation,2010,2015,2017,32,0.01,10,10,0.7816455696202531,0.4403669724770642,109,0.80117400981359,0.3355537092474074,632,0,0.8338607594936709,0.4776119402985074,67,0.5087476770145493,0.2561448936529965,632,0,fixed_0.01
confirmation,2010,2015,2017,32,0.03,10,10,0.7879746835443038,0.4403669724770642,109,0.793876703707328,0.3335916831176801,632,0,0.8338607594936709,0.4626865671641791,67,0.4986498286216431,0.2528448195957052,632,0,fixed_0.03
confirmation,2010,2015,2017,32,0.05,10,10,0.7974683544303798,0.4220183486238532,109,0.7957929958092081,0.3301988315999245,632,0,0.8465189873417721,0.417910447761194,67,0.4778174283822082,0.2419003981717112,632,0,fixed_0.05
confirmation,2010,2015,2017,32,0.1,10,10,0.7927215189873418,0.3669724770642202,109,0.7827195951021746,0.3270535921629224,632,0,0.8512658227848101,0.417910447761194,67,0.4152739356242128,0.2254372404507827,632,0,fixed_0.1
confirmation,2010,2015,2017,32,0.2,10,10,0.7753164556962026,0.128440366972477,109,0.7693679322528979,0.3366045730305739,632,0,0.8939873417721519,0.1492537313432835,67,0.2789863601510265,0.1517273308797006,632,0,fixed_0.2
confirmation,2010,2015,2017,32,0.3,10,10,0.7832278481012658,0.128440366972477,109,0.7480750323301216,0.3303636782523482,632,0,0.8987341772151899,0.1044776119402985,67,0.2806334827566217,0.1533289204768782,632,0,fixed_0.3
confirmation,2010,2015,2017,32,0.5,10,10,0.8069620253164557,0.1376146788990825,109,0.7202049347586472,0.3116942464139398,632,0,0.8955696202531646,0.0746268656716417,67,0.3001885839432512,0.1671374695245203,632,0,fixed_0.5
confirmation,2010,2015,2017,32,1.0,10,10,0.8180379746835443,0.1376146788990825,109,0.6862063693372668,0.2848477059700536,632,0,0.8924050632911392,0.0895522388059701,67,0.3558924620214186,0.1822988723621281,632,0,fixed_1
confirmation,2010,2015,2017,32,1.0,20,10,0.8275316455696202,0.1834862385321101,109,0.6514287227079878,0.2797311049264505,632,0,0.8781645569620253,0.0895522388059701,67,0.4015255561559033,0.1966745285698675,632,0,validation_all_rates
confirmation,2010,2015,2017,32,0.5,20,10,0.814873417721519,0.1376146788990825,109,0.6971120532515933,0.2986411920046066,632,0,0.8971518987341772,0.0895522388059701,67,0.3161202375020867,0.1744300650590834,632,0,validation_midrange
confirmation,2010,2015,2017,32,0.3,20,10,0.7927215189873418,0.146788990825688,109,0.7193242703707594,0.3152248131500331,632,0,0.8971518987341772,0.0895522388059701,67,0.2830709121074922,0.1551284375725653,632,0,validation_compact
confirmation,2010,2015,2017,32,0.01,20,10,0.7816455696202531,0.4403669724770642,109,0.80117400981359,0.3355537092474074,632,0,0.8338607594936709,0.4776119402985074,67,0.5087476770145493,0.2561448936529965,632,0,fixed_0.01
confirmation,2010,2015,2017,32,0.03,20,10,0.7879746835443038,0.4403669724770642,109,0.793876703707328,0.3335916831176801,632,0,0.8338607594936709,0.4626865671641791,67,0.4986498286216431,0.2528448195957052,632,0,fixed_0.03
confirmation,2010,2015,2017,32,0.05,20,10,0.7974683544303798,0.4220183486238532,109,0.7957929958092081,0.3301988315999245,632,0,0.8465189873417721,0.417910447761194,67,0.4778174283822082,0.2419003981717112,632,0,fixed_0.05
confirmation,2010,2015,2017,32,0.1,20,10,0.7927215189873418,0.3669724770642202,109,0.7827195951021746,0.3270535921629224,632,0,0.8512658227848101,0.417910447761194,67,0.4152739356242128,0.2254372404507827,632,0,fixed_0.1
confirmation,2010,2015,2017,32,0.2,20,10,0.7753164556962026,0.128440366972477,109,0.760520747508921,0.3319676759635728,632,0,0.8939873417721519,0.1492537313432835,67,0.2773196690720505,0.1515173118195538,632,0,fixed_0.2
confirmation,2010,2015,2017,32,0.3,20,10,0.7927215189873418,0.146788990825688,109,0.7193242703707594,0.3152248131500331,632,0,0.8971518987341772,0.0895522388059701,67,0.2830709121074922,0.1551284375725653,632,0,fixed_0.3
confirmation,2010,2015,2017,32,0.5,20,10,0.814873417721519,0.1376146788990825,109,0.6971120532515933,0.2986411920046066,632,0,0.8971518987341772,0.0895522388059701,67,0.3161202375020867,0.1744300650590834,632,0,fixed_0.5
confirmation,2010,2015,2017,32,1.0,20,10,0.8275316455696202,0.1834862385321101,109,0.6514287227079878,0.2797311049264505,632,0,0.8781645569620253,0.0895522388059701,67,0.4015255561559033,0.1966745285698675,632,0,fixed_1
confirmation,2010,2015,2017,32,1.0,50,10,0.819620253164557,0.1192660550458715,109,0.5965223123605301,0.2698697828427102,632,0,0.8686708860759493,0.1343283582089552,67,0.4158845798105001,0.20690571903094,632,0,validation_all_rates
confirmation,2010,2015,2017,32,0.5,50,10,0.8132911392405063,0.110091743119266,109,0.682453856373107,0.2968811972933334,632,0,0.8924050632911392,0.0895522388059701,67,0.3168449404186989,0.1773856971344966,632,0,validation_midrange
confirmation,2010,2015,2017,32,0.3,50,10,0.805379746835443,0.1743119266055046,109,0.6847817456942146,0.2977728980142943,632,0,0.8955696202531646,0.0746268656716417,67,0.2807102730565868,0.1554629315254441,632,0,validation_compact
confirmation,2010,2015,2017,32,0.01,50,10,0.7816455696202531,0.4403669724770642,109,0.80117400981359,0.3355537092474074,632,0,0.8338607594936709,0.4776119402985074,67,0.5087476770145493,0.2561448936529965,632,0,fixed_0.01
confirmation,2010,2015,2017,32,0.03,50,10,0.7879746835443038,0.4403669724770642,109,0.793876703707328,0.3335916831176801,632,0,0.8338607594936709,0.4626865671641791,67,0.4986498286216431,0.2528448195957052,632,0,fixed_0.03
confirmation,2010,2015,2017,32,0.05,50,10,0.7974683544303798,0.4220183486238532,109,0.7957929958092081,0.3301988315999245,632,0,0.8465189873417721,0.417910447761194,67,0.4778174283822082,0.2419003981717112,632,0,fixed_0.05
confirmation,2010,2015,2017,32,0.1,50,10,0.7895569620253164,0.3119266055045872,109,0.7653836552947281,0.3229383122895999,632,0,0.8544303797468354,0.3880597014925373,67,0.367709942657125,0.2067164505012321,632,0,fixed_0.1
confirmation,2010,2015,2017,32,0.2,50,10,0.810126582278481,0.1834862385321101,109,0.6956525101283363,0.2935324623552921,632,0,0.8908227848101266,0.1044776119402985,67,0.2755926861939618,0.1564543397787104,632,0,fixed_0.2
confirmation,2010,2015,2017,32,0.3,50,10,0.805379746835443,0.1743119266055046,109,0.6847817456942146,0.2977728980142943,632,0,0.8955696202531646,0.0746268656716417,67,0.2807102730565868,0.1554629315254441,632,0,fixed_0.3
confirmation,2010,2015,2017,32,0.5,50,10,0.8132911392405063,0.110091743119266,109,0.682453856373107,0.2968811972933334,632,0,0.8924050632911392,0.0895522388059701,67,0.3168449404186989,0.1773856971344966,632,0,fixed_0.5
confirmation,2010,2015,2017,32,1.0,50,10,0.819620253164557,0.1192660550458715,109,0.5965223123605301,0.2698697828427102,632,0,0.8686708860759493,0.1343283582089552,67,0.4158845798105001,0.20690571903094,632,0,fixed_1
confirmation,2010,2015,2017,32_16,1.0,10,10,0.8117088607594937,0.0825688073394495,109,0.4393706621010348,0.2554883297150538,632,0,0.8939873417721519,0.0895522388059701,67,0.3605578025293898,0.1835269744794662,632,0,validation_all_rates
confirmation,2010,2015,2017,32_16,0.5,10,10,0.8227848101265823,0.146788990825688,109,0.6044909035487991,0.2747967591932611,632,0,0.8971518987341772,0.0895522388059701,67,0.359802655529246,0.1765785912724264,632,0,validation_midrange
confirmation,2010,2015,2017,32_16,0.3,10,10,0.8322784810126582,0.146788990825688,109,0.6245355534638172,0.2702176921541728,632,0,0.8908227848101266,0.0746268656716417,67,0.3337272551856433,0.175544635170043,632,0,validation_compact
confirmation,2010,2015,2017,32_16,0.01,10,10,0.819620253164557,0.4220183486238532,109,0.7866752246485245,0.3041143428795429,632,0,0.8512658227848101,0.417910447761194,67,0.5204751805180984,0.2453626404003951,632,0,fixed_0.01
confirmation,2010,2015,2017,32_16,0.03,10,10,0.8243670886075949,0.4128440366972477,109,0.780413166224186,0.299170641040501,632,0,0.8560126582278481,0.417910447761194,67,0.4786565998084565,0.2337529739676097,632,0,fixed_0.03
confirmation,2010,2015,2017,32_16,0.05,10,10,0.8132911392405063,0.2201834862385321,109,0.6913783552828916,0.2852271197065724,632,0,0.8860759493670886,0.1492537313432835,67,0.3050139246810762,0.1610047850361552,632,0,fixed_0.05
confirmation,2010,2015,2017,32_16,0.1,10,10,0.8117088607594937,0.1559633027522936,109,0.6725262769007275,0.2962102275050094,632,0,0.8955696202531646,0.0746268656716417,67,0.3017141264348162,0.160876350270102,632,0,fixed_0.1
confirmation,2010,2015,2017,32_16,0.2,10,10,0.819620253164557,0.1009174311926605,109,0.6408411844018941,0.2856274640569138,632,0,0.8955696202531646,0.0746268656716417,67,0.3493510334555078,0.1755084426776746,632,0,fixed_0.2
confirmation,2010,2015,2017,32_16,0.3,10,10,0.8322784810126582,0.146788990825688,109,0.6245355534638172,0.2702176921541728,632,0,0.8908227848101266,0.0746268656716417,67,0.3337272551856433,0.175544635170043,632,0,fixed_0.3
confirmation,2010,2015,2017,32_16,0.5,10,10,0.8227848101265823,0.146788990825688,109,0.6044909035487991,0.2747967591932611,632,0,0.8971518987341772,0.0895522388059701,67,0.359802655529246,0.1765785912724264,632,0,fixed_0.5
confirmation,2010,2015,2017,32_16,1.0,10,10,0.8117088607594937,0.0825688073394495,109,0.4393706621010348,0.2554883297150538,632,0,0.8939873417721519,0.0895522388059701,67,0.3605578025293898,0.1835269744794662,632,0,fixed_1
confirmation,2010,2015,2017,32_16,1.0,20,10,0.8164556962025317,0.055045871559633,109,0.4162993253465477,0.2396014125475403,632,0,0.8876582278481012,0.0895522388059701,67,0.3948989190920594,0.1948797232911211,632,0,validation_all_rates
confirmation,2010,2015,2017,32_16,0.5,20,10,0.8243670886075949,0.1376146788990825,109,0.5699452160493013,0.2732659653873968,632,0,0.8971518987341772,0.0895522388059701,67,0.3603032274799307,0.1771560725818687,632,0,validation_midrange
confirmation,2010,2015,2017,32_16,0.3,20,10,0.8306962025316456,0.1559633027522936,109,0.6185536530709053,0.2705989635462389,632,0,0.8971518987341772,0.0895522388059701,67,0.3337121663692124,0.1749377345679398,632,0,validation_compact
confirmation,2010,2015,2017,32_16,0.01,20,10,0.819620253164557,0.4220183486238532,109,0.7866752246485245,0.3041143428795429,632,0,0.8512658227848101,0.417910447761194,67,0.5204751805180984,0.2453626404003951,632,0,fixed_0.01
confirmation,2010,2015,2017,32_16,0.03,20,10,0.810126582278481,0.2018348623853211,109,0.695195244317475,0.2897823848154476,632,0,0.8892405063291139,0.1940298507462686,67,0.3282998356317722,0.166881933511467,632,0,fixed_0.03
confirmation,2010,2015,2017,32_16,0.05,20,10,0.8180379746835443,0.2110091743119266,109,0.6870995354142122,0.283588803549837,632,0,0.8924050632911392,0.1044776119402985,67,0.3016350875281732,0.1579401067548199,632,0,fixed_0.05
confirmation,2010,2015,2017,32_16,0.1,20,10,0.8227848101265823,0.146788990825688,109,0.6655017694808569,0.2821710143464049,632,0,0.8955696202531646,0.0746268656716417,67,0.3192909655601782,0.1705087800764798,632,0,fixed_0.1
confirmation,2010,2015,2017,32_16,0.2,20,10,0.8227848101265823,0.1192660550458715,109,0.6281034581980027,0.2829907215214968,632,0,0.8955696202531646,0.0746268656716417,67,0.3584760388321902,0.1785196506137142,632,0,fixed_0.2
confirmation,2010,2015,2017,32_16,0.3,20,10,0.8306962025316456,0.1559633027522936,109,0.6185536530709053,0.2705989635462389,632,0,0.8971518987341772,0.0895522388059701,67,0.3337121663692124,0.1749377345679398,632,0,fixed_0.3
confirmation,2010,2015,2017,32_16,0.5,20,10,0.8243670886075949,0.1376146788990825,109,0.5699452160493013,0.2732659653873968,632,0,0.8971518987341772,0.0895522388059701,67,0.3603032274799307,0.1771560725818687,632,0,fixed_0.5
confirmation,2010,2015,2017,32_16,1.0,20,10,0.8164556962025317,0.055045871559633,109,0.4162993253465477,0.2396014125475403,632,0,0.8876582278481012,0.0895522388059701,67,0.3948989190920594,0.1948797232911211,632,0,fixed_1
confirmation,2010,2015,2017,32_16,1.0,50,10,0.8164556962025317,0.055045871559633,109,0.4162993253465477,0.2396014125475403,632,0,0.8876582278481012,0.0895522388059701,67,0.3948989190920594,0.1948797232911211,632,0,validation_all_rates
confirmation,2010,2015,2017,32_16,0.5,50,10,0.8212025316455697,0.110091743119266,109,0.554558283459622,0.2714967312771372,632,0,0.8971518987341772,0.0895522388059701,67,0.3588426905016347,0.1780787474854365,632,0,validation_midrange
confirmation,2010,2015,2017,32_16,0.3,50,10,0.8354430379746836,0.1376146788990825,109,0.5867466249633218,0.2642809034453449,632,0,0.8892405063291139,0.0895522388059701,67,0.3674662006397984,0.1854969128975925,632,0,validation_compact
confirmation,2010,2015,2017,32_16,0.01,50,10,0.8227848101265823,0.4036697247706422,109,0.7408646487212905,0.2972231470805847,632,0,0.8560126582278481,0.3432835820895522,67,0.3844141440035932,0.2033632856212032,632,0,fixed_0.01
confirmation,2010,2015,2017,32_16,0.03,50,10,0.8291139240506329,0.1834862385321101,109,0.6741791399987087,0.2767732475979757,632,0,0.8876582278481012,0.1492537313432835,67,0.3281590406169275,0.1665295751405303,632,0,fixed_0.03
confirmation,2010,2015,2017,32_16,0.05,50,10,0.8291139240506329,0.1926605504587156,109,0.6633463800408476,0.2771121780734236,632,0,0.8939873417721519,0.0746268656716417,67,0.3017360006069122,0.1608251129440138,632,0,fixed_0.05
confirmation,2010,2015,2017,32_16,0.1,50,10,0.8259493670886076,0.1559633027522936,109,0.6614060460361675,0.2799117861392454,632,0,0.8955696202531646,0.0746268656716417,67,0.3208269868654619,0.1709359444481588,632,0,fixed_0.1
confirmation,2010,2015,2017,32_16,0.2,50,10,0.8243670886075949,0.128440366972477,109,0.6111855706067149,0.2794069435459416,632,0,0.8908227848101266,0.0746268656716417,67,0.3606325442726756,0.1802087907176277,632,0,fixed_0.2
confirmation,2010,2015,2017,32_16,0.3,50,10,0.8354430379746836,0.1376146788990825,109,0.5867466249633218,0.2642809034453449,632,0,0.8892405063291139,0.0895522388059701,67,0.3674662006397984,0.1854969128975925,632,0,fixed_0.3
confirmation,2010,2015,2017,32_16,0.5,50,10,0.8212025316455697,0.110091743119266,109,0.554558283459622,0.2714967312771372,632,0,0.8971518987341772,0.0895522388059701,67,0.3588426905016347,0.1780787474854365,632,0,fixed_0.5
confirmation,2010,2015,2017,32_16,1.0,50,10,0.8164556962025317,0.055045871559633,109,0.4162993253465477,0.2396014125475403,632,0,0.8876582278481012,0.0895522388059701,67,0.3948989190920594,0.1948797232911211,632,0,fixed_1
confirmation,2010,2015,2017,64_32,1.0,10,10,0.8212025316455697,0.1834862385321101,109,0.4888783575370678,0.2623890790179098,632,0,0.8955696202531646,0.0895522388059701,67,0.3747906921937872,0.1786474505349214,632,0,validation_all_rates
confirmation,2010,2015,2017,64_32,0.5,10,10,0.814873417721519,0.128440366972477,109,0.6011138599236588,0.2891944917774893,632,0,0.8955696202531646,0.0746268656716417,67,0.3385571790649783,0.173300682666688,632,0,validation_midrange
confirmation,2010,2015,2017,64_32,0.3,10,10,0.8243670886075949,0.1651376146788991,109,0.6146425286333357,0.2823291698351467,632,0,0.8955696202531646,0.0746268656716417,67,0.3332303397168525,0.1714427550060278,632,0,validation_compact
confirmation,2010,2015,2017,64_32,0.01,10,10,0.7974683544303798,0.4311926605504587,109,0.8056117923821601,0.3202994938051104,632,0,0.8417721518987342,0.4626865671641791,67,0.522152022785431,0.247533014036675,632,0,fixed_0.01
confirmation,2010,2015,2017,64_32,0.03,10,10,0.8006329113924051,0.4311926605504587,109,0.7754829209175252,0.3135183834029882,632,0,0.8512658227848101,0.417910447761194,67,0.4291714015546159,0.2278056093943087,632,0,fixed_0.03
confirmation,2010,2015,2017,64_32,0.05,10,10,0.7863924050632911,0.1834862385321101,109,0.7143516162880423,0.3038297464485934,632,0,0.870253164556962,0.2985074626865671,67,0.2919689287528416,0.1597272158650374,632,0,fixed_0.05
confirmation,2010,2015,2017,64_32,0.1,10,10,0.7943037974683544,0.146788990825688,109,0.6979444531214831,0.3018231767095004,632,0,0.8955696202531646,0.1343283582089552,67,0.2803772402528562,0.1552905341618857,632,0,fixed_0.1
confirmation,2010,2015,2017,64_32,0.2,10,10,0.8227848101265823,0.1651376146788991,109,0.6678410260295823,0.290137803246772,632,0,0.8955696202531646,0.0746268656716417,67,0.3079590037713926,0.1627146689052874,632,0,fixed_0.2
confirmation,2010,2015,2017,64_32,0.3,10,10,0.8243670886075949,0.1651376146788991,109,0.6146425286333357,0.2823291698351467,632,0,0.8955696202531646,0.0746268656716417,67,0.3332303397168525,0.1714427550060278,632,0,fixed_0.3
confirmation,2010,2015,2017,64_32,0.5,10,10,0.814873417721519,0.128440366972477,109,0.6011138599236588,0.2891944917774893,632,0,0.8955696202531646,0.0746268656716417,67,0.3385571790649783,0.173300682666688,632,0,fixed_0.5
confirmation,2010,2015,2017,64_32,1.0,10,10,0.8212025316455697,0.1834862385321101,109,0.4888783575370678,0.2623890790179098,632,0,0.8955696202531646,0.0895522388059701,67,0.3747906921937872,0.1786474505349214,632,0,fixed_1
confirmation,2010,2015,2017,64_32,1.0,20,10,0.814873417721519,0.2018348623853211,109,0.4845252392472942,0.2570935316758224,632,0,0.8955696202531646,0.0895522388059701,67,0.4038652143039684,0.1835446057647524,632,0,validation_all_rates
confirmation,2010,2015,2017,64_32,0.5,20,10,0.8259493670886076,0.1559633027522936,109,0.5634769512718434,0.2708796014330269,632,0,0.8892405063291139,0.0895522388059701,67,0.3862271011599512,0.1870088883621784,632,0,validation_midrange
confirmation,2010,2015,2017,64_32,0.3,20,10,0.8259493670886076,0.1376146788990825,109,0.5753633049997074,0.2703235900728046,632,0,0.8908227848101266,0.0746268656716417,67,0.347819179860973,0.1795382049166242,632,0,validation_compact
confirmation,2010,2015,2017,64_32,0.01,20,10,0.7974683544303798,0.4311926605504587,109,0.76920924618362,0.3183982986422959,632,0,0.8512658227848101,0.4328358208955223,67,0.4265414356027055,0.2282593984407778,632,0,fixed_0.01
confirmation,2010,2015,2017,64_32,0.03,20,10,0.8037974683544303,0.2935779816513761,109,0.7135363243611117,0.2957320620294119,632,0,0.8591772151898734,0.2835820895522388,67,0.3207228963468383,0.1721483458802653,632,0,fixed_0.03
confirmation,2010,2015,2017,64_32,0.05,20,10,0.8022151898734177,0.2110091743119266,109,0.7073580573748176,0.2934003685377814,632,0,0.870253164556962,0.2388059701492537,67,0.2905060959051773,0.1599065240980552,632,0,fixed_0.05
confirmation,2010,2015,2017,64_32,0.1,20,10,0.8275316455696202,0.1834862385321101,109,0.6478276134138586,0.2764112897589447,632,0,0.8955696202531646,0.1044776119402985,67,0.2873560304193633,0.1610907907916073,632,0,fixed_0.1
confirmation,2010,2015,2017,64_32,0.2,20,10,0.8275316455696202,0.146788990825688,109,0.6275666745002517,0.274862321176717,632,0,0.8955696202531646,0.0746268656716417,67,0.3246916285036994,0.172334766383647,632,0,fixed_0.2
confirmation,2010,2015,2017,64_32,0.3,20,10,0.8259493670886076,0.1376146788990825,109,0.5753633049997074,0.2703235900728046,632,0,0.8908227848101266,0.0746268656716417,67,0.347819179860973,0.1795382049166242,632,0,fixed_0.3
confirmation,2010,2015,2017,64_32,0.5,20,10,0.8259493670886076,0.1559633027522936,109,0.5634769512718434,0.2708796014330269,632,0,0.8892405063291139,0.0895522388059701,67,0.3862271011599512,0.1870088883621784,632,0,fixed_0.5
confirmation,2010,2015,2017,64_32,1.0,20,10,0.814873417721519,0.2018348623853211,109,0.4845252392472942,0.2570935316758224,632,0,0.8955696202531646,0.0895522388059701,67,0.4038652143039684,0.1835446057647524,632,0,fixed_1
confirmation,2010,2015,2017,64_32,1.0,50,10,0.8243670886075949,0.1743119266055046,109,0.470355471441966,0.2484114852452256,632,0,0.8908227848101266,0.0895522388059701,67,0.4205244382995025,0.1916274623693878,632,0,validation_all_rates
confirmation,2010,2015,2017,64_32,0.5,50,10,0.8291139240506329,0.146788990825688,109,0.5406568515249326,0.2614819794363989,632,0,0.879746835443038,0.0895522388059701,67,0.4103328738767141,0.1976113634886521,632,0,validation_midrange
confirmation,2010,2015,2017,64_32,0.3,50,10,0.8306962025316456,0.1376146788990825,109,0.5458671109508835,0.2632768958669794,632,0,0.8765822784810127,0.0746268656716417,67,0.3569575502436484,0.1860826188633024,632,0,validation_compact
confirmation,2010,2015,2017,64_32,0.01,50,10,0.8227848101265823,0.3394495412844037,109,0.7119729344083895,0.2892422238361666,632,0,0.8591772151898734,0.2388059701492537,67,0.3447925157709701,0.184596844169989,632,0,fixed_0.01
confirmation,2010,2015,2017,64_32,0.03,50,10,0.8370253164556962,0.2477064220183486,109,0.6796067658258439,0.2678096090476999,632,0,0.8591772151898734,0.208955223880597,67,0.3230819274030531,0.1796594555933832,632,0,fixed_0.03
confirmation,2010,2015,2017,64_32,0.05,50,10,0.8354430379746836,0.1926605504587156,109,0.6513243604761102,0.2679956526296534,632,0,0.8860759493670886,0.1194029850746268,67,0.3058176519985067,0.1728306145600572,632,0,fixed_0.05
confirmation,2010,2015,2017,64_32,0.1,50,10,0.8449367088607594,0.2385321100917431,109,0.600263810453604,0.2557205500565389,632,0,0.879746835443038,0.1194029850746268,67,0.3070779877708504,0.1743773054025474,632,0,fixed_0.1
confirmation,2010,2015,2017,64_32,0.2,50,10,0.8370253164556962,0.128440366972477,109,0.59884066277898,0.2645358838655935,632,0,0.875,0.0746268656716417,67,0.3454240228974632,0.1855706841135009,632,0,fixed_0.2
confirmation,2010,2015,2017,64_32,0.3,50,10,0.8306962025316456,0.1376146788990825,109,0.5458671109508835,0.2632768958669794,632,0,0.8765822784810127,0.0746268656716417,67,0.3569575502436484,0.1860826188633024,632,0,fixed_0.3
confirmation,2010,2015,2017,64_32,0.5,50,10,0.8291139240506329,0.146788990825688,109,0.5406568515249326,0.2614819794363989,632,0,0.879746835443038,0.0895522388059701,67,0.4103328738767141,0.1976113634886521,632,0,fixed_0.5
confirmation,2010,2015,2017,64_32,1.0,50,10,0.8243670886075949,0.1743119266055046,109,0.470355471441966,0.2484114852452256,632,0,0.8908227848101266,0.0895522388059701,67,0.4205244382995025,0.1916274623693878,632,0,fixed_1
confirmation,2015,2017,2019,16,0.05,10,10,0.8955696202531646,0.0895522388059701,67,0.3001190914274677,0.1606588355587034,632,0,0.8829113924050633,0.2236842105263158,76,0.296044320467936,0.1714606879339321,632,0,validation_all_rates
confirmation,2015,2017,2019,16,0.1,10,10,0.8955696202531646,0.0895522388059701,67,0.301027593164799,0.1606716367679186,632,0,0.8924050632911392,0.2631578947368421,76,0.279088177050827,0.1611286778294614,632,0,validation_midrange
confirmation,2015,2017,2019,16,0.1,10,10,0.8955696202531646,0.0895522388059701,67,0.301027593164799,0.1606716367679186,632,0,0.8924050632911392,0.2631578947368421,76,0.279088177050827,0.1611286778294614,632,0,validation_compact
confirmation,2015,2017,2019,16,0.01,10,10,0.8955696202531646,0.0895522388059701,67,0.3017578680530595,0.1614475792079674,632,0,0.8813291139240507,0.2236842105263158,76,0.2976007267159998,0.1720626726293542,632,0,fixed_0.01
confirmation,2015,2017,2019,16,0.03,10,10,0.8955696202531646,0.0895522388059701,67,0.3012557458074412,0.1612313778679062,632,0,0.8781645569620253,0.2236842105263158,76,0.3014927307766966,0.1744885151384911,632,0,fixed_0.03
confirmation,2015,2017,2019,16,0.05,10,10,0.8955696202531646,0.0895522388059701,67,0.3001190914274677,0.1606588355587034,632,0,0.8829113924050633,0.2236842105263158,76,0.296044320467936,0.1714606879339321,632,0,fixed_0.05
confirmation,2015,2017,2019,16,0.1,10,10,0.8955696202531646,0.0895522388059701,67,0.301027593164799,0.1606716367679186,632,0,0.8924050632911392,0.2631578947368421,76,0.279088177050827,0.1611286778294614,632,0,fixed_0.1
confirmation,2015,2017,2019,16,0.2,10,10,0.8971518987341772,0.0895522388059701,67,0.3080420198749936,0.1654743856703401,632,0,0.8987341772151899,0.3026315789473684,76,0.259451156794391,0.149962982770224,632,0,fixed_0.2
confirmation,2015,2017,2019,16,0.3,10,10,0.8924050632911392,0.0895522388059701,67,0.351833306285795,0.1832833721357696,632,0,0.9113924050632912,0.4342105263157895,76,0.2227525411438205,0.1265410640472775,632,0,fixed_0.3
confirmation,2015,2017,2019,16,0.5,10,10,0.8892405063291139,0.0895522388059701,67,0.4009275816564538,0.1914303000192746,632,0,0.9145569620253164,0.5,76,0.2037637191245538,0.1169119024998346,632,0,fixed_0.5
confirmation,2015,2017,2019,16,1.0,10,10,0.8939873417721519,0.1044776119402985,67,0.37132101884563,0.1757255134176845,632,0,0.9018987341772152,0.3684210526315789,76,0.232772728269225,0.1357171064953902,632,0,fixed_1
confirmation,2015,2017,2019,16,0.05,20,10,0.8955696202531646,0.0895522388059701,67,0.3001190914274677,0.1606588355587034,632,0,0.8829113924050633,0.2236842105263158,76,0.296044320467936,0.1714606879339321,632,0,validation_all_rates
confirmation,2015,2017,2019,16,0.1,20,10,0.8955696202531646,0.0895522388059701,67,0.301027593164799,0.1606716367679186,632,0,0.8924050632911392,0.2631578947368421,76,0.279088177050827,0.1611286778294614,632,0,validation_midrange
confirmation,2015,2017,2019,16,0.1,20,10,0.8955696202531646,0.0895522388059701,67,0.301027593164799,0.1606716367679186,632,0,0.8924050632911392,0.2631578947368421,76,0.279088177050827,0.1611286778294614,632,0,validation_compact
confirmation,2015,2017,2019,16,0.01,20,10,0.8955696202531646,0.0895522388059701,67,0.3017578680530595,0.1614475792079674,632,0,0.8813291139240507,0.2236842105263158,76,0.2976007267159998,0.1720626726293542,632,0,fixed_0.01
confirmation,2015,2017,2019,16,0.03,20,10,0.8955696202531646,0.0895522388059701,67,0.3012557458074412,0.1612313778679062,632,0,0.8781645569620253,0.2236842105263158,76,0.3014927307766966,0.1744885151384911,632,0,fixed_0.03
confirmation,2015,2017,2019,16,0.05,20,10,0.8955696202531646,0.0895522388059701,67,0.3001190914274677,0.1606588355587034,632,0,0.8829113924050633,0.2236842105263158,76,0.296044320467936,0.1714606879339321,632,0,fixed_0.05
confirmation,2015,2017,2019,16,0.1,20,10,0.8955696202531646,0.0895522388059701,67,0.301027593164799,0.1606716367679186,632,0,0.8924050632911392,0.2631578947368421,76,0.279088177050827,0.1611286778294614,632,0,fixed_0.1
confirmation,2015,2017,2019,16,0.2,20,10,0.8971518987341772,0.0895522388059701,67,0.3080420198749936,0.1654743856703401,632,0,0.8987341772151899,0.3026315789473684,76,0.259451156794391,0.149962982770224,632,0,fixed_0.2
confirmation,2015,2017,2019,16,0.3,20,10,0.8924050632911392,0.0895522388059701,67,0.351833306285795,0.1832833721357696,632,0,0.9113924050632912,0.4342105263157895,76,0.2227525411438205,0.1265410640472775,632,0,fixed_0.3
confirmation,2015,2017,2019,16,0.5,20,10,0.8908227848101266,0.0895522388059701,67,0.3711207866199983,0.1798024943695251,632,0,0.9066455696202532,0.4342105263157895,76,0.2109516759468141,0.1233823208853509,632,0,fixed_0.5
confirmation,2015,2017,2019,16,1.0,20,10,0.8971518987341772,0.1791044776119403,67,0.3648129332114557,0.1719472726996343,632,0,0.9018987341772152,0.3421052631578947,76,0.2439684035883511,0.1431670159033209,632,0,fixed_1
confirmation,2015,2017,2019,16,0.05,50,10,0.8955696202531646,0.0895522388059701,67,0.3001190914274677,0.1606588355587034,632,0,0.8829113924050633,0.2236842105263158,76,0.296044320467936,0.1714606879339321,632,0,validation_all_rates
confirmation,2015,2017,2019,16,0.1,50,10,0.8955696202531646,0.0895522388059701,67,0.301027593164799,0.1606716367679186,632,0,0.8924050632911392,0.2631578947368421,76,0.279088177050827,0.1611286778294614,632,0,validation_midrange
confirmation,2015,2017,2019,16,0.1,50,10,0.8955696202531646,0.0895522388059701,67,0.301027593164799,0.1606716367679186,632,0,0.8924050632911392,0.2631578947368421,76,0.279088177050827,0.1611286778294614,632,0,validation_compact
confirmation,2015,2017,2019,16,0.01,50,10,0.8955696202531646,0.0895522388059701,67,0.3017578680530595,0.1614475792079674,632,0,0.8813291139240507,0.2236842105263158,76,0.2976007267159998,0.1720626726293542,632,0,fixed_0.01
confirmation,2015,2017,2019,16,0.03,50,10,0.8955696202531646,0.0895522388059701,67,0.3012557458074412,0.1612313778679062,632,0,0.8781645569620253,0.2236842105263158,76,0.3014927307766966,0.1744885151384911,632,0,fixed_0.03
confirmation,2015,2017,2019,16,0.05,50,10,0.8955696202531646,0.0895522388059701,67,0.3001190914274677,0.1606588355587034,632,0,0.8829113924050633,0.2236842105263158,76,0.296044320467936,0.1714606879339321,632,0,fixed_0.05
confirmation,2015,2017,2019,16,0.1,50,10,0.8955696202531646,0.0895522388059701,67,0.301027593164799,0.1606716367679186,632,0,0.8924050632911392,0.2631578947368421,76,0.279088177050827,0.1611286778294614,632,0,fixed_0.1
confirmation,2015,2017,2019,16,0.2,50,10,0.8971518987341772,0.0895522388059701,67,0.3080420198749936,0.1654743856703401,632,0,0.8987341772151899,0.3026315789473684,76,0.259451156794391,0.149962982770224,632,0,fixed_0.2
confirmation,2015,2017,2019,16,0.3,50,10,0.8924050632911392,0.0895522388059701,67,0.351833306285795,0.1832833721357696,632,0,0.9113924050632912,0.4342105263157895,76,0.2227525411438205,0.1265410640472775,632,0,fixed_0.3
confirmation,2015,2017,2019,16,0.5,50,10,0.8924050632911392,0.1044776119402985,67,0.3655198663630353,0.1785662717802994,632,0,0.9082278481012658,0.4473684210526316,76,0.209780513029968,0.1243232726365241,632,0,fixed_0.5
confirmation,2015,2017,2019,16,1.0,50,10,0.8971518987341772,0.1791044776119403,67,0.3648129332114557,0.1719472726996343,632,0,0.9018987341772152,0.3421052631578947,76,0.2439684035883511,0.1431670159033209,632,0,fixed_1
confirmation,2015,2017,2019,32,0.05,10,10,0.8955696202531646,0.0895522388059701,67,0.3025442322400835,0.1637313499457539,632,0,0.8718354430379747,0.2368421052631578,76,0.2930730194552984,0.1722825083305809,632,0,validation_all_rates
confirmation,2015,2017,2019,32,0.1,10,10,0.8955696202531646,0.0895522388059701,67,0.3063355015388795,0.1653003746104913,632,0,0.8892405063291139,0.2631578947368421,76,0.2703397495511337,0.1579068429502012,632,0,validation_midrange
confirmation,2015,2017,2019,32,0.1,10,10,0.8955696202531646,0.0895522388059701,67,0.3063355015388795,0.1653003746104913,632,0,0.8892405063291139,0.2631578947368421,76,0.2703397495511337,0.1579068429502012,632,0,validation_compact
confirmation,2015,2017,2019,32,0.01,10,10,0.8955696202531646,0.0895522388059701,67,0.304363036536759,0.1647612738969111,632,0,0.870253164556962,0.25,76,0.2957088633234243,0.1734467162637319,632,0,fixed_0.01
confirmation,2015,2017,2019,32,0.03,10,10,0.8924050632911392,0.0895522388059701,67,0.3036735838363302,0.1645706475966414,632,0,0.8686708860759493,0.2368421052631578,76,0.2995144521223278,0.1758585348099458,632,0,fixed_0.03
confirmation,2015,2017,2019,32,0.05,10,10,0.8955696202531646,0.0895522388059701,67,0.3025442322400835,0.1637313499457539,632,0,0.8718354430379747,0.2368421052631578,76,0.2930730194552984,0.1722825083305809,632,0,fixed_0.05
confirmation,2015,2017,2019,32,0.1,10,10,0.8955696202531646,0.0895522388059701,67,0.3063355015388795,0.1653003746104913,632,0,0.8892405063291139,0.2631578947368421,76,0.2703397495511337,0.1579068429502012,632,0,fixed_0.1
confirmation,2015,2017,2019,32,0.2,10,10,0.8971518987341772,0.0895522388059701,67,0.3189586254000165,0.1708987329581685,632,0,0.8924050632911392,0.3157894736842105,76,0.2588370596949287,0.1501149710773869,632,0,fixed_0.2
confirmation,2015,2017,2019,32,0.3,10,10,0.8876582278481012,0.0895522388059701,67,0.3737450880038378,0.1922996493924827,632,0,0.9129746835443038,0.4868421052631579,76,0.2186888643553723,0.123733883011929,632,0,fixed_0.3
confirmation,2015,2017,2019,32,0.5,10,10,0.8908227848101266,0.0895522388059701,67,0.4260772987577119,0.1985010371535529,632,0,0.9145569620253164,0.5263157894736842,76,0.2036176556391309,0.117324753457665,632,0,fixed_0.5
confirmation,2015,2017,2019,32,1.0,10,10,0.8924050632911392,0.0895522388059701,67,0.3962680455104662,0.1784708685394843,632,0,0.9082278481012658,0.4210526315789473,76,0.2139534140664856,0.1264602968073533,632,0,fixed_1
confirmation,2015,2017,2019,32,0.05,20,10,0.8955696202531646,0.0895522388059701,67,0.3025442322400835,0.1637313499457539,632,0,0.8718354430379747,0.2368421052631578,76,0.2930730194552984,0.1722825083305809,632,0,validation_all_rates
confirmation,2015,2017,2019,32,0.1,20,10,0.8955696202531646,0.0895522388059701,67,0.3063355015388795,0.1653003746104913,632,0,0.8892405063291139,0.2631578947368421,76,0.2703397495511337,0.1579068429502012,632,0,validation_midrange
confirmation,2015,2017,2019,32,0.1,20,10,0.8955696202531646,0.0895522388059701,67,0.3063355015388795,0.1653003746104913,632,0,0.8892405063291139,0.2631578947368421,76,0.2703397495511337,0.1579068429502012,632,0,validation_compact
confirmation,2015,2017,2019,32,0.01,20,10,0.8955696202531646,0.0895522388059701,67,0.304363036536759,0.1647612738969111,632,0,0.870253164556962,0.25,76,0.2957088633234243,0.1734467162637319,632,0,fixed_0.01
confirmation,2015,2017,2019,32,0.03,20,10,0.8924050632911392,0.0895522388059701,67,0.3036735838363302,0.1645706475966414,632,0,0.8686708860759493,0.2368421052631578,76,0.2995144521223278,0.1758585348099458,632,0,fixed_0.03
confirmation,2015,2017,2019,32,0.05,20,10,0.8955696202531646,0.0895522388059701,67,0.3025442322400835,0.1637313499457539,632,0,0.8718354430379747,0.2368421052631578,76,0.2930730194552984,0.1722825083305809,632,0,fixed_0.05
confirmation,2015,2017,2019,32,0.1,20,10,0.8955696202531646,0.0895522388059701,67,0.3063355015388795,0.1653003746104913,632,0,0.8892405063291139,0.2631578947368421,76,0.2703397495511337,0.1579068429502012,632,0,fixed_0.1
confirmation,2015,2017,2019,32,0.2,20,10,0.8971518987341772,0.0895522388059701,67,0.3189586254000165,0.1708987329581685,632,0,0.8924050632911392,0.3157894736842105,76,0.2588370596949287,0.1501149710773869,632,0,fixed_0.2
confirmation,2015,2017,2019,32,0.3,20,10,0.8876582278481012,0.0895522388059701,67,0.3737450880038378,0.1922996493924827,632,0,0.9129746835443038,0.4868421052631579,76,0.2186888643553723,0.123733883011929,632,0,fixed_0.3
confirmation,2015,2017,2019,32,0.5,20,10,0.8908227848101266,0.0895522388059701,67,0.4258888348298175,0.1938872465106555,632,0,0.9161392405063292,0.5526315789473685,76,0.2025185933155447,0.1168100056889012,632,0,fixed_0.5
confirmation,2015,2017,2019,32,1.0,20,10,0.8955696202531646,0.1492537313432835,67,0.3918420479251636,0.1745247615234587,632,0,0.9113924050632912,0.4078947368421052,76,0.2274642038197804,0.1340604731812902,632,0,fixed_1
confirmation,2015,2017,2019,32,0.05,50,10,0.8955696202531646,0.0895522388059701,67,0.3025442322400835,0.1637313499457539,632,0,0.8718354430379747,0.2368421052631578,76,0.2930730194552984,0.1722825083305809,632,0,validation_all_rates
confirmation,2015,2017,2019,32,0.1,50,10,0.8955696202531646,0.0895522388059701,67,0.3063355015388795,0.1653003746104913,632,0,0.8892405063291139,0.2631578947368421,76,0.2703397495511337,0.1579068429502012,632,0,validation_midrange
confirmation,2015,2017,2019,32,0.1,50,10,0.8955696202531646,0.0895522388059701,67,0.3063355015388795,0.1653003746104913,632,0,0.8892405063291139,0.2631578947368421,76,0.2703397495511337,0.1579068429502012,632,0,validation_compact
confirmation,2015,2017,2019,32,0.01,50,10,0.8955696202531646,0.0895522388059701,67,0.304363036536759,0.1647612738969111,632,0,0.870253164556962,0.25,76,0.2957088633234243,0.1734467162637319,632,0,fixed_0.01
confirmation,2015,2017,2019,32,0.03,50,10,0.8924050632911392,0.0895522388059701,67,0.3036735838363302,0.1645706475966414,632,0,0.8686708860759493,0.2368421052631578,76,0.2995144521223278,0.1758585348099458,632,0,fixed_0.03
confirmation,2015,2017,2019,32,0.05,50,10,0.8955696202531646,0.0895522388059701,67,0.3025442322400835,0.1637313499457539,632,0,0.8718354430379747,0.2368421052631578,76,0.2930730194552984,0.1722825083305809,632,0,fixed_0.05
confirmation,2015,2017,2019,32,0.1,50,10,0.8955696202531646,0.0895522388059701,67,0.3063355015388795,0.1653003746104913,632,0,0.8892405063291139,0.2631578947368421,76,0.2703397495511337,0.1579068429502012,632,0,fixed_0.1
confirmation,2015,2017,2019,32,0.2,50,10,0.8971518987341772,0.0895522388059701,67,0.3189586254000165,0.1708987329581685,632,0,0.8924050632911392,0.3157894736842105,76,0.2588370596949287,0.1501149710773869,632,0,fixed_0.2
confirmation,2015,2017,2019,32,0.3,50,10,0.8924050632911392,0.0895522388059701,67,0.3636202259172792,0.1878489158120118,632,0,0.9082278481012658,0.4342105263157895,76,0.2222379233297918,0.1285626350095313,632,0,fixed_0.3
confirmation,2015,2017,2019,32,0.5,50,10,0.8908227848101266,0.0895522388059701,67,0.4207767057052113,0.1926349184014666,632,0,0.9145569620253164,0.5131578947368421,76,0.2034695750824036,0.1182170239463066,632,0,fixed_0.5
confirmation,2015,2017,2019,32,1.0,50,10,0.8955696202531646,0.1492537313432835,67,0.3918420479251636,0.1745247615234587,632,0,0.9113924050632912,0.4078947368421052,76,0.2274642038197804,0.1340604731812902,632,0,fixed_1
confirmation,2015,2017,2019,32_16,0.3,10,10,0.8908227848101266,0.0895522388059701,67,0.3209020481186679,0.168741477911906,632,0,0.9018987341772152,0.3815789473684211,76,0.2389663271908437,0.1384126084308203,632,0,validation_all_rates
confirmation,2015,2017,2019,32_16,0.3,10,10,0.8908227848101266,0.0895522388059701,67,0.3209020481186679,0.168741477911906,632,0,0.9018987341772152,0.3815789473684211,76,0.2389663271908437,0.1384126084308203,632,0,validation_midrange
confirmation,2015,2017,2019,32_16,0.3,10,10,0.8908227848101266,0.0895522388059701,67,0.3209020481186679,0.168741477911906,632,0,0.9018987341772152,0.3815789473684211,76,0.2389663271908437,0.1384126084308203,632,0,validation_compact
confirmation,2015,2017,2019,32_16,0.01,10,10,0.8623417721518988,0.3134328358208955,67,0.3507219241343415,0.1855725180195203,632,0,0.8354430379746836,0.2631578947368421,76,0.3486018682210625,0.1944348644630588,632,0,fixed_0.01
confirmation,2015,2017,2019,32_16,0.03,10,10,0.8639240506329114,0.2686567164179104,67,0.3407233501201576,0.1804151185227437,632,0,0.8354430379746836,0.2763157894736842,76,0.3302618235034139,0.1865690423552349,632,0,fixed_0.03
confirmation,2015,2017,2019,32_16,0.05,10,10,0.8924050632911392,0.1194029850746268,67,0.3356859435514839,0.1760289546862658,632,0,0.8528481012658228,0.2631578947368421,76,0.3128119457156056,0.1789833431906273,632,0,fixed_0.05
confirmation,2015,2017,2019,32_16,0.1,10,10,0.8924050632911392,0.1194029850746268,67,0.3259756292951816,0.1720958456230318,632,0,0.8512658227848101,0.2631578947368421,76,0.3162874544060098,0.1834282053998292,632,0,fixed_0.1
confirmation,2015,2017,2019,32_16,0.2,10,10,0.8955696202531646,0.0895522388059701,67,0.3213437819372928,0.1688693792259299,632,0,0.8876582278481012,0.2631578947368421,76,0.2855840390057926,0.1677310939949532,632,0,fixed_0.2
confirmation,2015,2017,2019,32_16,0.3,10,10,0.8908227848101266,0.0895522388059701,67,0.3209020481186679,0.168741477911906,632,0,0.9018987341772152,0.3815789473684211,76,0.2389663271908437,0.1384126084308203,632,0,fixed_0.3
confirmation,2015,2017,2019,32_16,0.5,10,10,0.8924050632911392,0.0895522388059701,67,0.3357139361196594,0.1712206376329067,632,0,0.903481012658228,0.3684210526315789,76,0.2307730683067484,0.1364184370628223,632,0,fixed_0.5
confirmation,2015,2017,2019,32_16,1.0,10,10,0.8908227848101266,0.0895522388059701,67,0.3441038831383784,0.1808463894716799,632,0,0.9129746835443038,0.5,76,0.2032139278702054,0.1157444861487272,632,0,fixed_1
confirmation,2015,2017,2019,32_16,0.3,20,10,0.8924050632911392,0.0895522388059701,67,0.314572218068101,0.1658452840957728,632,0,0.9018987341772152,0.3552631578947368,76,0.2437038358167262,0.1424909446544815,632,0,validation_all_rates
confirmation,2015,2017,2019,32_16,0.3,20,10,0.8924050632911392,0.0895522388059701,67,0.314572218068101,0.1658452840957728,632,0,0.9018987341772152,0.3552631578947368,76,0.2437038358167262,0.1424909446544815,632,0,validation_midrange
confirmation,2015,2017,2019,32_16,0.3,20,10,0.8924050632911392,0.0895522388059701,67,0.314572218068101,0.1658452840957728,632,0,0.9018987341772152,0.3552631578947368,76,0.2437038358167262,0.1424909446544815,632,0,validation_compact
confirmation,2015,2017,2019,32_16,0.01,20,10,0.8623417721518988,0.2835820895522388,67,0.3484290223616244,0.1836308532953101,632,0,0.8370253164556962,0.2894736842105263,76,0.3357662891559304,0.1884435097421804,632,0,fixed_0.01
confirmation,2015,2017,2019,32_16,0.03,20,10,0.8639240506329114,0.2686567164179104,67,0.3407233501201576,0.1804151185227437,632,0,0.8354430379746836,0.2763157894736842,76,0.3302618235034139,0.1865690423552349,632,0,fixed_0.03
confirmation,2015,2017,2019,32_16,0.05,20,10,0.8924050632911392,0.1194029850746268,67,0.3356859435514839,0.1760289546862658,632,0,0.8528481012658228,0.2631578947368421,76,0.3128119457156056,0.1789833431906273,632,0,fixed_0.05
confirmation,2015,2017,2019,32_16,0.1,20,10,0.8924050632911392,0.1194029850746268,67,0.3259756292951816,0.1720958456230318,632,0,0.8512658227848101,0.2631578947368421,76,0.3162874544060098,0.1834282053998292,632,0,fixed_0.1
confirmation,2015,2017,2019,32_16,0.2,20,10,0.8955696202531646,0.0895522388059701,67,0.3213437819372928,0.1688693792259299,632,0,0.8876582278481012,0.2631578947368421,76,0.2855840390057926,0.1677310939949532,632,0,fixed_0.2
confirmation,2015,2017,2019,32_16,0.3,20,10,0.8924050632911392,0.0895522388059701,67,0.314572218068101,0.1658452840957728,632,0,0.9018987341772152,0.3552631578947368,76,0.2437038358167262,0.1424909446544815,632,0,fixed_0.3
confirmation,2015,2017,2019,32_16,0.5,20,10,0.8924050632911392,0.0895522388059701,67,0.332768090598661,0.1697895566564675,632,0,0.9066455696202532,0.3947368421052631,76,0.2228772381294385,0.1309286245945866,632,0,fixed_0.5
confirmation,2015,2017,2019,32_16,1.0,20,10,0.8908227848101266,0.0895522388059701,67,0.3409666679581182,0.1808149244447663,632,0,0.9161392405063292,0.5394736842105263,76,0.2042894315131156,0.1167194893044275,632,0,fixed_1
confirmation,2015,2017,2019,32_16,0.3,50,10,0.8924050632911392,0.0895522388059701,67,0.314572218068101,0.1658452840957728,632,0,0.9018987341772152,0.3552631578947368,76,0.2437038358167262,0.1424909446544815,632,0,validation_all_rates
confirmation,2015,2017,2019,32_16,0.3,50,10,0.8924050632911392,0.0895522388059701,67,0.314572218068101,0.1658452840957728,632,0,0.9018987341772152,0.3552631578947368,76,0.2437038358167262,0.1424909446544815,632,0,validation_midrange
confirmation,2015,2017,2019,32_16,0.3,50,10,0.8924050632911392,0.0895522388059701,67,0.314572218068101,0.1658452840957728,632,0,0.9018987341772152,0.3552631578947368,76,0.2437038358167262,0.1424909446544815,632,0,validation_compact
confirmation,2015,2017,2019,32_16,0.01,50,10,0.8623417721518988,0.2835820895522388,67,0.3484290223616244,0.1836308532953101,632,0,0.8370253164556962,0.2894736842105263,76,0.3357662891559304,0.1884435097421804,632,0,fixed_0.01
confirmation,2015,2017,2019,32_16,0.03,50,10,0.8639240506329114,0.2686567164179104,67,0.3407233501201576,0.1804151185227437,632,0,0.8354430379746836,0.2763157894736842,76,0.3302618235034139,0.1865690423552349,632,0,fixed_0.03
confirmation,2015,2017,2019,32_16,0.05,50,10,0.8924050632911392,0.1194029850746268,67,0.3356859435514839,0.1760289546862658,632,0,0.8528481012658228,0.2631578947368421,76,0.3128119457156056,0.1789833431906273,632,0,fixed_0.05
confirmation,2015,2017,2019,32_16,0.1,50,10,0.8924050632911392,0.1194029850746268,67,0.3259756292951816,0.1720958456230318,632,0,0.8512658227848101,0.2631578947368421,76,0.3162874544060098,0.1834282053998292,632,0,fixed_0.1
confirmation,2015,2017,2019,32_16,0.2,50,10,0.8955696202531646,0.0895522388059701,67,0.3213437819372928,0.1688693792259299,632,0,0.8876582278481012,0.2631578947368421,76,0.2855840390057926,0.1677310939949532,632,0,fixed_0.2
confirmation,2015,2017,2019,32_16,0.3,50,10,0.8924050632911392,0.0895522388059701,67,0.314572218068101,0.1658452840957728,632,0,0.9018987341772152,0.3552631578947368,76,0.2437038358167262,0.1424909446544815,632,0,fixed_0.3
confirmation,2015,2017,2019,32_16,0.5,50,10,0.8924050632911392,0.0895522388059701,67,0.332768090598661,0.1697895566564675,632,0,0.9066455696202532,0.3947368421052631,76,0.2228772381294385,0.1309286245945866,632,0,fixed_0.5
confirmation,2015,2017,2019,32_16,1.0,50,10,0.8924050632911392,0.0895522388059701,67,0.3568380635830067,0.1863366221785409,632,0,0.9098101265822784,0.5394736842105263,76,0.209103683262568,0.1204967993026039,632,0,fixed_1
confirmation,2015,2017,2019,64_32,0.3,10,10,0.8955696202531646,0.0895522388059701,67,0.3069638281227339,0.1657624372020535,632,0,0.8971518987341772,0.3421052631578947,76,0.2364769536991285,0.1380504798597854,632,0,validation_all_rates
confirmation,2015,2017,2019,64_32,0.3,10,10,0.8955696202531646,0.0895522388059701,67,0.3069638281227339,0.1657624372020535,632,0,0.8971518987341772,0.3421052631578947,76,0.2364769536991285,0.1380504798597854,632,0,validation_midrange
confirmation,2015,2017,2019,64_32,0.3,10,10,0.8955696202531646,0.0895522388059701,67,0.3069638281227339,0.1657624372020535,632,0,0.8971518987341772,0.3421052631578947,76,0.2364769536991285,0.1380504798597854,632,0,validation_compact
confirmation,2015,2017,2019,64_32,0.01,10,10,0.8955696202531646,0.1492537313432835,67,0.3318376394720387,0.1741348139973384,632,0,0.8481012658227848,0.3026315789473684,76,0.3067150485685254,0.1751887766828791,632,0,fixed_0.01
confirmation,2015,2017,2019,64_32,0.03,10,10,0.8876582278481012,0.2388059701492537,67,0.3288428760476477,0.1747630027303111,632,0,0.8354430379746836,0.2631578947368421,76,0.3198462895703282,0.1832438330291329,632,0,fixed_0.03
confirmation,2015,2017,2019,64_32,0.05,10,10,0.8955696202531646,0.0895522388059701,67,0.3187153254310238,0.1688151154396378,632,0,0.8718354430379747,0.2631578947368421,76,0.294681876592156,0.1700068206446415,632,0,fixed_0.05
confirmation,2015,2017,2019,64_32,0.1,10,10,0.8955696202531646,0.0895522388059701,67,0.3184045885763007,0.1675759826362764,632,0,0.8734177215189873,0.2631578947368421,76,0.295124454682079,0.1715943259286539,632,0,fixed_0.1
confirmation,2015,2017,2019,64_32,0.2,10,10,0.8955696202531646,0.0895522388059701,67,0.3229830958951097,0.168008326539596,632,0,0.9050632911392406,0.3684210526315789,76,0.2560769079242074,0.147514641481787,632,0,fixed_0.2
confirmation,2015,2017,2019,64_32,0.3,10,10,0.8955696202531646,0.0895522388059701,67,0.3069638281227339,0.1657624372020535,632,0,0.8971518987341772,0.3421052631578947,76,0.2364769536991285,0.1380504798597854,632,0,fixed_0.3
confirmation,2015,2017,2019,64_32,0.5,10,10,0.8924050632911392,0.0895522388059701,67,0.3431401818776792,0.1784540471132983,632,0,0.9018987341772152,0.3815789473684211,76,0.235083969219066,0.1382929931106234,632,0,fixed_0.5
confirmation,2015,2017,2019,64_32,1.0,10,10,0.8924050632911392,0.0746268656716417,67,0.3166321282028572,0.1741932626916468,632,0,0.9018987341772152,0.4078947368421052,76,0.2174795603413018,0.1265588812509577,632,0,fixed_1
confirmation,2015,2017,2019,64_32,0.3,20,10,0.8955696202531646,0.0895522388059701,67,0.3069638281227339,0.1657624372020535,632,0,0.8971518987341772,0.3421052631578947,76,0.2364769536991285,0.1380504798597854,632,0,validation_all_rates
confirmation,2015,2017,2019,64_32,0.3,20,10,0.8955696202531646,0.0895522388059701,67,0.3069638281227339,0.1657624372020535,632,0,0.8971518987341772,0.3421052631578947,76,0.2364769536991285,0.1380504798597854,632,0,validation_midrange
confirmation,2015,2017,2019,64_32,0.3,20,10,0.8955696202531646,0.0895522388059701,67,0.3069638281227339,0.1657624372020535,632,0,0.8971518987341772,0.3421052631578947,76,0.2364769536991285,0.1380504798597854,632,0,validation_compact
confirmation,2015,2017,2019,64_32,0.01,20,10,0.8955696202531646,0.1492537313432835,67,0.3318376394720387,0.1741348139973384,632,0,0.8481012658227848,0.3026315789473684,76,0.3067150485685254,0.1751887766828791,632,0,fixed_0.01
confirmation,2015,2017,2019,64_32,0.03,20,10,0.8876582278481012,0.2388059701492537,67,0.3288428760476477,0.1747630027303111,632,0,0.8354430379746836,0.2631578947368421,76,0.3198462895703282,0.1832438330291329,632,0,fixed_0.03
confirmation,2015,2017,2019,64_32,0.05,20,10,0.8955696202531646,0.0895522388059701,67,0.3187153254310238,0.1688151154396378,632,0,0.8718354430379747,0.2631578947368421,76,0.294681876592156,0.1700068206446415,632,0,fixed_0.05
confirmation,2015,2017,2019,64_32,0.1,20,10,0.8955696202531646,0.0895522388059701,67,0.3184045885763007,0.1675759826362764,632,0,0.8734177215189873,0.2631578947368421,76,0.295124454682079,0.1715943259286539,632,0,fixed_0.1
confirmation,2015,2017,2019,64_32,0.2,20,10,0.8955696202531646,0.0895522388059701,67,0.3229830958951097,0.168008326539596,632,0,0.9050632911392406,0.3684210526315789,76,0.2560769079242074,0.147514641481787,632,0,fixed_0.2
confirmation,2015,2017,2019,64_32,0.3,20,10,0.8955696202531646,0.0895522388059701,67,0.3069638281227339,0.1657624372020535,632,0,0.8971518987341772,0.3421052631578947,76,0.2364769536991285,0.1380504798597854,632,0,fixed_0.3
confirmation,2015,2017,2019,64_32,0.5,20,10,0.8939873417721519,0.0895522388059701,67,0.333981573508784,0.1754031384797213,632,0,0.8939873417721519,0.3157894736842105,76,0.2418513528982289,0.1442551109429622,632,0,fixed_0.5
confirmation,2015,2017,2019,64_32,1.0,20,10,0.8924050632911392,0.0746268656716417,67,0.3190916339042671,0.1727552137179118,632,0,0.9018987341772152,0.4342105263157895,76,0.2261626913259906,0.1322871786799007,632,0,fixed_1
confirmation,2015,2017,2019,64_32,0.3,50,10,0.8955696202531646,0.0895522388059701,67,0.3069638281227339,0.1657624372020535,632,0,0.8971518987341772,0.3421052631578947,76,0.2364769536991285,0.1380504798597854,632,0,validation_all_rates
confirmation,2015,2017,2019,64_32,0.3,50,10,0.8955696202531646,0.0895522388059701,67,0.3069638281227339,0.1657624372020535,632,0,0.8971518987341772,0.3421052631578947,76,0.2364769536991285,0.1380504798597854,632,0,validation_midrange
confirmation,2015,2017,2019,64_32,0.3,50,10,0.8955696202531646,0.0895522388059701,67,0.3069638281227339,0.1657624372020535,632,0,0.8971518987341772,0.3421052631578947,76,0.2364769536991285,0.1380504798597854,632,0,validation_compact
confirmation,2015,2017,2019,64_32,0.01,50,10,0.8955696202531646,0.1492537313432835,67,0.3318376394720387,0.1741348139973384,632,0,0.8481012658227848,0.3026315789473684,76,0.3067150485685254,0.1751887766828791,632,0,fixed_0.01
confirmation,2015,2017,2019,64_32,0.03,50,10,0.8876582278481012,0.2388059701492537,67,0.3288428760476477,0.1747630027303111,632,0,0.8354430379746836,0.2631578947368421,76,0.3198462895703282,0.1832438330291329,632,0,fixed_0.03
confirmation,2015,2017,2019,64_32,0.05,50,10,0.8955696202531646,0.0895522388059701,67,0.3187153254310238,0.1688151154396378,632,0,0.8718354430379747,0.2631578947368421,76,0.294681876592156,0.1700068206446415,632,0,fixed_0.05
confirmation,2015,2017,2019,64_32,0.1,50,10,0.8955696202531646,0.0895522388059701,67,0.3184045885763007,0.1675759826362764,632,0,0.8734177215189873,0.2631578947368421,76,0.295124454682079,0.1715943259286539,632,0,fixed_0.1
confirmation,2015,2017,2019,64_32,0.2,50,10,0.8955696202531646,0.0895522388059701,67,0.3229830958951097,0.168008326539596,632,0,0.9050632911392406,0.3684210526315789,76,0.2560769079242074,0.147514641481787,632,0,fixed_0.2
confirmation,2015,2017,2019,64_32,0.3,50,10,0.8955696202531646,0.0895522388059701,67,0.3069638281227339,0.1657624372020535,632,0,0.8971518987341772,0.3421052631578947,76,0.2364769536991285,0.1380504798597854,632,0,fixed_0.3
confirmation,2015,2017,2019,64_32,0.5,50,10,0.8939873417721519,0.0895522388059701,67,0.333981573508784,0.1754031384797213,632,0,0.8939873417721519,0.3157894736842105,76,0.2418513528982289,0.1442551109429622,632,0,fixed_0.5
confirmation,2015,2017,2019,64_32,1.0,50,10,0.8924050632911392,0.0746268656716417,67,0.3190916339042671,0.1727552137179118,632,0,0.9018987341772152,0.4342105263157895,76,0.2261626913259906,0.1322871786799007,632,0,fixed_1
confirmation,1987,1992,1997,16,1.0,selected,10,0.9116719242902208,0.2941176470588235,51,0.1906333435506618,0.1140335349671811,634,0,0.6864274570982839,0.05625,160,1.1393280937070331,0.5202605320713568,641,0,validation_rate_and_patience
confirmation,1987,1992,1997,32,1.0,selected,10,0.9116719242902208,0.2156862745098039,51,0.1912089657015749,0.1166383116523823,634,0,0.6895475819032761,0.0625,160,1.173859276839012,0.5300148377831008,641,0,validation_rate_and_patience
confirmation,1987,1992,1997,32_16,1.0,selected,10,0.9022082018927444,0.2352941176470588,51,0.2193192194023995,0.1287680038126931,634,0,0.6786271450858035,0.05,160,1.212377726241631,0.5447257634606577,641,0,validation_rate_and_patience
confirmation,1987,1992,1997,64_32,1.0,selected,10,0.9116719242902208,0.3137254901960784,51,0.1993864147445948,0.1179970849923857,634,0,0.6848673946957878,0.05625,160,1.1723628986982888,0.5201577931740267,641,0,validation_rate_and_patience
confirmation,1992,1997,2001,16,1.0,selected,10,0.8081123244929798,0.53125,160,0.4647119470530805,0.2595524882203275,641,0,0.9407176287051482,0.125,24,0.2071148365592762,0.0991645330631171,641,0,validation_rate_and_patience
confirmation,1992,1997,2001,32,1.0,selected,10,0.7987519500780031,0.59375,160,0.4778455344033288,0.2542235288259672,641,0,0.9422776911076444,0.125,24,0.2062270453358673,0.0965803292652915,641,0,validation_rate_and_patience
confirmation,1992,1997,2001,32_16,1.0,selected,10,0.8081123244929798,0.61875,160,0.4363793872495879,0.2373541507603586,641,0,0.9438377535101404,0.1666666666666666,24,0.2285590231327696,0.1018471091090848,641,0,validation_rate_and_patience
confirmation,1992,1997,2001,64_32,1.0,selected,10,0.8127925117004681,0.63125,160,0.4359032799841681,0.236061821581406,641,0,0.9453978159126364,0.0416666666666666,24,0.1980770304477735,0.0896273210645546,641,0,validation_rate_and_patience
confirmation,1997,2001,2005,16,0.2,selected,10,0.9609984399375976,0.125,24,0.1550854599015561,0.073083163985825,641,0,0.8057324840764332,0.6140350877192983,57,0.4328457538584594,0.2555280119441636,628,0,validation_rate_and_patience
confirmation,1997,2001,2005,32,0.2,selected,10,0.9500780031201248,0.125,24,0.1684624081732648,0.0801151300314391,641,0,0.7929936305732485,0.631578947368421,57,0.4641291139385108,0.2794309116631934,628,0,validation_rate_and_patience
confirmation,1997,2001,2005,32_16,0.2,selected,10,0.9547581903276132,0.0833333333333333,24,0.1769968722936049,0.0815520015142978,641,0,0.7882165605095541,0.6140350877192983,57,0.4708750801054929,0.279784001884203,628,0,validation_rate_and_patience
confirmation,1997,2001,2005,64_32,0.2,selected,10,0.953198127925117,0.125,24,0.1756694655659104,0.0813339051301731,641,0,0.7914012738853503,0.631578947368421,57,0.4597363671223232,0.2738944204947226,628,0,validation_rate_and_patience
confirmation,2001,2005,2010,16,0.5,selected,10,0.9092356687898088,0.4385964912280701,57,0.270726321390412,0.1370514459938913,628,0,0.8639240506329114,0.8392857142857143,112,0.3381520086052895,0.1860572244350082,632,0,validation_rate_and_patience
confirmation,2001,2005,2010,32,1.0,selected,10,0.9012738853503184,0.4385964912280701,57,0.2745210051944522,0.1419449265860338,628,0,0.8481012658227848,0.8660714285714286,112,0.361105778982026,0.2060820804881507,632,0,validation_rate_and_patience
confirmation,2001,2005,2010,32_16,1.0,selected,10,0.9028662420382164,0.4561403508771929,57,0.2888480367994591,0.1460022163475579,628,0,0.8734177215189873,0.8482142857142857,112,0.35282106373479,0.1928668450279258,632,0,validation_rate_and_patience
confirmation,2001,2005,2010,64_32,1.0,selected,10,0.9140127388535032,0.4210526315789473,57,0.2748490007569054,0.13447842674364,628,0,0.8924050632911392,0.8303571428571429,112,0.3051705595202954,0.1623767514902334,632,0,validation_rate_and_patience
confirmation,2005,2010,2015,16,0.5,selected,10,0.9003164556962026,0.6517857142857143,112,0.2676409090874795,0.1408711898718676,632,0,0.7737341772151899,0.128440366972477,109,0.8226645502907475,0.34772498522744,632,0,validation_rate_and_patience
confirmation,2005,2010,2015,32,0.3,selected,10,0.9003164556962026,0.6607142857142857,112,0.2694175813308951,0.1419043813705112,632,0,0.7610759493670886,0.1376146788990825,109,0.8899482834484346,0.3876468998516818,632,0,validation_rate_and_patience
confirmation,2005,2010,2015,32_16,0.5,selected,10,0.9066455696202532,0.6339285714285714,112,0.2651339612177171,0.1378832050477937,632,0,0.7863924050632911,0.1192660550458715,109,0.8195778783730837,0.3363360465341974,632,0,validation_rate_and_patience
confirmation,2005,2010,2015,64_32,1.0,selected,10,0.9098101265822784,0.6607142857142857,112,0.2629465794321077,0.137158800714746,632,0,0.759493670886076,0.1376146788990825,109,0.9548897146692188,0.3750988247688735,632,0,validation_rate_and_patience
confirmation,2010,2015,2017,16,1.0,selected,10,0.8212025316455697,0.1192660550458715,109,0.5535839183747203,0.265514544873468,632,0,0.8876582278481012,0.0895522388059701,67,0.4113891981504237,0.19559428919133,632,0,validation_rate_and_patience
confirmation,2010,2015,2017,32,1.0,selected,10,0.819620253164557,0.1192660550458715,109,0.5965223123605301,0.2698697828427102,632,0,0.8686708860759493,0.1343283582089552,67,0.4158845798105001,0.20690571903094,632,0,validation_rate_and_patience
confirmation,2010,2015,2017,32_16,1.0,selected,10,0.8164556962025317,0.055045871559633,109,0.4162993253465477,0.2396014125475403,632,0,0.8876582278481012,0.0895522388059701,67,0.3948989190920594,0.1948797232911211,632,0,validation_rate_and_patience
confirmation,2010,2015,2017,64_32,1.0,selected,10,0.8243670886075949,0.1743119266055046,109,0.470355471441966,0.2484114852452256,632,0,0.8908227848101266,0.0895522388059701,67,0.4205244382995025,0.1916274623693878,632,0,validation_rate_and_patience
confirmation,2015,2017,2019,16,0.05,selected,10,0.8955696202531646,0.0895522388059701,67,0.3001190914274677,0.1606588355587034,632,0,0.8829113924050633,0.2236842105263158,76,0.296044320467936,0.1714606879339321,632,0,validation_rate_and_patience
confirmation,2015,2017,2019,32,0.05,selected,10,0.8955696202531646,0.0895522388059701,67,0.3025442322400835,0.1637313499457539,632,0,0.8718354430379747,0.2368421052631578,76,0.2930730194552984,0.1722825083305809,632,0,validation_rate_and_patience
confirmation,2015,2017,2019,32_16,0.3,selected,10,0.8924050632911392,0.0895522388059701,67,0.314572218068101,0.1658452840957728,632,0,0.9018987341772152,0.3552631578947368,76,0.2437038358167262,0.1424909446544815,632,0,validation_rate_and_patience
confirmation,2015,2017,2019,64_32,0.3,selected,10,0.8955696202531646,0.0895522388059701,67,0.3069638281227339,0.1657624372020535,632,0,0.8971518987341772,0.3421052631578947,76,0.2364769536991285,0.1380504798597854,632,0,validation_rate_and_patience
