patience,best_epoch,stopping_epoch,best_validation_loss,hit_epoch_cap,parameters,elapsed_seconds,stage,train_through,validation_year,architecture,learning_rate,seed,validation_accuracy,validation_changed_seat_accuracy,validation_changed_seats,validation_log_loss,validation_brier_score,validation_rows,validation_unseen_winners
10,150,160,0.2361007630825042,False,533,1.2799773249998907,screening,1987,1992,16,0.01,101223,0.9037854889589906,0.0784313725490196,51,0.236100765290543,0.1377912592247789,634,0
20,150,170,0.2361007630825042,False,533,1.339940791999652,screening,1987,1992,16,0.01,101223,0.9037854889589906,0.0784313725490196,51,0.236100765290543,0.1377912592247789,634,0
50,150,200,0.2361007630825042,False,533,1.520708375999675,screening,1987,1992,16,0.01,101223,0.9037854889589906,0.0784313725490196,51,0.236100765290543,0.1377912592247789,634,0
10,88,98,0.2613684833049774,False,533,0.8889751659999092,screening,1987,1992,16,0.01,101224,0.88801261829653,0.0784313725490196,51,0.26136847980842,0.1447380548644704,634,0
20,88,108,0.2613684833049774,False,533,0.9519316009996146,screening,1987,1992,16,0.01,101224,0.88801261829653,0.0784313725490196,51,0.26136847980842,0.1447380548644704,634,0
50,88,138,0.2613684833049774,False,533,1.1315512779997334,screening,1987,1992,16,0.01,101224,0.88801261829653,0.0784313725490196,51,0.26136847980842,0.1447380548644704,634,0
10,87,97,0.2752475142478943,False,533,0.6931815469997673,screening,1987,1992,16,0.01,101225,0.8848580441640379,0.1176470588235294,51,0.2752474717829017,0.1540523860540283,634,0
20,87,107,0.2752475142478943,False,533,0.7741436279998197,screening,1987,1992,16,0.01,101225,0.8848580441640379,0.1176470588235294,51,0.2752474717829017,0.1540523860540283,634,0
50,346,396,0.2482991516590118,False,533,2.6505766809996203,screening,1987,1992,16,0.01,101225,0.9116719242902208,0.0980392156862745,51,0.2482991184470874,0.1391556069082392,634,0
10,40,50,0.2366958558559417,False,533,0.359820486999979,screening,1987,1992,16,0.03,101223,0.9053627760252366,0.0980392156862745,51,0.2366958211068453,0.1367181390718689,634,0
20,54,74,0.2352907508611679,False,533,0.5274473540002873,screening,1987,1992,16,0.03,101223,0.9037854889589906,0.0784313725490196,51,0.2352907465046812,0.1376543245534403,634,0
50,54,104,0.2352907508611679,False,533,0.7094948240001031,screening,1987,1992,16,0.03,101223,0.9037854889589906,0.0784313725490196,51,0.2352907465046812,0.1376543245534403,634,0
10,29,39,0.2611947655677795,False,533,0.2518446249996486,screening,1987,1992,16,0.03,101224,0.88801261829653,0.0784313725490196,51,0.2611947518070685,0.1443921852466347,634,0
20,29,49,0.2611947655677795,False,533,0.3168568050000431,screening,1987,1992,16,0.03,101224,0.88801261829653,0.0784313725490196,51,0.2611947518070685,0.1443921852466347,634,0
50,119,169,0.2458316832780838,False,533,1.0840892379997058,screening,1987,1992,16,0.03,101224,0.9085173501577288,0.0784313725490196,51,0.245831695878181,0.1395404818733485,634,0
10,29,39,0.2743602395057678,False,533,0.2476685410001664,screening,1987,1992,16,0.03,101225,0.8848580441640379,0.1176470588235294,51,0.2743602439308974,0.1536361482731939,634,0
20,112,132,0.2477370053529739,False,533,1.0089660899998307,screening,1987,1992,16,0.03,101225,0.9116719242902208,0.0980392156862745,51,0.24773698417049,0.1391402751859425,634,0
50,112,162,0.2477370053529739,False,533,1.2806089149999025,screening,1987,1992,16,0.03,101225,0.9116719242902208,0.0980392156862745,51,0.24773698417049,0.1391402751859425,634,0
10,30,40,0.2348167598247528,False,533,0.2601232750002964,screening,1987,1992,16,0.05,101223,0.9037854889589906,0.0784313725490196,51,0.2348167583699203,0.1371886126119623,634,0
20,30,50,0.2348167598247528,False,533,0.3226403429998754,screening,1987,1992,16,0.05,101223,0.9037854889589906,0.0784313725490196,51,0.2348167583699203,0.1371886126119623,634,0
50,30,80,0.2348167598247528,False,533,0.5620286450002823,screening,1987,1992,16,0.05,101223,0.9037854889589906,0.0784313725490196,51,0.2348167583699203,0.1371886126119623,634,0
10,16,26,0.2610087394714355,False,533,0.1858871770000405,screening,1987,1992,16,0.05,101224,0.889589905362776,0.0980392156862745,51,0.2610087579064846,0.1426140740029556,634,0
20,16,36,0.2610087394714355,False,533,0.2483884810003473,screening,1987,1992,16,0.05,101224,0.889589905362776,0.0980392156862745,51,0.2610087579064846,0.1426140740029556,634,0
50,84,134,0.2444581687450409,False,533,0.9080242009999892,screening,1987,1992,16,0.05,101224,0.9100946372239748,0.0980392156862745,51,0.2444581596984963,0.1382055161047064,634,0
10,67,77,0.2464871108531952,False,533,0.5121482999998079,screening,1987,1992,16,0.05,101225,0.9116719242902208,0.0980392156862745,51,0.2464871274464534,0.1387351512771286,634,0
20,67,87,0.2464871108531952,False,533,0.5845876299999873,screening,1987,1992,16,0.05,101225,0.9116719242902208,0.0980392156862745,51,0.2464871274464534,0.1387351512771286,634,0
50,67,117,0.2464871108531952,False,533,0.817652532000011,screening,1987,1992,16,0.05,101225,0.9116719242902208,0.0980392156862745,51,0.2464871274464534,0.1387351512771286,634,0
10,17,27,0.2291405349969864,False,533,0.2104339620000246,screening,1987,1992,16,0.1,101223,0.9053627760252366,0.0980392156862745,51,0.2291405387496239,0.1346853372304768,634,0
20,17,37,0.2291405349969864,False,533,0.2749414179997984,screening,1987,1992,16,0.1,101223,0.9053627760252366,0.0980392156862745,51,0.2291405387496239,0.1346853372304768,634,0
50,17,67,0.2291405349969864,False,533,0.462893460000032,screening,1987,1992,16,0.1,101223,0.9053627760252366,0.0980392156862745,51,0.2291405387496239,0.1346853372304768,634,0
10,9,19,0.2585557699203491,False,533,0.1590435499997511,screening,1987,1992,16,0.1,101224,0.889589905362776,0.0980392156862745,51,0.2585557684292849,0.1433526226126294,634,0
20,40,60,0.2426026910543441,False,533,0.4065865379998286,screening,1987,1992,16,0.1,101224,0.9085173501577288,0.0784313725490196,51,0.2426027035621114,0.1377180297548222,634,0
50,40,90,0.2426026910543441,False,533,0.6598055669996938,screening,1987,1992,16,0.1,101224,0.9085173501577288,0.0784313725490196,51,0.2426027035621114,0.1377180297548222,634,0
10,29,39,0.2390712201595306,False,533,0.3732809900002394,screening,1987,1992,16,0.1,101225,0.9100946372239748,0.1176470588235294,51,0.2390712020409631,0.1370182875826624,634,0
20,29,49,0.2390712201595306,False,533,0.4354622710002331,screening,1987,1992,16,0.1,101225,0.9100946372239748,0.1176470588235294,51,0.2390712020409631,0.1370182875826624,634,0
50,29,79,0.2390712201595306,False,533,0.6091495579998991,screening,1987,1992,16,0.1,101225,0.9100946372239748,0.1176470588235294,51,0.2390712020409631,0.1370182875826624,634,0
10,17,27,0.2285457402467727,False,533,0.1744539699998313,screening,1987,1992,16,0.2,101223,0.9100946372239748,0.1764705882352941,51,0.228545737819736,0.1337184281238685,634,0
20,17,37,0.2285457402467727,False,533,0.2344249540001328,screening,1987,1992,16,0.2,101223,0.9100946372239748,0.1764705882352941,51,0.228545737819736,0.1337184281238685,634,0
50,17,67,0.2285457402467727,False,533,0.4322719379997579,screening,1987,1992,16,0.2,101223,0.9100946372239748,0.1764705882352941,51,0.228545737819736,0.1337184281238685,634,0
10,16,26,0.232899785041809,False,533,0.1617941999998038,screening,1987,1992,16,0.2,101224,0.9116719242902208,0.1176470588235294,51,0.2328997548111453,0.1350831330080157,634,0
20,16,36,0.232899785041809,False,533,0.2219843539996873,screening,1987,1992,16,0.2,101224,0.9116719242902208,0.1176470588235294,51,0.2328997548111453,0.1350831330080157,634,0
50,16,66,0.232899785041809,False,533,0.4054832140000144,screening,1987,1992,16,0.2,101224,0.9116719242902208,0.1176470588235294,51,0.2328997548111453,0.1350831330080157,634,0
10,20,30,0.2283543795347213,False,533,0.1808044980002705,screening,1987,1992,16,0.2,101225,0.9100946372239748,0.196078431372549,51,0.228354371867595,0.1301135890941463,634,0
20,20,40,0.2283543795347213,False,533,0.2407535520001147,screening,1987,1992,16,0.2,101225,0.9100946372239748,0.196078431372549,51,0.228354371867595,0.1301135890941463,634,0
50,20,70,0.2283543795347213,False,533,0.4180100260000472,screening,1987,1992,16,0.2,101225,0.9100946372239748,0.196078431372549,51,0.228354371867595,0.1301135890941463,634,0
10,5,15,0.2284558862447738,False,533,0.0925284660002034,screening,1987,1992,16,0.3,101223,0.9053627760252366,0.0980392156862745,51,0.2284559015703647,0.1338143956701251,634,0
20,5,25,0.2284558862447738,False,533,0.1568714869999894,screening,1987,1992,16,0.3,101223,0.9053627760252366,0.0980392156862745,51,0.2284559015703647,0.1338143956701251,634,0
50,5,55,0.2284558862447738,False,533,0.3799881869999808,screening,1987,1992,16,0.3,101223,0.9053627760252366,0.0980392156862745,51,0.2284559015703647,0.1338143956701251,634,0
10,16,26,0.2263719588518142,False,533,0.1938726049997967,screening,1987,1992,16,0.3,101224,0.9148264984227128,0.1568627450980392,51,0.2263719868408888,0.1299973962146315,634,0
20,16,36,0.2263719588518142,False,533,0.2610757979996378,screening,1987,1992,16,0.3,101224,0.9148264984227128,0.1568627450980392,51,0.2263719868408888,0.1299973962146315,634,0
50,16,66,0.2263719588518142,False,533,0.5198612879999018,screening,1987,1992,16,0.3,101224,0.9148264984227128,0.1568627450980392,51,0.2263719868408888,0.1299973962146315,634,0
10,11,21,0.2288244664669037,False,533,0.2318603349999648,screening,1987,1992,16,0.3,101225,0.9116719242902208,0.1372549019607843,51,0.2288244651304578,0.1310373291968782,634,0
20,11,31,0.2288244664669037,False,533,0.3506340179997096,screening,1987,1992,16,0.3,101225,0.9116719242902208,0.1372549019607843,51,0.2288244651304578,0.1310373291968782,634,0
50,11,61,0.2288244664669037,False,533,0.5295881679999184,screening,1987,1992,16,0.3,101225,0.9116719242902208,0.1372549019607843,51,0.2288244651304578,0.1310373291968782,634,0
10,5,15,0.2252209037542343,False,533,0.0924487080001199,screening,1987,1992,16,0.5,101223,0.9085173501577288,0.1568627450980392,51,0.2252208999185203,0.1325171154009012,634,0
20,5,25,0.2252209037542343,False,533,0.1526501430003009,screening,1987,1992,16,0.5,101223,0.9085173501577288,0.1568627450980392,51,0.2252208999185203,0.1325171154009012,634,0
50,5,55,0.2252209037542343,False,533,0.3502226370001153,screening,1987,1992,16,0.5,101223,0.9085173501577288,0.1568627450980392,51,0.2252208999185203,0.1325171154009012,634,0
10,8,18,0.2102756649255752,False,533,0.1156593629998496,screening,1987,1992,16,0.5,101224,0.9100946372239748,0.2352941176470588,51,0.2102756575982997,0.1220770252898404,634,0
20,8,28,0.2102756649255752,False,533,0.1755468609999297,screening,1987,1992,16,0.5,101224,0.9100946372239748,0.2352941176470588,51,0.2102756575982997,0.1220770252898404,634,0
50,8,58,0.2102756649255752,False,533,0.3542928040001243,screening,1987,1992,16,0.5,101224,0.9100946372239748,0.2352941176470588,51,0.2102756575982997,0.1220770252898404,634,0
10,6,16,0.2117351442575454,False,533,0.0974340800003119,screening,1987,1992,16,0.5,101225,0.9148264984227128,0.3137254901960784,51,0.2117351328033417,0.1220917092559621,634,0
20,6,26,0.2117351442575454,False,533,0.1598417469999731,screening,1987,1992,16,0.5,101225,0.9148264984227128,0.3137254901960784,51,0.2117351328033417,0.1220917092559621,634,0
50,6,56,0.2117351442575454,False,533,0.3397201050001968,screening,1987,1992,16,0.5,101225,0.9148264984227128,0.3137254901960784,51,0.2117351328033417,0.1220917092559621,634,0
10,5,15,0.2311877906322479,False,533,0.1192284110002219,screening,1987,1992,16,1.0,101223,0.919558359621451,0.196078431372549,51,0.2311877905753271,0.1311778658797998,634,0
20,5,25,0.2311877906322479,False,533,0.1886507980002534,screening,1987,1992,16,1.0,101223,0.919558359621451,0.196078431372549,51,0.2311877905753271,0.1311778658797998,634,0
50,5,55,0.2311877906322479,False,533,0.4059245290000035,screening,1987,1992,16,1.0,101223,0.919558359621451,0.196078431372549,51,0.2311877905753271,0.1311778658797998,634,0
10,3,13,0.2166636139154434,False,533,0.0792800310000529,screening,1987,1992,16,1.0,101224,0.9148264984227128,0.1372549019607843,51,0.216663586531626,0.127252206677018,634,0
20,3,23,0.2166636139154434,False,533,0.1554448980000415,screening,1987,1992,16,1.0,101224,0.9148264984227128,0.1372549019607843,51,0.216663586531626,0.127252206677018,634,0
50,3,53,0.2166636139154434,False,533,0.3424343740002769,screening,1987,1992,16,1.0,101224,0.9148264984227128,0.1372549019607843,51,0.216663586531626,0.127252206677018,634,0
10,3,13,0.2262255102396011,False,533,0.0874444810001477,screening,1987,1992,16,1.0,101225,0.9116719242902208,0.1372549019607843,51,0.2262255120701305,0.1313091092207221,634,0
20,3,23,0.2262255102396011,False,533,0.1662473309997949,screening,1987,1992,16,1.0,101225,0.9116719242902208,0.1372549019607843,51,0.2262255120701305,0.1313091092207221,634,0
50,3,53,0.2262255102396011,False,533,0.4055116889999226,screening,1987,1992,16,1.0,101225,0.9116719242902208,0.1372549019607843,51,0.2262255120701305,0.1313091092207221,634,0
10,116,126,0.2297023385763168,False,1061,1.1726827219999905,screening,1987,1992,32,0.01,101223,0.9037854889589906,0.0980392156862745,51,0.2297023596660656,0.1371718353674442,634,0
20,116,136,0.2297023385763168,False,1061,1.3044826809996266,screening,1987,1992,32,0.01,101223,0.9037854889589906,0.0980392156862745,51,0.2297023596660656,0.1371718353674442,634,0
50,116,166,0.2297023385763168,False,1061,1.5160513209998498,screening,1987,1992,32,0.01,101223,0.9037854889589906,0.0980392156862745,51,0.2297023596660656,0.1371718353674442,634,0
10,148,158,0.2365843057632446,False,1061,1.4382122110000637,screening,1987,1992,32,0.01,101224,0.9037854889589906,0.0784313725490196,51,0.2365843053092554,0.1394647249336002,634,0
20,167,187,0.2363042533397674,False,1061,1.6460916259998155,screening,1987,1992,32,0.01,101224,0.9100946372239748,0.0980392156862745,51,0.2363042641640252,0.1391116506327771,634,0
50,167,217,0.2363042533397674,False,1061,1.833643123999991,screening,1987,1992,32,0.01,101224,0.9100946372239748,0.0980392156862745,51,0.2363042641640252,0.1391116506327771,634,0
10,181,191,0.2237201780080795,False,1061,1.283567483999832,screening,1987,1992,32,0.01,101225,0.9100946372239748,0.0784313725490196,51,0.2237201630470896,0.1355185967648887,634,0
20,181,201,0.2237201780080795,False,1061,1.3455563279999296,screening,1987,1992,32,0.01,101225,0.9100946372239748,0.0784313725490196,51,0.2237201630470896,0.1355185967648887,634,0
50,181,231,0.2237201780080795,False,1061,1.5280765779998546,screening,1987,1992,32,0.01,101225,0.9100946372239748,0.0784313725490196,51,0.2237201630470896,0.1355185967648887,634,0
10,40,50,0.2293969541788101,False,1061,0.304613044999769,screening,1987,1992,32,0.03,101223,0.9037854889589906,0.0980392156862745,51,0.2293969439197361,0.1371933803690183,634,0
20,40,60,0.2293969541788101,False,1061,0.3638327240000762,screening,1987,1992,32,0.03,101223,0.9037854889589906,0.0980392156862745,51,0.2293969439197361,0.1371933803690183,634,0
50,40,90,0.2293969541788101,False,1061,0.5590386700000636,screening,1987,1992,32,0.03,101223,0.9037854889589906,0.0980392156862745,51,0.2293969439197361,0.1371933803690183,634,0
10,56,66,0.2362614572048187,False,1061,0.4625456029998531,screening,1987,1992,32,0.03,101224,0.9100946372239748,0.0980392156862745,51,0.2362614442821079,0.1390670152436962,634,0
20,56,76,0.2362614572048187,False,1061,0.5219696690001001,screening,1987,1992,32,0.03,101224,0.9100946372239748,0.0980392156862745,51,0.2362614442821079,0.1390670152436962,634,0
50,56,106,0.2362614572048187,False,1061,0.6986940799997683,screening,1987,1992,32,0.03,101224,0.9100946372239748,0.0980392156862745,51,0.2362614442821079,0.1390670152436962,634,0
10,63,73,0.2231591194868087,False,1061,0.5112262119996558,screening,1987,1992,32,0.03,101225,0.9085173501577288,0.0588235294117647,51,0.2231591099484119,0.1352296501360971,634,0
20,63,83,0.2231591194868087,False,1061,0.5734898239998074,screening,1987,1992,32,0.03,101225,0.9085173501577288,0.0588235294117647,51,0.2231591099484119,0.1352296501360971,634,0
50,63,113,0.2231591194868087,False,1061,0.7541325679999318,screening,1987,1992,32,0.03,101225,0.9085173501577288,0.0588235294117647,51,0.2231591099484119,0.1352296501360971,634,0
10,22,32,0.2289512455463409,False,1061,0.2573195429999941,screening,1987,1992,32,0.05,101223,0.9037854889589906,0.0980392156862745,51,0.2289512413442427,0.1365256988605099,634,0
20,22,42,0.2289512455463409,False,1061,0.3172814569998081,screening,1987,1992,32,0.05,101223,0.9037854889589906,0.0980392156862745,51,0.2289512413442427,0.1365256988605099,634,0
50,22,72,0.2289512455463409,False,1061,0.503974081999786,screening,1987,1992,32,0.05,101223,0.9037854889589906,0.0980392156862745,51,0.2289512413442427,0.1365256988605099,634,0
10,29,39,0.2351675480604171,False,1061,0.2577672809998148,screening,1987,1992,32,0.05,101224,0.9037854889589906,0.0784313725490196,51,0.2351675485282478,0.1388571579539326,634,0
20,29,49,0.2351675480604171,False,1061,0.3186026299999867,screening,1987,1992,32,0.05,101224,0.9037854889589906,0.0784313725490196,51,0.2351675485282478,0.1388571579539326,634,0
50,29,79,0.2351675480604171,False,1061,0.5165297779999491,screening,1987,1992,32,0.05,101224,0.9037854889589906,0.0784313725490196,51,0.2351675485282478,0.1388571579539326,634,0
10,35,45,0.2237966358661651,False,1061,0.2897805049997259,screening,1987,1992,32,0.05,101225,0.9116719242902208,0.0784313725490196,51,0.2237966114954144,0.1355581967821636,634,0
20,35,55,0.2237966358661651,False,1061,0.3509632229997805,screening,1987,1992,32,0.05,101225,0.9116719242902208,0.0784313725490196,51,0.2237966114954144,0.1355581967821636,634,0
50,35,85,0.2237966358661651,False,1061,0.5388103719997162,screening,1987,1992,32,0.05,101225,0.9116719242902208,0.0784313725490196,51,0.2237966114954144,0.1355581967821636,634,0
10,13,23,0.2265871912240982,False,1061,0.1416415999997298,screening,1987,1992,32,0.1,101223,0.9053627760252366,0.0980392156862745,51,0.2265871933896763,0.1361973097274695,634,0
20,13,33,0.2265871912240982,False,1061,0.2484995079998952,screening,1987,1992,32,0.1,101223,0.9053627760252366,0.0980392156862745,51,0.2265871933896763,0.1361973097274695,634,0
50,13,63,0.2265871912240982,False,1061,0.5699277939997955,screening,1987,1992,32,0.1,101223,0.9053627760252366,0.0980392156862745,51,0.2265871933896763,0.1361973097274695,634,0
10,16,26,0.2333303987979889,False,1061,0.2297449910001887,screening,1987,1992,32,0.1,101224,0.9116719242902208,0.1176470588235294,51,0.2333303767692812,0.1380195007255366,634,0
20,16,36,0.2333303987979889,False,1061,0.2947331320001467,screening,1987,1992,32,0.1,101224,0.9116719242902208,0.1176470588235294,51,0.2333303767692812,0.1380195007255366,634,0
50,16,66,0.2333303987979889,False,1061,0.583874797000135,screening,1987,1992,32,0.1,101224,0.9116719242902208,0.1176470588235294,51,0.2333303767692812,0.1380195007255366,634,0
10,20,30,0.2171505242586136,False,1061,0.256099641000219,screening,1987,1992,32,0.1,101225,0.9100946372239748,0.0784313725490196,51,0.2171505519748059,0.1324781504939642,634,0
20,20,40,0.2171505242586136,False,1061,0.3596305539999775,screening,1987,1992,32,0.1,101225,0.9100946372239748,0.0784313725490196,51,0.2171505519748059,0.1324781504939642,634,0
50,20,70,0.2171505242586136,False,1061,0.6779339029999392,screening,1987,1992,32,0.1,101225,0.9100946372239748,0.0784313725490196,51,0.2171505519748059,0.1324781504939642,634,0
10,5,15,0.229093536734581,False,1061,0.1163282039997284,screening,1987,1992,32,0.2,101223,0.9037854889589906,0.0980392156862745,51,0.2290935661252543,0.1357873412146259,634,0
20,5,25,0.229093536734581,False,1061,0.1873809049998271,screening,1987,1992,32,0.2,101223,0.9037854889589906,0.0980392156862745,51,0.2290935661252543,0.1357873412146259,634,0
50,5,55,0.229093536734581,False,1061,0.3763949859999229,screening,1987,1992,32,0.2,101223,0.9037854889589906,0.0980392156862745,51,0.2290935661252543,0.1357873412146259,634,0
10,9,19,0.2253132760524749,False,1061,0.1252888839999286,screening,1987,1992,32,0.2,101224,0.9085173501577288,0.0980392156862745,51,0.2253132816054532,0.1342967015091823,634,0
20,9,29,0.2253132760524749,False,1061,0.1950807039997926,screening,1987,1992,32,0.2,101224,0.9085173501577288,0.0980392156862745,51,0.2253132816054532,0.1342967015091823,634,0
50,9,59,0.2253132760524749,False,1061,0.3772282029999587,screening,1987,1992,32,0.2,101224,0.9085173501577288,0.0980392156862745,51,0.2253132816054532,0.1342967015091823,634,0
10,11,21,0.2120306640863418,False,1061,0.1352062669998304,screening,1987,1992,32,0.2,101225,0.9100946372239748,0.0980392156862745,51,0.2120306628481214,0.1296919717684506,634,0
20,11,31,0.2120306640863418,False,1061,0.2004226260000905,screening,1987,1992,32,0.2,101225,0.9100946372239748,0.0980392156862745,51,0.2120306628481214,0.1296919717684506,634,0
50,11,61,0.2120306640863418,False,1061,0.3804211420001593,screening,1987,1992,32,0.2,101225,0.9100946372239748,0.0980392156862745,51,0.2120306628481214,0.1296919717684506,634,0
10,5,15,0.2236827313899994,False,1061,0.0928369779999229,screening,1987,1992,32,0.3,101223,0.9085173501577288,0.1176470588235294,51,0.2236827330692967,0.1353165762275633,634,0
20,5,25,0.2236827313899994,False,1061,0.1532827070000166,screening,1987,1992,32,0.3,101223,0.9085173501577288,0.1176470588235294,51,0.2236827330692967,0.1353165762275633,634,0
50,5,55,0.2236827313899994,False,1061,0.3689305180000701,screening,1987,1992,32,0.3,101223,0.9085173501577288,0.1176470588235294,51,0.2236827330692967,0.1353165762275633,634,0
10,5,15,0.214780569076538,False,1061,0.0970658370001729,screening,1987,1992,32,0.3,101224,0.9053627760252366,0.1568627450980392,51,0.2147805881054836,0.1290577516790268,634,0
20,5,25,0.214780569076538,False,1061,0.1645577980002599,screening,1987,1992,32,0.3,101224,0.9053627760252366,0.1568627450980392,51,0.2147805881054836,0.1290577516790268,634,0
50,5,55,0.214780569076538,False,1061,0.3616084590003083,screening,1987,1992,32,0.3,101224,0.9053627760252366,0.1568627450980392,51,0.2147805881054836,0.1290577516790268,634,0
10,6,16,0.2141512036323547,False,1061,0.1010917230000814,screening,1987,1992,32,0.3,101225,0.9085173501577288,0.0980392156862745,51,0.2141512011914763,0.1307690787010235,634,0
20,6,26,0.2141512036323547,False,1061,0.1658371260000422,screening,1987,1992,32,0.3,101225,0.9085173501577288,0.0980392156862745,51,0.2141512011914763,0.1307690787010235,634,0
50,6,56,0.2141512036323547,False,1061,0.3475461410002936,screening,1987,1992,32,0.3,101225,0.9085173501577288,0.0980392156862745,51,0.2141512011914763,0.1307690787010235,634,0
10,5,15,0.2208713591098785,False,1061,0.0946144139998068,screening,1987,1992,32,0.5,101223,0.9085173501577288,0.1176470588235294,51,0.2208713609805957,0.1328719066375686,634,0
20,5,25,0.2208713591098785,False,1061,0.1569220829996993,screening,1987,1992,32,0.5,101223,0.9085173501577288,0.1176470588235294,51,0.2208713609805957,0.1328719066375686,634,0
50,5,55,0.2208713591098785,False,1061,0.3673991329997079,screening,1987,1992,32,0.5,101223,0.9085173501577288,0.1176470588235294,51,0.2208713609805957,0.1328719066375686,634,0
10,5,15,0.2075574845075607,False,1061,0.127345224000237,screening,1987,1992,32,0.5,101224,0.9053627760252366,0.2156862745098039,51,0.2075574947965279,0.124292492173202,634,0
20,5,25,0.2075574845075607,False,1061,0.190207372000259,screening,1987,1992,32,0.5,101224,0.9053627760252366,0.2156862745098039,51,0.2075574947965279,0.124292492173202,634,0
50,5,55,0.2075574845075607,False,1061,0.3906990320001569,screening,1987,1992,32,0.5,101224,0.9053627760252366,0.2156862745098039,51,0.2075574947965279,0.124292492173202,634,0
10,6,16,0.1973700225353241,False,1061,0.1202833550000832,screening,1987,1992,32,0.5,101225,0.9100946372239748,0.2745098039215686,51,0.1973700297485187,0.1191970675573167,634,0
20,6,26,0.1973700225353241,False,1061,0.1829682100001264,screening,1987,1992,32,0.5,101225,0.9100946372239748,0.2745098039215686,51,0.1973700297485187,0.1191970675573167,634,0
50,6,56,0.1973700225353241,False,1061,0.3830285250000997,screening,1987,1992,32,0.5,101225,0.9100946372239748,0.2745098039215686,51,0.1973700297485187,0.1191970675573167,634,0
10,5,15,0.2261334061622619,False,1061,0.093120522999925,screening,1987,1992,32,1.0,101223,0.9116719242902208,0.2156862745098039,51,0.2261333970007533,0.1309381879219261,634,0
20,5,25,0.2261334061622619,False,1061,0.15400985999986,screening,1987,1992,32,1.0,101223,0.9116719242902208,0.2156862745098039,51,0.2261333970007533,0.1309381879219261,634,0
50,5,55,0.2261334061622619,False,1061,0.3684530699997594,screening,1987,1992,32,1.0,101223,0.9116719242902208,0.2156862745098039,51,0.2261333970007533,0.1309381879219261,634,0
10,3,13,0.236359491944313,False,1061,0.1561405520001244,screening,1987,1992,32,1.0,101224,0.9148264984227128,0.1176470588235294,51,0.2363594950383918,0.1342790086084497,634,0
20,3,23,0.236359491944313,False,1061,0.2261300269997264,screening,1987,1992,32,1.0,101224,0.9148264984227128,0.1176470588235294,51,0.2363594950383918,0.1342790086084497,634,0
50,3,53,0.236359491944313,False,1061,0.4159142529997552,screening,1987,1992,32,1.0,101224,0.9148264984227128,0.1176470588235294,51,0.2363594950383918,0.1342790086084497,634,0
10,3,13,0.2142329216003418,False,1061,0.1045794820001901,screening,1987,1992,32,1.0,101225,0.9132492113564668,0.1568627450980392,51,0.2142329471553756,0.129938283690493,634,0
20,3,23,0.2142329216003418,False,1061,0.185737347000213,screening,1987,1992,32,1.0,101225,0.9132492113564668,0.1568627450980392,51,0.2142329471553756,0.129938283690493,634,0
50,3,53,0.2142329216003418,False,1061,0.3786688380000669,screening,1987,1992,32,1.0,101225,0.9132492113564668,0.1568627450980392,51,0.2142329471553756,0.129938283690493,634,0
10,190,200,0.2794574797153473,False,1509,1.901534362000348,screening,1987,1992,32_16,0.01,101223,0.9053627760252366,0.1176470588235294,51,0.2794574800696465,0.153628873318337,634,0
20,190,210,0.2794574797153473,False,1509,1.9807999460003884,screening,1987,1992,32_16,0.01,101223,0.9053627760252366,0.1176470588235294,51,0.2794574800696465,0.153628873318337,634,0
50,190,240,0.2794574797153473,False,1509,2.2020035270002154,screening,1987,1992,32_16,0.01,101223,0.9053627760252366,0.1176470588235294,51,0.2794574800696465,0.153628873318337,634,0
10,68,78,0.3053508102893829,False,1509,0.8899837459998707,screening,1987,1992,32_16,0.01,101224,0.8848580441640379,0.0980392156862745,51,0.3053508013395896,0.1574728621059266,634,0
20,68,88,0.3053508102893829,False,1509,0.9617966249998062,screening,1987,1992,32_16,0.01,101224,0.8848580441640379,0.0980392156862745,51,0.3053508013395896,0.1574728621059266,634,0
50,68,118,0.3053508102893829,False,1509,1.192837192999832,screening,1987,1992,32_16,0.01,101224,0.8848580441640379,0.0980392156862745,51,0.3053508013395896,0.1574728621059266,634,0
10,63,73,0.2709670066833496,False,1509,0.5638013619995945,screening,1987,1992,32_16,0.01,101225,0.886435331230284,0.0980392156862745,51,0.2709669904205888,0.1481369896121958,634,0
20,63,83,0.2709670066833496,False,1509,0.6367949979999139,screening,1987,1992,32_16,0.01,101225,0.886435331230284,0.0980392156862745,51,0.2709669904205888,0.1481369896121958,634,0
50,63,113,0.2709670066833496,False,1509,0.8705189559996143,screening,1987,1992,32_16,0.01,101225,0.886435331230284,0.0980392156862745,51,0.2709669904205888,0.1481369896121958,634,0
10,66,76,0.2767587602138519,False,1509,0.6288917229999242,screening,1987,1992,32_16,0.03,101223,0.9037854889589906,0.1176470588235294,51,0.2767587464973197,0.1524541803463351,634,0
20,66,86,0.2767587602138519,False,1509,0.7014793680000366,screening,1987,1992,32_16,0.03,101223,0.9037854889589906,0.1176470588235294,51,0.2767587464973197,0.1524541803463351,634,0
50,66,116,0.2767587602138519,False,1509,0.9709034510001402,screening,1987,1992,32_16,0.03,101223,0.9037854889589906,0.1176470588235294,51,0.2767587464973197,0.1524541803463351,634,0
10,23,33,0.3051558136940002,False,1509,0.2572920150000755,screening,1987,1992,32_16,0.03,101224,0.8848580441640379,0.0980392156862745,51,0.3051558171634032,0.1577459315285894,634,0
20,23,43,0.3051558136940002,False,1509,0.3320334909999474,screening,1987,1992,32_16,0.03,101224,0.8848580441640379,0.0980392156862745,51,0.3051558171634032,0.1577459315285894,634,0
50,23,73,0.3051558136940002,False,1509,0.5584201310002754,screening,1987,1992,32_16,0.03,101224,0.8848580441640379,0.0980392156862745,51,0.3051558171634032,0.1577459315285894,634,0
10,20,30,0.2691490650177002,False,1509,0.2653361679999761,screening,1987,1992,32_16,0.03,101225,0.886435331230284,0.1176470588235294,51,0.2691490692209116,0.1453401941050052,634,0
20,20,40,0.2691490650177002,False,1509,0.3398608309998963,screening,1987,1992,32_16,0.03,101225,0.886435331230284,0.1176470588235294,51,0.2691490692209116,0.1453401941050052,634,0
50,20,70,0.2691490650177002,False,1509,0.6037263439998242,screening,1987,1992,32_16,0.03,101225,0.886435331230284,0.1176470588235294,51,0.2691490692209116,0.1453401941050052,634,0
10,39,49,0.2743020951747894,False,1509,0.3964172060000237,screening,1987,1992,32_16,0.05,101223,0.9037854889589906,0.1176470588235294,51,0.2743020868357894,0.1516910250460263,634,0
20,39,59,0.2743020951747894,False,1509,0.4747138719999384,screening,1987,1992,32_16,0.05,101223,0.9037854889589906,0.1176470588235294,51,0.2743020868357894,0.1516910250460263,634,0
50,39,89,0.2743020951747894,False,1509,0.7012876700000561,screening,1987,1992,32_16,0.05,101223,0.9037854889589906,0.1176470588235294,51,0.2743020868357894,0.1516910250460263,634,0
10,16,26,0.3055784404277801,False,1509,0.2215517240001645,screening,1987,1992,32_16,0.05,101224,0.8817034700315457,0.0784313725490196,51,0.3055784911326534,0.1621343412084484,634,0
20,16,36,0.3055784404277801,False,1509,0.2960578209999767,screening,1987,1992,32_16,0.05,101224,0.8817034700315457,0.0784313725490196,51,0.3055784911326534,0.1621343412084484,634,0
50,16,66,0.3055784404277801,False,1509,0.5195176750003156,screening,1987,1992,32_16,0.05,101224,0.8817034700315457,0.0784313725490196,51,0.3055784911326534,0.1621343412084484,634,0
10,11,21,0.2686555981636047,False,1509,0.1644130739996399,screening,1987,1992,32_16,0.05,101225,0.889589905362776,0.1568627450980392,51,0.268655593024537,0.1415892521491014,634,0
20,11,31,0.2686555981636047,False,1509,0.2393592299999909,screening,1987,1992,32_16,0.05,101225,0.889589905362776,0.1568627450980392,51,0.268655593024537,0.1415892521491014,634,0
50,11,61,0.2686555981636047,False,1509,0.6048197699997218,screening,1987,1992,32_16,0.05,101225,0.889589905362776,0.1568627450980392,51,0.268655593024537,0.1415892521491014,634,0
10,17,27,0.2698717415332794,False,1509,0.2214147599997886,screening,1987,1992,32_16,0.1,101223,0.9022082018927444,0.1372549019607843,51,0.2698717417592216,0.1512726430821143,634,0
20,17,37,0.2698717415332794,False,1509,0.2967051790001278,screening,1987,1992,32_16,0.1,101223,0.9022082018927444,0.1372549019607843,51,0.2698717417592216,0.1512726430821143,634,0
50,17,67,0.2698717415332794,False,1509,0.5595822290001706,screening,1987,1992,32_16,0.1,101223,0.9022082018927444,0.1372549019607843,51,0.2698717417592216,0.1512726430821143,634,0
10,9,19,0.3034851253032684,False,1509,0.1513880809998227,screening,1987,1992,32_16,0.1,101224,0.8832807570977917,0.0980392156862745,51,0.3034851689312181,0.1629977154892903,634,0
20,9,29,0.3034851253032684,False,1509,0.2388673860000381,screening,1987,1992,32_16,0.1,101224,0.8832807570977917,0.0980392156862745,51,0.3034851689312181,0.1629977154892903,634,0
50,9,59,0.3034851253032684,False,1509,0.5760244140001305,screening,1987,1992,32_16,0.1,101224,0.8832807570977917,0.0980392156862745,51,0.3034851689312181,0.1629977154892903,634,0
10,6,16,0.2699837684631347,False,1509,0.2067045329999928,screening,1987,1992,32_16,0.1,101225,0.886435331230284,0.1176470588235294,51,0.269983737689929,0.1455057558398594,634,0
20,29,49,0.2640670835971832,False,1509,0.4641611420001936,screening,1987,1992,32_16,0.1,101225,0.9006309148264984,0.196078431372549,51,0.2640670756316306,0.1442635742096141,634,0
50,29,79,0.2640670835971832,False,1509,0.6983226380002634,screening,1987,1992,32_16,0.1,101225,0.9006309148264984,0.196078431372549,51,0.2640670756316306,0.1442635742096141,634,0
10,13,23,0.2596851289272308,False,1509,0.1959200260002944,screening,1987,1992,32_16,0.2,101223,0.9037854889589906,0.1372549019607843,51,0.2596851577891407,0.1449958260479354,634,0
20,13,33,0.2596851289272308,False,1509,0.2927684660003251,screening,1987,1992,32_16,0.2,101223,0.9037854889589906,0.1372549019607843,51,0.2596851577891407,0.1449958260479354,634,0
50,13,63,0.2596851289272308,False,1509,0.5556920009998976,screening,1987,1992,32_16,0.2,101223,0.9037854889589906,0.1372549019607843,51,0.2596851577891407,0.1449958260479354,634,0
10,5,15,0.2882876098155975,False,1509,0.1222581570000329,screening,1987,1992,32_16,0.2,101224,0.886435331230284,0.1764705882352941,51,0.2882876036209028,0.1564567007376175,634,0
20,5,25,0.2882876098155975,False,1509,0.1986716209999031,screening,1987,1992,32_16,0.2,101224,0.886435331230284,0.1764705882352941,51,0.2882876036209028,0.1564567007376175,634,0
50,5,55,0.2882876098155975,False,1509,0.4672344250002425,screening,1987,1992,32_16,0.2,101224,0.886435331230284,0.1764705882352941,51,0.2882876036209028,0.1564567007376175,634,0
10,6,16,0.2591876685619354,False,1509,0.1213130149999415,screening,1987,1992,32_16,0.2,101225,0.886435331230284,0.2156862745098039,51,0.2591876497070165,0.147722764736354,634,0
20,20,40,0.2552290856838226,False,1509,0.3174133000002257,screening,1987,1992,32_16,0.2,101225,0.9069400630914828,0.2941176470588235,51,0.2552291024637311,0.1345717061660843,634,0
50,20,70,0.2552290856838226,False,1509,0.6743308489999436,screening,1987,1992,32_16,0.2,101225,0.9069400630914828,0.2941176470588235,51,0.2552291024637311,0.1345717061660843,634,0
10,5,15,0.2615945041179657,False,1509,0.1304709330001969,screening,1987,1992,32_16,0.3,101223,0.8927444794952681,0.1568627450980392,51,0.2615944987529812,0.1472572666069528,634,0
20,5,25,0.2615945041179657,False,1509,0.2463440609999452,screening,1987,1992,32_16,0.3,101223,0.8927444794952681,0.1568627450980392,51,0.2615944987529812,0.1472572666069528,634,0
50,5,55,0.2615945041179657,False,1509,0.4706217500001912,screening,1987,1992,32_16,0.3,101223,0.8927444794952681,0.1568627450980392,51,0.2615944987529812,0.1472572666069528,634,0
10,5,15,0.2820859849452972,False,1509,0.1167468930002542,screening,1987,1992,32_16,0.3,101224,0.8848580441640379,0.2156862745098039,51,0.282085961890801,0.1552703276763675,634,0
20,5,25,0.2820859849452972,False,1509,0.2018600100000185,screening,1987,1992,32_16,0.3,101224,0.8848580441640379,0.2156862745098039,51,0.282085961890801,0.1552703276763675,634,0
50,5,55,0.2820859849452972,False,1509,0.4451687720002155,screening,1987,1992,32_16,0.3,101224,0.8848580441640379,0.2156862745098039,51,0.282085961890801,0.1552703276763675,634,0
10,6,16,0.242603987455368,False,1509,0.1615793299997676,screening,1987,1992,32_16,0.3,101225,0.8958990536277602,0.5882352941176471,51,0.2426039481989079,0.1306974382346783,634,0
20,6,26,0.242603987455368,False,1509,0.2360137800001212,screening,1987,1992,32_16,0.3,101225,0.8958990536277602,0.5882352941176471,51,0.2426039481989079,0.1306974382346783,634,0
50,6,56,0.242603987455368,False,1509,0.4538433669999904,screening,1987,1992,32_16,0.3,101225,0.8958990536277602,0.5882352941176471,51,0.2426039481989079,0.1306974382346783,634,0
10,5,15,0.2301217019557953,False,1509,0.1279342130001168,screening,1987,1992,32_16,0.5,101223,0.9085173501577288,0.2549019607843137,51,0.2301217117523221,0.1299068316216894,634,0
20,5,25,0.2301217019557953,False,1509,0.2187269130004097,screening,1987,1992,32_16,0.5,101223,0.9085173501577288,0.2549019607843137,51,0.2301217117523221,0.1299068316216894,634,0
50,5,55,0.2301217019557953,False,1509,0.4866700770003263,screening,1987,1992,32_16,0.5,101223,0.9085173501577288,0.2549019607843137,51,0.2301217117523221,0.1299068316216894,634,0
10,8,18,0.2769461870193481,False,1509,0.1357399970002006,screening,1987,1992,32_16,0.5,101224,0.9022082018927444,0.2745098039215686,51,0.2769461650875929,0.1427891457666819,634,0
20,8,28,0.2769461870193481,False,1509,0.2136868279999362,screening,1987,1992,32_16,0.5,101224,0.9022082018927444,0.2745098039215686,51,0.2769461650875929,0.1427891457666819,634,0
50,8,58,0.2769461870193481,False,1509,0.4586172449999139,screening,1987,1992,32_16,0.5,101224,0.9022082018927444,0.2745098039215686,51,0.2769461650875929,0.1427891457666819,634,0
10,5,15,0.2687909007072449,False,1509,0.1108483570001226,screening,1987,1992,32_16,0.5,101225,0.8958990536277602,0.2156862745098039,51,0.2687909346423501,0.1489958663846066,634,0
20,5,25,0.2687909007072449,False,1509,0.1860562799997751,screening,1987,1992,32_16,0.5,101225,0.8958990536277602,0.2156862745098039,51,0.2687909346423501,0.1489958663846066,634,0
50,5,55,0.2687909007072449,False,1509,0.4065010310000616,screening,1987,1992,32_16,0.5,101225,0.8958990536277602,0.2156862745098039,51,0.2687909346423501,0.1489958663846066,634,0
10,5,15,0.254444271326065,False,1509,0.2029331079997973,screening,1987,1992,32_16,1.0,101223,0.9085173501577288,0.2156862745098039,51,0.254444275542478,0.1385112253199114,634,0
20,5,25,0.254444271326065,False,1509,0.3238476239998817,screening,1987,1992,32_16,1.0,101223,0.9085173501577288,0.2156862745098039,51,0.254444275542478,0.1385112253199114,634,0
50,5,55,0.254444271326065,False,1509,0.5453377019998698,screening,1987,1992,32_16,1.0,101223,0.9085173501577288,0.2156862745098039,51,0.254444275542478,0.1385112253199114,634,0
10,5,15,0.2853680551052093,False,1509,0.1755202600002121,screening,1987,1992,32_16,1.0,101224,0.9022082018927444,0.2941176470588235,51,0.285368061585435,0.1446455356744959,634,0
20,5,25,0.2853680551052093,False,1509,0.2623318070000096,screening,1987,1992,32_16,1.0,101224,0.9022082018927444,0.2941176470588235,51,0.285368061585435,0.1446455356744959,634,0
50,5,55,0.2853680551052093,False,1509,0.48606404200018,screening,1987,1992,32_16,1.0,101224,0.9022082018927444,0.2941176470588235,51,0.285368061585435,0.1446455356744959,634,0
10,3,13,0.2857033908367157,False,1509,0.0968164480000268,screening,1987,1992,32_16,1.0,101225,0.8911671924290221,0.196078431372549,51,0.2857033579178865,0.1527959744135414,634,0
20,3,23,0.2857033908367157,False,1509,0.1700858050003262,screening,1987,1992,32_16,1.0,101225,0.8911671924290221,0.196078431372549,51,0.2857033579178865,0.1527959744135414,634,0
50,3,53,0.2857033908367157,False,1509,0.3927376010001353,screening,1987,1992,32_16,1.0,101225,0.8911671924290221,0.196078431372549,51,0.2857033579178865,0.1527959744135414,634,0
10,67,77,0.2755058705806732,False,4037,0.6494639520001328,screening,1987,1992,64_32,0.01,101223,0.889589905362776,0.1372549019607843,51,0.275505868228762,0.1498737614303471,634,0
20,67,87,0.2755058705806732,False,4037,0.7273218800000905,screening,1987,1992,64_32,0.01,101223,0.889589905362776,0.1372549019607843,51,0.275505868228762,0.1498737614303471,634,0
50,67,117,0.2755058705806732,False,4037,0.9876896830000989,screening,1987,1992,64_32,0.01,101223,0.889589905362776,0.1372549019607843,51,0.275505868228762,0.1498737614303471,634,0
10,68,78,0.2731335759162903,False,4037,0.646675616000266,screening,1987,1992,64_32,0.01,101224,0.88801261829653,0.1372549019607843,51,0.2731335894117085,0.1494658126875922,634,0
20,68,88,0.2731335759162903,False,4037,0.7238831730001039,screening,1987,1992,64_32,0.01,101224,0.88801261829653,0.1372549019607843,51,0.2731335894117085,0.1494658126875922,634,0
50,68,118,0.2731335759162903,False,4037,0.9832447280000453,screening,1987,1992,64_32,0.01,101224,0.88801261829653,0.1372549019607843,51,0.2731335894117085,0.1494658126875922,634,0
10,67,77,0.2930433452129364,False,4037,0.7461482810003872,screening,1987,1992,64_32,0.01,101225,0.886435331230284,0.1176470588235294,51,0.2930433482337738,0.1515723583073991,634,0
20,67,87,0.2930433452129364,False,4037,0.8660369819999687,screening,1987,1992,64_32,0.01,101225,0.886435331230284,0.1176470588235294,51,0.2930433482337738,0.1515723583073991,634,0
50,67,117,0.2930433452129364,False,4037,1.2072127730002649,screening,1987,1992,64_32,0.01,101225,0.886435331230284,0.1176470588235294,51,0.2930433482337738,0.1515723583073991,634,0
10,30,40,0.2748267650604248,False,4037,0.345951924000019,screening,1987,1992,64_32,0.03,101223,0.88801261829653,0.1372549019607843,51,0.2748267759227033,0.1547178908912299,634,0
20,30,50,0.2748267650604248,False,4037,0.4276179680000496,screening,1987,1992,64_32,0.03,101223,0.88801261829653,0.1372549019607843,51,0.2748267759227033,0.1547178908912299,634,0
50,54,104,0.2710737287998199,False,4037,0.8467795750002551,screening,1987,1992,64_32,0.03,101223,0.8958990536277602,0.1372549019607843,51,0.2710736924986192,0.1544421085947304,634,0
10,23,33,0.2727997303009033,False,4037,0.2619831069996507,screening,1987,1992,64_32,0.03,101224,0.88801261829653,0.1372549019607843,51,0.2727997438693647,0.1495644659342679,634,0
20,23,43,0.2727997303009033,False,4037,0.3368373409998639,screening,1987,1992,64_32,0.03,101224,0.88801261829653,0.1372549019607843,51,0.2727997438693647,0.1495644659342679,634,0
50,23,73,0.2727997303009033,False,4037,0.5603275259995826,screening,1987,1992,64_32,0.03,101224,0.88801261829653,0.1372549019607843,51,0.2727997438693647,0.1495644659342679,634,0
10,20,30,0.2925368249416351,False,4037,0.3925354900002276,screening,1987,1992,64_32,0.03,101225,0.889589905362776,0.1568627450980392,51,0.2925368383915654,0.1473293580887701,634,0
20,20,40,0.2925368249416351,False,4037,0.4713775760001226,screening,1987,1992,64_32,0.03,101225,0.889589905362776,0.1568627450980392,51,0.2925368383915654,0.1473293580887701,634,0
50,20,70,0.2925368249416351,False,4037,0.7520553420004035,screening,1987,1992,64_32,0.03,101225,0.889589905362776,0.1568627450980392,51,0.2925368383915654,0.1473293580887701,634,0
10,17,27,0.2713759839534759,False,4037,0.2625048439999773,screening,1987,1992,64_32,0.05,101223,0.88801261829653,0.1372549019607843,51,0.2713759688132687,0.1521778687031166,634,0
20,17,37,0.2713759839534759,False,4037,0.3434470990000591,screening,1987,1992,64_32,0.05,101223,0.88801261829653,0.1372549019607843,51,0.2713759688132687,0.1521778687031166,634,0
50,54,104,0.2672679126262665,False,4037,0.8706649680002556,screening,1987,1992,64_32,0.05,101223,0.9116719242902208,0.1176470588235294,51,0.2672678985720645,0.1449780612768874,634,0
10,16,26,0.2712131440639496,False,4037,0.2127564910001638,screening,1987,1992,64_32,0.05,101224,0.88801261829653,0.1568627450980392,51,0.2712131377043031,0.1510569313448091,634,0
20,16,36,0.2712131440639496,False,4037,0.2893506499999603,screening,1987,1992,64_32,0.05,101224,0.88801261829653,0.1568627450980392,51,0.2712131377043031,0.1510569313448091,634,0
50,16,66,0.2712131440639496,False,4037,0.5297771600003216,screening,1987,1992,64_32,0.05,101224,0.88801261829653,0.1568627450980392,51,0.2712131377043031,0.1510569313448091,634,0
10,29,39,0.2914258241653442,False,4037,0.3075751709998258,screening,1987,1992,64_32,0.05,101225,0.8848580441640379,0.1372549019607843,51,0.2914258026986103,0.1614461965165949,634,0
20,67,87,0.2824979722499847,False,4037,0.7748632379998526,screening,1987,1992,64_32,0.05,101225,0.9085173501577288,0.1568627450980392,51,0.2824980043280731,0.1457948244169865,634,0
50,67,117,0.2824979722499847,False,4037,1.0481482250002043,screening,1987,1992,64_32,0.05,101225,0.9085173501577288,0.1568627450980392,51,0.2824980043280731,0.1457948244169865,634,0
10,17,27,0.2559607326984405,False,4037,0.2129817710001589,screening,1987,1992,64_32,0.1,101223,0.8974763406940063,0.1568627450980392,51,0.2559607442550364,0.1484234150819271,634,0
20,17,37,0.2559607326984405,False,4037,0.2892763079998985,screening,1987,1992,64_32,0.1,101223,0.8974763406940063,0.1568627450980392,51,0.2559607442550364,0.1484234150819271,634,0
50,17,67,0.2559607326984405,False,4037,0.5255971149999823,screening,1987,1992,64_32,0.1,101223,0.8974763406940063,0.1568627450980392,51,0.2559607442550364,0.1484234150819271,634,0
10,9,19,0.2670469284057617,False,4037,0.1539137320000918,screening,1987,1992,64_32,0.1,101224,0.889589905362776,0.1764705882352941,51,0.2670469122239839,0.1501932203846397,634,0
20,9,29,0.2670469284057617,False,4037,0.230395597000097,screening,1987,1992,64_32,0.1,101224,0.889589905362776,0.1764705882352941,51,0.2670469122239839,0.1501932203846397,634,0
50,9,59,0.2670469284057617,False,4037,0.4663830730000882,screening,1987,1992,64_32,0.1,101224,0.889589905362776,0.1764705882352941,51,0.2670469122239839,0.1501932203846397,634,0
10,29,39,0.2548300921916961,False,4037,0.3258690919997207,screening,1987,1992,64_32,0.1,101225,0.9037854889589906,0.1764705882352941,51,0.2548301422568378,0.1386238777897408,634,0
20,29,49,0.2548300921916961,False,4037,0.4059559709999121,screening,1987,1992,64_32,0.1,101225,0.9037854889589906,0.1764705882352941,51,0.2548301422568378,0.1386238777897408,634,0
50,29,79,0.2548300921916961,False,4037,0.6345167800000127,screening,1987,1992,64_32,0.1,101225,0.9037854889589906,0.1764705882352941,51,0.2548301422568378,0.1386238777897408,634,0
10,13,23,0.2558793127536773,False,4037,0.2362068060001547,screening,1987,1992,64_32,0.2,101223,0.9116719242902208,0.1372549019607843,51,0.2558793580860251,0.1416949208121359,634,0
20,13,33,0.2558793127536773,False,4037,0.3194467080002141,screening,1987,1992,64_32,0.2,101223,0.9116719242902208,0.1372549019607843,51,0.2558793580860251,0.1416949208121359,634,0
50,13,63,0.2558793127536773,False,4037,0.5704499610001221,screening,1987,1992,64_32,0.2,101223,0.9116719242902208,0.1372549019607843,51,0.2558793580860251,0.1416949208121359,634,0
10,5,15,0.2485677748918533,False,4037,0.1248665409998466,screening,1987,1992,64_32,0.2,101224,0.8927444794952681,0.2941176470588235,51,0.2485677612775916,0.1411059852261206,634,0
20,5,25,0.2485677748918533,False,4037,0.2044950790000257,screening,1987,1992,64_32,0.2,101224,0.8927444794952681,0.2941176470588235,51,0.2485677612775916,0.1411059852261206,634,0
50,5,55,0.2485677748918533,False,4037,0.4798423299998831,screening,1987,1992,64_32,0.2,101224,0.8927444794952681,0.2941176470588235,51,0.2485677612775916,0.1411059852261206,634,0
10,20,30,0.2478299587965011,False,4037,0.2447938280001835,screening,1987,1992,64_32,0.2,101225,0.9116719242902208,0.2745098039215686,51,0.2478299508538283,0.1299505727196262,634,0
20,20,40,0.2478299587965011,False,4037,0.3537205160000667,screening,1987,1992,64_32,0.2,101225,0.9116719242902208,0.2745098039215686,51,0.2478299508538283,0.1299505727196262,634,0
50,20,70,0.2478299587965011,False,4037,0.6855802680001943,screening,1987,1992,64_32,0.2,101225,0.9116719242902208,0.2745098039215686,51,0.2478299508538283,0.1299505727196262,634,0
10,5,15,0.2481870502233505,False,4037,0.1560513149997859,screening,1987,1992,64_32,0.3,101223,0.886435331230284,0.1568627450980392,51,0.2481870333883958,0.144614905250496,634,0
20,5,25,0.2481870502233505,False,4037,0.2419180519996189,screening,1987,1992,64_32,0.3,101223,0.886435331230284,0.1568627450980392,51,0.2481870333883958,0.144614905250496,634,0
50,5,55,0.2481870502233505,False,4037,0.4713315629996941,screening,1987,1992,64_32,0.3,101223,0.886435331230284,0.1568627450980392,51,0.2481870333883958,0.144614905250496,634,0
10,5,15,0.2417135387659073,False,4037,0.1236945799996647,screening,1987,1992,64_32,0.3,101224,0.8927444794952681,0.392156862745098,51,0.2417135482740342,0.1396555415910353,634,0
20,5,25,0.2417135387659073,False,4037,0.1995764759999474,screening,1987,1992,64_32,0.3,101224,0.8927444794952681,0.392156862745098,51,0.2417135482740342,0.1396555415910353,634,0
50,5,55,0.2417135387659073,False,4037,0.4410507759998836,screening,1987,1992,64_32,0.3,101224,0.8927444794952681,0.392156862745098,51,0.2417135482740342,0.1396555415910353,634,0
10,6,16,0.2495134323835373,False,4037,0.123852953000096,screening,1987,1992,64_32,0.3,101225,0.9053627760252366,0.5686274509803921,51,0.2495134256038614,0.1354984668704352,634,0
20,6,26,0.2495134323835373,False,4037,0.2001111090003178,screening,1987,1992,64_32,0.3,101225,0.9053627760252366,0.5686274509803921,51,0.2495134256038614,0.1354984668704352,634,0
50,6,56,0.2495134323835373,False,4037,0.5043683720000445,screening,1987,1992,64_32,0.3,101225,0.9053627760252366,0.5686274509803921,51,0.2495134256038614,0.1354984668704352,634,0
10,5,15,0.2570898830890655,False,4037,0.1181400569998913,screening,1987,1992,64_32,0.5,101223,0.9132492113564668,0.1372549019607843,51,0.2570898461786993,0.1431721690093254,634,0
20,5,25,0.2570898830890655,False,4037,0.1972750710001491,screening,1987,1992,64_32,0.5,101223,0.9132492113564668,0.1372549019607843,51,0.2570898461786993,0.1431721690093254,634,0
50,5,55,0.2570898830890655,False,4037,0.4813951950000046,screening,1987,1992,64_32,0.5,101223,0.9132492113564668,0.1372549019607843,51,0.2570898461786993,0.1431721690093254,634,0
10,5,15,0.2383966296911239,False,4037,0.1258858370001689,screening,1987,1992,64_32,0.5,101224,0.9053627760252366,0.3333333333333333,51,0.238396635512653,0.1344311329587412,634,0
20,5,25,0.2383966296911239,False,4037,0.2138194610001846,screening,1987,1992,64_32,0.5,101224,0.9053627760252366,0.3333333333333333,51,0.238396635512653,0.1344311329587412,634,0
50,5,55,0.2383966296911239,False,4037,0.4762988289999157,screening,1987,1992,64_32,0.5,101224,0.9053627760252366,0.3333333333333333,51,0.238396635512653,0.1344311329587412,634,0
10,5,15,0.2747469544410705,False,4037,0.1204575920000934,screening,1987,1992,64_32,0.5,101225,0.9022082018927444,0.196078431372549,51,0.2747469656336896,0.1490071310059843,634,0
20,5,25,0.2747469544410705,False,4037,0.1966460779999579,screening,1987,1992,64_32,0.5,101225,0.9022082018927444,0.196078431372549,51,0.2747469656336896,0.1490071310059843,634,0
50,5,55,0.2747469544410705,False,4037,0.4239313789998959,screening,1987,1992,64_32,0.5,101225,0.9022082018927444,0.196078431372549,51,0.2747469656336896,0.1490071310059843,634,0
10,5,15,0.2543195784091949,False,4037,0.1144253350003055,screening,1987,1992,64_32,1.0,101223,0.9132492113564668,0.196078431372549,51,0.2543195928981793,0.137575152919794,634,0
20,5,25,0.2543195784091949,False,4037,0.2222255460001179,screening,1987,1992,64_32,1.0,101223,0.9132492113564668,0.196078431372549,51,0.2543195928981793,0.137575152919794,634,0
50,5,55,0.2543195784091949,False,4037,0.4996180510001977,screening,1987,1992,64_32,1.0,101223,0.9132492113564668,0.196078431372549,51,0.2543195928981793,0.137575152919794,634,0
10,3,13,0.2808070480823517,False,4037,0.1259904000003189,screening,1987,1992,64_32,1.0,101224,0.9132492113564668,0.1568627450980392,51,0.2808070345353544,0.1434272084646883,634,0
20,3,23,0.2808070480823517,False,4037,0.205136326000229,screening,1987,1992,64_32,1.0,101224,0.9132492113564668,0.1568627450980392,51,0.2808070345353544,0.1434272084646883,634,0
50,3,53,0.2808070480823517,False,4037,0.4349903570000606,screening,1987,1992,64_32,1.0,101224,0.9132492113564668,0.1568627450980392,51,0.2808070345353544,0.1434272084646883,634,0
10,6,16,0.2733875215053558,False,4037,0.1229217599998264,screening,1987,1992,64_32,1.0,101225,0.9227129337539433,0.7254901960784313,51,0.2733875457036581,0.1294139724682482,634,0
20,6,26,0.2733875215053558,False,4037,0.2131774239996957,screening,1987,1992,64_32,1.0,101225,0.9227129337539433,0.7254901960784313,51,0.2733875457036581,0.1294139724682482,634,0
50,6,56,0.2733875215053558,False,4037,0.4437474189999193,screening,1987,1992,64_32,1.0,101225,0.9227129337539433,0.7254901960784313,51,0.2733875457036581,0.1294139724682482,634,0
10,22,32,0.6280917525291443,False,549,0.4662375599996267,screening,1992,1997,16,0.01,101223,0.7628705148205929,0.425,160,0.6280917685059261,0.3195778169697106,641,0
20,190,210,0.5278967022895813,False,549,2.955250906999936,screening,1992,1997,16,0.01,101223,0.7909516380655226,0.45,160,0.5278967124696158,0.2942135948225406,641,0
50,190,240,0.5278967022895813,False,549,3.3254807809998965,screening,1992,1997,16,0.01,101223,0.7909516380655226,0.45,160,0.5278967124696158,0.2942135948225406,641,0
10,11,21,0.7111182808876038,False,549,0.3389802239998971,screening,1992,1997,16,0.01,101224,0.7394695787831513,0.3375,160,0.7111182615617464,0.371347014745594,641,0
20,11,31,0.7111182808876038,False,549,0.4562617840001621,screening,1992,1997,16,0.01,101224,0.7394695787831513,0.3375,160,0.7111182615617464,0.371347014745594,641,0
50,11,61,0.7111182808876038,False,549,0.8194673429998147,screening,1992,1997,16,0.01,101224,0.7394695787831513,0.3375,160,0.7111182615617464,0.371347014745594,641,0
10,12,22,0.6627557873725891,False,549,0.2606723640001291,screening,1992,1997,16,0.01,101225,0.7769110764430577,0.45625,160,0.662755815874628,0.3264110266553635,641,0
20,12,32,0.6627557873725891,False,549,0.3900889060000736,screening,1992,1997,16,0.01,101225,0.7769110764430577,0.45625,160,0.662755815874628,0.3264110266553635,641,0
50,12,62,0.6627557873725891,False,549,0.9050620920002076,screening,1992,1997,16,0.01,101225,0.7769110764430577,0.45625,160,0.662755815874628,0.3264110266553635,641,0
10,44,54,0.5302460193634033,False,549,0.704445423999914,screening,1992,1997,16,0.03,101223,0.7925117004680188,0.45625,160,0.5302460638908261,0.2969372305684293,641,0
20,63,83,0.5241407752037048,False,549,1.1495168290002766,screening,1992,1997,16,0.03,101223,0.7909516380655226,0.45,160,0.5241407968415457,0.2923856281256745,641,0
50,63,113,0.5241407752037048,False,549,1.5371194280000964,screening,1992,1997,16,0.03,101223,0.7909516380655226,0.45,160,0.5241407968415457,0.2923856281256745,641,0
10,4,14,0.7178759574890137,False,549,0.1779784160003146,screening,1992,1997,16,0.03,101224,0.734789391575663,0.31875,160,0.7178759134238322,0.3781493984673917,641,0
20,4,24,0.7178759574890137,False,549,0.3173433430001751,screening,1992,1997,16,0.03,101224,0.734789391575663,0.31875,160,0.7178759134238322,0.3781493984673917,641,0
50,4,54,0.7178759574890137,False,549,0.6734251400002904,screening,1992,1997,16,0.03,101224,0.734789391575663,0.31875,160,0.7178759134238322,0.3781493984673917,641,0
10,4,14,0.6610457301139832,False,549,0.1671418880000601,screening,1992,1997,16,0.03,101225,0.7800312012480499,0.45625,160,0.6610457743782547,0.3253406009598952,641,0
20,4,24,0.6610457301139832,False,549,0.2817756910003481,screening,1992,1997,16,0.03,101225,0.7800312012480499,0.45625,160,0.6610457743782547,0.3253406009598952,641,0
50,4,54,0.6610457301139832,False,549,0.6890297950003514,screening,1992,1997,16,0.03,101225,0.7800312012480499,0.45625,160,0.6610457743782547,0.3253406009598952,641,0
10,20,30,0.5234715342521667,False,549,0.4167003130000921,screening,1992,1997,16,0.05,101223,0.7909516380655226,0.45625,160,0.5234715380552364,0.2950050105398211,641,0
20,38,58,0.5121766924858093,False,549,0.8066996630000176,screening,1992,1997,16,0.05,101223,0.7940717628705148,0.4625,160,0.5121766560365685,0.2864825970173995,641,0
50,38,88,0.5121766924858093,False,549,1.1678797679996933,screening,1992,1997,16,0.05,101223,0.7940717628705148,0.4625,160,0.5121766560365685,0.2864825970173995,641,0
10,2,12,0.708784818649292,False,549,0.1595598969997809,screening,1992,1997,16,0.05,101224,0.7550702028081123,0.4,160,0.7087848037693302,0.3653735760873376,641,0
20,2,22,0.708784818649292,False,549,0.3061907020000944,screening,1992,1997,16,0.05,101224,0.7550702028081123,0.4,160,0.7087848037693302,0.3653735760873376,641,0
50,2,52,0.708784818649292,False,549,0.714319187000001,screening,1992,1997,16,0.05,101224,0.7550702028081123,0.4,160,0.7087848037693302,0.3653735760873376,641,0
10,3,13,0.6669399738311768,False,549,0.1512332769998465,screening,1992,1997,16,0.05,101225,0.750390015600624,0.375,160,0.6669399060866122,0.3415982762675855,641,0
20,3,23,0.6669399738311768,False,549,0.2660004970002774,screening,1992,1997,16,0.05,101225,0.750390015600624,0.375,160,0.6669399060866122,0.3415982762675855,641,0
50,3,53,0.6669399738311768,False,549,0.729719513999953,screening,1992,1997,16,0.05,101225,0.750390015600624,0.375,160,0.6669399060866122,0.3415982762675855,641,0
10,20,30,0.4891942143440246,False,549,0.5070830109998496,screening,1992,1997,16,0.1,101223,0.797191887675507,0.475,160,0.4891942148258021,0.274875040394934,641,0
20,20,40,0.4891942143440246,False,549,0.621017436999864,screening,1992,1997,16,0.1,101223,0.797191887675507,0.475,160,0.4891942148258021,0.274875040394934,641,0
50,20,70,0.4891942143440246,False,549,1.0220688989998052,screening,1992,1997,16,0.1,101223,0.797191887675507,0.475,160,0.4891942148258021,0.274875040394934,641,0
10,10,20,0.6768367886543274,False,549,0.3858790700001009,screening,1992,1997,16,0.1,101224,0.7628705148205929,0.3875,160,0.6768367639224157,0.3609089656252639,641,0
20,10,30,0.6768367886543274,False,549,0.4990768920001756,screening,1992,1997,16,0.1,101224,0.7628705148205929,0.3875,160,0.6768367639224157,0.3609089656252639,641,0
50,10,60,0.6768367886543274,False,549,0.888234902000022,screening,1992,1997,16,0.1,101224,0.7628705148205929,0.3875,160,0.6768367639224157,0.3609089656252639,641,0
10,1,11,0.673197865486145,False,549,0.1422979240001041,screening,1992,1997,16,0.1,101225,0.7675507020280812,0.53125,160,0.6731978475020588,0.3210794199991791,641,0
20,1,21,0.673197865486145,False,549,0.3302359240001351,screening,1992,1997,16,0.1,101225,0.7675507020280812,0.53125,160,0.6731978475020588,0.3210794199991791,641,0
50,1,51,0.673197865486145,False,549,0.6897004219999872,screening,1992,1997,16,0.1,101225,0.7675507020280812,0.53125,160,0.6731978475020588,0.3210794199991791,641,0
10,6,16,0.4938035011291504,False,549,0.182145426000261,screening,1992,1997,16,0.2,101223,0.7940717628705148,0.4625,160,0.4938034448453361,0.2794556000189627,641,0
20,6,26,0.4938035011291504,False,549,0.3769702910003616,screening,1992,1997,16,0.2,101223,0.7940717628705148,0.4625,160,0.4938034448453361,0.2794556000189627,641,0
50,6,56,0.4938035011291504,False,549,0.7992863630001921,screening,1992,1997,16,0.2,101223,0.7940717628705148,0.4625,160,0.4938034448453361,0.2794556000189627,641,0
10,5,15,0.6574854254722595,False,549,0.224063519000083,screening,1992,1997,16,0.2,101224,0.765990639625585,0.3875,160,0.6574853813982882,0.3557377037744145,641,0
20,5,25,0.6574854254722595,False,549,0.3384644120001212,screening,1992,1997,16,0.2,101224,0.765990639625585,0.3875,160,0.6574853813982882,0.3557377037744145,641,0
50,5,55,0.6574854254722595,False,549,0.7058117110000239,screening,1992,1997,16,0.2,101224,0.765990639625585,0.3875,160,0.6574853813982882,0.3557377037744145,641,0
10,3,13,0.6182993650436401,False,549,0.1728121529999953,screening,1992,1997,16,0.2,101225,0.7769110764430577,0.41875,160,0.6182994251809296,0.3391683221544039,641,0
20,3,23,0.6182993650436401,False,549,0.2935032860000319,screening,1992,1997,16,0.2,101225,0.7769110764430577,0.41875,160,0.6182994251809296,0.3391683221544039,641,0
50,3,53,0.6182993650436401,False,549,0.6438697550001962,screening,1992,1997,16,0.2,101225,0.7769110764430577,0.41875,160,0.6182994251809296,0.3391683221544039,641,0
10,6,16,0.4403287172317505,False,549,0.1847601990002658,screening,1992,1997,16,0.3,101223,0.8174726989079563,0.55,160,0.4403287531837297,0.2480886804093318,641,0
20,6,26,0.4403287172317505,False,549,0.2998105480000959,screening,1992,1997,16,0.3,101223,0.8174726989079563,0.55,160,0.4403287531837297,0.2480886804093318,641,0
50,6,56,0.4403287172317505,False,549,0.6507539829999587,screening,1992,1997,16,0.3,101223,0.8174726989079563,0.55,160,0.4403287531837297,0.2480886804093318,641,0
10,5,15,0.5995802283287048,False,549,0.1821534840000822,screening,1992,1997,16,0.3,101224,0.7753510140405616,0.425,160,0.5995802775887695,0.3230098735767234,641,0
20,5,25,0.5995802283287048,False,549,0.2968115160001616,screening,1992,1997,16,0.3,101224,0.7753510140405616,0.425,160,0.5995802775887695,0.3230098735767234,641,0
50,5,55,0.5995802283287048,False,549,0.659024651999971,screening,1992,1997,16,0.3,101224,0.7753510140405616,0.425,160,0.5995802775887695,0.3230098735767234,641,0
10,3,13,0.5386238098144531,False,549,0.1522593059999053,screening,1992,1997,16,0.3,101225,0.7644305772230889,0.46875,160,0.5386238114895361,0.3016639121619743,641,0
20,3,23,0.5386238098144531,False,549,0.2728617590000795,screening,1992,1997,16,0.3,101225,0.7644305772230889,0.46875,160,0.5386238114895361,0.3016639121619743,641,0
50,3,53,0.5386238098144531,False,549,0.6157224829998995,screening,1992,1997,16,0.3,101225,0.7644305772230889,0.46875,160,0.5386238114895361,0.3016639121619743,641,0
10,4,14,0.4721187949180603,False,549,0.1637656920001973,screening,1992,1997,16,0.5,101223,0.8127925117004681,0.55,160,0.4721187927934394,0.2621135033673764,641,0
20,4,24,0.4721187949180603,False,549,0.279966351999974,screening,1992,1997,16,0.5,101223,0.8127925117004681,0.55,160,0.4721187927934394,0.2621135033673764,641,0
50,4,54,0.4721187949180603,False,549,0.6854462969999986,screening,1992,1997,16,0.5,101223,0.8127925117004681,0.55,160,0.4721187927934394,0.2621135033673764,641,0
10,5,15,0.5377184152603149,False,549,0.1747331569999914,screening,1992,1997,16,0.5,101224,0.7893915756630265,0.46875,160,0.5377184571199134,0.2936399431240864,641,0
20,5,25,0.5377184152603149,False,549,0.2950704380000388,screening,1992,1997,16,0.5,101224,0.7893915756630265,0.46875,160,0.5377184571199134,0.2936399431240864,641,0
50,5,55,0.5377184152603149,False,549,0.8870764719999897,screening,1992,1997,16,0.5,101224,0.7893915756630265,0.46875,160,0.5377184571199134,0.2936399431240864,641,0
10,3,13,0.4676873981952667,False,549,0.2495932199999515,screening,1992,1997,16,0.5,101225,0.7987519500780031,0.58125,160,0.467687368587519,0.2678236593984837,641,0
20,3,23,0.4676873981952667,False,549,0.3673584419998406,screening,1992,1997,16,0.5,101225,0.7987519500780031,0.58125,160,0.467687368587519,0.2678236593984837,641,0
50,3,53,0.4676873981952667,False,549,0.730914816999757,screening,1992,1997,16,0.5,101225,0.7987519500780031,0.58125,160,0.467687368587519,0.2678236593984837,641,0
10,6,16,0.4966073930263519,False,549,0.1947612290000506,screening,1992,1997,16,1.0,101223,0.8190327613104524,0.625,160,0.496607350800412,0.2511105933027382,641,0
20,6,26,0.4966073930263519,False,549,0.3107288609999159,screening,1992,1997,16,1.0,101223,0.8190327613104524,0.625,160,0.496607350800412,0.2511105933027382,641,0
50,6,56,0.4966073930263519,False,549,0.6811703059997853,screening,1992,1997,16,1.0,101223,0.8190327613104524,0.625,160,0.496607350800412,0.2511105933027382,641,0
10,5,15,0.3813711702823639,False,549,0.2225234309998995,screening,1992,1997,16,1.0,101224,0.8346333853354134,0.7625,160,0.3813711854315036,0.2028988812110088,641,0
20,5,25,0.3813711702823639,False,549,0.349018512999919,screening,1992,1997,16,1.0,101224,0.8346333853354134,0.7625,160,0.3813711854315036,0.2028988812110088,641,0
50,5,55,0.3813711702823639,False,549,0.7345971830000053,screening,1992,1997,16,1.0,101224,0.8346333853354134,0.7625,160,0.3813711854315036,0.2028988812110088,641,0
10,3,13,0.432523638010025,False,549,0.1593361049999657,screening,1992,1997,16,1.0,101225,0.8049921996879875,0.60625,160,0.4325236214775644,0.2402091888312664,641,0
20,3,23,0.432523638010025,False,549,0.279678960000183,screening,1992,1997,16,1.0,101225,0.8049921996879875,0.60625,160,0.4325236214775644,0.2402091888312664,641,0
50,3,53,0.432523638010025,False,549,0.6603885869999431,screening,1992,1997,16,1.0,101225,0.8049921996879875,0.60625,160,0.4325236214775644,0.2402091888312664,641,0
10,10,20,0.92584228515625,False,1093,0.2408948709999094,screening,1992,1997,32,0.01,101223,0.6599063962558502,0.01875,160,0.9258422896257188,0.4968892824965144,641,0
20,10,30,0.92584228515625,False,1093,0.3584614370001873,screening,1992,1997,32,0.01,101223,0.6599063962558502,0.01875,160,0.9258422896257188,0.4968892824965144,641,0
50,93,143,0.7465845346450806,False,1093,1.7234944960000576,screening,1992,1997,32,0.01,101223,0.7519500780031201,0.38125,160,0.7465846871699737,0.3794777301943787,641,0
10,16,26,0.6376065015792847,False,1093,0.3258821709996482,screening,1992,1997,32,0.01,101224,0.7925117004680188,0.64375,160,0.6376064950631877,0.286291374720606,641,0
20,16,36,0.6376065015792847,False,1093,0.4431369669996456,screening,1992,1997,32,0.01,101224,0.7925117004680188,0.64375,160,0.6376064950631877,0.286291374720606,641,0
50,98,148,0.6008615493774414,False,1093,1.8580613749995791,screening,1992,1997,32,0.01,101224,0.7675507020280812,0.5,160,0.6008615429973224,0.3154419868081894,641,0
10,90,100,0.5914483666419983,False,1093,1.2659961770000336,screening,1992,1997,32,0.01,101225,0.7831513260530422,0.4375,160,0.5914483383051413,0.3181459140939409,641,0
20,113,133,0.5884898900985718,False,1093,1.6554750820000663,screening,1992,1997,32,0.01,101225,0.7862714508580343,0.45,160,0.5884898508093959,0.3098765822578556,641,0
50,113,163,0.5884898900985718,False,1093,2.0320836119999512,screening,1992,1997,32,0.01,101225,0.7862714508580343,0.45,160,0.5884898508093959,0.3098765822578556,641,0
10,33,43,0.7461951375007629,False,1093,0.5102050790001158,screening,1992,1997,32,0.03,101223,0.7519500780031201,0.38125,160,0.7461951224177572,0.3777912115581367,641,0
20,33,53,0.7461951375007629,False,1093,0.6298113920001924,screening,1992,1997,32,0.03,101223,0.7519500780031201,0.38125,160,0.7461951224177572,0.3777912115581367,641,0
50,33,83,0.7461951375007629,False,1093,0.9908493739999358,screening,1992,1997,32,0.03,101223,0.7519500780031201,0.38125,160,0.7461951224177572,0.3777912115581367,641,0
10,32,42,0.6007367372512817,False,1093,0.5980811310000718,screening,1992,1997,32,0.03,101224,0.7644305772230889,0.5,160,0.6007367846571117,0.3156303610586543,641,0
20,32,52,0.6007367372512817,False,1093,0.7350465320000694,screening,1992,1997,32,0.03,101224,0.7644305772230889,0.5,160,0.6007367846571117,0.3156303610586543,641,0
50,32,82,0.6007367372512817,False,1093,1.1471927239999786,screening,1992,1997,32,0.03,101224,0.7644305772230889,0.5,160,0.6007367846571117,0.3156303610586543,641,0
10,44,54,0.5811874270439148,False,1093,0.7545116339997548,screening,1992,1997,32,0.03,101225,0.7940717628705148,0.45625,160,0.581187417855149,0.3029752641939182,641,0
20,44,64,0.5811874270439148,False,1093,0.8712049749997277,screening,1992,1997,32,0.03,101225,0.7940717628705148,0.45625,160,0.581187417855149,0.3029752641939182,641,0
50,44,94,0.5811874270439148,False,1093,1.2868708749997495,screening,1992,1997,32,0.03,101225,0.7940717628705148,0.45625,160,0.581187417855149,0.3029752641939182,641,0
10,20,30,0.7241389751434326,False,1093,0.3763595879995591,screening,1992,1997,32,0.05,101223,0.7581903276131046,0.40625,160,0.7241389341654311,0.3660538573867557,641,0
20,20,40,0.7241389751434326,False,1093,0.5065960649999397,screening,1992,1997,32,0.05,101223,0.7581903276131046,0.40625,160,0.7241389341654311,0.3660538573867557,641,0
50,20,70,0.7241389751434326,False,1093,0.9319828879997658,screening,1992,1997,32,0.05,101223,0.7581903276131046,0.40625,160,0.7241389341654311,0.3660538573867557,641,0
10,25,35,0.5954307913780212,False,1093,0.4661991299999499,screening,1992,1997,32,0.05,101224,0.7753510140405616,0.525,160,0.5954307761964457,0.3068737415600803,641,0
20,25,45,0.5954307913780212,False,1093,0.5963659809999626,screening,1992,1997,32,0.05,101224,0.7753510140405616,0.525,160,0.5954307761964457,0.3068737415600803,641,0
50,25,75,0.5954307913780212,False,1093,1.0149268019999909,screening,1992,1997,32,0.05,101224,0.7753510140405616,0.525,160,0.5954307761964457,0.3068737415600803,641,0
10,27,37,0.5767384171485901,False,1093,0.480739285999789,screening,1992,1997,32,0.05,101225,0.7925117004680188,0.4625,160,0.5767384720988936,0.2995716014412002,641,0
20,27,47,0.5767384171485901,False,1093,0.5994388439999057,screening,1992,1997,32,0.05,101225,0.7925117004680188,0.4625,160,0.5767384720988936,0.2995716014412002,641,0
50,27,77,0.5767384171485901,False,1093,0.989523762999852,screening,1992,1997,32,0.05,101225,0.7925117004680188,0.4625,160,0.5767384720988936,0.2995716014412002,641,0
10,9,19,0.726004421710968,False,1093,0.2752431580001939,screening,1992,1997,32,0.1,101223,0.7566302652106084,0.4,160,0.7260043713199424,0.3668864746718058,641,0
20,9,29,0.726004421710968,False,1093,0.3934069760002785,screening,1992,1997,32,0.1,101223,0.7566302652106084,0.4,160,0.7260043713199424,0.3668864746718058,641,0
50,9,59,0.726004421710968,False,1093,0.7382608230000187,screening,1992,1997,32,0.1,101223,0.7566302652106084,0.4,160,0.7260043713199424,0.3668864746718058,641,0
10,10,20,0.5776397585868835,False,1093,0.2418183499999031,screening,1992,1997,32,0.1,101224,0.781591263650546,0.56875,160,0.5776397336955639,0.3031710896995551,641,0
20,10,30,0.5776397585868835,False,1093,0.4009408759998223,screening,1992,1997,32,0.1,101224,0.781591263650546,0.56875,160,0.5776397336955639,0.3031710896995551,641,0
50,10,60,0.5776397585868835,False,1093,0.746910206999928,screening,1992,1997,32,0.1,101224,0.781591263650546,0.56875,160,0.5776397336955639,0.3031710896995551,641,0
10,9,19,0.5821911096572876,False,1093,0.274932809999882,screening,1992,1997,32,0.1,101225,0.7831513260530422,0.44375,160,0.582191184517684,0.3133320028004215,641,0
20,9,29,0.5821911096572876,False,1093,0.4108272720000059,screening,1992,1997,32,0.1,101225,0.7831513260530422,0.44375,160,0.582191184517684,0.3133320028004215,641,0
50,9,59,0.5821911096572876,False,1093,0.7545915349996903,screening,1992,1997,32,0.1,101225,0.7831513260530422,0.44375,160,0.582191184517684,0.3133320028004215,641,0
10,4,14,0.6636995673179626,False,1093,0.1650511759999062,screening,1992,1997,32,0.2,101223,0.7706708268330733,0.45,160,0.6636996286594699,0.3320653554578054,641,0
20,4,24,0.6636995673179626,False,1093,0.2852332570000726,screening,1992,1997,32,0.2,101223,0.7706708268330733,0.45,160,0.6636996286594699,0.3320653554578054,641,0
50,4,54,0.6636995673179626,False,1093,0.6732583670000167,screening,1992,1997,32,0.2,101223,0.7706708268330733,0.45,160,0.6636996286594699,0.3320653554578054,641,0
10,5,15,0.5663347244262695,False,1093,0.1872881690001122,screening,1992,1997,32,0.2,101224,0.7847113884555382,0.56875,160,0.5663347411046504,0.3007065107912972,641,0
20,5,25,0.5663347244262695,False,1093,0.3222390219998488,screening,1992,1997,32,0.2,101224,0.7847113884555382,0.56875,160,0.5663347411046504,0.3007065107912972,641,0
50,5,55,0.5663347244262695,False,1093,0.6789544110001771,screening,1992,1997,32,0.2,101224,0.7847113884555382,0.56875,160,0.5663347411046504,0.3007065107912972,641,0
10,3,13,0.5555223822593689,False,1093,0.1589665599999534,screening,1992,1997,32,0.2,101225,0.7628705148205929,0.4875,160,0.5555223567810351,0.3060611434225498,641,0
20,3,23,0.5555223822593689,False,1093,0.2782636669999192,screening,1992,1997,32,0.2,101225,0.7628705148205929,0.4875,160,0.5555223567810351,0.3060611434225498,641,0
50,3,53,0.5555223822593689,False,1093,0.6359427399997912,screening,1992,1997,32,0.2,101225,0.7628705148205929,0.4875,160,0.5555223567810351,0.3060611434225498,641,0
10,4,14,0.6326286196708679,False,1093,0.1745135040000605,screening,1992,1997,32,0.3,101223,0.7800312012480499,0.51875,160,0.6326286433523841,0.3101330044074839,641,0
20,4,24,0.6326286196708679,False,1093,0.3780811999999969,screening,1992,1997,32,0.3,101223,0.7800312012480499,0.51875,160,0.6326286433523841,0.3101330044074839,641,0
50,4,54,0.6326286196708679,False,1093,0.9387149570002292,screening,1992,1997,32,0.3,101223,0.7800312012480499,0.51875,160,0.6326286433523841,0.3101330044074839,641,0
10,5,15,0.5589109659194946,False,1093,0.199572549000095,screening,1992,1997,32,0.3,101224,0.7956318252730109,0.5875,160,0.5589109312899698,0.2908029829333807,641,0
20,5,25,0.5589109659194946,False,1093,0.3400683720001325,screening,1992,1997,32,0.3,101224,0.7956318252730109,0.5875,160,0.5589109312899698,0.2908029829333807,641,0
50,5,55,0.5589109659194946,False,1093,0.7195301219999237,screening,1992,1997,32,0.3,101224,0.7956318252730109,0.5875,160,0.5589109312899698,0.2908029829333807,641,0
10,3,13,0.5137112736701965,False,1093,0.1750302390000797,screening,1992,1997,32,0.3,101225,0.7909516380655226,0.56875,160,0.5137112019864696,0.2805143250571366,641,0
20,3,23,0.5137112736701965,False,1093,0.3429697130000022,screening,1992,1997,32,0.3,101225,0.7909516380655226,0.56875,160,0.5137112019864696,0.2805143250571366,641,0
50,3,53,0.5137112736701965,False,1093,0.7387502540000241,screening,1992,1997,32,0.3,101225,0.7909516380655226,0.56875,160,0.5137112019864696,0.2805143250571366,641,0
10,4,14,0.6635189056396484,False,1093,0.2276504760002353,screening,1992,1997,32,0.5,101223,0.7909516380655226,0.53125,160,0.6635189405639711,0.3185272424086663,641,0
20,4,24,0.6635189056396484,False,1093,0.3601778900001591,screening,1992,1997,32,0.5,101223,0.7909516380655226,0.53125,160,0.6635189405639711,0.3185272424086663,641,0
50,4,54,0.6635189056396484,False,1093,0.7111789999999019,screening,1992,1997,32,0.5,101223,0.7909516380655226,0.53125,160,0.6635189405639711,0.3185272424086663,641,0
10,5,15,0.5404866933822632,False,1093,0.1873203279997142,screening,1992,1997,32,0.5,101224,0.8159126365054602,0.6875,160,0.5404866782667666,0.270164301320375,641,0
20,5,25,0.5404866933822632,False,1093,0.3022104060000856,screening,1992,1997,32,0.5,101224,0.8159126365054602,0.6875,160,0.5404866782667666,0.270164301320375,641,0
50,5,55,0.5404866933822632,False,1093,0.6525634509998781,screening,1992,1997,32,0.5,101224,0.8159126365054602,0.6875,160,0.5404866782667666,0.270164301320375,641,0
10,3,13,0.4773903787136078,False,1093,0.1701808309999251,screening,1992,1997,32,0.5,101225,0.8221528861154446,0.6875,160,0.4773903437087269,0.2509689919813731,641,0
20,3,23,0.4773903787136078,False,1093,0.2844198639995738,screening,1992,1997,32,0.5,101225,0.8221528861154446,0.6875,160,0.4773903437087269,0.2509689919813731,641,0
50,3,53,0.4773903787136078,False,1093,0.6365100229995733,screening,1992,1997,32,0.5,101225,0.8221528861154446,0.6875,160,0.4773903437087269,0.2509689919813731,641,0
10,1,11,0.6573402285575867,False,1093,0.1303161050000199,screening,1992,1997,32,1.0,101223,0.781591263650546,0.54375,160,0.657340207491296,0.3121182240261513,641,0
20,1,21,0.6573402285575867,False,1093,0.2466210649999993,screening,1992,1997,32,1.0,101223,0.781591263650546,0.54375,160,0.657340207491296,0.3121182240261513,641,0
50,1,51,0.6573402285575867,False,1093,0.6534112889999051,screening,1992,1997,32,1.0,101223,0.781591263650546,0.54375,160,0.657340207491296,0.3121182240261513,641,0
10,5,15,0.5150737762451172,False,1093,0.188305580999895,screening,1992,1997,32,1.0,101224,0.8299531981279251,0.78125,160,0.5150738030750059,0.2535959074403541,641,0
20,5,25,0.5150737762451172,False,1093,0.3068328510003084,screening,1992,1997,32,1.0,101224,0.8299531981279251,0.78125,160,0.5150738030750059,0.2535959074403541,641,0
50,5,55,0.5150737762451172,False,1093,0.6659834940001019,screening,1992,1997,32,1.0,101224,0.8299531981279251,0.78125,160,0.5150738030750059,0.2535959074403541,641,0
10,3,13,0.4591621458530426,False,1093,0.1624463339999238,screening,1992,1997,32,1.0,101225,0.8112324492979719,0.6625,160,0.4591621675882216,0.2413578070274362,641,0
20,3,23,0.4591621458530426,False,1093,0.2810058059999392,screening,1992,1997,32,1.0,101225,0.8112324492979719,0.6625,160,0.4591621675882216,0.2413578070274362,641,0
50,3,53,0.4591621458530426,False,1093,0.6514601580001909,screening,1992,1997,32,1.0,101225,0.8112324492979719,0.6625,160,0.4591621675882216,0.2413578070274362,641,0
10,17,27,1.066936492919922,False,1541,0.537548434999735,screening,1992,1997,32_16,0.01,101223,0.6489859594383776,0.0,160,1.0669365223928808,0.5730590947977694,641,0
20,17,37,1.066936492919922,False,1541,0.703631329000018,screening,1992,1997,32_16,0.01,101223,0.6489859594383776,0.0,160,1.0669365223928808,0.5730590947977694,641,0
50,64,114,1.0290496349334717,False,1541,1.8555151509999632,screening,1992,1997,32_16,0.01,101223,0.6739469578783152,0.06875,160,1.0290496420099746,0.5191775288409222,641,0
10,25,35,0.6683158278465271,False,1541,0.6482724070001495,screening,1992,1997,32_16,0.01,101224,0.7628705148205929,0.425,160,0.6683158333299748,0.327605765882574,641,0
20,25,45,0.6683158278465271,False,1541,0.8431743220003227,screening,1992,1997,32_16,0.01,101224,0.7628705148205929,0.425,160,0.6683158333299748,0.327605765882574,641,0
50,70,120,0.6378210783004761,False,1541,1.914252266999938,screening,1992,1997,32_16,0.01,101224,0.765990639625585,0.40625,160,0.6378210340221815,0.3474334873887322,641,0
10,73,83,0.6742186546325684,False,1541,1.2689520300000368,screening,1992,1997,32_16,0.01,101225,0.7410296411856474,0.3375,160,0.674218637013645,0.3718263077175076,641,0
20,73,93,0.6742186546325684,False,1541,1.4576790259998234,screening,1992,1997,32_16,0.01,101225,0.7410296411856474,0.3375,160,0.674218637013645,0.3718263077175076,641,0
50,73,123,0.6742186546325684,False,1541,1.8793475630000105,screening,1992,1997,32_16,0.01,101225,0.7410296411856474,0.3375,160,0.674218637013645,0.3718263077175076,641,0
10,6,16,1.0631632804870603,False,1541,0.2642533670000375,screening,1992,1997,32_16,0.03,101223,0.6552262090483619,0.0125,160,1.063163413168879,0.5671237906635145,641,0
20,21,41,1.0089067220687866,False,1541,0.8407814080001117,screening,1992,1997,32_16,0.03,101223,0.6770670826833073,0.08125,160,1.0089067838661998,0.5122234368514654,641,0
50,21,71,1.0089067220687866,False,1541,1.4593187440000293,screening,1992,1997,32_16,0.03,101223,0.6770670826833073,0.08125,160,1.0089067838661998,0.5122234368514654,641,0
10,25,35,0.6235042810440063,False,1541,0.6975237239998933,screening,1992,1997,32_16,0.03,101224,0.7706708268330733,0.41875,160,0.6235042716715405,0.3394438757322002,641,0
20,25,45,0.6235042810440063,False,1541,0.9493263339995792,screening,1992,1997,32_16,0.03,101224,0.7706708268330733,0.41875,160,0.6235042716715405,0.3394438757322002,641,0
50,25,75,0.6235042810440063,False,1541,1.5363945059998514,screening,1992,1997,32_16,0.03,101224,0.7706708268330733,0.41875,160,0.6235042716715405,0.3394438757322002,641,0
10,26,36,0.6661500334739685,False,1541,0.6331948450001619,screening,1992,1997,32_16,0.03,101225,0.7441497659906396,0.35,160,0.6661499662677728,0.3684402646791561,641,0
20,26,46,0.6661500334739685,False,1541,0.7756798990003517,screening,1992,1997,32_16,0.03,101225,0.7441497659906396,0.35,160,0.6661499662677728,0.3684402646791561,641,0
50,26,76,0.6661500334739685,False,1541,1.263585551000233,screening,1992,1997,32_16,0.03,101225,0.7441497659906396,0.35,160,0.6661499662677728,0.3684402646791561,641,0
10,14,24,1.039669632911682,False,1541,0.3562849579998328,screening,1992,1997,32_16,0.05,101223,0.6755070202808112,0.075,160,1.0396696375998942,0.5211535908821835,641,0
20,14,34,1.039669632911682,False,1541,0.5543929989999015,screening,1992,1997,32_16,0.05,101223,0.6755070202808112,0.075,160,1.0396696375998942,0.5211535908821835,641,0
50,14,64,1.039669632911682,False,1541,0.971212067000124,screening,1992,1997,32_16,0.05,101223,0.6755070202808112,0.075,160,1.0396696375998942,0.5211535908821835,641,0
10,14,24,0.6102540493011475,False,1541,0.3670960119998199,screening,1992,1997,32_16,0.05,101224,0.7737909516380655,0.4375,160,0.6102540503614847,0.3309196933502232,641,0
20,14,34,0.6102540493011475,False,1541,0.5453231499996036,screening,1992,1997,32_16,0.05,101224,0.7737909516380655,0.4375,160,0.6102540503614847,0.3309196933502232,641,0
50,14,64,0.6102540493011475,False,1541,1.070905909999965,screening,1992,1997,32_16,0.05,101224,0.7737909516380655,0.4375,160,0.6102540503614847,0.3309196933502232,641,0
10,15,25,0.6786923408508301,False,1541,0.3794814719999522,screening,1992,1997,32_16,0.05,101225,0.7363494539781591,0.31875,160,0.6786922898967851,0.3757563347725503,641,0
20,15,35,0.6786923408508301,False,1541,0.5451816679997137,screening,1992,1997,32_16,0.05,101225,0.7363494539781591,0.31875,160,0.6786922898967851,0.3757563347725503,641,0
50,15,65,0.6786923408508301,False,1541,1.0231591469996602,screening,1992,1997,32_16,0.05,101225,0.7363494539781591,0.31875,160,0.6786922898967851,0.3757563347725503,641,0
10,6,16,0.9780421853065492,False,1541,0.2969392850000076,screening,1992,1997,32_16,0.1,101223,0.6833073322932918,0.10625,160,0.978042203543608,0.5028049482619578,641,0
20,6,26,0.9780421853065492,False,1541,0.440040308999869,screening,1992,1997,32_16,0.1,101223,0.6833073322932918,0.10625,160,0.978042203543608,0.5028049482619578,641,0
50,6,56,0.9780421853065492,False,1541,0.863854215000174,screening,1992,1997,32_16,0.1,101223,0.6833073322932918,0.10625,160,0.978042203543608,0.5028049482619578,641,0
10,10,20,0.5723886489868164,False,1541,0.2960854859998107,screening,1992,1997,32_16,0.1,101224,0.7847113884555382,0.475,160,0.5723886589077664,0.3059198125140305,641,0
20,10,30,0.5723886489868164,False,1541,0.4512063649999618,screening,1992,1997,32_16,0.1,101224,0.7847113884555382,0.475,160,0.5723886589077664,0.3059198125140305,641,0
50,10,60,0.5723886489868164,False,1541,1.1418315370001435,screening,1992,1997,32_16,0.1,101224,0.7847113884555382,0.475,160,0.5723886589077664,0.3059198125140305,641,0
10,9,19,0.6544844508171082,False,1541,0.2720921919999455,screening,1992,1997,32_16,0.1,101225,0.750390015600624,0.35625,160,0.6544844528335763,0.3652502662298888,641,0
20,9,29,0.6544844508171082,False,1541,0.425940096999966,screening,1992,1997,32_16,0.1,101225,0.750390015600624,0.35625,160,0.6544844528335763,0.3652502662298888,641,0
50,9,59,0.6544844508171082,False,1541,1.00401882999995,screening,1992,1997,32_16,0.1,101225,0.750390015600624,0.35625,160,0.6544844528335763,0.3652502662298888,641,0
10,4,14,0.8436704874038696,False,1541,0.1995730369999364,screening,1992,1997,32_16,0.2,101223,0.7285491419656787,0.2875,160,0.8436704374322458,0.4315537033663714,641,0
20,4,24,0.8436704874038696,False,1541,0.3378808679999565,screening,1992,1997,32_16,0.2,101223,0.7285491419656787,0.2875,160,0.8436704374322458,0.4315537033663714,641,0
50,4,54,0.8436704874038696,False,1541,0.7715026079999916,screening,1992,1997,32_16,0.2,101223,0.7285491419656787,0.2875,160,0.8436704374322458,0.4315537033663714,641,0
10,5,15,0.5563188791275024,False,1541,0.2226220110001122,screening,1992,1997,32_16,0.2,101224,0.7784711388455539,0.4375,160,0.5563189132454074,0.306861733913665,641,0
20,5,25,0.5563188791275024,False,1541,0.3856104050000795,screening,1992,1997,32_16,0.2,101224,0.7784711388455539,0.4375,160,0.5563189132454074,0.306861733913665,641,0
50,5,55,0.5563188791275024,False,1541,0.8266925739999351,screening,1992,1997,32_16,0.2,101224,0.7784711388455539,0.4375,160,0.5563189132454074,0.306861733913665,641,0
10,3,13,0.5922262072563171,False,1541,0.1925299439999435,screening,1992,1997,32_16,0.2,101225,0.7737909516380655,0.45,160,0.5922262060732106,0.3184740885311107,641,0
20,3,23,0.5922262072563171,False,1541,0.3625890170001185,screening,1992,1997,32_16,0.2,101225,0.7737909516380655,0.45,160,0.5922262060732106,0.3184740885311107,641,0
50,3,53,0.5922262072563171,False,1541,0.788223558000027,screening,1992,1997,32_16,0.2,101225,0.7737909516380655,0.45,160,0.5922262060732106,0.3184740885311107,641,0
10,4,14,0.9012352228164672,False,1541,0.2030039139999644,screening,1992,1997,32_16,0.3,101223,0.7394695787831513,0.33125,160,0.9012352976638236,0.4418999190932225,641,0
20,4,24,0.9012352228164672,False,1541,0.391417604000253,screening,1992,1997,32_16,0.3,101223,0.7394695787831513,0.33125,160,0.9012352976638236,0.4418999190932225,641,0
50,4,54,0.9012352228164672,False,1541,0.9308554310000544,screening,1992,1997,32_16,0.3,101223,0.7394695787831513,0.33125,160,0.9012352976638236,0.4418999190932225,641,0
10,5,15,0.5193395018577576,False,1541,0.2704500029999508,screening,1992,1997,32_16,0.3,101224,0.7847113884555382,0.4625,160,0.5193394924450294,0.2888894084675136,641,0
20,5,25,0.5193395018577576,False,1541,0.4115683690001788,screening,1992,1997,32_16,0.3,101224,0.7847113884555382,0.4625,160,0.5193394924450294,0.2888894084675136,641,0
50,5,55,0.5193395018577576,False,1541,0.8816812400000344,screening,1992,1997,32_16,0.3,101224,0.7847113884555382,0.4625,160,0.5193394924450294,0.2888894084675136,641,0
10,3,13,0.5299009680747986,False,1541,0.1886440799999036,screening,1992,1997,32_16,0.3,101225,0.7909516380655226,0.5,160,0.5299010404538191,0.2883399275375761,641,0
20,3,23,0.5299009680747986,False,1541,0.327224053000009,screening,1992,1997,32_16,0.3,101225,0.7909516380655226,0.5,160,0.5299010404538191,0.2883399275375761,641,0
50,3,53,0.5299009680747986,False,1541,0.808916403999774,screening,1992,1997,32_16,0.3,101225,0.7909516380655226,0.5,160,0.5299010404538191,0.2883399275375761,641,0
10,6,16,0.6450018882751465,False,1541,0.2368354739996903,screening,1992,1997,32_16,0.5,101223,0.7769110764430577,0.44375,160,0.64500190607283,0.3389743090053001,641,0
20,6,26,0.6450018882751465,False,1541,0.4435227479998502,screening,1992,1997,32_16,0.5,101223,0.7769110764430577,0.44375,160,0.64500190607283,0.3389743090053001,641,0
50,6,56,0.6450018882751465,False,1541,0.915633885999796,screening,1992,1997,32_16,0.5,101223,0.7769110764430577,0.44375,160,0.64500190607283,0.3389743090053001,641,0
10,5,15,0.4681150913238525,False,1541,0.2662155409998377,screening,1992,1997,32_16,0.5,101224,0.8174726989079563,0.56875,160,0.468115084554508,0.2516904300001397,641,0
20,5,25,0.4681150913238525,False,1541,0.407834689000083,screening,1992,1997,32_16,0.5,101224,0.8174726989079563,0.56875,160,0.468115084554508,0.2516904300001397,641,0
50,5,55,0.4681150913238525,False,1541,0.8864986270000372,screening,1992,1997,32_16,0.5,101224,0.8174726989079563,0.56875,160,0.468115084554508,0.2516904300001397,641,0
10,3,13,0.5480337738990784,False,1541,0.2096376800000143,screening,1992,1997,32_16,0.5,101225,0.7847113884555382,0.475,160,0.5480337582570992,0.2983415670822404,641,0
20,3,23,0.5480337738990784,False,1541,0.3733731409997745,screening,1992,1997,32_16,0.5,101225,0.7847113884555382,0.475,160,0.5480337582570992,0.2983415670822404,641,0
50,3,53,0.5480337738990784,False,1541,0.8128335219998917,screening,1992,1997,32_16,0.5,101225,0.7847113884555382,0.475,160,0.5480337582570992,0.2983415670822404,641,0
10,4,14,0.4559381902217865,False,1541,0.2383453790002931,screening,1992,1997,32_16,1.0,101223,0.8003120124804992,0.61875,160,0.4559381983203558,0.2445316118516537,641,0
20,4,24,0.4559381902217865,False,1541,0.3879310610000175,screening,1992,1997,32_16,1.0,101223,0.8003120124804992,0.61875,160,0.4559381983203558,0.2445316118516537,641,0
50,4,54,0.4559381902217865,False,1541,0.8138647079999828,screening,1992,1997,32_16,1.0,101223,0.8003120124804992,0.61875,160,0.4559381983203558,0.2445316118516537,641,0
10,2,12,0.5364283919334412,False,1541,0.17353939800023,screening,1992,1997,32_16,1.0,101224,0.7940717628705148,0.64375,160,0.5364283981271606,0.2729814463355149,641,0
20,2,22,0.5364283919334412,False,1541,0.3155784820000917,screening,1992,1997,32_16,1.0,101224,0.7940717628705148,0.64375,160,0.5364283981271606,0.2729814463355149,641,0
50,2,52,0.5364283919334412,False,1541,0.8003846860001431,screening,1992,1997,32_16,1.0,101224,0.7940717628705148,0.64375,160,0.5364283981271606,0.2729814463355149,641,0
10,3,13,0.4720485508441925,False,1541,0.2377149300000383,screening,1992,1997,32_16,1.0,101225,0.8174726989079563,0.6875,160,0.4720486125510782,0.2401019509369073,641,0
20,3,23,0.4720485508441925,False,1541,0.3798755630000414,screening,1992,1997,32_16,1.0,101225,0.8174726989079563,0.6875,160,0.4720486125510782,0.2401019509369073,641,0
50,3,53,0.4720485508441925,False,1541,0.9440326190001542,screening,1992,1997,32_16,1.0,101225,0.8174726989079563,0.6875,160,0.4720486125510782,0.2401019509369073,641,0
10,12,22,0.6650973558425903,False,4101,0.4294167409998408,screening,1992,1997,64_32,0.01,101223,0.8096723868954758,0.59375,160,0.6650973662712569,0.3084794739240187,641,0
20,12,32,0.6650973558425903,False,4101,0.620060495999951,screening,1992,1997,64_32,0.01,101223,0.8096723868954758,0.59375,160,0.6650973662712569,0.3084794739240187,641,0
50,12,62,0.6650973558425903,False,4101,1.112969174999762,screening,1992,1997,64_32,0.01,101223,0.8096723868954758,0.59375,160,0.6650973662712569,0.3084794739240187,641,0
10,14,24,0.6271796226501465,False,4101,0.5228084649997982,screening,1992,1997,64_32,0.01,101224,0.7862714508580343,0.5125,160,0.6271795836509781,0.3004538713240481,641,0
20,76,96,0.5155818462371826,False,4101,1.7744164420000743,screening,1992,1997,64_32,0.01,101224,0.781591263650546,0.5375,160,0.5155818495561155,0.2814483282132774,641,0
50,76,126,0.5155818462371826,False,4101,2.276273427999968,screening,1992,1997,64_32,0.01,101224,0.781591263650546,0.5375,160,0.5155818495561155,0.2814483282132774,641,0
10,17,27,0.6818764209747314,False,4101,0.4569957270000486,screening,1992,1997,64_32,0.01,101225,0.7566302652106084,0.4,160,0.6818764009818085,0.3384751899678039,641,0
20,17,37,0.6818764209747314,False,4101,0.6030103749999398,screening,1992,1997,64_32,0.01,101225,0.7566302652106084,0.4,160,0.6818764009818085,0.3384751899678039,641,0
50,17,67,0.6818764209747314,False,4101,1.098769854999773,screening,1992,1997,64_32,0.01,101225,0.7566302652106084,0.4,160,0.6818764009818085,0.3384751899678039,641,0
10,4,14,0.6615212559700012,False,4101,0.2921786450001491,screening,1992,1997,64_32,0.03,101223,0.8159126365054602,0.60625,160,0.6615212455302323,0.3057516006399489,641,0
20,4,24,0.6615212559700012,False,4101,0.4692613600000186,screening,1992,1997,64_32,0.03,101223,0.8159126365054602,0.60625,160,0.6615212455302323,0.3057516006399489,641,0
50,4,54,0.6615212559700012,False,4101,1.0119861980001588,screening,1992,1997,64_32,0.03,101223,0.8159126365054602,0.60625,160,0.6615212455302323,0.3057516006399489,641,0
10,25,35,0.5050339698791504,False,4101,0.6341717089999293,screening,1992,1997,64_32,0.03,101224,0.7831513260530422,0.55,160,0.5050339523101114,0.2764229412181693,641,0
20,25,45,0.5050339698791504,False,4101,0.8256434209997678,screening,1992,1997,64_32,0.03,101224,0.7831513260530422,0.55,160,0.5050339523101114,0.2764229412181693,641,0
50,25,75,0.5050339698791504,False,4101,1.2887352629995803,screening,1992,1997,64_32,0.03,101224,0.7831513260530422,0.55,160,0.5050339523101114,0.2764229412181693,641,0
10,6,16,0.6855832934379578,False,4101,0.2659237679999933,screening,1992,1997,64_32,0.03,101225,0.7550702028081123,0.39375,160,0.6855833122819235,0.3436567589279966,641,0
20,6,26,0.6855832934379578,False,4101,0.5167493889998696,screening,1992,1997,64_32,0.03,101225,0.7550702028081123,0.39375,160,0.6855833122819235,0.3436567589279966,641,0
50,6,56,0.6855832934379578,False,4101,1.0241968219997943,screening,1992,1997,64_32,0.03,101225,0.7550702028081123,0.39375,160,0.6855833122819235,0.3436567589279966,641,0
10,2,12,0.6938962936401367,False,4101,0.1780417590002798,screening,1992,1997,64_32,0.05,101223,0.8081123244929798,0.78125,160,0.6938962654288229,0.3262175362636444,641,0
20,2,22,0.6938962936401367,False,4101,0.3761155780002809,screening,1992,1997,64_32,0.05,101223,0.8081123244929798,0.78125,160,0.6938962654288229,0.3262175362636444,641,0
50,2,52,0.6938962936401367,False,4101,0.9043362600000364,screening,1992,1997,64_32,0.05,101223,0.8081123244929798,0.78125,160,0.6938962654288229,0.3262175362636444,641,0
10,14,24,0.5057260394096375,False,4101,0.4364915699998164,screening,1992,1997,64_32,0.05,101224,0.7831513260530422,0.5625,160,0.505726023147229,0.2770690696911408,641,0
20,14,34,0.5057260394096375,False,4101,0.6009129169997323,screening,1992,1997,64_32,0.05,101224,0.7831513260530422,0.5625,160,0.505726023147229,0.2770690696911408,641,0
50,14,64,0.5057260394096375,False,4101,1.05632197299974,screening,1992,1997,64_32,0.05,101224,0.7831513260530422,0.5625,160,0.505726023147229,0.2770690696911408,641,0
10,4,14,0.6865760684013367,False,4101,0.2220684019998771,screening,1992,1997,64_32,0.05,101225,0.748829953198128,0.36875,160,0.6865760066904996,0.3491812047657338,641,0
20,4,24,0.6865760684013367,False,4101,0.3835316929998953,screening,1992,1997,64_32,0.05,101225,0.748829953198128,0.36875,160,0.6865760066904996,0.3491812047657338,641,0
50,4,54,0.6865760684013367,False,4101,0.877644378000241,screening,1992,1997,64_32,0.05,101225,0.748829953198128,0.36875,160,0.6865760066904996,0.3491812047657338,641,0
10,1,11,0.6965922117233276,False,4101,0.1676050519999989,screening,1992,1997,64_32,0.1,101223,0.7956318252730109,0.81875,160,0.6965921606850032,0.3303049314808091,641,0
20,1,21,0.6965922117233276,False,4101,0.3208356159998402,screening,1992,1997,64_32,0.1,101223,0.7956318252730109,0.81875,160,0.6965921606850032,0.3303049314808091,641,0
50,1,51,0.6965922117233276,False,4101,0.9095558230001188,screening,1992,1997,64_32,0.1,101223,0.7956318252730109,0.81875,160,0.6965921606850032,0.3303049314808091,641,0
10,10,20,0.4848297536373138,False,4101,0.3955502610001531,screening,1992,1997,64_32,0.1,101224,0.8081123244929798,0.64375,160,0.4848297791142221,0.2607924470761966,641,0
20,10,30,0.4848297536373138,False,4101,0.5664956499999789,screening,1992,1997,64_32,0.1,101224,0.8081123244929798,0.64375,160,0.4848297791142221,0.2607924470761966,641,0
50,10,60,0.4848297536373138,False,4101,1.2413744049999875,screening,1992,1997,64_32,0.1,101224,0.8081123244929798,0.64375,160,0.4848297791142221,0.2607924470761966,641,0
10,9,19,0.664969265460968,False,4101,0.3072658040000533,screening,1992,1997,64_32,0.1,101225,0.7613104524180967,0.40625,160,0.6649692464589351,0.3585282639249417,641,0
20,9,29,0.664969265460968,False,4101,0.4597408039999209,screening,1992,1997,64_32,0.1,101225,0.7613104524180967,0.40625,160,0.6649692464589351,0.3585282639249417,641,0
50,9,59,0.664969265460968,False,4101,1.13443856899994,screening,1992,1997,64_32,0.1,101225,0.7613104524180967,0.40625,160,0.6649692464589351,0.3585282639249417,641,0
10,6,16,0.7544028759002686,False,4101,0.2485927880002236,screening,1992,1997,64_32,0.2,101223,0.7472698907956318,0.3625,160,0.7544029142117161,0.4053931355569335,641,0
20,6,26,0.7544028759002686,False,4101,0.3963624820003133,screening,1992,1997,64_32,0.2,101223,0.7472698907956318,0.3625,160,0.7544029142117161,0.4053931355569335,641,0
50,6,56,0.7544028759002686,False,4101,0.9165792410003633,screening,1992,1997,64_32,0.2,101223,0.7472698907956318,0.3625,160,0.7544029142117161,0.4053931355569335,641,0
10,5,15,0.4573416113853454,False,4101,0.2653624610002225,screening,1992,1997,64_32,0.2,101224,0.8049921996879875,0.6375,160,0.4573416371504781,0.2532105241956326,641,0
20,5,25,0.4573416113853454,False,4101,0.4145636829998693,screening,1992,1997,64_32,0.2,101224,0.8049921996879875,0.6375,160,0.4573416371504781,0.2532105241956326,641,0
50,5,55,0.4573416113853454,False,4101,0.9536282250001022,screening,1992,1997,64_32,0.2,101224,0.8049921996879875,0.6375,160,0.4573416371504781,0.2532105241956326,641,0
10,3,13,0.6206914782524109,False,4101,0.2290002119998462,screening,1992,1997,64_32,0.2,101225,0.7691107644305772,0.425,160,0.6206915040596158,0.3379798168446802,641,0
20,3,23,0.6206914782524109,False,4101,0.3796848249999129,screening,1992,1997,64_32,0.2,101225,0.7691107644305772,0.425,160,0.6206915040596158,0.3379798168446802,641,0
50,3,53,0.6206914782524109,False,4101,0.9383553960001336,screening,1992,1997,64_32,0.2,101225,0.7691107644305772,0.425,160,0.6206915040596158,0.3379798168446802,641,0
10,6,16,0.7465221881866455,False,4101,0.4053641639998204,screening,1992,1997,64_32,0.3,101223,0.7550702028081123,0.3875,160,0.7465221647383393,0.3909020754638076,641,0
20,6,26,0.7465221881866455,False,4101,0.6158687820002342,screening,1992,1997,64_32,0.3,101223,0.7550702028081123,0.3875,160,0.7465221647383393,0.3909020754638076,641,0
50,6,56,0.7465221881866455,False,4101,1.4362404749999769,screening,1992,1997,64_32,0.3,101223,0.7550702028081123,0.3875,160,0.7465221647383393,0.3909020754638076,641,0
10,5,15,0.4429596066474914,False,4101,0.3442795660002957,screening,1992,1997,64_32,0.3,101224,0.8205928237129485,0.725,160,0.4429595921968038,0.238294554086551,641,0
20,5,25,0.4429596066474914,False,4101,0.7265257000003658,screening,1992,1997,64_32,0.3,101224,0.8205928237129485,0.725,160,0.4429595921968038,0.238294554086551,641,0
50,5,55,0.4429596066474914,False,4101,1.7289945290003743,screening,1992,1997,64_32,0.3,101224,0.8205928237129485,0.725,160,0.4429595921968038,0.238294554086551,641,0
10,3,13,0.5280256867408752,False,4101,0.2599425900002643,screening,1992,1997,64_32,0.3,101225,0.7628705148205929,0.5125,160,0.528025651339783,0.2947219983113383,641,0
20,3,23,0.5280256867408752,False,4101,0.4761435979999078,screening,1992,1997,64_32,0.3,101225,0.7628705148205929,0.5125,160,0.528025651339783,0.2947219983113383,641,0
50,3,53,0.5280256867408752,False,4101,1.167931253000006,screening,1992,1997,64_32,0.3,101225,0.7628705148205929,0.5125,160,0.528025651339783,0.2947219983113383,641,0
10,6,16,0.7758237719535828,False,4101,0.2739670599999044,screening,1992,1997,64_32,0.5,101223,0.765990639625585,0.425,160,0.7758238487069482,0.3784805141838905,641,0
20,6,26,0.7758237719535828,False,4101,0.4971215369996571,screening,1992,1997,64_32,0.5,101223,0.765990639625585,0.425,160,0.7758238487069482,0.3784805141838905,641,0
50,6,56,0.7758237719535828,False,4101,1.1857035999996697,screening,1992,1997,64_32,0.5,101223,0.765990639625585,0.425,160,0.7758238487069482,0.3784805141838905,641,0
10,5,15,0.4333790242671966,False,4101,0.2474353449997579,screening,1992,1997,64_32,0.5,101224,0.8393135725429017,0.825,160,0.433379068710868,0.2299311488202434,641,0
20,5,25,0.4333790242671966,False,4101,0.4812325889997737,screening,1992,1997,64_32,0.5,101224,0.8393135725429017,0.825,160,0.433379068710868,0.2299311488202434,641,0
50,5,55,0.4333790242671966,False,4101,1.073550807999709,screening,1992,1997,64_32,0.5,101224,0.8393135725429017,0.825,160,0.433379068710868,0.2299311488202434,641,0
10,3,13,0.4816038906574249,False,4101,0.2670842899997296,screening,1992,1997,64_32,0.5,101225,0.7956318252730109,0.59375,160,0.4816038966916413,0.2652462866418562,641,0
20,3,23,0.4816038906574249,False,4101,0.4769875069996487,screening,1992,1997,64_32,0.5,101225,0.7956318252730109,0.59375,160,0.4816038966916413,0.2652462866418562,641,0
50,3,53,0.4816038906574249,False,4101,1.1103164829996786,screening,1992,1997,64_32,0.5,101225,0.7956318252730109,0.59375,160,0.4816038966916413,0.2652462866418562,641,0
10,6,16,0.667264997959137,False,4101,0.3113945410000269,screening,1992,1997,64_32,1.0,101223,0.8190327613104524,0.76875,160,0.6672650028830863,0.2722589512047781,641,0
20,6,26,0.667264997959137,False,4101,0.511433856000167,screening,1992,1997,64_32,1.0,101223,0.8190327613104524,0.76875,160,0.6672650028830863,0.2722589512047781,641,0
50,6,56,0.667264997959137,False,4101,1.065048996999849,screening,1992,1997,64_32,1.0,101223,0.8190327613104524,0.76875,160,0.6672650028830863,0.2722589512047781,641,0
10,5,15,0.4344758987426758,False,4101,0.2779901290000452,screening,1992,1997,64_32,1.0,101224,0.8408736349453978,0.8625,160,0.4344758704234464,0.2305434683885284,641,0
20,5,25,0.4344758987426758,False,4101,0.4960353900000882,screening,1992,1997,64_32,1.0,101224,0.8408736349453978,0.8625,160,0.4344758704234464,0.2305434683885284,641,0
50,5,55,0.4344758987426758,False,4101,1.1062101110001097,screening,1992,1997,64_32,1.0,101224,0.8408736349453978,0.8625,160,0.4344758704234464,0.2305434683885284,641,0
10,3,13,0.4238979816436767,False,4101,0.2178698110001278,screening,1992,1997,64_32,1.0,101225,0.8268330733229329,0.71875,160,0.4238979556020023,0.2375782935241461,641,0
20,3,23,0.4238979816436767,False,4101,0.4295583389998683,screening,1992,1997,64_32,1.0,101225,0.8268330733229329,0.71875,160,0.4238979556020023,0.2375782935241461,641,0
50,3,53,0.4238979816436767,False,4101,1.0597226099998809,screening,1992,1997,64_32,1.0,101225,0.8268330733229329,0.71875,160,0.4238979556020023,0.2375782935241461,641,0
10,136,146,0.1953301876783371,False,549,4.361284292000164,screening,1997,2001,16,0.01,101223,0.9407176287051482,0.125,24,0.1953301792261868,0.0945360984815301,641,0
20,368,388,0.1845569610595703,False,549,10.271671224000327,screening,1997,2001,16,0.01,101223,0.9469578783151326,0.0833333333333333,24,0.1845569528957948,0.0898667718308352,641,0
50,504,554,0.182380273938179,False,549,14.08531064500039,screening,1997,2001,16,0.01,101223,0.9453978159126364,0.0833333333333333,24,0.1823802697233504,0.0877829554248418,641,0
10,443,453,0.1669738292694091,False,549,11.366619963000176,screening,1997,2001,16,0.01,101224,0.9407176287051482,0.1666666666666666,24,0.166973840424548,0.0823268443293813,641,0
20,638,658,0.1580109447240829,False,549,15.973245602000134,screening,1997,2001,16,0.01,101224,0.9500780031201248,0.0833333333333333,24,0.1580109505186308,0.0771285765252592,641,0
50,705,755,0.1573091149330139,False,549,18.02340578300027,screening,1997,2001,16,0.01,101224,0.9516380655226208,0.0833333333333333,24,0.157309123320405,0.0766567350784122,641,0
10,417,427,0.1964075863361358,False,549,8.407563598000252,screening,1997,2001,16,0.01,101225,0.9266770670826832,0.1666666666666666,24,0.196407596173689,0.1033726942759119,641,0
20,549,569,0.1913234889507293,False,549,11.159697984000104,screening,1997,2001,16,0.01,101225,0.9313572542901716,0.1666666666666666,24,0.1913234885468247,0.1009819469004861,641,0
50,652,702,0.188539832830429,False,549,13.611215068000092,screening,1997,2001,16,0.01,101225,0.9313572542901716,0.1666666666666666,24,0.1885398382341224,0.0993198123137815,641,0
10,31,41,0.1955418288707733,False,549,0.8494057969996902,screening,1997,2001,16,0.03,101223,0.9422776911076444,0.0833333333333333,24,0.1955418252699983,0.0901977989760607,641,0
20,46,66,0.1934169232845306,False,549,1.3197242699998242,screening,1997,2001,16,0.03,101223,0.9438377535101404,0.125,24,0.1934169163143464,0.0931438178620461,641,0
50,163,213,0.1814987957477569,False,549,4.156565320000027,screening,1997,2001,16,0.03,101223,0.9453978159126364,0.0833333333333333,24,0.1814987981678869,0.0871443768908482,641,0
10,189,199,0.158863753080368,False,549,3.7984161600002153,screening,1997,2001,16,0.03,101224,0.9516380655226208,0.1666666666666666,24,0.1588637480667773,0.0772518629605467,641,0
20,217,237,0.1564201861619949,False,549,4.563625045000208,screening,1997,2001,16,0.03,101224,0.9563182527301092,0.0833333333333333,24,0.1564201916801762,0.0757051792046161,641,0
50,246,296,0.1562697887420654,False,549,5.659986783000022,screening,1997,2001,16,0.03,101224,0.9547581903276132,0.0833333333333333,24,0.156269766386805,0.0755948590227367,641,0
10,55,65,0.2218714356422424,False,549,1.200765168000089,screening,1997,2001,16,0.03,101225,0.9235569422776913,0.2916666666666667,24,0.2218714608370333,0.1152397797153668,641,0
20,119,139,0.1984846740961074,False,549,2.8875008320001143,screening,1997,2001,16,0.03,101225,0.9266770670826832,0.1666666666666666,24,0.198484661510277,0.1037942939478046,641,0
50,229,279,0.1892628222703933,False,549,5.564548959000149,screening,1997,2001,16,0.03,101225,0.9313572542901716,0.1666666666666666,24,0.1892628278094753,0.0999376176136114,641,0
10,31,41,0.1907635331153869,False,549,0.8928454359997886,screening,1997,2001,16,0.05,101223,0.9422776911076444,0.0833333333333333,24,0.1907635443088916,0.0918655067590827,641,0
20,86,106,0.1825876981019973,False,549,2.272473282000192,screening,1997,2001,16,0.05,101223,0.9453978159126364,0.0833333333333333,24,0.1825877004258811,0.0879093640249316,641,0
50,86,136,0.1825876981019973,False,549,2.794572371999948,screening,1997,2001,16,0.05,101223,0.9453978159126364,0.0833333333333333,24,0.1825877004258811,0.0879093640249316,641,0
10,116,126,0.1558822244405746,False,549,2.5861385949997384,screening,1997,2001,16,0.05,101224,0.9578783151326054,0.0833333333333333,24,0.155882235131347,0.0750465766024262,641,0
20,116,136,0.1558822244405746,False,549,2.7723249389996454,screening,1997,2001,16,0.05,101224,0.9578783151326054,0.0833333333333333,24,0.155882235131347,0.0750465766024262,641,0
50,116,166,0.1558822244405746,False,549,3.33307337999986,screening,1997,2001,16,0.05,101224,0.9578783151326054,0.0833333333333333,24,0.155882235131347,0.0750465766024262,641,0
10,21,31,0.227541372179985,False,549,0.5760717229995862,screening,1997,2001,16,0.05,101225,0.9251170046801872,0.3333333333333333,24,0.2275413683025998,0.1148349854679334,641,0
20,119,139,0.1848087161779403,False,549,2.711923769999885,screening,1997,2001,16,0.05,101225,0.9344773790951638,0.2083333333333333,24,0.1848087160962435,0.0968929294580427,641,0
50,167,217,0.1837739944458007,False,549,4.088673400999596,screening,1997,2001,16,0.05,101225,0.93603744149766,0.1666666666666666,24,0.1837739899782373,0.0954700436362778,641,0
10,15,25,0.1889050602912902,False,549,0.488046401000247,screening,1997,2001,16,0.1,101223,0.9453978159126364,0.1666666666666666,24,0.1889050712668474,0.0899093139537928,641,0
20,46,66,0.1785475015640258,False,549,1.2594115730003068,screening,1997,2001,16,0.1,101223,0.9453978159126364,0.0833333333333333,24,0.1785475087482884,0.0846691829013255,641,0
50,46,96,0.1785475015640258,False,549,1.836056355999972,screening,1997,2001,16,0.1,101223,0.9453978159126364,0.0833333333333333,24,0.1785475087482884,0.0846691829013255,641,0
10,57,67,0.1548610925674438,False,549,1.3766089690002443,screening,1997,2001,16,0.1,101224,0.9609984399375976,0.0833333333333333,24,0.1548610802565906,0.0736219833616144,641,0
20,57,77,0.1548610925674438,False,549,1.5779307710004105,screening,1997,2001,16,0.1,101224,0.9609984399375976,0.0833333333333333,24,0.1548610802565906,0.0736219833616144,641,0
50,57,107,0.1548610925674438,False,549,2.1335459870001614,screening,1997,2001,16,0.1,101224,0.9609984399375976,0.0833333333333333,24,0.1548610802565906,0.0736219833616144,641,0
10,21,31,0.198821946978569,False,549,0.5711571759998151,screening,1997,2001,16,0.1,101225,0.9297971918876756,0.2916666666666667,24,0.1988219297522805,0.1019320454585054,641,0
20,54,74,0.1808976680040359,False,549,1.3411618169998292,screening,1997,2001,16,0.1,101225,0.939157566302652,0.1666666666666666,24,0.1808976678335427,0.0936900083137581,641,0
50,54,104,0.1808976680040359,False,549,1.903002995999941,screening,1997,2001,16,0.1,101225,0.939157566302652,0.1666666666666666,24,0.1808976678335427,0.0936900083137581,641,0
10,15,25,0.1806738674640655,False,549,0.5055293300001722,screening,1997,2001,16,0.2,101223,0.9500780031201248,0.1666666666666666,24,0.1806738738419896,0.0864451627861387,641,0
20,30,50,0.1792506128549575,False,549,0.9542181080000772,screening,1997,2001,16,0.2,101223,0.9485179407176288,0.0833333333333333,24,0.179250599597445,0.0831252127440559,641,0
50,30,80,0.1792506128549575,False,549,1.472194822000347,screening,1997,2001,16,0.2,101223,0.9485179407176288,0.0833333333333333,24,0.179250599597445,0.0831252127440559,641,0
10,17,27,0.1664330959320068,False,549,0.4940153340003235,screening,1997,2001,16,0.2,101224,0.9453978159126364,0.2083333333333333,24,0.1664331071590479,0.0786301469065417,641,0
20,41,61,0.1636866778135299,False,549,1.1058568550001835,screening,1997,2001,16,0.2,101224,0.953198127925117,0.1666666666666666,24,0.1636866741545374,0.078033552173585,641,0
50,41,91,0.1636866778135299,False,549,2.0183460279999963,screening,1997,2001,16,0.2,101224,0.953198127925117,0.1666666666666666,24,0.1636866741545374,0.078033552173585,641,0
10,21,31,0.1706650704145431,False,549,0.927583243999834,screening,1997,2001,16,0.2,101225,0.9407176287051482,0.2083333333333333,24,0.1706650681188825,0.0856530732872245,641,0
20,21,41,0.1706650704145431,False,549,1.1459103359998153,screening,1997,2001,16,0.2,101225,0.9407176287051482,0.2083333333333333,24,0.1706650681188825,0.0856530732872245,641,0
50,21,71,0.1706650704145431,False,549,1.6837124519997817,screening,1997,2001,16,0.2,101225,0.9407176287051482,0.2083333333333333,24,0.1706650681188825,0.0856530732872245,641,0
10,15,25,0.1775782853364944,False,549,0.5694329010002548,screening,1997,2001,16,0.3,101223,0.9469578783151326,0.1666666666666666,24,0.1775783016413517,0.0852074111718097,641,0
20,15,35,0.1775782853364944,False,549,0.8497234179999396,screening,1997,2001,16,0.3,101223,0.9469578783151326,0.1666666666666666,24,0.1775783016413517,0.0852074111718097,641,0
50,15,65,0.1775782853364944,False,549,1.5457515490002152,screening,1997,2001,16,0.3,101223,0.9469578783151326,0.1666666666666666,24,0.1775783016413517,0.0852074111718097,641,0
10,17,27,0.1549964696168899,False,549,0.8426065859998744,screening,1997,2001,16,0.3,101224,0.9625585023400935,0.125,24,0.1549964808166935,0.0720594005345819,641,0
20,17,37,0.1549964696168899,False,549,1.1218043599997145,screening,1997,2001,16,0.3,101224,0.9625585023400935,0.125,24,0.1549964808166935,0.0720594005345819,641,0
50,17,67,0.1549964696168899,False,549,1.7040183109997995,screening,1997,2001,16,0.3,101224,0.9625585023400935,0.125,24,0.1549964808166935,0.0720594005345819,641,0
10,21,31,0.1692917495965957,False,549,0.6392453290000049,screening,1997,2001,16,0.3,101225,0.9469578783151326,0.1666666666666666,24,0.1692917604849282,0.0834365987731957,641,0
20,21,41,0.1692917495965957,False,549,0.8635739359997388,screening,1997,2001,16,0.3,101225,0.9469578783151326,0.1666666666666666,24,0.1692917604849282,0.0834365987731957,641,0
50,21,71,0.1692917495965957,False,549,1.403886456999771,screening,1997,2001,16,0.3,101225,0.9469578783151326,0.1666666666666666,24,0.1692917604849282,0.0834365987731957,641,0
10,15,25,0.1836387515068054,False,549,0.466677245000028,screening,1997,2001,16,0.5,101223,0.9422776911076444,0.1666666666666666,24,0.1836387725248737,0.0894721173688741,641,0
20,15,35,0.1836387515068054,False,549,0.6510206339999058,screening,1997,2001,16,0.5,101223,0.9422776911076444,0.1666666666666666,24,0.1836387725248737,0.0894721173688741,641,0
50,15,65,0.1836387515068054,False,549,1.2987734149996868,screening,1997,2001,16,0.5,101223,0.9422776911076444,0.1666666666666666,24,0.1836387725248737,0.0894721173688741,641,0
10,11,21,0.1600115746259689,False,549,0.3659217320000607,screening,1997,2001,16,0.5,101224,0.9625585023400935,0.125,24,0.1600115660552778,0.0720070222389658,641,0
20,11,31,0.1600115746259689,False,549,0.54433253399975,screening,1997,2001,16,0.5,101224,0.9625585023400935,0.125,24,0.1600115660552778,0.0720070222389658,641,0
50,11,61,0.1600115746259689,False,549,1.1368651150000917,screening,1997,2001,16,0.5,101224,0.9625585023400935,0.125,24,0.1600115660552778,0.0720070222389658,641,0
10,21,31,0.1757117807865142,False,549,0.5437994830003845,screening,1997,2001,16,0.5,101225,0.9485179407176288,0.125,24,0.1757117663404949,0.083961934533324,641,0
20,21,41,0.1757117807865142,False,549,0.7159106170001905,screening,1997,2001,16,0.5,101225,0.9485179407176288,0.125,24,0.1757117663404949,0.083961934533324,641,0
50,21,71,0.1757117807865142,False,549,1.2816751260002093,screening,1997,2001,16,0.5,101225,0.9485179407176288,0.125,24,0.1757117663404949,0.083961934533324,641,0
10,2,12,0.1818165183067321,False,549,0.2844457910000528,screening,1997,2001,16,1.0,101223,0.9656786271450858,0.125,24,0.1818165317239254,0.0745499780385383,641,0
20,2,22,0.1818165183067321,False,549,0.5085597070001313,screening,1997,2001,16,1.0,101223,0.9656786271450858,0.125,24,0.1818165317239254,0.0745499780385383,641,0
50,2,52,0.1818165183067321,False,549,1.0510538389999056,screening,1997,2001,16,1.0,101223,0.9656786271450858,0.125,24,0.1818165317239254,0.0745499780385383,641,0
10,3,13,0.15413299202919,False,549,0.2580578990000504,screening,1997,2001,16,1.0,101224,0.9641185647425896,0.125,24,0.15413299296195,0.0642982871115096,641,0
20,3,23,0.15413299202919,False,549,0.4566989620002459,screening,1997,2001,16,1.0,101224,0.9641185647425896,0.125,24,0.15413299296195,0.0642982871115096,641,0
50,3,53,0.15413299202919,False,549,0.9913546970001336,screening,1997,2001,16,1.0,101224,0.9641185647425896,0.125,24,0.15413299296195,0.0642982871115096,641,0
10,2,12,0.1993238478899002,False,549,0.2583049700001538,screening,1997,2001,16,1.0,101225,0.9422776911076444,0.2916666666666667,24,0.1993238551694964,0.095943116473077,641,0
20,19,39,0.198881596326828,False,549,0.739379726000152,screening,1997,2001,16,1.0,101225,0.93603744149766,0.1666666666666666,24,0.1988815890443304,0.0957516276727983,641,0
50,19,69,0.198881596326828,False,549,1.3623054869999578,screening,1997,2001,16,1.0,101225,0.93603744149766,0.1666666666666666,24,0.1988815890443304,0.0957516276727983,641,0
10,368,378,0.2075504958629608,False,1093,7.350166142000035,screening,1997,2001,32,0.01,101223,0.9344773790951638,0.2083333333333333,24,0.2075504831394385,0.1053271114971458,641,0
20,368,388,0.2075504958629608,False,1093,7.543721620999804,screening,1997,2001,32,0.01,101223,0.9344773790951638,0.2083333333333333,24,0.2075504831394385,0.1053271114971458,641,0
50,735,785,0.1974081248044967,False,1093,14.94559501499998,screening,1997,2001,32,0.01,101223,0.937597503900156,0.0833333333333333,24,0.1974081161667422,0.0961967627209948,641,0
10,268,278,0.1814721226692199,False,1093,5.597127179999916,screening,1997,2001,32,0.01,101224,0.939157566302652,0.2083333333333333,24,0.1814721342050314,0.0924117508440067,641,0
20,443,463,0.174609363079071,False,1093,8.966426990999935,screening,1997,2001,32,0.01,101224,0.9407176287051482,0.1666666666666666,24,0.1746093826450005,0.0875308875136098,641,0
50,480,530,0.1742371320724487,False,1093,10.274170277999929,screening,1997,2001,32,0.01,101224,0.9422776911076444,0.1666666666666666,24,0.1742371381727561,0.0871651744828062,641,0
10,119,129,0.1957623064517974,False,1093,2.417202800999803,screening,1997,2001,32,0.01,101225,0.9422776911076444,0.25,24,0.1957623030923871,0.0956296558157478,641,0
20,417,437,0.1743286997079849,False,1093,8.221269221000057,screening,1997,2001,32,0.01,101225,0.9469578783151326,0.2083333333333333,24,0.1743287145149312,0.0848296102819461,641,0
50,417,467,0.1743286997079849,False,1093,8.786486298,screening,1997,2001,32,0.01,101225,0.9469578783151326,0.2083333333333333,24,0.1743287145149312,0.0848296102819461,641,0
10,170,180,0.1983532756567001,False,1093,3.9020670989998503,screening,1997,2001,32,0.03,101223,0.937597503900156,0.125,24,0.198353273131694,0.0984257115103282,641,0
20,219,239,0.1939494162797927,False,1093,5.369555010000113,screening,1997,2001,32,0.03,101223,0.939157566302652,0.0833333333333333,24,0.1939493998991997,0.0941138683792229,641,0
50,219,269,0.1939494162797927,False,1093,5.995146443000067,screening,1997,2001,32,0.03,101223,0.939157566302652,0.0833333333333333,24,0.1939493998991997,0.0941138683792229,641,0
10,116,126,0.1742298454046249,False,1093,2.6467114399997627,screening,1997,2001,32,0.03,101224,0.9422776911076444,0.1666666666666666,24,0.174229840891928,0.0871109409973509,641,0
20,116,136,0.1742298454046249,False,1093,2.832229537999865,screening,1997,2001,32,0.03,101224,0.9422776911076444,0.1666666666666666,24,0.174229840891928,0.0871109409973509,641,0
50,159,209,0.1731939613819122,False,1093,4.257276166999873,screening,1997,2001,32,0.03,101224,0.9422776911076444,0.1666666666666666,24,0.1731939521744396,0.0861175730599963,641,0
10,55,65,0.1920333057641983,False,1093,1.2065743670000302,screening,1997,2001,32,0.03,101225,0.9422776911076444,0.25,24,0.1920332954244581,0.0958946704093152,641,0
20,119,139,0.1747608035802841,False,1093,2.62942384500002,screening,1997,2001,32,0.03,101225,0.9485179407176288,0.2083333333333333,24,0.1747608121641555,0.0851772660781675,641,0
50,167,217,0.1735013723373413,False,1093,4.101484171000266,screening,1997,2001,32,0.03,101225,0.9500780031201248,0.1666666666666666,24,0.1735013700775403,0.0831263962108431,641,0
10,86,96,0.2003519237041473,False,1093,1.7962589310000112,screening,1997,2001,32,0.05,101223,0.937597503900156,0.1666666666666666,24,0.2003519076036737,0.0999977113501129,641,0
20,135,155,0.1935109943151474,False,1093,3.1089620489997287,screening,1997,2001,32,0.05,101223,0.9407176287051482,0.0833333333333333,24,0.1935109869326966,0.0935324696705724,641,0
50,135,185,0.1935109943151474,False,1093,3.620745281999916,screening,1997,2001,32,0.05,101223,0.9407176287051482,0.0833333333333333,24,0.1935109869326966,0.0935324696705724,641,0
10,73,83,0.173221617937088,False,1093,1.6334064060001765,screening,1997,2001,32,0.05,101224,0.9422776911076444,0.1666666666666666,24,0.1732216161359707,0.0860296862728655,641,0
20,73,93,0.173221617937088,False,1093,1.818350910999925,screening,1997,2001,32,0.05,101224,0.9422776911076444,0.1666666666666666,24,0.1732216161359707,0.0860296862728655,641,0
50,73,123,0.173221617937088,False,1093,2.3301817300002767,screening,1997,2001,32,0.05,101224,0.9422776911076444,0.1666666666666666,24,0.1732216161359707,0.0860296862728655,641,0
10,21,31,0.1915927231311798,False,1093,0.6146241379997264,screening,1997,2001,32,0.05,101225,0.9453978159126364,0.2083333333333333,24,0.1915927363809816,0.0907526762083252,641,0
20,89,109,0.1739010214805603,False,1093,2.1171957259998635,screening,1997,2001,32,0.05,101225,0.9469578783151326,0.2083333333333333,24,0.1739010194015682,0.0839231302048785,641,0
50,89,139,0.1739010214805603,False,1093,2.6379766449999806,screening,1997,2001,32,0.05,101225,0.9469578783151326,0.2083333333333333,24,0.1739010194015682,0.0839231302048785,641,0
10,31,41,0.2034836113452911,False,1093,0.7607119049998801,screening,1997,2001,32,0.1,101223,0.93603744149766,0.0833333333333333,24,0.2034836174216663,0.101531291952286,641,0
20,46,66,0.1937600821256637,False,1093,1.1965607739998632,screening,1997,2001,32,0.1,101223,0.9438377535101404,0.1666666666666666,24,0.1937600824178877,0.0945363045313415,641,0
50,46,96,0.1937600821256637,False,1093,1.7183258680001927,screening,1997,2001,32,0.1,101223,0.9438377535101404,0.1666666666666666,24,0.1937600824178877,0.0945363045313415,641,0
10,17,27,0.1782984584569931,False,1093,0.5309279339999193,screening,1997,2001,32,0.1,101224,0.9469578783151326,0.1666666666666666,24,0.1782984715558344,0.087226118389672,641,0
20,45,65,0.1725718230009079,False,1093,1.2021866430000046,screening,1997,2001,32,0.1,101224,0.9485179407176288,0.125,24,0.1725718173981877,0.0839023982343694,641,0
50,45,95,0.1725718230009079,False,1093,1.7742753449997508,screening,1997,2001,32,0.1,101224,0.9485179407176288,0.125,24,0.1725718173981877,0.0839023982343694,641,0
10,21,31,0.1751444637775421,False,1093,0.6021669169999768,screening,1997,2001,32,0.1,101225,0.9485179407176288,0.2083333333333333,24,0.1751444509734717,0.0845539846661183,641,0
20,50,70,0.1684772819280624,False,1093,1.438244281000152,screening,1997,2001,32,0.1,101225,0.953198127925117,0.2083333333333333,24,0.1684772807657857,0.0786440726001089,641,0
50,50,100,0.1684772819280624,False,1093,2.0577851749999354,screening,1997,2001,32,0.1,101225,0.953198127925117,0.2083333333333333,24,0.1684772807657857,0.0786440726001089,641,0
10,30,40,0.1927104294300079,False,1093,0.7756781119996958,screening,1997,2001,32,0.2,101223,0.9407176287051482,0.1666666666666666,24,0.1927104317270711,0.0915581119922222,641,0
20,30,50,0.1927104294300079,False,1093,0.9669963869996536,screening,1997,2001,32,0.2,101223,0.9407176287051482,0.1666666666666666,24,0.1927104317270711,0.0915581119922222,641,0
50,30,80,0.1927104294300079,False,1093,1.5191098639998015,screening,1997,2001,32,0.2,101223,0.9407176287051482,0.1666666666666666,24,0.1927104317270711,0.0915581119922222,641,0
10,17,27,0.1693700850009918,False,1093,0.4762741090003146,screening,1997,2001,32,0.2,101224,0.9469578783151326,0.1666666666666666,24,0.1693700652437312,0.0817901508391638,641,0
20,17,37,0.1693700850009918,False,1093,0.6489736710000216,screening,1997,2001,32,0.2,101224,0.9469578783151326,0.1666666666666666,24,0.1693700652437312,0.0817901508391638,641,0
50,17,67,0.1693700850009918,False,1093,1.2884789290001208,screening,1997,2001,32,0.2,101224,0.9469578783151326,0.1666666666666666,24,0.1693700652437312,0.0817901508391638,641,0
10,21,31,0.1644666343927383,False,1093,0.549319487000048,screening,1997,2001,32,0.2,101225,0.9594383775351014,0.1666666666666666,24,0.1644666419013974,0.0752144114554392,641,0
20,21,41,0.1644666343927383,False,1093,0.748249314000077,screening,1997,2001,32,0.2,101225,0.9594383775351014,0.1666666666666666,24,0.1644666419013974,0.0752144114554392,641,0
50,21,71,0.1644666343927383,False,1093,1.3677250830000958,screening,1997,2001,32,0.2,101225,0.9594383775351014,0.1666666666666666,24,0.1644666419013974,0.0752144114554392,641,0
10,26,36,0.1901300698518753,False,1093,0.6533182839998517,screening,1997,2001,32,0.3,101223,0.9407176287051482,0.0833333333333333,24,0.1901300678053783,0.0885314474137719,641,0
20,26,46,0.1901300698518753,False,1093,0.8454223569997339,screening,1997,2001,32,0.3,101223,0.9407176287051482,0.0833333333333333,24,0.1901300678053783,0.0885314474137719,641,0
50,26,76,0.1901300698518753,False,1093,1.3720442619996902,screening,1997,2001,32,0.3,101223,0.9407176287051482,0.0833333333333333,24,0.1901300678053783,0.0885314474137719,641,0
10,11,21,0.169761449098587,False,1093,0.3839794160003293,screening,1997,2001,32,0.3,101224,0.9469578783151326,0.1666666666666666,24,0.1697614695086671,0.081027500295927,641,0
20,11,31,0.169761449098587,False,1093,0.5656970610002645,screening,1997,2001,32,0.3,101224,0.9469578783151326,0.1666666666666666,24,0.1697614695086671,0.081027500295927,641,0
50,11,61,0.169761449098587,False,1093,1.3560443310002483,screening,1997,2001,32,0.3,101224,0.9469578783151326,0.1666666666666666,24,0.1697614695086671,0.081027500295927,641,0
10,16,26,0.1779537498950958,False,1093,0.6720056750000367,screening,1997,2001,32,0.3,101225,0.953198127925117,0.1666666666666666,24,0.1779537533415847,0.0809954524580894,641,0
20,16,36,0.1779537498950958,False,1093,0.9532875690001674,screening,1997,2001,32,0.3,101225,0.953198127925117,0.1666666666666666,24,0.1779537533415847,0.0809954524580894,641,0
50,16,66,0.1779537498950958,False,1093,1.631163750000269,screening,1997,2001,32,0.3,101225,0.953198127925117,0.1666666666666666,24,0.1779537533415847,0.0809954524580894,641,0
10,9,19,0.2121141403913498,False,1093,0.3265423660000124,screening,1997,2001,32,0.5,101223,0.9297971918876756,0.2083333333333333,24,0.2121141550202074,0.103593478066437,641,0
20,26,46,0.2041445523500442,False,1093,0.8782807370002956,screening,1997,2001,32,0.5,101223,0.9469578783151326,0.0833333333333333,24,0.2041445860499728,0.089722544167567,641,0
50,26,76,0.2041445523500442,False,1093,1.424827577000087,screening,1997,2001,32,0.5,101223,0.9469578783151326,0.0833333333333333,24,0.2041445860499728,0.089722544167567,641,0
10,3,13,0.1719724237918853,False,1093,0.2979823210002905,screening,1997,2001,32,0.5,101224,0.9563182527301092,0.2083333333333333,24,0.1719724151084375,0.078656920281107,641,0
20,3,23,0.1719724237918853,False,1093,0.4830968539999958,screening,1997,2001,32,0.5,101224,0.9563182527301092,0.2083333333333333,24,0.1719724151084375,0.078656920281107,641,0
50,3,53,0.1719724237918853,False,1093,1.0173340660003305,screening,1997,2001,32,0.5,101224,0.9563182527301092,0.2083333333333333,24,0.1719724151084375,0.078656920281107,641,0
10,6,16,0.1756937652826309,False,1093,0.3647275170001194,screening,1997,2001,32,0.5,101225,0.9500780031201248,0.2083333333333333,24,0.1756937590955991,0.0819837300312599,641,0
20,6,26,0.1756937652826309,False,1093,0.5433908840000186,screening,1997,2001,32,0.5,101225,0.9500780031201248,0.2083333333333333,24,0.1756937590955991,0.0819837300312599,641,0
50,6,56,0.1756937652826309,False,1093,1.0897066920001637,screening,1997,2001,32,0.5,101225,0.9500780031201248,0.2083333333333333,24,0.1756937590955991,0.0819837300312599,641,0
10,2,12,0.1845574527978897,False,1093,0.2255724930000724,screening,1997,2001,32,1.0,101223,0.9625585023400935,0.125,24,0.184557452409479,0.0766626591879329,641,0
20,2,22,0.1845574527978897,False,1093,0.3994474529999934,screening,1997,2001,32,1.0,101223,0.9625585023400935,0.125,24,0.184557452409479,0.0766626591879329,641,0
50,2,52,0.1845574527978897,False,1093,0.9851939219997804,screening,1997,2001,32,1.0,101223,0.9625585023400935,0.125,24,0.184557452409479,0.0766626591879329,641,0
10,3,13,0.1756303459405899,False,1093,0.2380308619999596,screening,1997,2001,32,1.0,101224,0.9500780031201248,0.25,24,0.1756303455214818,0.0804191265509032,641,0
20,3,23,0.1756303459405899,False,1093,0.4124805559999913,screening,1997,2001,32,1.0,101224,0.9500780031201248,0.25,24,0.1756303455214818,0.0804191265509032,641,0
50,3,53,0.1756303459405899,False,1093,0.9571011889997862,screening,1997,2001,32,1.0,101224,0.9500780031201248,0.25,24,0.1756303455214818,0.0804191265509032,641,0
10,2,12,0.2006748169660568,False,1093,0.211013431000083,screening,1997,2001,32,1.0,101225,0.939157566302652,0.25,24,0.2006748037964619,0.0942060325185626,641,0
20,2,22,0.2006748169660568,False,1093,0.3951510389997565,screening,1997,2001,32,1.0,101225,0.939157566302652,0.25,24,0.2006748037964619,0.0942060325185626,641,0
50,2,52,0.2006748169660568,False,1093,1.060610997999902,screening,1997,2001,32,1.0,101225,0.939157566302652,0.25,24,0.2006748037964619,0.0942060325185626,641,0
10,219,229,0.1843597888946533,False,1541,6.0533721639999385,screening,1997,2001,32_16,0.01,101223,0.9563182527301092,0.2083333333333333,24,0.1843597621432324,0.0825848490454811,641,0
20,289,309,0.1808256059885025,False,1541,7.800742576000175,screening,1997,2001,32_16,0.01,101223,0.9609984399375976,0.2083333333333333,24,0.1808255960890754,0.0792624771624277,641,0
50,289,339,0.1808256059885025,False,1541,8.420253235000018,screening,1997,2001,32_16,0.01,101223,0.9609984399375976,0.2083333333333333,24,0.1808255960890754,0.0792624771624277,641,0
10,75,85,0.2396930754184723,False,1541,2.016579234999881,screening,1997,2001,32_16,0.01,101224,0.9157566302652106,0.2916666666666667,24,0.2396930831443174,0.1166293291636668,641,0
20,328,348,0.1847531944513321,False,1541,8.683641194999836,screening,1997,2001,32_16,0.01,101224,0.9422776911076444,0.2083333333333333,24,0.1847531883978176,0.0914371748769545,641,0
50,328,378,0.1847531944513321,False,1541,9.4319546429997,screening,1997,2001,32_16,0.01,101224,0.9422776911076444,0.2083333333333333,24,0.1847531883978176,0.0914371748769545,641,0
10,74,84,0.2856268584728241,False,1541,2.083453719999852,screening,1997,2001,32_16,0.01,101225,0.8985959438377535,0.125,24,0.2856268561495624,0.1472807254259384,641,0
20,74,94,0.2856268584728241,False,1541,2.295082818000082,screening,1997,2001,32_16,0.01,101225,0.8985959438377535,0.125,24,0.2856268561495624,0.1472807254259384,641,0
50,361,411,0.2313714921474456,False,1541,9.334219705000123,screening,1997,2001,32_16,0.01,101225,0.9157566302652106,0.0833333333333333,24,0.2313714897652636,0.1238690168200579,641,0
10,86,96,0.1809454262256622,False,1541,2.122414170000411,screening,1997,2001,32_16,0.03,101223,0.9609984399375976,0.2083333333333333,24,0.180945432013847,0.07917763632947,641,0
20,98,118,0.1806521862745285,False,1541,2.573011105000205,screening,1997,2001,32_16,0.03,101223,0.9609984399375976,0.2083333333333333,24,0.1806521860475118,0.0789048561812508,641,0
50,98,148,0.1806521862745285,False,1541,3.22436301200014,screening,1997,2001,32_16,0.03,101223,0.9609984399375976,0.2083333333333333,24,0.1806521860475118,0.0789048561812508,641,0
10,116,126,0.1779810190200805,False,1541,2.928004722999958,screening,1997,2001,32_16,0.03,101224,0.9438377535101404,0.125,24,0.1779810136337208,0.0851128961886169,641,0
20,116,136,0.1779810190200805,False,1541,3.1364222570000493,screening,1997,2001,32_16,0.03,101224,0.9438377535101404,0.125,24,0.1779810136337208,0.0851128961886169,641,0
50,116,166,0.1779810190200805,False,1541,4.028287934000218,screening,1997,2001,32_16,0.03,101224,0.9438377535101404,0.125,24,0.1779810136337208,0.0851128961886169,641,0
10,21,31,0.2782001793384552,False,1541,0.7397606680001445,screening,1997,2001,32_16,0.03,101225,0.906396255850234,0.125,24,0.2782001785741122,0.1409150809571243,641,0
20,119,139,0.2178085446357727,False,1541,3.3258131130000947,screening,1997,2001,32_16,0.03,101225,0.921996879875195,0.0833333333333333,24,0.2178085533134763,0.1148959813928151,641,0
50,119,169,0.2178085446357727,False,1541,4.017947879000076,screening,1997,2001,32_16,0.03,101225,0.921996879875195,0.0833333333333333,24,0.2178085533134763,0.1148959813928151,641,0
10,46,56,0.1800786256790161,False,1541,1.2013765359997706,screening,1997,2001,32_16,0.05,101223,0.9609984399375976,0.2083333333333333,24,0.1800786262148006,0.0787508926381999,641,0
20,46,66,0.1800786256790161,False,1541,1.4055593389998648,screening,1997,2001,32_16,0.05,101223,0.9609984399375976,0.2083333333333333,24,0.1800786262148006,0.0787508926381999,641,0
50,46,96,0.1800786256790161,False,1541,2.138599843000065,screening,1997,2001,32_16,0.05,101223,0.9609984399375976,0.2083333333333333,24,0.1800786262148006,0.0787508926381999,641,0
10,55,65,0.1777421683073043,False,1541,1.4007083579999744,screening,1997,2001,32_16,0.05,101224,0.9438377535101404,0.2083333333333333,24,0.1777421757727971,0.0849474641078338,641,0
20,55,75,0.1777421683073043,False,1541,1.6089130209998077,screening,1997,2001,32_16,0.05,101224,0.9438377535101404,0.2083333333333333,24,0.1777421757727971,0.0849474641078338,641,0
50,55,105,0.1777421683073043,False,1541,2.3295638949998647,screening,1997,2001,32_16,0.05,101224,0.9438377535101404,0.2083333333333333,24,0.1777421757727971,0.0849474641078338,641,0
10,21,31,0.2600244879722595,False,1541,0.659008232999895,screening,1997,2001,32_16,0.05,101225,0.9095163806552262,0.25,24,0.2600244828530575,0.1356646695515947,641,0
20,50,70,0.2191185653209686,False,1541,1.6353812249999464,screening,1997,2001,32_16,0.05,101225,0.9297971918876756,0.1666666666666666,24,0.2191185789226561,0.1159398045692163,641,0
50,73,123,0.2145501375198364,False,1541,2.895031411999753,screening,1997,2001,32_16,0.05,101225,0.9282371294851794,0.0833333333333333,24,0.2145501815933254,0.112222915192166,641,0
10,26,36,0.1784474402666092,False,1541,0.8224115900002289,screening,1997,2001,32_16,0.1,101223,0.9578783151326054,0.125,24,0.1784474305611218,0.077076761703002,641,0
20,26,46,0.1784474402666092,False,1541,1.0672571630002494,screening,1997,2001,32_16,0.1,101223,0.9578783151326054,0.125,24,0.1784474305611218,0.077076761703002,641,0
50,26,76,0.1784474402666092,False,1541,1.7341736719999972,screening,1997,2001,32_16,0.1,101223,0.9578783151326054,0.125,24,0.1784474305611218,0.077076761703002,641,0
10,29,39,0.1838273257017135,False,1541,0.8546489089999341,screening,1997,2001,32_16,0.1,101224,0.9407176287051482,0.2083333333333333,24,0.1838273148349686,0.0892882308517018,641,0
20,40,60,0.1810586005449295,False,1541,1.352190612999948,screening,1997,2001,32_16,0.1,101224,0.9407176287051482,0.125,24,0.1810585850947956,0.0856123298548164,641,0
50,40,90,0.1810586005449295,False,1541,2.028252873999918,screening,1997,2001,32_16,0.1,101224,0.9407176287051482,0.125,24,0.1810585850947956,0.0856123298548164,641,0
10,21,31,0.2059253305196762,False,1541,0.6692516269999942,screening,1997,2001,32_16,0.1,101225,0.9282371294851794,0.0833333333333333,24,0.2059253304204779,0.1060734470456316,641,0
20,21,41,0.2059253305196762,False,1541,0.8787412030001178,screening,1997,2001,32_16,0.1,101225,0.9282371294851794,0.0833333333333333,24,0.2059253304204779,0.1060734470456316,641,0
50,50,100,0.1947478801012039,False,1541,2.6344355559999717,screening,1997,2001,32_16,0.1,101225,0.9407176287051482,0.0833333333333333,24,0.1947478678801361,0.0957207457993122,641,0
10,15,25,0.1866200119256973,False,1541,0.7046091029997115,screening,1997,2001,32_16,0.2,101223,0.9500780031201248,0.2083333333333333,24,0.186620004854938,0.0835037128359129,641,0
20,15,35,0.1866200119256973,False,1541,0.9146298870000464,screening,1997,2001,32_16,0.2,101223,0.9500780031201248,0.2083333333333333,24,0.186620004854938,0.0835037128359129,641,0
50,15,65,0.1866200119256973,False,1541,1.5726087259999986,screening,1997,2001,32_16,0.2,101223,0.9500780031201248,0.2083333333333333,24,0.186620004854938,0.0835037128359129,641,0
10,17,27,0.1785733252763748,False,1541,0.5820300679997672,screening,1997,2001,32_16,0.2,101224,0.9485179407176288,0.1666666666666666,24,0.1785733251613191,0.082796147372914,641,0
20,17,37,0.1785733252763748,False,1541,0.7916394109997782,screening,1997,2001,32_16,0.2,101224,0.9485179407176288,0.1666666666666666,24,0.1785733251613191,0.082796147372914,641,0
50,17,67,0.1785733252763748,False,1541,1.5101191399999152,screening,1997,2001,32_16,0.2,101224,0.9485179407176288,0.1666666666666666,24,0.1785733251613191,0.082796147372914,641,0
10,19,29,0.1996678858995437,False,1541,0.6058179100000416,screening,1997,2001,32_16,0.2,101225,0.9313572542901716,0.0833333333333333,24,0.199667883962942,0.0978126957329557,641,0
20,19,39,0.1996678858995437,False,1541,0.8139946960000088,screening,1997,2001,32_16,0.2,101225,0.9313572542901716,0.0833333333333333,24,0.199667883962942,0.0978126957329557,641,0
50,19,69,0.1996678858995437,False,1541,1.5341232599998875,screening,1997,2001,32_16,0.2,101225,0.9313572542901716,0.0833333333333333,24,0.199667883962942,0.0978126957329557,641,0
10,9,19,0.1871969252824783,False,1541,0.6716106279995984,screening,1997,2001,32_16,0.3,101223,0.9578783151326054,0.2083333333333333,24,0.1871969144790331,0.0793269984170748,641,0
20,9,29,0.1871969252824783,False,1541,0.8842240439998932,screening,1997,2001,32_16,0.3,101223,0.9578783151326054,0.2083333333333333,24,0.1871969144790331,0.0793269984170748,641,0
50,9,59,0.1871969252824783,False,1541,1.492513810999753,screening,1997,2001,32_16,0.3,101223,0.9578783151326054,0.2083333333333333,24,0.1871969144790331,0.0793269984170748,641,0
10,11,21,0.1822293400764465,False,1541,0.4645144599999184,screening,1997,2001,32_16,0.3,101224,0.9516380655226208,0.125,24,0.1822293427389707,0.0809051362240909,641,0
20,11,31,0.1822293400764465,False,1541,0.7004550449996714,screening,1997,2001,32_16,0.3,101224,0.9516380655226208,0.125,24,0.1822293427389707,0.0809051362240909,641,0
50,11,61,0.1822293400764465,False,1541,1.661840702999598,screening,1997,2001,32_16,0.3,101224,0.9516380655226208,0.125,24,0.1822293427389707,0.0809051362240909,641,0
10,19,29,0.2071384191513061,False,1541,0.6847957770000903,screening,1997,2001,32_16,0.3,101225,0.9297971918876756,0.0833333333333333,24,0.2071384298049089,0.0994540701778055,641,0
20,19,39,0.2071384191513061,False,1541,1.0047634150000704,screening,1997,2001,32_16,0.3,101225,0.9297971918876756,0.0833333333333333,24,0.2071384298049089,0.0994540701778055,641,0
50,19,69,0.2071384191513061,False,1541,1.7879218749999382,screening,1997,2001,32_16,0.3,101225,0.9297971918876756,0.0833333333333333,24,0.2071384298049089,0.0994540701778055,641,0
10,5,15,0.1862054020166397,False,1541,0.4250629579996712,screening,1997,2001,32_16,0.5,101223,0.9516380655226208,0.0833333333333333,24,0.1862054055458699,0.0809677076976988,641,0
20,5,25,0.1862054020166397,False,1541,0.6866427979998662,screening,1997,2001,32_16,0.5,101223,0.9516380655226208,0.0833333333333333,24,0.1862054055458699,0.0809677076976988,641,0
50,5,55,0.1862054020166397,False,1541,1.3410489230000169,screening,1997,2001,32_16,0.5,101223,0.9516380655226208,0.0833333333333333,24,0.1862054055458699,0.0809677076976988,641,0
10,3,13,0.188102051615715,False,1541,0.2760851919997549,screening,1997,2001,32_16,0.5,101224,0.9469578783151326,0.2083333333333333,24,0.188102044206555,0.0841557328173311,641,0
20,3,23,0.188102051615715,False,1541,0.4834019729996726,screening,1997,2001,32_16,0.5,101224,0.9469578783151326,0.2083333333333333,24,0.188102044206555,0.0841557328173311,641,0
50,3,53,0.188102051615715,False,1541,1.1529360350000388,screening,1997,2001,32_16,0.5,101224,0.9469578783151326,0.2083333333333333,24,0.188102044206555,0.0841557328173311,641,0
10,14,24,0.208239272236824,False,1541,0.507325309999942,screening,1997,2001,32_16,0.5,101225,0.9329173166926678,0.0833333333333333,24,0.2082392470606891,0.0949020320862096,641,0
20,14,34,0.208239272236824,False,1541,0.7155168680001225,screening,1997,2001,32_16,0.5,101225,0.9329173166926678,0.0833333333333333,24,0.2082392470606891,0.0949020320862096,641,0
50,14,64,0.208239272236824,False,1541,1.5018527219999669,screening,1997,2001,32_16,0.5,101225,0.9329173166926678,0.0833333333333333,24,0.2082392470606891,0.0949020320862096,641,0
10,5,15,0.1984118223190307,False,1541,0.3618526469999779,screening,1997,2001,32_16,1.0,101223,0.9485179407176288,0.0833333333333333,24,0.1984118162069086,0.0856422650094405,641,0
20,5,25,0.1984118223190307,False,1541,0.5705540230001134,screening,1997,2001,32_16,1.0,101223,0.9485179407176288,0.0833333333333333,24,0.1984118162069086,0.0856422650094405,641,0
50,5,55,0.1984118223190307,False,1541,1.259640935000334,screening,1997,2001,32_16,1.0,101223,0.9485179407176288,0.0833333333333333,24,0.1984118162069086,0.0856422650094405,641,0
10,3,13,0.1810809224843979,False,1541,0.2787322109998058,screening,1997,2001,32_16,1.0,101224,0.9578783151326054,0.2083333333333333,24,0.1810809104119601,0.0758674447423651,641,0
20,3,23,0.1810809224843979,False,1541,0.5439225780000925,screening,1997,2001,32_16,1.0,101224,0.9578783151326054,0.2083333333333333,24,0.1810809104119601,0.0758674447423651,641,0
50,3,53,0.1810809224843979,False,1541,1.194279151000046,screening,1997,2001,32_16,1.0,101224,0.9578783151326054,0.2083333333333333,24,0.1810809104119601,0.0758674447423651,641,0
10,2,12,0.2181899696588516,False,1541,0.2953491579996807,screening,1997,2001,32_16,1.0,101225,0.9313572542901716,0.2083333333333333,24,0.2181899674268375,0.1035972357972787,641,0
20,2,22,0.2181899696588516,False,1541,0.5927950259997488,screening,1997,2001,32_16,1.0,101225,0.9313572542901716,0.2083333333333333,24,0.2181899674268375,0.1035972357972787,641,0
50,2,52,0.2181899696588516,False,1541,1.3659314269998504,screening,1997,2001,32_16,1.0,101225,0.9313572542901716,0.2083333333333333,24,0.2181899674268375,0.1035972357972787,641,0
10,219,229,0.1826828867197036,False,4101,5.503157015999932,screening,1997,2001,64_32,0.01,101223,0.9516380655226208,0.2083333333333333,24,0.1826828776479941,0.0853356124476324,641,0
20,245,265,0.1808459758758545,False,4101,6.769207339999866,screening,1997,2001,64_32,0.01,101223,0.9516380655226208,0.2083333333333333,24,0.1808459689988852,0.0843993819797461,641,0
50,276,326,0.180677905678749,False,4101,8.083934266999677,screening,1997,2001,64_32,0.01,101223,0.953198127925117,0.2083333333333333,24,0.1806778977695564,0.0845277379371471,641,0
10,251,261,0.1709387600421905,False,4101,6.533685484999751,screening,1997,2001,64_32,0.01,101224,0.9485179407176288,0.2083333333333333,24,0.1709387599395794,0.0814984157805474,641,0
20,280,300,0.16995170712471,False,4101,7.370476223999958,screening,1997,2001,64_32,0.01,101224,0.953198127925117,0.2083333333333333,24,0.1699516914202124,0.0807625069639374,641,0
50,313,363,0.1696729212999344,False,4101,8.901426773999901,screening,1997,2001,64_32,0.01,101224,0.9500780031201248,0.1666666666666666,24,0.1696729295404413,0.080495341572827,641,0
10,74,84,0.3042484223842621,False,4101,2.0885044840001683,screening,1997,2001,64_32,0.01,101225,0.8985959438377535,0.125,24,0.3042484176019722,0.1591496029696638,641,0
20,89,109,0.3023257553577423,False,4101,2.6386633259999144,screening,1997,2001,64_32,0.01,101225,0.8985959438377535,0.125,24,0.3023257433984908,0.15838660704897,641,0
50,314,364,0.275583416223526,False,4101,8.53991740299989,screening,1997,2001,64_32,0.01,101225,0.9001560062402496,0.0416666666666666,24,0.2755834441007784,0.1492224300772313,641,0
10,79,89,0.1799663603305816,False,4101,2.0439654730002985,screening,1997,2001,64_32,0.03,101223,0.9516380655226208,0.1666666666666666,24,0.1799663546562813,0.0832741805420309,641,0
20,79,99,0.1799663603305816,False,4101,2.2703914840003563,screening,1997,2001,64_32,0.03,101223,0.9516380655226208,0.1666666666666666,24,0.1799663546562813,0.0832741805420309,641,0
50,79,129,0.1799663603305816,False,4101,2.9636807780002528,screening,1997,2001,64_32,0.03,101223,0.9516380655226208,0.1666666666666666,24,0.1799663546562813,0.0832741805420309,641,0
10,78,88,0.1709126681089401,False,4101,2.3416286370002126,screening,1997,2001,64_32,0.03,101224,0.9516380655226208,0.2083333333333333,24,0.1709126875446208,0.0802265501897188,641,0
20,105,125,0.1697062402963638,False,4101,3.219821207000223,screening,1997,2001,64_32,0.03,101224,0.9516380655226208,0.125,24,0.169706255087859,0.0804063976392033,641,0
50,105,155,0.1697062402963638,False,4101,3.8717259530003503,screening,1997,2001,64_32,0.03,101224,0.9516380655226208,0.125,24,0.169706255087859,0.0804063976392033,641,0
10,50,60,0.2783190310001373,False,4101,1.7635914939996835,screening,1997,2001,64_32,0.03,101225,0.9032761310452418,0.125,24,0.278319039520022,0.1484198712873808,641,0
20,50,70,0.2783190310001373,False,4101,1.9806139489996892,screening,1997,2001,64_32,0.03,101225,0.9032761310452418,0.125,24,0.278319039520022,0.1484198712873808,641,0
50,119,169,0.2567771077156067,False,4101,4.236292597999636,screening,1997,2001,64_32,0.03,101225,0.906396255850234,0.0416666666666666,24,0.2567771204706995,0.1383772364526198,641,0
10,31,41,0.185646504163742,False,4101,1.0561643740002182,screening,1997,2001,64_32,0.05,101223,0.9500780031201248,0.0833333333333333,24,0.1856464922515875,0.0837545048828678,641,0
20,46,66,0.1788712441921234,False,4101,1.8023087950000445,screening,1997,2001,64_32,0.05,101223,0.953198127925117,0.1666666666666666,24,0.1788712614014613,0.0818082798935062,641,0
50,46,96,0.1788712441921234,False,4101,2.505625077000332,screening,1997,2001,64_32,0.05,101223,0.953198127925117,0.1666666666666666,24,0.1788712614014613,0.0818082798935062,641,0
10,57,67,0.1676308959722519,False,4101,1.7822205789998409,screening,1997,2001,64_32,0.05,101224,0.9547581903276132,0.125,24,0.167630897512495,0.0776025374422724,641,0
20,57,77,0.1676308959722519,False,4101,1.9995271109996795,screening,1997,2001,64_32,0.05,101224,0.9547581903276132,0.125,24,0.167630897512495,0.0776025374422724,641,0
50,57,107,0.1676308959722519,False,4101,2.666011521999735,screening,1997,2001,64_32,0.05,101224,0.9547581903276132,0.125,24,0.167630897512495,0.0776025374422724,641,0
10,21,31,0.2685969769954681,False,4101,0.7640397509999275,screening,1997,2001,64_32,0.05,101225,0.906396255850234,0.125,24,0.2685969610075118,0.140126942540966,641,0
20,21,41,0.2685969769954681,False,4101,1.0386529109996443,screening,1997,2001,64_32,0.05,101225,0.906396255850234,0.125,24,0.2685969610075118,0.140126942540966,641,0
50,50,100,0.2473678290843963,False,4101,2.5471605279999494,screening,1997,2001,64_32,0.05,101225,0.9157566302652106,0.1666666666666666,24,0.2473678383109029,0.1329791119343938,641,0
10,26,36,0.1797342002391815,False,4101,0.8319325869997556,screening,1997,2001,64_32,0.1,101223,0.953198127925117,0.1666666666666666,24,0.17973421921672,0.0821182170470248,641,0
20,26,46,0.1797342002391815,False,4101,1.0457756969999537,screening,1997,2001,64_32,0.1,101223,0.953198127925117,0.1666666666666666,24,0.17973421921672,0.0821182170470248,641,0
50,26,76,0.1797342002391815,False,4101,1.7566394890000083,screening,1997,2001,64_32,0.1,101223,0.953198127925117,0.1666666666666666,24,0.17973421921672,0.0821182170470248,641,0
10,17,27,0.1736706644296646,False,4101,0.6181340590001128,screening,1997,2001,64_32,0.1,101224,0.9500780031201248,0.1666666666666666,24,0.1736706700747835,0.0805678975818613,641,0
20,29,49,0.1726118624210357,False,4101,1.1427549390000422,screening,1997,2001,64_32,0.1,101224,0.9500780031201248,0.2083333333333333,24,0.1726118568800149,0.0805423104404541,641,0
50,29,79,0.1726118624210357,False,4101,2.0560960580000938,screening,1997,2001,64_32,0.1,101224,0.9500780031201248,0.2083333333333333,24,0.1726118568800149,0.0805423104404541,641,0
10,21,31,0.2265437245368957,False,4101,0.8681097299995599,screening,1997,2001,64_32,0.1,101225,0.9235569422776913,0.0833333333333333,24,0.2265436935290771,0.1186681878310984,641,0
20,21,41,0.2265437245368957,False,4101,1.0919225009997715,screening,1997,2001,64_32,0.1,101225,0.9235569422776913,0.0833333333333333,24,0.2265436935290771,0.1186681878310984,641,0
50,21,71,0.2265437245368957,False,4101,1.7493269349997718,screening,1997,2001,64_32,0.1,101225,0.9235569422776913,0.0833333333333333,24,0.2265436935290771,0.1186681878310984,641,0
10,13,23,0.1885323077440261,False,4101,0.5025393339997208,screening,1997,2001,64_32,0.2,101223,0.9438377535101404,0.0833333333333333,24,0.1885323023617739,0.0886807505710262,641,0
20,26,46,0.1884874701499939,False,4101,1.0857345370000075,screening,1997,2001,64_32,0.2,101223,0.9563182527301092,0.125,24,0.1884874951691351,0.0856770578204144,641,0
50,26,76,0.1884874701499939,False,4101,1.9397077969997556,screening,1997,2001,64_32,0.2,101223,0.9563182527301092,0.125,24,0.1884874951691351,0.0856770578204144,641,0
10,11,21,0.169548287987709,False,4101,0.5175833869998314,screening,1997,2001,64_32,0.2,101224,0.9609984399375976,0.1666666666666666,24,0.1695482906516624,0.0758353362287894,641,0
20,11,31,0.169548287987709,False,4101,0.8856178900000486,screening,1997,2001,64_32,0.2,101224,0.9609984399375976,0.1666666666666666,24,0.1695482906516624,0.0758353362287894,641,0
50,11,61,0.169548287987709,False,4101,1.6279848990002392,screening,1997,2001,64_32,0.2,101224,0.9609984399375976,0.1666666666666666,24,0.1695482906516624,0.0758353362287894,641,0
10,16,26,0.2184191197156906,False,4101,0.6265287820001504,screening,1997,2001,64_32,0.2,101225,0.9235569422776913,0.0833333333333333,24,0.2184191164128884,0.1120542830457257,641,0
20,16,36,0.2184191197156906,False,4101,0.8534812269999748,screening,1997,2001,64_32,0.2,101225,0.9235569422776913,0.0833333333333333,24,0.2184191164128884,0.1120542830457257,641,0
50,16,66,0.2184191197156906,False,4101,1.5106146520001855,screening,1997,2001,64_32,0.2,101225,0.9235569422776913,0.0833333333333333,24,0.2184191164128884,0.1120542830457257,641,0
10,5,15,0.1874312311410904,False,4101,0.3637275520000003,screening,1997,2001,64_32,0.3,101223,0.953198127925117,0.0833333333333333,24,0.1874312216003159,0.0827324543969284,641,0
20,5,25,0.1874312311410904,False,4101,0.5871830610003599,screening,1997,2001,64_32,0.3,101223,0.953198127925117,0.0833333333333333,24,0.1874312216003159,0.0827324543969284,641,0
50,5,55,0.1874312311410904,False,4101,1.2675378080002702,screening,1997,2001,64_32,0.3,101223,0.953198127925117,0.0833333333333333,24,0.1874312216003159,0.0827324543969284,641,0
10,11,21,0.172989159822464,False,4101,0.4633100859996375,screening,1997,2001,64_32,0.3,101224,0.9625585023400935,0.0833333333333333,24,0.1729891531542958,0.0757188357852076,641,0
20,11,31,0.172989159822464,False,4101,0.675935662000029,screening,1997,2001,64_32,0.3,101224,0.9625585023400935,0.0833333333333333,24,0.1729891531542958,0.0757188357852076,641,0
50,11,61,0.172989159822464,False,4101,1.518080847999954,screening,1997,2001,64_32,0.3,101224,0.9625585023400935,0.0833333333333333,24,0.1729891531542958,0.0757188357852076,641,0
10,16,26,0.2273025661706924,False,4101,0.7116822849998243,screening,1997,2001,64_32,0.3,101225,0.9188767550702028,0.0833333333333333,24,0.2273025606032596,0.1156357377511722,641,0
20,16,36,0.2273025661706924,False,4101,0.986833600999944,screening,1997,2001,64_32,0.3,101225,0.9188767550702028,0.0833333333333333,24,0.2273025606032596,0.1156357377511722,641,0
50,16,66,0.2273025661706924,False,4101,1.6545298910000383,screening,1997,2001,64_32,0.3,101225,0.9188767550702028,0.0833333333333333,24,0.2273025606032596,0.1156357377511722,641,0
10,5,15,0.1865450590848922,False,4101,0.3407948940002825,screening,1997,2001,64_32,0.5,101223,0.9516380655226208,0.0833333333333333,24,0.1865450506559136,0.0831468056228467,641,0
20,5,25,0.1865450590848922,False,4101,0.5691519950000838,screening,1997,2001,64_32,0.5,101223,0.9516380655226208,0.0833333333333333,24,0.1865450506559136,0.0831468056228467,641,0
50,5,55,0.1865450590848922,False,4101,1.2044152530002066,screening,1997,2001,64_32,0.5,101223,0.9516380655226208,0.0833333333333333,24,0.1865450506559136,0.0831468056228467,641,0
10,3,13,0.1743718981742859,False,4101,0.3475256800002171,screening,1997,2001,64_32,0.5,101224,0.9625585023400935,0.2083333333333333,24,0.1743718858938079,0.0740841066997675,641,0
20,3,23,0.1743718981742859,False,4101,0.5598215400000299,screening,1997,2001,64_32,0.5,101224,0.9625585023400935,0.2083333333333333,24,0.1743718858938079,0.0740841066997675,641,0
50,3,53,0.1743718981742859,False,4101,1.2518334350002078,screening,1997,2001,64_32,0.5,101224,0.9625585023400935,0.2083333333333333,24,0.1743718858938079,0.0740841066997675,641,0
10,2,12,0.248055875301361,False,4101,0.3759616079996704,screening,1997,2001,64_32,0.5,101225,0.9235569422776913,0.125,24,0.2480558553721323,0.1253120872169111,641,0
20,14,34,0.2330121397972107,False,4101,0.8910720249996302,screening,1997,2001,64_32,0.5,101225,0.9188767550702028,0.1666666666666666,24,0.2330121492292981,0.1229089644923577,641,0
50,14,64,0.2330121397972107,False,4101,1.5880682679999154,screening,1997,2001,64_32,0.5,101225,0.9188767550702028,0.1666666666666666,24,0.2330121492292981,0.1229089644923577,641,0
10,5,15,0.2107170522212982,False,4101,0.3616653549997863,screening,1997,2001,64_32,1.0,101223,0.93603744149766,0.125,24,0.2107170249688968,0.0966735925006938,641,0
20,5,25,0.2107170522212982,False,4101,0.584892039999886,screening,1997,2001,64_32,1.0,101223,0.93603744149766,0.125,24,0.2107170249688968,0.0966735925006938,641,0
50,5,55,0.2107170522212982,False,4101,1.243110656999761,screening,1997,2001,64_32,1.0,101223,0.93603744149766,0.125,24,0.2107170249688968,0.0966735925006938,641,0
10,2,12,0.1786115914583206,False,4101,0.282213646999935,screening,1997,2001,64_32,1.0,101224,0.9594383775351014,0.1666666666666666,24,0.1786115800783814,0.076257604455756,641,0
20,2,22,0.1786115914583206,False,4101,0.5111407259996668,screening,1997,2001,64_32,1.0,101224,0.9594383775351014,0.1666666666666666,24,0.1786115800783814,0.076257604455756,641,0
50,2,52,0.1786115914583206,False,4101,1.1747859859997334,screening,1997,2001,64_32,1.0,101224,0.9594383775351014,0.1666666666666666,24,0.1786115800783814,0.076257604455756,641,0
10,2,12,0.2418669760227203,False,4101,0.3430491150002126,screening,1997,2001,64_32,1.0,101225,0.9204368174726988,0.0833333333333333,24,0.2418669800249388,0.1207502694919361,641,0
20,2,22,0.2418669760227203,False,4101,0.5931994849997864,screening,1997,2001,64_32,1.0,101225,0.9204368174726988,0.0833333333333333,24,0.2418669800249388,0.1207502694919361,641,0
50,2,52,0.2418669760227203,False,4101,1.3530209609998565,screening,1997,2001,64_32,1.0,101225,0.9204368174726988,0.0833333333333333,24,0.2418669800249388,0.1207502694919361,641,0
10,54,64,0.3074588477611542,False,581,1.6347586480001155,screening,2001,2005,16,0.01,101223,0.8980891719745223,0.4561403508771929,57,0.3074588279135993,0.1537998681792418,628,0
20,54,74,0.3074588477611542,False,581,1.9134098419999648,screening,2001,2005,16,0.01,101223,0.8980891719745223,0.4561403508771929,57,0.3074588279135993,0.1537998681792418,628,0
50,54,104,0.3074588477611542,False,581,2.613033865000034,screening,2001,2005,16,0.01,101223,0.8980891719745223,0.4561403508771929,57,0.3074588279135993,0.1537998681792418,628,0
10,58,68,0.3541443645954132,False,581,1.76162915399982,screening,2001,2005,16,0.01,101224,0.8471337579617835,0.5964912280701754,57,0.3541443425927916,0.1973770303307039,628,0
20,58,78,0.3541443645954132,False,581,1.983696061000046,screening,2001,2005,16,0.01,101224,0.8471337579617835,0.5964912280701754,57,0.3541443425927916,0.1973770303307039,628,0
50,58,108,0.3541443645954132,False,581,2.845723590000034,screening,2001,2005,16,0.01,101224,0.8471337579617835,0.5964912280701754,57,0.3541443425927916,0.1973770303307039,628,0
10,51,61,0.3078974485397339,False,581,1.727810052999757,screening,2001,2005,16,0.01,101225,0.8949044585987261,0.543859649122807,57,0.307897504767909,0.1593223094112151,628,0
20,51,71,0.3078974485397339,False,581,2.036699476999729,screening,2001,2005,16,0.01,101225,0.8949044585987261,0.543859649122807,57,0.307897504767909,0.1593223094112151,628,0
50,51,101,0.3078974485397339,False,581,2.724469637999846,screening,2001,2005,16,0.01,101225,0.8949044585987261,0.543859649122807,57,0.307897504767909,0.1593223094112151,628,0
10,15,25,0.3059636056423187,False,581,0.6655618869999671,screening,2001,2005,16,0.03,101223,0.9028662420382164,0.4035087719298245,57,0.3059636086960759,0.1500435748890943,628,0
20,15,35,0.3059636056423187,False,581,0.9302503809999508,screening,2001,2005,16,0.03,101223,0.9028662420382164,0.4035087719298245,57,0.3059636086960759,0.1500435748890943,628,0
50,15,65,0.3059636056423187,False,581,1.636011438999958,screening,2001,2005,16,0.03,101223,0.9028662420382164,0.4035087719298245,57,0.3059636086960759,0.1500435748890943,628,0
10,23,33,0.3524363040924072,False,581,0.7924809549999736,screening,2001,2005,16,0.03,101224,0.8423566878980892,0.5964912280701754,57,0.3524363181483966,0.1989376094589866,628,0
20,23,43,0.3524363040924072,False,581,1.045103404999736,screening,2001,2005,16,0.03,101224,0.8423566878980892,0.5964912280701754,57,0.3524363181483966,0.1989376094589866,628,0
50,23,73,0.3524363040924072,False,581,1.8477229559998705,screening,2001,2005,16,0.03,101224,0.8423566878980892,0.5964912280701754,57,0.3524363181483966,0.1989376094589866,628,0
10,18,28,0.3080367743968963,False,581,0.6536305390000052,screening,2001,2005,16,0.03,101225,0.8949044585987261,0.543859649122807,57,0.3080368132365255,0.1598082471108035,628,0
20,18,38,0.3080367743968963,False,581,0.9016382049999264,screening,2001,2005,16,0.03,101225,0.8949044585987261,0.543859649122807,57,0.3080368132365255,0.1598082471108035,628,0
50,18,68,0.3080367743968963,False,581,1.7836299420000614,screening,2001,2005,16,0.03,101225,0.8949044585987261,0.543859649122807,57,0.3080368132365255,0.1598082471108035,628,0
10,15,25,0.3064798414707184,False,581,0.6632872899999711,screening,2001,2005,16,0.05,101223,0.89171974522293,0.5087719298245614,57,0.3064798778424807,0.15609966610182,628,0
20,15,35,0.3064798414707184,False,581,0.8871541829998932,screening,2001,2005,16,0.05,101223,0.89171974522293,0.5087719298245614,57,0.3064798778424807,0.15609966610182,628,0
50,15,65,0.3064798414707184,False,581,1.6038752700001169,screening,2001,2005,16,0.05,101223,0.89171974522293,0.5087719298245614,57,0.3064798778424807,0.15609966610182,628,0
10,12,22,0.3589716255664825,False,581,0.6364047280003433,screening,2001,2005,16,0.05,101224,0.8423566878980892,0.5964912280701754,57,0.3589716325201866,0.2015115139731647,628,0
20,12,32,0.3589716255664825,False,581,0.9078723530001298,screening,2001,2005,16,0.05,101224,0.8423566878980892,0.5964912280701754,57,0.3589716325201866,0.2015115139731647,628,0
50,12,62,0.3589716255664825,False,581,1.8258535530003428,screening,2001,2005,16,0.05,101224,0.8423566878980892,0.5964912280701754,57,0.3589716325201866,0.2015115139731647,628,0
10,9,19,0.3082854747772217,False,581,0.563842558000033,screening,2001,2005,16,0.05,101225,0.8980891719745223,0.5087719298245614,57,0.3082854864300857,0.1584366299615979,628,0
20,9,29,0.3082854747772217,False,581,0.8176613860000543,screening,2001,2005,16,0.05,101225,0.8980891719745223,0.5087719298245614,57,0.3082854864300857,0.1584366299615979,628,0
50,9,59,0.3082854747772217,False,581,1.725557242999912,screening,2001,2005,16,0.05,101225,0.8980891719745223,0.5087719298245614,57,0.3082854864300857,0.1584366299615979,628,0
10,6,16,0.3020919859409332,False,581,0.375930063999931,screening,2001,2005,16,0.1,101223,0.8980891719745223,0.4561403508771929,57,0.302091987549549,0.1513265584506791,628,0
20,6,26,0.3020919859409332,False,581,0.6416417139998885,screening,2001,2005,16,0.1,101223,0.8980891719745223,0.4561403508771929,57,0.302091987549549,0.1513265584506791,628,0
50,6,56,0.3020919859409332,False,581,1.3766582450002716,screening,2001,2005,16,0.1,101223,0.8980891719745223,0.4561403508771929,57,0.302091987549549,0.1513265584506791,628,0
10,7,17,0.3335030972957611,False,581,0.3880950789998678,screening,2001,2005,16,0.1,101224,0.8710191082802548,0.5964912280701754,57,0.3335031012379056,0.1835561089983206,628,0
20,7,27,0.3335030972957611,False,581,0.6751837679998971,screening,2001,2005,16,0.1,101224,0.8710191082802548,0.5964912280701754,57,0.3335031012379056,0.1835561089983206,628,0
50,7,57,0.3335030972957611,False,581,1.520318094999766,screening,2001,2005,16,0.1,101224,0.8710191082802548,0.5964912280701754,57,0.3335031012379056,0.1835561089983206,628,0
10,5,15,0.2994241714477539,False,581,0.3501699429998552,screening,2001,2005,16,0.1,101225,0.8996815286624203,0.5087719298245614,57,0.299424153872237,0.1529971206410485,628,0
20,5,25,0.2994241714477539,False,581,0.6224738049995722,screening,2001,2005,16,0.1,101225,0.8996815286624203,0.5087719298245614,57,0.299424153872237,0.1529971206410485,628,0
50,5,55,0.2994241714477539,False,581,1.464791249999962,screening,2001,2005,16,0.1,101225,0.8996815286624203,0.5087719298245614,57,0.299424153872237,0.1529971206410485,628,0
10,4,14,0.300627052783966,False,581,0.3411867529998744,screening,2001,2005,16,0.2,101223,0.8964968152866242,0.5263157894736842,57,0.3006270576811815,0.1527110829977503,628,0
20,4,24,0.300627052783966,False,581,0.6100696220000827,screening,2001,2005,16,0.2,101223,0.8964968152866242,0.5263157894736842,57,0.3006270576811815,0.1527110829977503,628,0
50,4,54,0.300627052783966,False,581,1.3033512510000946,screening,2001,2005,16,0.2,101223,0.8964968152866242,0.5263157894736842,57,0.3006270576811815,0.1527110829977503,628,0
10,9,19,0.336060494184494,False,581,0.4378758020002351,screening,2001,2005,16,0.2,101224,0.8550955414012739,0.5614035087719298,57,0.3360604850722353,0.1880510714840984,628,0
20,9,29,0.336060494184494,False,581,0.6676723599998695,screening,2001,2005,16,0.2,101224,0.8550955414012739,0.5614035087719298,57,0.3360604850722353,0.1880510714840984,628,0
50,9,59,0.336060494184494,False,581,1.5181251210001392,screening,2001,2005,16,0.2,101224,0.8550955414012739,0.5614035087719298,57,0.3360604850722353,0.1880510714840984,628,0
10,3,13,0.3143484592437744,False,581,0.3127607640003589,screening,2001,2005,16,0.2,101225,0.8853503184713376,0.5614035087719298,57,0.314348443023877,0.1655768464376381,628,0
20,3,23,0.3143484592437744,False,581,0.5425799190002181,screening,2001,2005,16,0.2,101225,0.8853503184713376,0.5614035087719298,57,0.314348443023877,0.1655768464376381,628,0
50,3,53,0.3143484592437744,False,581,1.3747405720000645,screening,2001,2005,16,0.2,101225,0.8853503184713376,0.5614035087719298,57,0.314348443023877,0.1655768464376381,628,0
10,2,12,0.2892322540283203,False,581,0.3608302220000041,screening,2001,2005,16,0.3,101223,0.9140127388535032,0.3859649122807017,57,0.2892322402663305,0.1413490443170822,628,0
20,2,22,0.2892322540283203,False,581,0.6390336159997787,screening,2001,2005,16,0.3,101223,0.9140127388535032,0.3859649122807017,57,0.2892322402663305,0.1413490443170822,628,0
50,2,52,0.2892322540283203,False,581,1.303112517000045,screening,2001,2005,16,0.3,101223,0.9140127388535032,0.3859649122807017,57,0.2892322402663305,0.1413490443170822,628,0
10,9,19,0.3237958550453186,False,581,0.4901543000000856,screening,2001,2005,16,0.3,101224,0.8742038216560509,0.5789473684210527,57,0.3237958659118826,0.1772402156775502,628,0
20,9,29,0.3237958550453186,False,581,0.718241104000299,screening,2001,2005,16,0.3,101224,0.8742038216560509,0.5789473684210527,57,0.3237958659118826,0.1772402156775502,628,0
50,9,59,0.3237958550453186,False,581,1.4714650850000908,screening,2001,2005,16,0.3,101224,0.8742038216560509,0.5789473684210527,57,0.3237958659118826,0.1772402156775502,628,0
10,3,13,0.3469837605953216,False,581,0.3002928769997197,screening,2001,2005,16,0.3,101225,0.8503184713375797,0.6140350877192983,57,0.3469837785251484,0.193508653121333,628,0
20,3,23,0.3469837605953216,False,581,0.5824214419999407,screening,2001,2005,16,0.3,101225,0.8503184713375797,0.6140350877192983,57,0.3469837785251484,0.193508653121333,628,0
50,3,53,0.3469837605953216,False,581,1.354347183999835,screening,2001,2005,16,0.3,101225,0.8503184713375797,0.6140350877192983,57,0.3469837785251484,0.193508653121333,628,0
10,2,12,0.2820138037204742,False,581,0.2921435560001555,screening,2001,2005,16,0.5,101223,0.9140127388535032,0.3859649122807017,57,0.2820137931263616,0.1379407891075293,628,0
20,2,22,0.2820138037204742,False,581,0.5541254509998907,screening,2001,2005,16,0.5,101223,0.9140127388535032,0.3859649122807017,57,0.2820137931263616,0.1379407891075293,628,0
50,2,52,0.2820138037204742,False,581,1.24257261799994,screening,2001,2005,16,0.5,101223,0.9140127388535032,0.3859649122807017,57,0.2820137931263616,0.1379407891075293,628,0
10,7,17,0.319774866104126,False,581,0.4105221130002974,screening,2001,2005,16,0.5,101224,0.8550955414012739,0.5087719298245614,57,0.3197748938891154,0.1826123132312009,628,0
20,7,27,0.319774866104126,False,581,0.6395734920001814,screening,2001,2005,16,0.5,101224,0.8550955414012739,0.5087719298245614,57,0.3197748938891154,0.1826123132312009,628,0
50,7,57,0.319774866104126,False,581,1.5568228940001063,screening,2001,2005,16,0.5,101224,0.8550955414012739,0.5087719298245614,57,0.3197748938891154,0.1826123132312009,628,0
10,1,11,0.3510301411151886,False,581,0.2503296680001767,screening,2001,2005,16,0.5,101225,0.8614649681528662,0.6140350877192983,57,0.3510301776031722,0.1938756803158699,628,0
20,1,21,0.3510301411151886,False,581,0.4767977970000174,screening,2001,2005,16,0.5,101225,0.8614649681528662,0.6140350877192983,57,0.3510301776031722,0.1938756803158699,628,0
50,51,101,0.3190110921859741,False,581,2.68383612200023,screening,2001,2005,16,0.5,101225,0.8980891719745223,0.4210526315789473,57,0.3190110645591002,0.1515197699991978,628,0
10,5,15,0.2796514332294464,False,581,0.4241428930004076,screening,2001,2005,16,1.0,101223,0.9012738853503184,0.4385964912280701,57,0.2796514518974159,0.1414938694728618,628,0
20,5,25,0.2796514332294464,False,581,0.6885495690003154,screening,2001,2005,16,1.0,101223,0.9012738853503184,0.4385964912280701,57,0.2796514518974159,0.1414938694728618,628,0
50,5,55,0.2796514332294464,False,581,1.4448587110000517,screening,2001,2005,16,1.0,101223,0.9012738853503184,0.4385964912280701,57,0.2796514518974159,0.1414938694728618,628,0
10,7,17,0.2821972966194153,False,581,0.3939748660000077,screening,2001,2005,16,1.0,101224,0.9028662420382164,0.5087719298245614,57,0.2821973067521052,0.1461072341331518,628,0
20,7,27,0.2821972966194153,False,581,0.6240442160001294,screening,2001,2005,16,1.0,101224,0.9028662420382164,0.5087719298245614,57,0.2821973067521052,0.1461072341331518,628,0
50,7,57,0.2821972966194153,False,581,1.385618677000366,screening,2001,2005,16,1.0,101224,0.9028662420382164,0.5087719298245614,57,0.2821973067521052,0.1461072341331518,628,0
10,6,16,0.4144524335861206,False,581,0.3645000829997116,screening,2001,2005,16,1.0,101225,0.8296178343949044,0.631578947368421,57,0.4144524347070945,0.2363238215503133,628,0
20,31,51,0.2983310222625732,False,581,1.2555329459996756,screening,2001,2005,16,1.0,101225,0.9076433121019108,0.4561403508771929,57,0.2983310244909206,0.1371950760543225,628,0
50,31,81,0.2983310222625732,False,581,1.998772297999949,screening,2001,2005,16,1.0,101225,0.9076433121019108,0.4561403508771929,57,0.2983310244909206,0.1371950760543225,628,0
10,49,59,0.3174688220024109,False,1157,1.4353161640001415,screening,2001,2005,32,0.01,101223,0.8964968152866242,0.5263157894736842,57,0.3174688293359757,0.1650659096893134,628,0
20,49,69,0.3174688220024109,False,1157,1.749177995000082,screening,2001,2005,32,0.01,101223,0.8964968152866242,0.5263157894736842,57,0.3174688293359757,0.1650659096893134,628,0
50,49,99,0.3174688220024109,False,1157,2.5310397309999644,screening,2001,2005,32,0.01,101223,0.8964968152866242,0.5263157894736842,57,0.3174688293359757,0.1650659096893134,628,0
10,49,59,0.3002818524837494,False,1157,1.6245815020001828,screening,2001,2005,32,0.01,101224,0.9092356687898088,0.4912280701754385,57,0.3002818391857268,0.1517297971954693,628,0
20,49,69,0.3002818524837494,False,1157,1.860672198999964,screening,2001,2005,32,0.01,101224,0.9092356687898088,0.4912280701754385,57,0.3002818391857268,0.1517297971954693,628,0
50,49,99,0.3002818524837494,False,1157,2.5656252170001608,screening,2001,2005,32,0.01,101224,0.9092356687898088,0.4912280701754385,57,0.3002818391857268,0.1517297971954693,628,0
10,51,61,0.3228107690811157,False,1157,1.7286629179998272,screening,2001,2005,32,0.01,101225,0.8805732484076433,0.5964912280701754,57,0.322810776833886,0.1710092001278979,628,0
20,51,71,0.3228107690811157,False,1157,1.958909070000118,screening,2001,2005,32,0.01,101225,0.8805732484076433,0.5964912280701754,57,0.322810776833886,0.1710092001278979,628,0
50,51,101,0.3228107690811157,False,1157,2.658648338000148,screening,2001,2005,32,0.01,101225,0.8805732484076433,0.5964912280701754,57,0.322810776833886,0.1710092001278979,628,0
10,15,25,0.3140303194522857,False,1157,0.5822684119998485,screening,2001,2005,32,0.03,101223,0.9012738853503184,0.4912280701754385,57,0.3140303084335044,0.1611749575397611,628,0
20,15,35,0.3140303194522857,False,1157,0.8469938399998682,screening,2001,2005,32,0.03,101223,0.9012738853503184,0.4912280701754385,57,0.3140303084335044,0.1611749575397611,628,0
50,15,65,0.3140303194522857,False,1157,1.6613543720000052,screening,2001,2005,32,0.03,101223,0.9012738853503184,0.4912280701754385,57,0.3140303084335044,0.1611749575397611,628,0
10,17,27,0.2989964485168457,False,1157,0.7375217620001422,screening,2001,2005,32,0.03,101224,0.9124203821656052,0.4912280701754385,57,0.2989964844098647,0.1508112840424996,628,0
20,17,37,0.2989964485168457,False,1157,0.9988427150001372,screening,2001,2005,32,0.03,101224,0.9124203821656052,0.4912280701754385,57,0.2989964844098647,0.1508112840424996,628,0
50,17,67,0.2989964485168457,False,1157,1.8830879759998425,screening,2001,2005,32,0.03,101224,0.9124203821656052,0.4912280701754385,57,0.2989964844098647,0.1508112840424996,628,0
10,18,28,0.3227739036083221,False,1157,0.8586191579997831,screening,2001,2005,32,0.03,101225,0.8837579617834395,0.5964912280701754,57,0.3227739221138085,0.1719810713650333,628,0
20,18,38,0.3227739036083221,False,1157,1.2037258029999975,screening,2001,2005,32,0.03,101225,0.8837579617834395,0.5964912280701754,57,0.3227739221138085,0.1719810713650333,628,0
50,18,68,0.3227739036083221,False,1157,2.2813846979997834,screening,2001,2005,32,0.03,101225,0.8837579617834395,0.5964912280701754,57,0.3227739221138085,0.1719810713650333,628,0
10,10,20,0.3153033554553985,False,1157,0.5450981589997355,screening,2001,2005,32,0.05,101223,0.8980891719745223,0.5263157894736842,57,0.3153033468913537,0.1635654031033271,628,0
20,10,30,0.3153033554553985,False,1157,0.7912850799998523,screening,2001,2005,32,0.05,101223,0.8980891719745223,0.5263157894736842,57,0.3153033468913537,0.1635654031033271,628,0
50,10,60,0.3153033554553985,False,1157,1.6644650939997518,screening,2001,2005,32,0.05,101223,0.8980891719745223,0.5263157894736842,57,0.3153033468913537,0.1635654031033271,628,0
10,9,19,0.2974008023738861,False,1157,0.5790474589998666,screening,2001,2005,32,0.05,101224,0.9124203821656052,0.4385964912280701,57,0.2974008111825227,0.149075341393864,628,0
20,9,29,0.2974008023738861,False,1157,0.8239651510002659,screening,2001,2005,32,0.05,101224,0.9124203821656052,0.4385964912280701,57,0.2974008111825227,0.149075341393864,628,0
50,9,59,0.2974008023738861,False,1157,1.6467395869999564,screening,2001,2005,32,0.05,101224,0.9124203821656052,0.4385964912280701,57,0.2974008111825227,0.149075341393864,628,0
10,9,19,0.3241253793239593,False,1157,0.4692524099996262,screening,2001,2005,32,0.05,101225,0.8805732484076433,0.5789473684210527,57,0.3241253724881935,0.1695447502748976,628,0
20,9,29,0.3241253793239593,False,1157,0.7818904539999494,screening,2001,2005,32,0.05,101225,0.8805732484076433,0.5789473684210527,57,0.3241253724881935,0.1695447502748976,628,0
50,9,59,0.3241253793239593,False,1157,1.5376620439997168,screening,2001,2005,32,0.05,101225,0.8805732484076433,0.5789473684210527,57,0.3241253724881935,0.1695447502748976,628,0
10,6,16,0.3132528662681579,False,1157,0.4106277670002782,screening,2001,2005,32,0.1,101223,0.8853503184713376,0.5263157894736842,57,0.313252872594444,0.1637974898855062,628,0
20,6,26,0.3132528662681579,False,1157,0.6425101190002351,screening,2001,2005,32,0.1,101223,0.8853503184713376,0.5263157894736842,57,0.313252872594444,0.1637974898855062,628,0
50,6,56,0.3132528662681579,False,1157,1.6170756659998915,screening,2001,2005,32,0.1,101223,0.8853503184713376,0.5263157894736842,57,0.313252872594444,0.1637974898855062,628,0
10,7,17,0.2932299375534057,False,1157,0.5567992760002198,screening,2001,2005,32,0.1,101224,0.9092356687898088,0.4736842105263157,57,0.2932299171192439,0.1469188997376505,628,0
20,7,27,0.2932299375534057,False,1157,0.8531685360003394,screening,2001,2005,32,0.1,101224,0.9092356687898088,0.4736842105263157,57,0.2932299171192439,0.1469188997376505,628,0
50,7,57,0.2932299375534057,False,1157,1.718068386000141,screening,2001,2005,32,0.1,101224,0.9092356687898088,0.4736842105263157,57,0.2932299171192439,0.1469188997376505,628,0
10,5,15,0.3155975937843323,False,1157,0.4187234959999841,screening,2001,2005,32,0.1,101225,0.8869426751592356,0.5964912280701754,57,0.3155976086655924,0.1651078228613949,628,0
20,5,25,0.3155975937843323,False,1157,0.7490673109996351,screening,2001,2005,32,0.1,101225,0.8869426751592356,0.5964912280701754,57,0.3155976086655924,0.1651078228613949,628,0
50,5,55,0.3155975937843323,False,1157,1.5316342759997497,screening,2001,2005,32,0.1,101225,0.8869426751592356,0.5964912280701754,57,0.3155976086655924,0.1651078228613949,628,0
10,2,12,0.3089997470378876,False,1157,0.3231975879998572,screening,2001,2005,32,0.2,101223,0.8996815286624203,0.3684210526315789,57,0.3089997554728125,0.1552808551069214,628,0
20,2,22,0.3089997470378876,False,1157,0.6914753300002303,screening,2001,2005,32,0.2,101223,0.8996815286624203,0.3684210526315789,57,0.3089997554728125,0.1552808551069214,628,0
50,2,52,0.3089997470378876,False,1157,1.433397652000167,screening,2001,2005,32,0.2,101223,0.8996815286624203,0.3684210526315789,57,0.3089997554728125,0.1552808551069214,628,0
10,2,12,0.2895731031894684,False,1157,0.2797063640000488,screening,2001,2005,32,0.2,101224,0.9156050955414012,0.4210526315789473,57,0.2895731118715184,0.1426334024633212,628,0
20,2,22,0.2895731031894684,False,1157,0.5102610700000696,screening,2001,2005,32,0.2,101224,0.9156050955414012,0.4210526315789473,57,0.2895731118715184,0.1426334024633212,628,0
50,2,52,0.2895731031894684,False,1157,1.2981375300000764,screening,2001,2005,32,0.2,101224,0.9156050955414012,0.4210526315789473,57,0.2895731118715184,0.1426334024633212,628,0
10,3,13,0.334731787443161,False,1157,0.3102000969997789,screening,2001,2005,32,0.2,101225,0.8662420382165605,0.6140350877192983,57,0.334731828198798,0.1833805028640356,628,0
20,3,23,0.334731787443161,False,1157,0.5768493609998586,screening,2001,2005,32,0.2,101225,0.8662420382165605,0.6140350877192983,57,0.334731828198798,0.1833805028640356,628,0
50,3,53,0.334731787443161,False,1157,1.517841187999693,screening,2001,2005,32,0.2,101225,0.8662420382165605,0.6140350877192983,57,0.334731828198798,0.1833805028640356,628,0
10,2,12,0.2914615273475647,False,1157,0.2775199400002748,screening,2001,2005,32,0.3,101223,0.910828025477707,0.4210526315789473,57,0.2914615211162932,0.1466120372167539,628,0
20,2,22,0.2914615273475647,False,1157,0.5092385030002333,screening,2001,2005,32,0.3,101223,0.910828025477707,0.4210526315789473,57,0.2914615211162932,0.1466120372167539,628,0
50,2,52,0.2914615273475647,False,1157,1.2110535179999715,screening,2001,2005,32,0.3,101223,0.910828025477707,0.4210526315789473,57,0.2914615211162932,0.1466120372167539,628,0
10,7,17,0.2847444117069244,False,1157,0.3939163189997998,screening,2001,2005,32,0.3,101224,0.9012738853503184,0.4736842105263157,57,0.2847444113124579,0.1457872739015885,628,0
20,7,27,0.2847444117069244,False,1157,0.6204342399996676,screening,2001,2005,32,0.3,101224,0.9012738853503184,0.4736842105263157,57,0.2847444113124579,0.1457872739015885,628,0
50,46,96,0.2797891199588775,False,1157,2.617142498999783,screening,2001,2005,32,0.3,101224,0.910828025477707,0.4210526315789473,57,0.2797891102982991,0.1364960237190937,628,0
10,2,12,0.3754302561283111,False,1157,0.2745882789999996,screening,2001,2005,32,0.3,101225,0.8375796178343949,0.631578947368421,57,0.3754302472275557,0.2150930679138764,628,0
20,2,22,0.3754302561283111,False,1157,0.5153106829998251,screening,2001,2005,32,0.3,101225,0.8375796178343949,0.631578947368421,57,0.3754302472275557,0.2150930679138764,628,0
50,2,52,0.3754302561283111,False,1157,1.407142722000117,screening,2001,2005,32,0.3,101225,0.8375796178343949,0.631578947368421,57,0.3754302472275557,0.2150930679138764,628,0
10,2,12,0.2957156598567962,False,1157,0.2867170730000907,screening,2001,2005,32,0.5,101223,0.9044585987261148,0.5087719298245614,57,0.2957156187446347,0.151109113737257,628,0
20,2,22,0.2957156598567962,False,1157,0.5215778420001698,screening,2001,2005,32,0.5,101223,0.9044585987261148,0.5087719298245614,57,0.2957156187446347,0.151109113737257,628,0
50,2,52,0.2957156598567962,False,1157,1.275254575999952,screening,2001,2005,32,0.5,101223,0.9044585987261148,0.5087719298245614,57,0.2957156187446347,0.151109113737257,628,0
10,7,17,0.2713103294372558,False,1157,0.4513039409998782,screening,2001,2005,32,0.5,101224,0.9124203821656052,0.3859649122807017,57,0.2713103237420605,0.1364413806703417,628,0
20,7,27,0.2713103294372558,False,1157,0.6804260809999505,screening,2001,2005,32,0.5,101224,0.9124203821656052,0.3859649122807017,57,0.2713103237420605,0.1364413806703417,628,0
50,7,57,0.2713103294372558,False,1157,1.5964964979998513,screening,2001,2005,32,0.5,101224,0.9124203821656052,0.3859649122807017,57,0.2713103237420605,0.1364413806703417,628,0
10,1,11,0.3875935673713684,False,1157,0.252784709000025,screening,2001,2005,32,0.5,101225,0.8296178343949044,0.6491228070175439,57,0.3875935355134786,0.2218036958915334,628,0
20,1,21,0.3875935673713684,False,1157,0.4846062540000275,screening,2001,2005,32,0.5,101225,0.8296178343949044,0.6491228070175439,57,0.3875935355134786,0.2218036958915334,628,0
50,1,51,0.3875935673713684,False,1157,1.473527921999903,screening,2001,2005,32,0.5,101225,0.8296178343949044,0.6491228070175439,57,0.3875935355134786,0.2218036958915334,628,0
10,2,12,0.3210508227348327,False,1157,0.2790915649998169,screening,2001,2005,32,1.0,101223,0.8742038216560509,0.5614035087719298,57,0.3210508151337117,0.1733517938955581,628,0
20,2,22,0.3210508227348327,False,1157,0.5565046729998357,screening,2001,2005,32,1.0,101223,0.8742038216560509,0.5614035087719298,57,0.3210508151337117,0.1733517938955581,628,0
50,2,52,0.3210508227348327,False,1157,1.7328194789997724,screening,2001,2005,32,1.0,101223,0.8742038216560509,0.5614035087719298,57,0.3210508151337117,0.1733517938955581,628,0
10,9,19,0.2753092348575592,False,1157,0.5279098309997607,screening,2001,2005,32,1.0,101224,0.9219745222929936,0.3684210526315789,57,0.2753091994040613,0.1289625498163777,628,0
20,9,29,0.2753092348575592,False,1157,0.9274530049997338,screening,2001,2005,32,1.0,101224,0.9219745222929936,0.3684210526315789,57,0.2753091994040613,0.1289625498163777,628,0
50,9,59,0.2753092348575592,False,1157,2.3360533669997494,screening,2001,2005,32,1.0,101224,0.9219745222929936,0.3684210526315789,57,0.2753091994040613,0.1289625498163777,628,0
10,6,16,0.3980754315853119,False,1157,0.5993709100002889,screening,2001,2005,32,1.0,101225,0.8328025477707006,0.6140350877192983,57,0.3980754198933354,0.2302997217148185,628,0
20,6,26,0.3980754315853119,False,1157,0.9506830479999736,screening,2001,2005,32,1.0,101225,0.8328025477707006,0.6140350877192983,57,0.3980754198933354,0.2302997217148185,628,0
50,6,56,0.3980754315853119,False,1157,2.1240368359999597,screening,2001,2005,32,1.0,101225,0.8328025477707006,0.6140350877192983,57,0.3980754198933354,0.2302997217148185,628,0
10,70,80,0.3173915445804596,False,1605,3.009504804000244,screening,2001,2005,32_16,0.01,101223,0.8837579617834395,0.5263157894736842,57,0.3173915585855884,0.1635942128614427,628,0
20,70,90,0.3173915445804596,False,1605,3.478008922000299,screening,2001,2005,32_16,0.01,101223,0.8837579617834395,0.5263157894736842,57,0.3173915585855884,0.1635942128614427,628,0
50,70,120,0.3173915445804596,False,1605,5.26356987600002,screening,2001,2005,32_16,0.01,101223,0.8837579617834395,0.5263157894736842,57,0.3173915585855884,0.1635942128614427,628,0
10,69,79,0.430475503206253,False,1605,3.5109609559999626,screening,2001,2005,32_16,0.01,101224,0.7929936305732485,0.5964912280701754,57,0.4304754848401609,0.2495558727647463,628,0
20,69,89,0.430475503206253,False,1605,3.9193206670001928,screening,2001,2005,32_16,0.01,101224,0.7929936305732485,0.5964912280701754,57,0.4304754848401609,0.2495558727647463,628,0
50,69,119,0.430475503206253,False,1605,5.139085015000092,screening,2001,2005,32_16,0.01,101224,0.7929936305732485,0.5964912280701754,57,0.4304754848401609,0.2495558727647463,628,0
10,53,63,0.3775044083595276,False,1605,2.099864696000168,screening,2001,2005,32_16,0.01,101225,0.8423566878980892,0.6140350877192983,57,0.3775044189515176,0.2107497127151386,628,0
20,53,73,0.3775044083595276,False,1605,2.481970314000137,screening,2001,2005,32_16,0.01,101225,0.8423566878980892,0.6140350877192983,57,0.3775044189515176,0.2107497127151386,628,0
50,53,103,0.3775044083595276,False,1605,3.376216989000113,screening,2001,2005,32_16,0.01,101225,0.8423566878980892,0.6140350877192983,57,0.3775044189515176,0.2107497127151386,628,0
10,22,32,0.3105226755142212,False,1605,1.0810450849999145,screening,2001,2005,32_16,0.03,101223,0.89171974522293,0.5087719298245614,57,0.3105226280992396,0.1571221759217649,628,0
20,22,42,0.3105226755142212,False,1605,1.420295381999949,screening,2001,2005,32_16,0.03,101223,0.89171974522293,0.5087719298245614,57,0.3105226280992396,0.1571221759217649,628,0
50,22,72,0.3105226755142212,False,1605,2.3780296280001494,screening,2001,2005,32_16,0.03,101223,0.89171974522293,0.5087719298245614,57,0.3105226280992396,0.1571221759217649,628,0
10,24,34,0.4074285626411438,False,1605,1.2546867989999555,screening,2001,2005,32_16,0.03,101224,0.8089171974522293,0.5789473684210527,57,0.407428546051809,0.2317434347625085,628,0
20,24,44,0.4074285626411438,False,1605,1.589665316999799,screening,2001,2005,32_16,0.03,101224,0.8089171974522293,0.5789473684210527,57,0.407428546051809,0.2317434347625085,628,0
50,24,74,0.4074285626411438,False,1605,2.5118136649998632,screening,2001,2005,32_16,0.03,101224,0.8089171974522293,0.5789473684210527,57,0.407428546051809,0.2317434347625085,628,0
10,18,28,0.368765264749527,False,1605,0.8515655969999898,screening,2001,2005,32_16,0.03,101225,0.8471337579617835,0.6140350877192983,57,0.3687652740122714,0.204233595874312,628,0
20,18,38,0.368765264749527,False,1605,1.1647211139998035,screening,2001,2005,32_16,0.03,101225,0.8471337579617835,0.6140350877192983,57,0.3687652740122714,0.204233595874312,628,0
50,18,68,0.368765264749527,False,1605,2.039639905000058,screening,2001,2005,32_16,0.03,101225,0.8471337579617835,0.6140350877192983,57,0.3687652740122714,0.204233595874312,628,0
10,15,25,0.3087524473667145,False,1605,0.76360021399978,screening,2001,2005,32_16,0.05,101223,0.8805732484076433,0.5087719298245614,57,0.3087524588806017,0.1583572690244553,628,0
20,15,35,0.3087524473667145,False,1605,1.0361915120001868,screening,2001,2005,32_16,0.05,101223,0.8805732484076433,0.5087719298245614,57,0.3087524588806017,0.1583572690244553,628,0
50,15,65,0.3087524473667145,False,1605,2.0780466420001176,screening,2001,2005,32_16,0.05,101223,0.8805732484076433,0.5087719298245614,57,0.3087524588806017,0.1583572690244553,628,0
10,17,27,0.4194080233573913,False,1605,0.8345598539999628,screening,2001,2005,32_16,0.05,101224,0.8152866242038217,0.5964912280701754,57,0.4194080471310932,0.2425087863095221,628,0
20,17,37,0.4194080233573913,False,1605,1.1145065939999768,screening,2001,2005,32_16,0.05,101224,0.8152866242038217,0.5964912280701754,57,0.4194080471310932,0.2425087863095221,628,0
50,17,67,0.4194080233573913,False,1605,2.1815150490001542,screening,2001,2005,32_16,0.05,101224,0.8152866242038217,0.5964912280701754,57,0.4194080471310932,0.2425087863095221,628,0
10,11,21,0.3892180919647217,False,1605,0.5974074790001396,screening,2001,2005,32_16,0.05,101225,0.8312101910828026,0.6140350877192983,57,0.389218064977669,0.2205125270713991,628,0
20,11,31,0.3892180919647217,False,1605,0.9087313039999572,screening,2001,2005,32_16,0.05,101225,0.8312101910828026,0.6140350877192983,57,0.389218064977669,0.2205125270713991,628,0
50,11,61,0.3892180919647217,False,1605,1.7612708960000418,screening,2001,2005,32_16,0.05,101225,0.8312101910828026,0.6140350877192983,57,0.389218064977669,0.2205125270713991,628,0
10,15,25,0.3057614266872406,False,1605,0.7516590939999332,screening,2001,2005,32_16,0.1,101223,0.8821656050955414,0.4736842105263157,57,0.3057614289370918,0.1615365937438856,628,0
20,15,35,0.3057614266872406,False,1605,1.0536435209996853,screening,2001,2005,32_16,0.1,101223,0.8821656050955414,0.4736842105263157,57,0.3057614289370918,0.1615365937438856,628,0
50,15,65,0.3057614266872406,False,1605,2.0267333729998427,screening,2001,2005,32_16,0.1,101223,0.8821656050955414,0.4736842105263157,57,0.3057614289370918,0.1615365937438856,628,0
10,9,19,0.3505938053131103,False,1605,0.5637910240002384,screening,2001,2005,32_16,0.1,101224,0.8662420382165605,0.5614035087719298,57,0.3505938144280002,0.185275245309054,628,0
20,9,29,0.3505938053131103,False,1605,0.8461827619998985,screening,2001,2005,32_16,0.1,101224,0.8662420382165605,0.5614035087719298,57,0.3505938144280002,0.185275245309054,628,0
50,9,59,0.3505938053131103,False,1605,1.8298410890001835,screening,2001,2005,32_16,0.1,101224,0.8662420382165605,0.5614035087719298,57,0.3505938144280002,0.185275245309054,628,0
10,6,16,0.3672472238540649,False,1605,0.4436356109999906,screening,2001,2005,32_16,0.1,101225,0.839171974522293,0.6140350877192983,57,0.3672471949639847,0.2047554425806632,628,0
20,6,26,0.3672472238540649,False,1605,0.8426035580000644,screening,2001,2005,32_16,0.1,101225,0.839171974522293,0.6140350877192983,57,0.3672471949639847,0.2047554425806632,628,0
50,6,56,0.3672472238540649,False,1605,1.809560428000168,screening,2001,2005,32_16,0.1,101225,0.839171974522293,0.6140350877192983,57,0.3672471949639847,0.2047554425806632,628,0
10,5,15,0.2982283532619476,False,1605,0.430071099000088,screening,2001,2005,32_16,0.2,101223,0.8996815286624203,0.4736842105263157,57,0.2982283996539675,0.1482172127404539,628,0
20,5,25,0.2982283532619476,False,1605,0.7052252980001867,screening,2001,2005,32_16,0.2,101223,0.8996815286624203,0.4736842105263157,57,0.2982283996539675,0.1482172127404539,628,0
50,5,55,0.2982283532619476,False,1605,1.5761827350002022,screening,2001,2005,32_16,0.2,101223,0.8996815286624203,0.4736842105263157,57,0.2982283996539675,0.1482172127404539,628,0
10,9,19,0.3476485013961792,False,1605,0.5731706219999069,screening,2001,2005,32_16,0.2,101224,0.8710191082802548,0.543859649122807,57,0.3476484907676163,0.1858789220159119,628,0
20,9,29,0.3476485013961792,False,1605,0.8643338679999033,screening,2001,2005,32_16,0.2,101224,0.8710191082802548,0.543859649122807,57,0.3476484907676163,0.1858789220159119,628,0
50,9,59,0.3476485013961792,False,1605,1.8309091649998663,screening,2001,2005,32_16,0.2,101224,0.8710191082802548,0.543859649122807,57,0.3476484907676163,0.1858789220159119,628,0
10,4,14,0.3776885271072387,False,1605,0.4705507200001193,screening,2001,2005,32_16,0.2,101225,0.8312101910828026,0.6140350877192983,57,0.3776885380449484,0.2156956821151286,628,0
20,4,24,0.3776885271072387,False,1605,0.7669032939998033,screening,2001,2005,32_16,0.2,101225,0.8312101910828026,0.6140350877192983,57,0.3776885380449484,0.2156956821151286,628,0
50,4,54,0.3776885271072387,False,1605,1.59083413999997,screening,2001,2005,32_16,0.2,101225,0.8312101910828026,0.6140350877192983,57,0.3776885380449484,0.2156956821151286,628,0
10,5,15,0.2826677858829498,False,1605,0.4444726039996567,screening,2001,2005,32_16,0.3,101223,0.9060509554140128,0.4561403508771929,57,0.2826677827867471,0.1367519814627378,628,0
20,5,25,0.2826677858829498,False,1605,0.7113853729997572,screening,2001,2005,32_16,0.3,101223,0.9060509554140128,0.4561403508771929,57,0.2826677827867471,0.1367519814627378,628,0
50,5,55,0.2826677858829498,False,1605,1.626968343000044,screening,2001,2005,32_16,0.3,101223,0.9060509554140128,0.4561403508771929,57,0.2826677827867471,0.1367519814627378,628,0
10,7,17,0.3499782383441925,False,1605,0.5173498080002901,screening,2001,2005,32_16,0.3,101224,0.8471337579617835,0.5087719298245614,57,0.3499782397431633,0.1934313490828082,628,0
20,7,27,0.3499782383441925,False,1605,0.8250446420001936,screening,2001,2005,32_16,0.3,101224,0.8471337579617835,0.5087719298245614,57,0.3499782397431633,0.1934313490828082,628,0
50,7,57,0.3499782383441925,False,1605,1.813065146000099,screening,2001,2005,32_16,0.3,101224,0.8471337579617835,0.5087719298245614,57,0.3499782397431633,0.1934313490828082,628,0
10,6,16,0.3839085400104522,False,1605,0.4678452210000614,screening,2001,2005,32_16,0.3,101225,0.839171974522293,0.5964912280701754,57,0.3839085494075775,0.2151829678245518,628,0
20,6,26,0.3839085400104522,False,1605,0.7831518160000996,screening,2001,2005,32_16,0.3,101225,0.839171974522293,0.5964912280701754,57,0.3839085494075775,0.2151829678245518,628,0
50,61,111,0.3797777891159057,False,1605,3.3851782230003664,screening,2001,2005,32_16,0.3,101225,0.9076433121019108,0.4912280701754385,57,0.3797778305869707,0.1575348241396145,628,0
10,2,12,0.2664391994476318,False,1605,0.3333122670001103,screening,2001,2005,32_16,0.5,101223,0.9251592356687898,0.3684210526315789,57,0.2664392004343242,0.1281037176803525,628,0
20,2,22,0.2664391994476318,False,1605,0.7058778190003068,screening,2001,2005,32_16,0.5,101223,0.9251592356687898,0.3684210526315789,57,0.2664392004343242,0.1281037176803525,628,0
50,2,52,0.2664391994476318,False,1605,1.6237175140004183,screening,2001,2005,32_16,0.5,101223,0.9251592356687898,0.3684210526315789,57,0.2664392004343242,0.1281037176803525,628,0
10,9,19,0.3361444771289825,False,1605,0.615968434000024,screening,2001,2005,32_16,0.5,101224,0.8805732484076433,0.543859649122807,57,0.3361444838124757,0.1730515127944471,628,0
20,9,29,0.3361444771289825,False,1605,0.9289813860000322,screening,2001,2005,32_16,0.5,101224,0.8805732484076433,0.543859649122807,57,0.3361444838124757,0.1730515127944471,628,0
50,9,59,0.3361444771289825,False,1605,1.8986034639997345,screening,2001,2005,32_16,0.5,101224,0.8805732484076433,0.543859649122807,57,0.3361444838124757,0.1730515127944471,628,0
10,6,16,0.364265114068985,False,1605,0.6344624230000591,screening,2001,2005,32_16,0.5,101225,0.8630573248407644,0.543859649122807,57,0.3642651096760987,0.1898958011771899,628,0
20,6,26,0.364265114068985,False,1605,0.9230002869999224,screening,2001,2005,32_16,0.5,101225,0.8630573248407644,0.543859649122807,57,0.3642651096760987,0.1898958011771899,628,0
50,6,56,0.364265114068985,False,1605,2.067092901000251,screening,2001,2005,32_16,0.5,101225,0.8630573248407644,0.543859649122807,57,0.3642651096760987,0.1898958011771899,628,0
10,5,15,0.2750574946403503,False,1605,0.4903468540001086,screening,2001,2005,32_16,1.0,101223,0.9187898089171974,0.3684210526315789,57,0.2750574814423095,0.1270559434547969,628,0
20,5,25,0.2750574946403503,False,1605,0.8605389399999694,screening,2001,2005,32_16,1.0,101223,0.9187898089171974,0.3684210526315789,57,0.2750574814423095,0.1270559434547969,628,0
50,5,55,0.2750574946403503,False,1605,1.943935485000111,screening,2001,2005,32_16,1.0,101223,0.9187898089171974,0.3684210526315789,57,0.2750574814423095,0.1270559434547969,628,0
10,6,16,0.3131559789180755,False,1605,0.6405388900002436,screening,2001,2005,32_16,1.0,101224,0.9012738853503184,0.4561403508771929,57,0.3131559825900056,0.1502508074418565,628,0
20,6,26,0.3131559789180755,False,1605,1.003560693000054,screening,2001,2005,32_16,1.0,101224,0.9012738853503184,0.4561403508771929,57,0.3131559825900056,0.1502508074418565,628,0
50,6,56,0.3131559789180755,False,1605,2.059539425999901,screening,2001,2005,32_16,1.0,101224,0.9012738853503184,0.4561403508771929,57,0.3131559825900056,0.1502508074418565,628,0
10,6,16,0.3330923914909363,False,1605,0.6071978830000262,screening,2001,2005,32_16,1.0,101225,0.9044585987261148,0.5263157894736842,57,0.3330923990446987,0.1536787633620456,628,0
20,6,26,0.3330923914909363,False,1605,0.9255409329998656,screening,2001,2005,32_16,1.0,101225,0.9044585987261148,0.5263157894736842,57,0.3330923990446987,0.1536787633620456,628,0
50,6,56,0.3330923914909363,False,1605,1.7787657769999896,screening,2001,2005,32_16,1.0,101225,0.9044585987261148,0.5263157894736842,57,0.3330923990446987,0.1536787633620456,628,0
10,40,50,0.31674924492836,False,4229,1.6090806330003034,screening,2001,2005,64_32,0.01,101223,0.8996815286624203,0.4912280701754385,57,0.3167492414793238,0.1572751681052544,628,0
20,40,60,0.31674924492836,False,4229,2.0449067879999347,screening,2001,2005,64_32,0.01,101223,0.8996815286624203,0.4912280701754385,57,0.3167492414793238,0.1572751681052544,628,0
50,40,90,0.31674924492836,False,4229,3.0491979570001604,screening,2001,2005,64_32,0.01,101223,0.8996815286624203,0.4912280701754385,57,0.3167492414793238,0.1572751681052544,628,0
10,65,75,0.4532295167446136,False,4229,2.49385557100004,screening,2001,2005,64_32,0.01,101224,0.7945859872611465,0.6140350877192983,57,0.4532294921978431,0.2666187516115447,628,0
20,65,85,0.4532295167446136,False,4229,2.8528287520002777,screening,2001,2005,64_32,0.01,101224,0.7945859872611465,0.6140350877192983,57,0.4532294921978431,0.2666187516115447,628,0
50,65,115,0.4532295167446136,False,4229,3.7332598040002263,screening,2001,2005,64_32,0.01,101224,0.7945859872611465,0.6140350877192983,57,0.4532294921978431,0.2666187516115447,628,0
10,50,60,0.3077123463153839,False,4229,1.8734863210002004,screening,2001,2005,64_32,0.01,101225,0.8901273885350318,0.5263157894736842,57,0.3077123284688,0.1583759365802153,628,0
20,50,70,0.3077123463153839,False,4229,2.1603752599999098,screening,2001,2005,64_32,0.01,101225,0.8901273885350318,0.5263157894736842,57,0.3077123284688,0.1583759365802153,628,0
50,50,100,0.3077123463153839,False,4229,3.088847771000019,screening,2001,2005,64_32,0.01,101225,0.8901273885350318,0.5263157894736842,57,0.3077123284688,0.1583759365802153,628,0
10,15,25,0.3062502741813659,False,4229,0.8913857499996993,screening,2001,2005,64_32,0.03,101223,0.8949044585987261,0.3684210526315789,57,0.3062502644960533,0.1507483202811366,628,0
20,15,35,0.3062502741813659,False,4229,1.1915765710000414,screening,2001,2005,64_32,0.03,101223,0.8949044585987261,0.3684210526315789,57,0.3062502644960533,0.1507483202811366,628,0
50,15,65,0.3062502741813659,False,4229,2.2943311359999825,screening,2001,2005,64_32,0.03,101223,0.8949044585987261,0.3684210526315789,57,0.3062502644960533,0.1507483202811366,628,0
10,24,34,0.4312894642353058,False,4229,1.105098132999956,screening,2001,2005,64_32,0.03,101224,0.8073248407643312,0.6140350877192983,57,0.4312894778272399,0.2514292892219332,628,0
20,24,44,0.4312894642353058,False,4229,1.459794607999811,screening,2001,2005,64_32,0.03,101224,0.8073248407643312,0.6140350877192983,57,0.4312894778272399,0.2514292892219332,628,0
50,24,74,0.4312894642353058,False,4229,2.5679056899998614,screening,2001,2005,64_32,0.03,101224,0.8073248407643312,0.6140350877192983,57,0.4312894778272399,0.2514292892219332,628,0
10,18,28,0.3030529022216797,False,4229,0.8699115129998063,screening,2001,2005,64_32,0.03,101225,0.8901273885350318,0.5263157894736842,57,0.3030529091544663,0.1560144391996586,628,0
20,18,38,0.3030529022216797,False,4229,1.1604885970000396,screening,2001,2005,64_32,0.03,101225,0.8901273885350318,0.5263157894736842,57,0.3030529091544663,0.1560144391996586,628,0
50,18,68,0.3030529022216797,False,4229,2.033468155999799,screening,2001,2005,64_32,0.03,101225,0.8901273885350318,0.5263157894736842,57,0.3030529091544663,0.1560144391996586,628,0
10,7,17,0.3119096159934997,False,4229,0.5032384119999733,screening,2001,2005,64_32,0.05,101223,0.9044585987261148,0.3508771929824561,57,0.3119096197367577,0.1513676614622167,628,0
20,7,27,0.3119096159934997,False,4229,0.8018458980000105,screening,2001,2005,64_32,0.05,101223,0.9044585987261148,0.3508771929824561,57,0.3119096197367577,0.1513676614622167,628,0
50,7,57,0.3119096159934997,False,4229,1.8559244600000968,screening,2001,2005,64_32,0.05,101223,0.9044585987261148,0.3508771929824561,57,0.3119096197367577,0.1513676614622167,628,0
10,9,19,0.4351035058498382,False,4229,0.5829351019997375,screening,2001,2005,64_32,0.05,101224,0.8136942675159236,0.5263157894736842,57,0.4351035189983691,0.2408904344698123,628,0
20,24,44,0.4269574284553528,False,4229,1.5217791290001514,screening,2001,2005,64_32,0.05,101224,0.8248407643312102,0.6140350877192983,57,0.4269574575349065,0.2480057530063339,628,0
50,24,74,0.4269574284553528,False,4229,2.515922315999888,screening,2001,2005,64_32,0.05,101224,0.8248407643312102,0.6140350877192983,57,0.4269574575349065,0.2480057530063339,628,0
10,11,21,0.3167744874954223,False,4229,0.7214036589998614,screening,2001,2005,64_32,0.05,101225,0.8726114649681529,0.543859649122807,57,0.31677449984824,0.1674155383505157,628,0
20,11,31,0.3167744874954223,False,4229,1.1320057789998828,screening,2001,2005,64_32,0.05,101225,0.8726114649681529,0.543859649122807,57,0.31677449984824,0.1674155383505157,628,0
50,11,61,0.3167744874954223,False,4229,2.014266886999849,screening,2001,2005,64_32,0.05,101225,0.8726114649681529,0.543859649122807,57,0.31677449984824,0.1674155383505157,628,0
10,4,14,0.3048276305198669,False,4229,0.4162196440001935,screening,2001,2005,64_32,0.1,101223,0.9028662420382164,0.3508771929824561,57,0.3048276448912785,0.1486665875214183,628,0
20,4,24,0.3048276305198669,False,4229,0.776025803000266,screening,2001,2005,64_32,0.1,101223,0.9028662420382164,0.3508771929824561,57,0.3048276448912785,0.1486665875214183,628,0
50,4,54,0.3048276305198669,False,4229,1.6669113890002336,screening,2001,2005,64_32,0.1,101223,0.9028662420382164,0.3508771929824561,57,0.3048276448912785,0.1486665875214183,628,0
10,9,19,0.3746072947978973,False,4229,0.5537122279997675,screening,2001,2005,64_32,0.1,101224,0.839171974522293,0.5789473684210527,57,0.374607310352883,0.2076770611818747,628,0
20,9,29,0.3746072947978973,False,4229,0.8512060269999893,screening,2001,2005,64_32,0.1,101224,0.839171974522293,0.5789473684210527,57,0.374607310352883,0.2076770611818747,628,0
50,9,59,0.3746072947978973,False,4229,1.8794470869997892,screening,2001,2005,64_32,0.1,101224,0.839171974522293,0.5789473684210527,57,0.374607310352883,0.2076770611818747,628,0
10,6,16,0.2952515184879303,False,4229,0.6758553510003367,screening,2001,2005,64_32,0.1,101225,0.893312101910828,0.5087719298245614,57,0.2952515324129921,0.1516972617097237,628,0
20,6,26,0.2952515184879303,False,4229,0.9658483130001514,screening,2001,2005,64_32,0.1,101225,0.893312101910828,0.5087719298245614,57,0.2952515324129921,0.1516972617097237,628,0
50,6,56,0.2952515184879303,False,4229,1.888192553999943,screening,2001,2005,64_32,0.1,101225,0.893312101910828,0.5087719298245614,57,0.2952515324129921,0.1516972617097237,628,0
10,2,12,0.2986803352832794,False,4229,0.3555522379997455,screening,2001,2005,64_32,0.2,101223,0.9012738853503184,0.2456140350877192,57,0.2986803739853758,0.1435457233027606,628,0
20,2,22,0.2986803352832794,False,4229,0.7183292219997384,screening,2001,2005,64_32,0.2,101223,0.9012738853503184,0.2456140350877192,57,0.2986803739853758,0.1435457233027606,628,0
50,2,52,0.2986803352832794,False,4229,1.6222319919997972,screening,2001,2005,64_32,0.2,101223,0.9012738853503184,0.2456140350877192,57,0.2986803739853758,0.1435457233027606,628,0
10,7,17,0.3396291732788086,False,4229,0.5863612739999553,screening,2001,2005,64_32,0.2,101224,0.8550955414012739,0.5789473684210527,57,0.339629194583814,0.1842932274994821,628,0
20,7,27,0.3396291732788086,False,4229,0.877865477999876,screening,2001,2005,64_32,0.2,101224,0.8550955414012739,0.5789473684210527,57,0.339629194583814,0.1842932274994821,628,0
50,7,57,0.3396291732788086,False,4229,2.0314590619996125,screening,2001,2005,64_32,0.2,101224,0.8550955414012739,0.5789473684210527,57,0.339629194583814,0.1842932274994821,628,0
10,4,14,0.3100117146968841,False,4229,0.5788206080001146,screening,2001,2005,64_32,0.2,101225,0.8694267515923567,0.5263157894736842,57,0.3100117205545555,0.169501707776395,628,0
20,4,24,0.3100117146968841,False,4229,1.252651797999988,screening,2001,2005,64_32,0.2,101225,0.8694267515923567,0.5263157894736842,57,0.3100117205545555,0.169501707776395,628,0
50,4,54,0.3100117146968841,False,4229,2.9285022070002924,screening,2001,2005,64_32,0.2,101225,0.8694267515923567,0.5263157894736842,57,0.3100117205545555,0.169501707776395,628,0
10,2,12,0.284325510263443,False,4229,0.3839082489998873,screening,2001,2005,64_32,0.3,101223,0.9124203821656052,0.2807017543859649,57,0.2843254756304717,0.1370319176765538,628,0
20,2,22,0.284325510263443,False,4229,0.6753147790000185,screening,2001,2005,64_32,0.3,101223,0.9124203821656052,0.2807017543859649,57,0.2843254756304717,0.1370319176765538,628,0
50,2,52,0.284325510263443,False,4229,1.6064489420000427,screening,2001,2005,64_32,0.3,101223,0.9124203821656052,0.2807017543859649,57,0.2843254756304717,0.1370319176765538,628,0
10,7,17,0.3450124561786651,False,4229,0.5231809219999377,screening,2001,2005,64_32,0.3,101224,0.8503184713375797,0.5263157894736842,57,0.3450124328357416,0.1884501992262792,628,0
20,7,27,0.3450124561786651,False,4229,0.8537848040000426,screening,2001,2005,64_32,0.3,101224,0.8503184713375797,0.5263157894736842,57,0.3450124328357416,0.1884501992262792,628,0
50,7,57,0.3450124561786651,False,4229,2.053432899999734,screening,2001,2005,64_32,0.3,101224,0.8503184713375797,0.5263157894736842,57,0.3450124328357416,0.1884501992262792,628,0
10,6,16,0.3286689221858978,False,4229,0.5384291639998082,screening,2001,2005,64_32,0.3,101225,0.8694267515923567,0.5789473684210527,57,0.3286689257037009,0.1774896329086537,628,0
20,6,26,0.3286689221858978,False,4229,1.0447283529997549,screening,2001,2005,64_32,0.3,101225,0.8694267515923567,0.5789473684210527,57,0.3286689257037009,0.1774896329086537,628,0
50,6,56,0.3286689221858978,False,4229,2.201149507000082,screening,2001,2005,64_32,0.3,101225,0.8694267515923567,0.5789473684210527,57,0.3286689257037009,0.1774896329086537,628,0
10,2,12,0.2767380774021148,False,4229,0.3483381660003033,screening,2001,2005,64_32,0.5,101223,0.9156050955414012,0.3684210526315789,57,0.2767380719630122,0.1357033694723692,628,0
20,2,22,0.2767380774021148,False,4229,0.6540996480002832,screening,2001,2005,64_32,0.5,101223,0.9156050955414012,0.3684210526315789,57,0.2767380719630122,0.1357033694723692,628,0
50,2,52,0.2767380774021148,False,4229,1.856872577000104,screening,2001,2005,64_32,0.5,101223,0.9156050955414012,0.3684210526315789,57,0.2767380719630122,0.1357033694723692,628,0
10,6,16,0.3265177309513092,False,4229,0.4883995149998554,screening,2001,2005,64_32,0.5,101224,0.8805732484076433,0.4736842105263157,57,0.3265176889256166,0.1720962324036402,628,0
20,6,26,0.3265177309513092,False,4229,0.7962659599998005,screening,2001,2005,64_32,0.5,101224,0.8805732484076433,0.4736842105263157,57,0.3265176889256166,0.1720962324036402,628,0
50,6,56,0.3265177309513092,False,4229,1.9619474649998665,screening,2001,2005,64_32,0.5,101224,0.8805732484076433,0.4736842105263157,57,0.3265176889256166,0.1720962324036402,628,0
10,6,16,0.3430655300617218,False,4229,0.527507592999882,screening,2001,2005,64_32,0.5,101225,0.8694267515923567,0.5789473684210527,57,0.3430655241999852,0.1833262835951939,628,0
20,6,26,0.3430655300617218,False,4229,0.9111372080001274,screening,2001,2005,64_32,0.5,101225,0.8694267515923567,0.5789473684210527,57,0.3430655241999852,0.1833262835951939,628,0
50,6,56,0.3430655300617218,False,4229,2.0912330959999963,screening,2001,2005,64_32,0.5,101225,0.8694267515923567,0.5789473684210527,57,0.3430655241999852,0.1833262835951939,628,0
10,5,15,0.3054240643978119,False,4229,0.4504949209999722,screening,2001,2005,64_32,1.0,101223,0.8949044585987261,0.4385964912280701,57,0.30542408216317,0.149711955585,628,0
20,5,25,0.3054240643978119,False,4229,0.782355680999899,screening,2001,2005,64_32,1.0,101223,0.8949044585987261,0.4385964912280701,57,0.30542408216317,0.149711955585,628,0
50,5,55,0.3054240643978119,False,4229,2.1266568930000176,screening,2001,2005,64_32,1.0,101223,0.8949044585987261,0.4385964912280701,57,0.30542408216317,0.149711955585,628,0
10,6,16,0.3388643562793731,False,4229,0.7525171380002575,screening,2001,2005,64_32,1.0,101224,0.89171974522293,0.4736842105263157,57,0.3388643536567597,0.1665431896963445,628,0
20,6,26,0.3388643562793731,False,4229,1.06188456100017,screening,2001,2005,64_32,1.0,101224,0.89171974522293,0.4736842105263157,57,0.3388643536567597,0.1665431896963445,628,0
50,6,56,0.3388643562793731,False,4229,2.1426668340000106,screening,2001,2005,64_32,1.0,101224,0.89171974522293,0.4736842105263157,57,0.3388643536567597,0.1665431896963445,628,0
10,2,12,0.3654534220695495,False,4229,0.3920899639997515,screening,2001,2005,64_32,1.0,101225,0.8789808917197452,0.5263157894736842,57,0.3654534333052205,0.1816995285846421,628,0
20,2,22,0.3654534220695495,False,4229,0.6904516529998546,screening,2001,2005,64_32,1.0,101225,0.8789808917197452,0.5263157894736842,57,0.3654534333052205,0.1816995285846421,628,0
50,2,52,0.3654534220695495,False,4229,1.7774102130001666,screening,2001,2005,64_32,1.0,101225,0.8789808917197452,0.5263157894736842,57,0.3654534333052205,0.1816995285846421,628,0
10,143,153,0.2816861867904663,False,581,5.166791371999807,screening,2005,2010,16,0.01,101223,0.8987341772151899,0.7410714285714286,112,0.2816861767201609,0.1497378974248001,632,0
20,195,215,0.2796326577663421,False,581,7.068668310999783,screening,2005,2010,16,0.01,101223,0.9003164556962026,0.7321428571428571,112,0.2796326514482114,0.1488976785861321,632,0
50,195,245,0.2796326577663421,False,581,7.947701155999766,screening,2005,2010,16,0.01,101223,0.9003164556962026,0.7321428571428571,112,0.2796326514482114,0.1488976785861321,632,0
10,55,65,0.3124525845050812,False,581,2.084784500999831,screening,2005,2010,16,0.01,101224,0.884493670886076,0.7767857142857143,112,0.3124525394222664,0.1660429955873966,632,0
20,208,228,0.2944032549858093,False,581,7.423849222999706,screening,2005,2010,16,0.01,101224,0.8955696202531646,0.7053571428571429,112,0.2944032574931016,0.1565603179361839,632,0
50,251,301,0.2937957942485809,False,581,9.637006704999749,screening,2005,2010,16,0.01,101224,0.8971518987341772,0.6964285714285714,112,0.2937958139087698,0.156545205778474,632,0
10,80,90,0.3021664023399353,False,581,2.9270655360001,screening,2005,2010,16,0.01,101225,0.8876582278481012,0.7767857142857143,112,0.3021664084017301,0.1605253400049229,632,0
20,190,210,0.295003592967987,False,581,6.613703270000315,screening,2005,2010,16,0.01,101225,0.8987341772151899,0.7410714285714286,112,0.2950035839236556,0.1541563892625876,632,0
50,190,240,0.295003592967987,False,581,7.565516721000222,screening,2005,2010,16,0.01,101225,0.8987341772151899,0.7410714285714286,112,0.2950035839236556,0.1541563892625876,632,0
10,53,63,0.2768981754779815,False,581,1.8897114970000075,screening,2005,2010,16,0.03,101223,0.8987341772151899,0.7142857142857143,112,0.2768981966329446,0.1471196400925543,632,0
20,53,73,0.2768981754779815,False,581,2.18182217399999,screening,2005,2010,16,0.03,101223,0.8987341772151899,0.7142857142857143,112,0.2768981966329446,0.1471196400925543,632,0
50,53,103,0.2768981754779815,False,581,3.115390257999934,screening,2005,2010,16,0.03,101223,0.8987341772151899,0.7142857142857143,112,0.2768981966329446,0.1471196400925543,632,0
10,61,71,0.2941154241561889,False,581,2.2820998890001647,screening,2005,2010,16,0.03,101224,0.8955696202531646,0.7142857142857143,112,0.2941154108000862,0.156343997581537,632,0
20,61,81,0.2941154241561889,False,581,2.6646716240002206,screening,2005,2010,16,0.03,101224,0.8955696202531646,0.7142857142857143,112,0.2941154108000862,0.156343997581537,632,0
50,88,138,0.2931350171566009,False,581,4.4163999990000775,screening,2005,2010,16,0.03,101224,0.8892405063291139,0.6517857142857143,112,0.2931349928735953,0.1570790913447134,632,0
10,46,56,0.2957717180252075,False,581,1.6763319339997906,screening,2005,2010,16,0.03,101225,0.8924050632911392,0.7589285714285714,112,0.2957716853133,0.1553066526761594,632,0
20,67,87,0.2923830151557922,False,581,2.6990731470000355,screening,2005,2010,16,0.03,101225,0.8987341772151899,0.7142857142857143,112,0.2923829905453337,0.1521653860007457,632,0
50,67,117,0.2923830151557922,False,581,3.6638753729998825,screening,2005,2010,16,0.03,101225,0.8987341772151899,0.7142857142857143,112,0.2923829905453337,0.1521653860007457,632,0
10,29,39,0.2785478830337524,False,581,1.169142610000108,screening,2005,2010,16,0.05,101223,0.9018987341772152,0.7232142857142857,112,0.2785478939528555,0.1471435677503034,632,0
20,40,60,0.2770271897315979,False,581,1.9735092880000595,screening,2005,2010,16,0.05,101223,0.9018987341772152,0.6964285714285714,112,0.2770271665406507,0.1475446255076112,632,0
50,40,90,0.2770271897315979,False,581,2.928485632000047,screening,2005,2010,16,0.05,101223,0.9018987341772152,0.6964285714285714,112,0.2770271665406507,0.1475446255076112,632,0
10,34,44,0.2910152077674866,False,581,1.5190702659997442,screening,2005,2010,16,0.05,101224,0.9018987341772152,0.7053571428571429,112,0.2910152238789753,0.1546301369865095,632,0
20,52,72,0.2899053692817688,False,581,2.3554250500001217,screening,2005,2010,16,0.05,101224,0.8924050632911392,0.6785714285714286,112,0.2899053523732549,0.1552846482416168,632,0
50,52,102,0.2899053692817688,False,581,3.1978995839999698,screening,2005,2010,16,0.05,101224,0.8924050632911392,0.6785714285714286,112,0.2899053523732549,0.1552846482416168,632,0
10,15,25,0.3028874695301056,False,581,0.7407966900000247,screening,2005,2010,16,0.05,101225,0.8908227848101266,0.7767857142857143,112,0.3028874364633532,0.1606351995894221,632,0
20,37,57,0.2914943993091583,False,581,1.6705780959996446,screening,2005,2010,16,0.05,101225,0.8971518987341772,0.7232142857142857,112,0.2914943731024333,0.1520697393327161,632,0
50,37,87,0.2914943993091583,False,581,2.546409100999881,screening,2005,2010,16,0.05,101225,0.8971518987341772,0.7232142857142857,112,0.2914943731024333,0.1520697393327161,632,0
10,19,29,0.2777836918830871,False,581,0.8386602300001869,screening,2005,2010,16,0.1,101223,0.8939873417721519,0.6339285714285714,112,0.2777837079187638,0.1487759193397384,632,0
20,19,39,0.2777836918830871,False,581,1.152430242000264,screening,2005,2010,16,0.1,101223,0.8939873417721519,0.6339285714285714,112,0.2777837079187638,0.1487759193397384,632,0
50,19,69,0.2777836918830871,False,581,2.2183501560002696,screening,2005,2010,16,0.1,101223,0.8939873417721519,0.6339285714285714,112,0.2777837079187638,0.1487759193397384,632,0
10,10,20,0.2850835025310516,False,581,0.8114418320001278,screening,2005,2010,16,0.1,101224,0.9018987341772152,0.6964285714285714,112,0.2850834853603824,0.1504349495424453,632,0
20,10,30,0.2850835025310516,False,581,1.1004077329998836,screening,2005,2010,16,0.1,101224,0.9018987341772152,0.6964285714285714,112,0.2850834853603824,0.1504349495424453,632,0
50,10,60,0.2850835025310516,False,581,2.161112140000114,screening,2005,2010,16,0.1,101224,0.9018987341772152,0.6964285714285714,112,0.2850834853603824,0.1504349495424453,632,0
10,9,19,0.2921489477157593,False,581,0.6356671680000545,screening,2005,2010,16,0.1,101225,0.8971518987341772,0.75,112,0.2921489782022844,0.1535319424935871,632,0
20,9,29,0.2921489477157593,False,581,0.9379657009999391,screening,2005,2010,16,0.1,101225,0.8971518987341772,0.75,112,0.2921489782022844,0.1535319424935871,632,0
50,32,82,0.2890848815441131,False,581,2.569799604999844,screening,2005,2010,16,0.1,101225,0.8939873417721519,0.6696428571428571,112,0.2890849205073788,0.1503530066865133,632,0
10,9,19,0.2742214798927307,False,581,0.6032136979997631,screening,2005,2010,16,0.2,101223,0.9018987341772152,0.7142857142857143,112,0.2742215354433434,0.1443790767953834,632,0
20,9,29,0.2742214798927307,False,581,0.947123554999962,screening,2005,2010,16,0.2,101223,0.9018987341772152,0.7142857142857143,112,0.2742215354433434,0.1443790767953834,632,0
50,9,59,0.2742214798927307,False,581,1.8144715399998856,screening,2005,2010,16,0.2,101223,0.9018987341772152,0.7142857142857143,112,0.2742215354433434,0.1443790767953834,632,0
10,5,15,0.2808197736740112,False,581,0.433460881999963,screening,2005,2010,16,0.2,101224,0.9018987341772152,0.6964285714285714,112,0.2808197896299261,0.147977927620818,632,0
20,5,25,0.2808197736740112,False,581,0.7181608220003,screening,2005,2010,16,0.2,101224,0.9018987341772152,0.6964285714285714,112,0.2808197896299261,0.147977927620818,632,0
50,5,55,0.2808197736740112,False,581,2.1096286360002523,screening,2005,2010,16,0.2,101224,0.9018987341772152,0.6964285714285714,112,0.2808197896299261,0.147977927620818,632,0
10,9,19,0.3019445240497589,False,581,0.5324356030000672,screening,2005,2010,16,0.2,101225,0.8924050632911392,0.7678571428571429,112,0.3019445245184268,0.1585536814473725,632,0
20,9,29,0.3019445240497589,False,581,0.8787169820002418,screening,2005,2010,16,0.2,101225,0.8924050632911392,0.7678571428571429,112,0.3019445245184268,0.1585536814473725,632,0
50,32,82,0.2981602549552917,False,581,2.771564048000073,screening,2005,2010,16,0.2,101225,0.8908227848101266,0.6428571428571429,112,0.2981602448406339,0.1538503758103758,632,0
10,5,15,0.2766356468200683,False,581,0.4596626829998058,screening,2005,2010,16,0.3,101223,0.9003164556962026,0.6607142857142857,112,0.2766356496198119,0.1467623647523941,632,0
20,5,25,0.2766356468200683,False,581,0.77663981600017,screening,2005,2010,16,0.3,101223,0.9003164556962026,0.6607142857142857,112,0.2766356496198119,0.1467623647523941,632,0
50,5,55,0.2766356468200683,False,581,1.7158594190000258,screening,2005,2010,16,0.3,101223,0.9003164556962026,0.6607142857142857,112,0.2766356496198119,0.1467623647523941,632,0
10,14,24,0.2678550481796264,False,581,0.7179969979997622,screening,2005,2010,16,0.3,101224,0.9082278481012658,0.6428571428571429,112,0.2678550925779512,0.1419987333202088,632,0
20,14,34,0.2678550481796264,False,581,1.0511134969997329,screening,2005,2010,16,0.3,101224,0.9082278481012658,0.6428571428571429,112,0.2678550925779512,0.1419987333202088,632,0
50,14,64,0.2678550481796264,False,581,2.0056015999998635,screening,2005,2010,16,0.3,101224,0.9082278481012658,0.6428571428571429,112,0.2678550925779512,0.1419987333202088,632,0
10,9,19,0.2866365313529968,False,581,0.6635214140001153,screening,2005,2010,16,0.3,101225,0.8908227848101266,0.7410714285714286,112,0.2866365591170017,0.1485129215684173,632,0
20,9,29,0.2866365313529968,False,581,0.9445397839999714,screening,2005,2010,16,0.3,101225,0.8908227848101266,0.7410714285714286,112,0.2866365591170017,0.1485129215684173,632,0
50,9,59,0.2866365313529968,False,581,1.8369252010002128,screening,2005,2010,16,0.3,101225,0.8908227848101266,0.7410714285714286,112,0.2866365591170017,0.1485129215684173,632,0
10,2,12,0.2838975787162781,False,581,0.4069931410003846,screening,2005,2010,16,0.5,101223,0.9003164556962026,0.5803571428571429,112,0.2838975911397181,0.1516088467640372,632,0
20,2,22,0.2838975787162781,False,581,0.819571437000377,screening,2005,2010,16,0.5,101223,0.9003164556962026,0.5803571428571429,112,0.2838975911397181,0.1516088467640372,632,0
50,2,52,0.2838975787162781,False,581,1.7456779480003206,screening,2005,2010,16,0.5,101223,0.9003164556962026,0.5803571428571429,112,0.2838975911397181,0.1516088467640372,632,0
10,2,12,0.2872207462787628,False,581,0.3391072389999863,screening,2005,2010,16,0.5,101224,0.884493670886076,0.5803571428571429,112,0.2872207684770083,0.1539192408705636,632,0
20,2,22,0.2872207462787628,False,581,0.6871691199999077,screening,2005,2010,16,0.5,101224,0.884493670886076,0.5803571428571429,112,0.2872207684770083,0.1539192408705636,632,0
50,2,52,0.2872207462787628,False,581,1.6071175470001435,screening,2005,2010,16,0.5,101224,0.884493670886076,0.5803571428571429,112,0.2872207684770083,0.1539192408705636,632,0
10,1,11,0.2931651175022125,False,581,0.3378647090003142,screening,2005,2010,16,0.5,101225,0.8971518987341772,0.7321428571428571,112,0.2931651206057376,0.1546287108812079,632,0
20,1,21,0.2931651175022125,False,581,0.7383994780002467,screening,2005,2010,16,0.5,101225,0.8971518987341772,0.7321428571428571,112,0.2931651206057376,0.1546287108812079,632,0
50,1,51,0.2931651175022125,False,581,1.6661387560002368,screening,2005,2010,16,0.5,101225,0.8971518987341772,0.7321428571428571,112,0.2931651206057376,0.1546287108812079,632,0
10,2,12,0.2927077114582062,False,581,0.3408584379999411,screening,2005,2010,16,1.0,101223,0.8892405063291139,0.5535714285714286,112,0.2927076715017483,0.1570783570322287,632,0
20,2,22,0.2927077114582062,False,581,0.6195472290000907,screening,2005,2010,16,1.0,101223,0.8892405063291139,0.5535714285714286,112,0.2927076715017483,0.1570783570322287,632,0
50,2,52,0.2927077114582062,False,581,1.7067505919999348,screening,2005,2010,16,1.0,101223,0.8892405063291139,0.5535714285714286,112,0.2927076715017483,0.1570783570322287,632,0
10,4,14,0.2771774232387543,False,581,0.414265000999876,screening,2005,2010,16,1.0,101224,0.8971518987341772,0.5982142857142857,112,0.2771774357880138,0.1434083633713322,632,0
20,4,24,0.2771774232387543,False,581,0.7574598979999791,screening,2005,2010,16,1.0,101224,0.8971518987341772,0.5982142857142857,112,0.2771774357880138,0.1434083633713322,632,0
50,4,54,0.2771774232387543,False,581,2.007571002000077,screening,2005,2010,16,1.0,101224,0.8971518987341772,0.5982142857142857,112,0.2771774357880138,0.1434083633713322,632,0
10,1,11,0.2875183820724487,False,581,0.612955129999591,screening,2005,2010,16,1.0,101225,0.9018987341772152,0.7232142857142857,112,0.2875184048619446,0.1494483479262877,632,0
20,1,21,0.2875183820724487,False,581,0.9394630939996204,screening,2005,2010,16,1.0,101225,0.9018987341772152,0.7232142857142857,112,0.2875184048619446,0.1494483479262877,632,0
50,1,51,0.2875183820724487,False,581,1.8583668079995728,screening,2005,2010,16,1.0,101225,0.9018987341772152,0.7232142857142857,112,0.2875184048619446,0.1494483479262877,632,0
10,81,91,0.2901983559131622,False,1157,2.857502651000232,screening,2005,2010,32,0.01,101223,0.8987341772151899,0.7589285714285714,112,0.2901983691650831,0.1529664152463981,632,0
20,103,123,0.2894337773323059,False,1157,4.0218824309999945,screening,2005,2010,32,0.01,101223,0.9018987341772152,0.7678571428571429,112,0.2894338161932499,0.1530458557615923,632,0
50,103,153,0.2894337773323059,False,1157,5.1354851599999165,screening,2005,2010,32,0.01,101223,0.9018987341772152,0.7678571428571429,112,0.2894338161932499,0.1530458557615923,632,0
10,104,114,0.2763361036777496,False,1157,3.8852039369999143,screening,2005,2010,32,0.01,101224,0.8971518987341772,0.6160714285714286,112,0.276336111049867,0.1464637105794772,632,0
20,104,124,0.2763361036777496,False,1157,4.214584367000043,screening,2005,2010,32,0.01,101224,0.8971518987341772,0.6160714285714286,112,0.276336111049867,0.1464637105794772,632,0
50,104,154,0.2763361036777496,False,1157,5.109641746999841,screening,2005,2010,32,0.01,101224,0.8971518987341772,0.6160714285714286,112,0.276336111049867,0.1464637105794772,632,0
10,80,90,0.3178533017635345,False,1157,2.964246433000426,screening,2005,2010,32,0.01,101225,0.8734177215189873,0.8035714285714286,112,0.3178533144723631,0.17300400086378,632,0
20,146,166,0.3109721839427948,False,1157,5.581611373000214,screening,2005,2010,32,0.01,101225,0.8860759493670886,0.7946428571428571,112,0.3109722151222178,0.1684941161671429,632,0
50,335,385,0.3019618690013885,False,1157,13.52977472800012,screening,2005,2010,32,0.01,101225,0.8939873417721519,0.7589285714285714,112,0.3019618840421925,0.1610115172969348,632,0
10,29,39,0.2874850630760193,False,1157,1.1286350479999785,screening,2005,2010,32,0.03,101223,0.9018987341772152,0.75,112,0.2874850822279549,0.1513844713051981,632,0
20,53,73,0.2834213674068451,False,1157,2.3158495170000606,screening,2005,2010,32,0.03,101223,0.9050632911392406,0.7410714285714286,112,0.283421342795857,0.1493879838360759,632,0
50,53,103,0.2834213674068451,False,1157,3.335218174000147,screening,2005,2010,32,0.03,101223,0.9050632911392406,0.7410714285714286,112,0.283421342795857,0.1493879838360759,632,0
10,37,47,0.2764928936958313,False,1157,1.805274671999996,screening,2005,2010,32,0.03,101224,0.8971518987341772,0.6160714285714286,112,0.2764928895552084,0.1466659966194455,632,0
20,37,57,0.2764928936958313,False,1157,2.1229470459998083,screening,2005,2010,32,0.03,101224,0.8971518987341772,0.6160714285714286,112,0.2764928895552084,0.1466659966194455,632,0
50,37,87,0.2764928936958313,False,1157,3.006832060999841,screening,2005,2010,32,0.03,101224,0.8971518987341772,0.6160714285714286,112,0.2764928895552084,0.1466659966194455,632,0
10,46,56,0.3110949397087097,False,1157,1.8027540550001504,screening,2005,2010,32,0.03,101225,0.8860759493670886,0.8035714285714286,112,0.3110949419525898,0.1683193463915584,632,0
20,67,87,0.3000677824020386,False,1157,2.827522372000203,screening,2005,2010,32,0.03,101225,0.8860759493670886,0.7678571428571429,112,0.3000677820118249,0.1608401173684689,632,0
50,143,193,0.2972424030303955,False,1157,6.003483923000204,screening,2005,2010,32,0.03,101225,0.903481012658228,0.7410714285714286,112,0.2972424215990861,0.1576790452855533,632,0
10,19,29,0.2860436141490936,False,1157,1.0042966920000254,screening,2005,2010,32,0.05,101223,0.9018987341772152,0.75,112,0.2860435762662995,0.1506329357667181,632,0
20,40,60,0.2849326431751251,False,1157,1.9540873149999245,screening,2005,2010,32,0.05,101223,0.9066455696202532,0.7232142857142857,112,0.2849326553587136,0.1504224162132423,632,0
50,40,90,0.2849326431751251,False,1157,2.9495526620003147,screening,2005,2010,32,0.05,101223,0.9066455696202532,0.7232142857142857,112,0.2849326553587136,0.1504224162132423,632,0
10,20,30,0.2766880691051483,False,1157,0.9196281690001342,screening,2005,2010,32,0.05,101224,0.8955696202531646,0.6160714285714286,112,0.2766880420405513,0.1467417892171527,632,0
20,20,40,0.2766880691051483,False,1157,1.2444286579998334,screening,2005,2010,32,0.05,101224,0.8955696202531646,0.6160714285714286,112,0.2766880420405513,0.1467417892171527,632,0
50,20,70,0.2766880691051483,False,1157,2.269208486000025,screening,2005,2010,32,0.05,101224,0.8955696202531646,0.6160714285714286,112,0.2766880420405513,0.1467417892171527,632,0
10,15,25,0.3193749487400055,False,1157,0.7122094930000458,screening,2005,2010,32,0.05,101225,0.8781645569620253,0.8035714285714286,112,0.3193749598518722,0.1736994280284295,632,0
20,67,87,0.2918131649494171,False,1157,3.268581566999728,screening,2005,2010,32,0.05,101225,0.8955696202531646,0.6964285714285714,112,0.2918131824516777,0.1553404719236881,632,0
50,67,117,0.2918131649494171,False,1157,5.04986079199989,screening,2005,2010,32,0.05,101225,0.8955696202531646,0.6964285714285714,112,0.2918131824516777,0.1553404719236881,632,0
10,9,19,0.2785257995128631,False,1157,0.5984900579996975,screening,2005,2010,32,0.1,101223,0.9082278481012658,0.75,112,0.2785258198821792,0.1459619910672578,632,0
20,9,29,0.2785257995128631,False,1157,0.8857237500001247,screening,2005,2010,32,0.1,101223,0.9082278481012658,0.75,112,0.2785258198821792,0.1459619910672578,632,0
50,9,59,0.2785257995128631,False,1157,2.0887014760000966,screening,2005,2010,32,0.1,101223,0.9082278481012658,0.75,112,0.2785258198821792,0.1459619910672578,632,0
10,11,21,0.2760637104511261,False,1157,0.6626832590000049,screening,2005,2010,32,0.1,101224,0.8955696202531646,0.5714285714285714,112,0.2760637008566442,0.1469922091460394,632,0
20,11,31,0.2760637104511261,False,1157,0.9431732709999778,screening,2005,2010,32,0.1,101224,0.8955696202531646,0.5714285714285714,112,0.2760637008566442,0.1469922091460394,632,0
50,11,61,0.2760637104511261,False,1157,1.902333727000041,screening,2005,2010,32,0.1,101224,0.8955696202531646,0.5714285714285714,112,0.2760637008566442,0.1469922091460394,632,0
10,9,19,0.3013878166675567,False,1157,0.594644062000043,screening,2005,2010,32,0.1,101225,0.8876582278481012,0.7857142857142857,112,0.3013878219243238,0.1614126813483253,632,0
20,37,57,0.2855685651302337,False,1157,1.79595725199988,screening,2005,2010,32,0.1,101225,0.8892405063291139,0.6785714285714286,112,0.2855685250035042,0.1521447840123878,632,0
50,37,87,0.2855685651302337,False,1157,2.6961130990002857,screening,2005,2010,32,0.1,101225,0.8892405063291139,0.6785714285714286,112,0.2855685250035042,0.1521447840123878,632,0
10,10,20,0.2789006233215332,False,1157,0.5977750389997709,screening,2005,2010,32,0.2,101223,0.8987341772151899,0.7232142857142857,112,0.2789006118056256,0.1470951993153155,632,0
20,10,30,0.2789006233215332,False,1157,1.3101494749998892,screening,2005,2010,32,0.2,101223,0.8987341772151899,0.7232142857142857,112,0.2789006118056256,0.1470951993153155,632,0
50,10,60,0.2789006233215332,False,1157,2.542110684999898,screening,2005,2010,32,0.2,101223,0.8987341772151899,0.7232142857142857,112,0.2789006118056256,0.1470951993153155,632,0
10,4,14,0.2773198783397674,False,1157,0.9314973690002262,screening,2005,2010,32,0.2,101224,0.8971518987341772,0.6517857142857143,112,0.2773198670859281,0.145924519251603,632,0
20,4,24,0.2773198783397674,False,1157,1.4961693720001676,screening,2005,2010,32,0.2,101224,0.8971518987341772,0.6517857142857143,112,0.2773198670859281,0.145924519251603,632,0
50,4,54,0.2773198783397674,False,1157,2.4683426400001736,screening,2005,2010,32,0.2,101224,0.8971518987341772,0.6517857142857143,112,0.2773198670859281,0.145924519251603,632,0
10,15,25,0.2959639132022857,False,1157,0.7904024039999058,screening,2005,2010,32,0.2,101225,0.8971518987341772,0.75,112,0.2959639214826473,0.1578818750727797,632,0
20,15,35,0.2959639132022857,False,1157,1.0855256429999829,screening,2005,2010,32,0.2,101225,0.8971518987341772,0.75,112,0.2959639214826473,0.1578818750727797,632,0
50,15,65,0.2959639132022857,False,1157,1.973409402000016,screening,2005,2010,32,0.2,101225,0.8971518987341772,0.75,112,0.2959639214826473,0.1578818750727797,632,0
10,5,15,0.2804601788520813,False,1157,1.125664510000206,screening,2005,2010,32,0.3,101223,0.9050632911392406,0.6964285714285714,112,0.2804601584721569,0.147739015144705,632,0
20,5,25,0.2804601788520813,False,1157,1.5068864849999954,screening,2005,2010,32,0.3,101223,0.9050632911392406,0.6964285714285714,112,0.2804601584721569,0.147739015144705,632,0
50,5,55,0.2804601788520813,False,1157,2.8658928440004274,screening,2005,2010,32,0.3,101223,0.9050632911392406,0.6964285714285714,112,0.2804601584721569,0.147739015144705,632,0
10,4,14,0.2783376276493072,False,1157,0.4974991519998184,screening,2005,2010,32,0.3,101224,0.903481012658228,0.6785714285714286,112,0.278337630506728,0.1464733798325551,632,0
20,4,24,0.2783376276493072,False,1157,0.8117880190002325,screening,2005,2010,32,0.3,101224,0.903481012658228,0.6785714285714286,112,0.278337630506728,0.1464733798325551,632,0
50,4,54,0.2783376276493072,False,1157,2.186026956000205,screening,2005,2010,32,0.3,101224,0.903481012658228,0.6785714285714286,112,0.278337630506728,0.1464733798325551,632,0
10,8,18,0.2867274582386017,False,1157,0.5524525479995646,screening,2005,2010,32,0.3,101225,0.8924050632911392,0.6696428571428571,112,0.2867274471756887,0.1526109487581394,632,0
20,8,28,0.2867274582386017,False,1157,0.9024177199999032,screening,2005,2010,32,0.3,101225,0.8924050632911392,0.6696428571428571,112,0.2867274471756887,0.1526109487581394,632,0
50,8,58,0.2867274582386017,False,1157,1.8041824109996012,screening,2005,2010,32,0.3,101225,0.8924050632911392,0.6696428571428571,112,0.2867274471756887,0.1526109487581394,632,0
10,2,12,0.284349113702774,False,1157,0.3485857720002059,screening,2005,2010,32,0.5,101223,0.8971518987341772,0.5982142857142857,112,0.2843491484710288,0.1511637710944111,632,0
20,2,22,0.284349113702774,False,1157,0.644976091999979,screening,2005,2010,32,0.5,101223,0.8971518987341772,0.5982142857142857,112,0.2843491484710288,0.1511637710944111,632,0
50,2,52,0.284349113702774,False,1157,1.7666735650000192,screening,2005,2010,32,0.5,101223,0.8971518987341772,0.5982142857142857,112,0.2843491484710288,0.1511637710944111,632,0
10,4,14,0.2817270159721374,False,1157,0.4123140149999926,screening,2005,2010,32,0.5,101224,0.8955696202531646,0.6160714285714286,112,0.2817270028494639,0.1494468135022576,632,0
20,4,24,0.2817270159721374,False,1157,0.703829895999661,screening,2005,2010,32,0.5,101224,0.8955696202531646,0.6160714285714286,112,0.2817270028494639,0.1494468135022576,632,0
50,4,54,0.2817270159721374,False,1157,1.832593139999972,screening,2005,2010,32,0.5,101224,0.8955696202531646,0.6160714285714286,112,0.2817270028494639,0.1494468135022576,632,0
10,8,18,0.2952765822410583,False,1157,0.5100747050000791,screening,2005,2010,32,0.5,101225,0.8971518987341772,0.5803571428571429,112,0.2952765261949033,0.1586049921616312,632,0
20,8,28,0.2952765822410583,False,1157,0.8548383810002633,screening,2005,2010,32,0.5,101225,0.8971518987341772,0.5803571428571429,112,0.2952765261949033,0.1586049921616312,632,0
50,8,58,0.2952765822410583,False,1157,1.7354054490001545,screening,2005,2010,32,0.5,101225,0.8971518987341772,0.5803571428571429,112,0.2952765261949033,0.1586049921616312,632,0
10,1,11,0.3000010848045349,False,1157,0.3174113840000245,screening,2005,2010,32,1.0,101223,0.8908227848101266,0.5982142857142857,112,0.300001106697036,0.1605064937663035,632,0
20,1,21,0.3000010848045349,False,1157,0.6482905409998239,screening,2005,2010,32,1.0,101223,0.8908227848101266,0.5982142857142857,112,0.300001106697036,0.1605064937663035,632,0
50,1,51,0.3000010848045349,False,1157,1.7212994359997538,screening,2005,2010,32,1.0,101223,0.8908227848101266,0.5982142857142857,112,0.300001106697036,0.1605064937663035,632,0
10,4,14,0.3093543946743011,False,1157,0.4037679900002331,screening,2005,2010,32,1.0,101224,0.879746835443038,0.4732142857142857,112,0.3093544140735167,0.171223245204966,632,0
20,4,24,0.3093543946743011,False,1157,0.7364531440002793,screening,2005,2010,32,1.0,101224,0.879746835443038,0.4732142857142857,112,0.3093544140735167,0.171223245204966,632,0
50,4,54,0.3093543946743011,False,1157,1.731576939000206,screening,2005,2010,32,1.0,101224,0.879746835443038,0.4732142857142857,112,0.3093544140735167,0.171223245204966,632,0
10,1,11,0.2841743528842926,False,1157,0.3106160009997438,screening,2005,2010,32,1.0,101225,0.9018987341772152,0.7321428571428571,112,0.2841743770597457,0.1503858254407647,632,0
20,1,21,0.2841743528842926,False,1157,0.6437776640000266,screening,2005,2010,32,1.0,101225,0.9018987341772152,0.7321428571428571,112,0.2841743770597457,0.1503858254407647,632,0
50,1,51,0.2841743528842926,False,1157,1.6659359870000117,screening,2005,2010,32,1.0,101225,0.9018987341772152,0.7321428571428571,112,0.2841743770597457,0.1503858254407647,632,0
10,81,91,0.2947772145271301,False,1605,3.5423633720001817,screening,2005,2010,32_16,0.01,101223,0.8939873417721519,0.75,112,0.2947772551818894,0.1542970903243376,632,0
20,143,163,0.2895373404026031,False,1605,6.606709292000232,screening,2005,2010,32_16,0.01,101223,0.8908227848101266,0.7321428571428571,112,0.2895373337525453,0.1520216944042691,632,0
50,143,193,0.2895373404026031,False,1605,8.47448477099988,screening,2005,2010,32_16,0.01,101223,0.8908227848101266,0.7321428571428571,112,0.2895373337525453,0.1520216944042691,632,0
10,122,132,0.2702705562114715,False,1605,5.098609777999627,screening,2005,2010,32_16,0.01,101224,0.8939873417721519,0.6785714285714286,112,0.2702705647213184,0.1397818176188428,632,0
20,150,170,0.2683314681053161,False,1605,7.005469256999731,screening,2005,2010,32_16,0.01,101224,0.8987341772151899,0.6339285714285714,112,0.2683315046919576,0.1398193323401142,632,0
50,150,200,0.2683314681053161,False,1605,8.731514973999765,screening,2005,2010,32_16,0.01,101224,0.8987341772151899,0.6339285714285714,112,0.2683315046919576,0.1398193323401142,632,0
10,96,106,0.2822892665863037,False,1605,4.009241178999673,screening,2005,2010,32_16,0.01,101225,0.9003164556962026,0.7410714285714286,112,0.2822892292567757,0.1487039320362305,632,0
20,130,150,0.2797090411186218,False,1605,5.667748451999614,screening,2005,2010,32_16,0.01,101225,0.9018987341772152,0.6964285714285714,112,0.2797090192354147,0.1471347547617145,632,0
50,130,180,0.2797090411186218,False,1605,6.875968673999978,screening,2005,2010,32_16,0.01,101225,0.9018987341772152,0.6964285714285714,112,0.2797090192354147,0.1471347547617145,632,0
10,29,39,0.2904815375804901,False,1605,1.330094621999706,screening,2005,2010,32_16,0.03,101223,0.8987341772151899,0.7589285714285714,112,0.2904815414881832,0.15217401422366,632,0
20,53,73,0.2826033532619476,False,1605,2.6110574529998303,screening,2005,2010,32_16,0.03,101223,0.8955696202531646,0.6785714285714286,112,0.2826033535164949,0.1488577113901453,632,0
50,53,103,0.2826033532619476,False,1605,3.779895059999944,screening,2005,2010,32_16,0.03,101223,0.8955696202531646,0.6785714285714286,112,0.2826033535164949,0.1488577113901453,632,0
10,56,66,0.2674826085567474,False,1605,2.511755308999909,screening,2005,2010,32_16,0.03,101224,0.8987341772151899,0.6160714285714286,112,0.2674826238700578,0.1399379603595395,632,0
20,56,76,0.2674826085567474,False,1605,2.9467295419999573,screening,2005,2010,32_16,0.03,101224,0.8987341772151899,0.6160714285714286,112,0.2674826238700578,0.1399379603595395,632,0
50,56,106,0.2674826085567474,False,1605,4.084085393999885,screening,2005,2010,32_16,0.03,101224,0.8987341772151899,0.6160714285714286,112,0.2674826238700578,0.1399379603595395,632,0
10,42,52,0.2773739099502563,False,1605,2.0052623480000875,screening,2005,2010,32_16,0.03,101225,0.9018987341772152,0.6696428571428571,112,0.2773739007493064,0.1459919778565361,632,0
20,42,62,0.2773739099502563,False,1605,2.345296805000089,screening,2005,2010,32_16,0.03,101225,0.9018987341772152,0.6696428571428571,112,0.2773739007493064,0.1459919778565361,632,0
50,42,92,0.2773739099502563,False,1605,3.366625717999796,screening,2005,2010,32_16,0.03,101225,0.9018987341772152,0.6696428571428571,112,0.2773739007493064,0.1459919778565361,632,0
10,29,39,0.2886554598808288,False,1605,1.5548191200000474,screening,2005,2010,32_16,0.05,101223,0.903481012658228,0.75,112,0.288655468898913,0.1499483618851312,632,0
20,29,49,0.2886554598808288,False,1605,1.9268962969999848,screening,2005,2010,32_16,0.05,101223,0.903481012658228,0.75,112,0.288655468898913,0.1499483618851312,632,0
50,29,79,0.2886554598808288,False,1605,3.0084096590003355,screening,2005,2010,32_16,0.05,101223,0.903481012658228,0.75,112,0.288655468898913,0.1499483618851312,632,0
10,31,41,0.2704470455646515,False,1605,1.7239530850001756,screening,2005,2010,32_16,0.05,101224,0.8971518987341772,0.625,112,0.2704470230545265,0.1410740212593476,632,0
20,31,51,0.2704470455646515,False,1605,2.0729492460000074,screening,2005,2010,32_16,0.05,101224,0.8971518987341772,0.625,112,0.2704470230545265,0.1410740212593476,632,0
50,31,81,0.2704470455646515,False,1605,3.1816471289998844,screening,2005,2010,32_16,0.05,101224,0.8971518987341772,0.625,112,0.2704470230545265,0.1410740212593476,632,0
10,27,37,0.2790786623954773,False,1605,1.5908217579999473,screening,2005,2010,32_16,0.05,101225,0.9018987341772152,0.6875,112,0.2790786509711722,0.146968457545881,632,0
20,27,47,0.2790786623954773,False,1605,1.9367090579999056,screening,2005,2010,32_16,0.05,101225,0.9018987341772152,0.6875,112,0.2790786509711722,0.146968457545881,632,0
50,27,77,0.2790786623954773,False,1605,2.997660321999774,screening,2005,2010,32_16,0.05,101225,0.9018987341772152,0.6875,112,0.2790786509711722,0.146968457545881,632,0
10,16,26,0.2814290821552276,False,1605,1.0183656720000729,screening,2005,2010,32_16,0.1,101223,0.8955696202531646,0.75,112,0.2814290592042876,0.146993027949097,632,0
20,16,36,0.2814290821552276,False,1605,1.3910849490002877,screening,2005,2010,32_16,0.1,101223,0.8955696202531646,0.75,112,0.2814290592042876,0.146993027949097,632,0
50,16,66,0.2814290821552276,False,1605,2.4727371160001894,screening,2005,2010,32_16,0.1,101223,0.8955696202531646,0.75,112,0.2814290592042876,0.146993027949097,632,0
10,19,29,0.2677908837795257,False,1605,1.065951312999914,screening,2005,2010,32_16,0.1,101224,0.9018987341772152,0.6428571428571429,112,0.2677908838860384,0.139362416418143,632,0
20,19,39,0.2677908837795257,False,1605,1.5501376940001137,screening,2005,2010,32_16,0.1,101224,0.9018987341772152,0.6428571428571429,112,0.2677908838860384,0.139362416418143,632,0
50,19,69,0.2677908837795257,False,1605,2.626551056999688,screening,2005,2010,32_16,0.1,101224,0.9018987341772152,0.6428571428571429,112,0.2677908838860384,0.139362416418143,632,0
10,11,21,0.2802115082740783,False,1605,0.740215962000093,screening,2005,2010,32_16,0.1,101225,0.9050632911392406,0.7053571428571429,112,0.2802115070688958,0.1462447474623051,632,0
20,11,31,0.2802115082740783,False,1605,1.1692722379998486,screening,2005,2010,32_16,0.1,101225,0.9050632911392406,0.7053571428571429,112,0.2802115070688958,0.1462447474623051,632,0
50,11,61,0.2802115082740783,False,1605,2.24080845699973,screening,2005,2010,32_16,0.1,101225,0.9050632911392406,0.7053571428571429,112,0.2802115070688958,0.1462447474623051,632,0
10,5,15,0.2807387411594391,False,1605,0.5194269660000828,screening,2005,2010,32_16,0.2,101223,0.8924050632911392,0.6607142857142857,112,0.2807387709047514,0.1471636460095534,632,0
20,16,36,0.2793032526969909,False,1605,1.2513155179999558,screening,2005,2010,32_16,0.2,101223,0.9003164556962026,0.6964285714285714,112,0.2793032238700494,0.1453767477144786,632,0
50,16,66,0.2793032526969909,False,1605,2.3450985509998645,screening,2005,2010,32_16,0.2,101223,0.9003164556962026,0.6964285714285714,112,0.2793032238700494,0.1453767477144786,632,0
10,7,17,0.2760368287563324,False,1605,0.5890453729998626,screening,2005,2010,32_16,0.2,101224,0.9018987341772152,0.6160714285714286,112,0.2760368318980818,0.1434803750786525,632,0
20,7,27,0.2760368287563324,False,1605,0.9600625409998428,screening,2005,2010,32_16,0.2,101224,0.9018987341772152,0.6160714285714286,112,0.2760368318980818,0.1434803750786525,632,0
50,7,57,0.2760368287563324,False,1605,2.5949060849998205,screening,2005,2010,32_16,0.2,101224,0.9018987341772152,0.6160714285714286,112,0.2760368318980818,0.1434803750786525,632,0
10,8,18,0.2844217121601105,False,1605,0.7849013790000754,screening,2005,2010,32_16,0.2,101225,0.8892405063291139,0.5446428571428571,112,0.2844217150474358,0.1516736824321865,632,0
20,8,28,0.2844217121601105,False,1605,1.6460231099999874,screening,2005,2010,32_16,0.2,101225,0.8892405063291139,0.5446428571428571,112,0.2844217150474358,0.1516736824321865,632,0
50,8,58,0.2844217121601105,False,1605,2.790458594000029,screening,2005,2010,32_16,0.2,101225,0.8892405063291139,0.5446428571428571,112,0.2844217150474358,0.1516736824321865,632,0
10,5,15,0.2841919958591461,False,1605,0.5163540110002032,screening,2005,2010,32_16,0.3,101223,0.9018987341772152,0.6339285714285714,112,0.2841919693981014,0.148786577622395,632,0
20,5,25,0.2841919958591461,False,1605,0.87140758500027,screening,2005,2010,32_16,0.3,101223,0.9018987341772152,0.6339285714285714,112,0.2841919693981014,0.148786577622395,632,0
50,5,55,0.2841919958591461,False,1605,1.9825804270003573,screening,2005,2010,32_16,0.3,101223,0.9018987341772152,0.6339285714285714,112,0.2841919693981014,0.148786577622395,632,0
10,4,14,0.2779770493507385,False,1605,0.5324374729998453,screening,2005,2010,32_16,0.3,101224,0.8939873417721519,0.7053571428571429,112,0.2779770825065165,0.1424015287152893,632,0
20,4,24,0.2779770493507385,False,1605,0.8853193780000765,screening,2005,2010,32_16,0.3,101224,0.8939873417721519,0.7053571428571429,112,0.2779770825065165,0.1424015287152893,632,0
50,4,54,0.2779770493507385,False,1605,2.4685133369998766,screening,2005,2010,32_16,0.3,101224,0.8939873417721519,0.7053571428571429,112,0.2779770825065165,0.1424015287152893,632,0
10,10,20,0.288743793964386,False,1605,0.7984401979997529,screening,2005,2010,32_16,0.3,101225,0.9018987341772152,0.7410714285714286,112,0.2887437756574298,0.1486232566736542,632,0
20,10,30,0.288743793964386,False,1605,1.3439358509999693,screening,2005,2010,32_16,0.3,101225,0.9018987341772152,0.7410714285714286,112,0.2887437756574298,0.1486232566736542,632,0
50,10,60,0.288743793964386,False,1605,2.425485223999658,screening,2005,2010,32_16,0.3,101225,0.9018987341772152,0.7410714285714286,112,0.2887437756574298,0.1486232566736542,632,0
10,2,12,0.2831968963146209,False,1605,0.4165277190004417,screening,2005,2010,32_16,0.5,101223,0.9003164556962026,0.6339285714285714,112,0.2831969000272786,0.148393517010019,632,0
20,2,22,0.2831968963146209,False,1605,0.7610210640000332,screening,2005,2010,32_16,0.5,101223,0.9003164556962026,0.6339285714285714,112,0.2831969000272786,0.148393517010019,632,0
50,2,52,0.2831968963146209,False,1605,1.8631250300004467,screening,2005,2010,32_16,0.5,101223,0.9003164556962026,0.6339285714285714,112,0.2831969000272786,0.148393517010019,632,0
10,4,14,0.2702696323394775,False,1605,0.4783961170001021,screening,2005,2010,32_16,0.5,101224,0.8987341772151899,0.625,112,0.2702696504156431,0.1389955253119869,632,0
20,4,24,0.2702696323394775,False,1605,0.9599881989997812,screening,2005,2010,32_16,0.5,101224,0.8987341772151899,0.625,112,0.2702696504156431,0.1389955253119869,632,0
50,4,54,0.2702696323394775,False,1605,2.2663139199999023,screening,2005,2010,32_16,0.5,101224,0.8987341772151899,0.625,112,0.2702696504156431,0.1389955253119869,632,0
10,6,16,0.2919366061687469,False,1605,0.6963999230001718,screening,2005,2010,32_16,0.5,101225,0.8987341772151899,0.6339285714285714,112,0.2919366150652912,0.1468564430146013,632,0
20,6,26,0.2919366061687469,False,1605,1.1329567369998583,screening,2005,2010,32_16,0.5,101225,0.8987341772151899,0.6339285714285714,112,0.2919366150652912,0.1468564430146013,632,0
50,6,56,0.2919366061687469,False,1605,2.391186600999845,screening,2005,2010,32_16,0.5,101225,0.8987341772151899,0.6339285714285714,112,0.2919366150652912,0.1468564430146013,632,0
10,9,19,0.2995164692401886,False,1605,0.7439095439999619,screening,2005,2010,32_16,1.0,101223,0.8955696202531646,0.6160714285714286,112,0.2995164856400024,0.1568751442143997,632,0
20,9,29,0.2995164692401886,False,1605,1.0866567429998213,screening,2005,2010,32_16,1.0,101223,0.8955696202531646,0.6160714285714286,112,0.2995164856400024,0.1568751442143997,632,0
50,9,59,0.2995164692401886,False,1605,2.449637250999785,screening,2005,2010,32_16,1.0,101223,0.8955696202531646,0.6160714285714286,112,0.2995164856400024,0.1568751442143997,632,0
10,4,14,0.2788936197757721,False,1605,0.4846289890001571,screening,2005,2010,32_16,1.0,101224,0.9082278481012658,0.6964285714285714,112,0.2788936369788841,0.1376711071262708,632,0
20,4,24,0.2788936197757721,False,1605,0.9876653569999688,screening,2005,2010,32_16,1.0,101224,0.9082278481012658,0.6964285714285714,112,0.2788936369788841,0.1376711071262708,632,0
50,4,54,0.2788936197757721,False,1605,2.2817199099999925,screening,2005,2010,32_16,1.0,101224,0.9082278481012658,0.6964285714285714,112,0.2788936369788841,0.1376711071262708,632,0
10,16,26,0.3041266798973083,False,1605,1.0825908689998869,screening,2005,2010,32_16,1.0,101225,0.8924050632911392,0.6696428571428571,112,0.304126673186383,0.1634992146198264,632,0
20,16,36,0.3041266798973083,False,1605,1.4452582680000887,screening,2005,2010,32_16,1.0,101225,0.8924050632911392,0.6696428571428571,112,0.304126673186383,0.1634992146198264,632,0
50,16,66,0.3041266798973083,False,1605,2.537859428000047,screening,2005,2010,32_16,1.0,101225,0.8924050632911392,0.6696428571428571,112,0.304126673186383,0.1634992146198264,632,0
10,81,91,0.2829400300979614,False,4229,3.693934074000026,screening,2005,2010,64_32,0.01,101223,0.9003164556962026,0.6339285714285714,112,0.2829400143502847,0.1481235071219362,632,0
20,81,101,0.2829400300979614,False,4229,4.1423715079999965,screening,2005,2010,64_32,0.01,101223,0.9003164556962026,0.6339285714285714,112,0.2829400143502847,0.1481235071219362,632,0
50,81,131,0.2829400300979614,False,4229,5.407329380000192,screening,2005,2010,64_32,0.01,101223,0.9003164556962026,0.6339285714285714,112,0.2829400143502847,0.1481235071219362,632,0
10,152,162,0.2830797135829925,False,4229,6.555130575000021,screening,2005,2010,64_32,0.01,101224,0.8924050632911392,0.6875,112,0.2830797116394223,0.1460921235220952,632,0
20,152,172,0.2830797135829925,False,4229,6.909339557999829,screening,2005,2010,64_32,0.01,101224,0.8924050632911392,0.6875,112,0.2830797116394223,0.1460921235220952,632,0
50,152,202,0.2830797135829925,False,4229,8.029318037999928,screening,2005,2010,64_32,0.01,101224,0.8924050632911392,0.6875,112,0.2830797116394223,0.1460921235220952,632,0
10,96,106,0.2780572474002838,False,4229,4.000926574000005,screening,2005,2010,64_32,0.01,101225,0.8939873417721519,0.6696428571428571,112,0.2780572497882892,0.1469899388171698,632,0
20,96,116,0.2780572474002838,False,4229,4.437205746000018,screening,2005,2010,64_32,0.01,101225,0.8939873417721519,0.6696428571428571,112,0.2780572497882892,0.1469899388171698,632,0
50,96,146,0.2780572474002838,False,4229,5.622578231999796,screening,2005,2010,64_32,0.01,101225,0.8939873417721519,0.6696428571428571,112,0.2780572497882892,0.1469899388171698,632,0
10,33,43,0.2826622128486633,False,4229,1.585354111000015,screening,2005,2010,64_32,0.03,101223,0.9050632911392406,0.7053571428571429,112,0.2826622223699723,0.1470395460285309,632,0
20,33,53,0.2826622128486633,False,4229,1.951997814999686,screening,2005,2010,64_32,0.03,101223,0.9050632911392406,0.7053571428571429,112,0.2826622223699723,0.1470395460285309,632,0
50,33,83,0.2826622128486633,False,4229,3.34242863999998,screening,2005,2010,64_32,0.03,101223,0.9050632911392406,0.7053571428571429,112,0.2826622223699723,0.1470395460285309,632,0
10,51,61,0.2809339165687561,False,4229,2.617424253000081,screening,2005,2010,64_32,0.03,101224,0.8987341772151899,0.6428571428571429,112,0.2809339189183205,0.1455985292073855,632,0
20,51,71,0.2809339165687561,False,4229,2.991521468999963,screening,2005,2010,64_32,0.03,101224,0.8987341772151899,0.6428571428571429,112,0.2809339189183205,0.1455985292073855,632,0
50,51,101,0.2809339165687561,False,4229,4.131928571000117,screening,2005,2010,64_32,0.03,101224,0.8987341772151899,0.6428571428571429,112,0.2809339189183205,0.1455985292073855,632,0
10,31,41,0.2773633599281311,False,4229,1.6644661169998471,screening,2005,2010,64_32,0.03,101225,0.8955696202531646,0.6607142857142857,112,0.2773633770701447,0.1464674404654261,632,0
20,31,51,0.2773633599281311,False,4229,2.0202097289998164,screening,2005,2010,64_32,0.03,101225,0.8955696202531646,0.6607142857142857,112,0.2773633770701447,0.1464674404654261,632,0
50,31,81,0.2773633599281311,False,4229,3.145588461999978,screening,2005,2010,64_32,0.03,101225,0.8955696202531646,0.6607142857142857,112,0.2773633770701447,0.1464674404654261,632,0
10,16,26,0.2815680801868438,False,4229,0.9686115800000152,screening,2005,2010,64_32,0.05,101223,0.903481012658228,0.6964285714285714,112,0.2815681150843306,0.1459900673114564,632,0
20,16,36,0.2815680801868438,False,4229,1.3256120109999756,screening,2005,2010,64_32,0.05,101223,0.903481012658228,0.6964285714285714,112,0.2815681150843306,0.1459900673114564,632,0
50,16,66,0.2815680801868438,False,4229,2.472820127999966,screening,2005,2010,64_32,0.05,101223,0.903481012658228,0.6964285714285714,112,0.2815681150843306,0.1459900673114564,632,0
10,27,37,0.2807047069072723,False,4229,1.596013546999984,screening,2005,2010,64_32,0.05,101224,0.9018987341772152,0.7142857142857143,112,0.2807047216275569,0.1441869448749257,632,0
20,27,47,0.2807047069072723,False,4229,1.9675697329998911,screening,2005,2010,64_32,0.05,101224,0.9018987341772152,0.7142857142857143,112,0.2807047216275569,0.1441869448749257,632,0
50,27,77,0.2807047069072723,False,4229,3.0591253349998624,screening,2005,2010,64_32,0.05,101224,0.9018987341772152,0.7142857142857143,112,0.2807047216275569,0.1441869448749257,632,0
10,22,32,0.2803719937801361,False,4229,1.3681316629999856,screening,2005,2010,64_32,0.05,101225,0.8971518987341772,0.6607142857142857,112,0.2803720200456631,0.1485123711191142,632,0
20,22,42,0.2803719937801361,False,4229,1.7188412499999686,screening,2005,2010,64_32,0.05,101225,0.8971518987341772,0.6607142857142857,112,0.2803720200456631,0.1485123711191142,632,0
50,22,72,0.2803719937801361,False,4229,2.860215695000079,screening,2005,2010,64_32,0.05,101225,0.8971518987341772,0.6607142857142857,112,0.2803720200456631,0.1485123711191142,632,0
10,9,19,0.2760620713233948,False,4229,0.7220145509995746,screening,2005,2010,64_32,0.1,101223,0.9066455696202532,0.6785714285714286,112,0.2760620711087193,0.1426162948847547,632,0
20,9,29,0.2760620713233948,False,4229,1.155341527000019,screening,2005,2010,64_32,0.1,101223,0.9066455696202532,0.6785714285714286,112,0.2760620711087193,0.1426162948847547,632,0
50,9,59,0.2760620713233948,False,4229,2.340479366999716,screening,2005,2010,64_32,0.1,101223,0.9066455696202532,0.6785714285714286,112,0.2760620711087193,0.1426162948847547,632,0
10,17,27,0.2726556062698364,False,4229,1.0561326379997809,screening,2005,2010,64_32,0.1,101224,0.903481012658228,0.6607142857142857,112,0.2726555953991769,0.1404118848102922,632,0
20,17,37,0.2726556062698364,False,4229,1.5377895669998909,screening,2005,2010,64_32,0.1,101224,0.903481012658228,0.6607142857142857,112,0.2726555953991769,0.1404118848102922,632,0
50,17,67,0.2726556062698364,False,4229,2.7871389319998343,screening,2005,2010,64_32,0.1,101224,0.903481012658228,0.6607142857142857,112,0.2726555953991769,0.1404118848102922,632,0
10,9,19,0.28218874335289,False,4229,0.7534722529999272,screening,2005,2010,64_32,0.1,101225,0.8939873417721519,0.7142857142857143,112,0.2821887297728914,0.1488220826645693,632,0
20,9,29,0.28218874335289,False,4229,1.2155946550001318,screening,2005,2010,64_32,0.1,101225,0.8939873417721519,0.7142857142857143,112,0.2821887297728914,0.1488220826645693,632,0
50,9,59,0.28218874335289,False,4229,2.329666322999856,screening,2005,2010,64_32,0.1,101225,0.8939873417721519,0.7142857142857143,112,0.2821887297728914,0.1488220826645693,632,0
10,9,19,0.2844976484775543,False,4229,0.7985078360002262,screening,2005,2010,64_32,0.2,101223,0.903481012658228,0.6875,112,0.2844976560750942,0.1456361407675837,632,0
20,9,29,0.2844976484775543,False,4229,1.2108918530002484,screening,2005,2010,64_32,0.2,101223,0.903481012658228,0.6875,112,0.2844976560750942,0.1456361407675837,632,0
50,9,59,0.2844976484775543,False,4229,2.4113859470003263,screening,2005,2010,64_32,0.2,101223,0.903481012658228,0.6875,112,0.2844976560750942,0.1456361407675837,632,0
10,14,24,0.2709144949913025,False,4229,0.8527847489999658,screening,2005,2010,64_32,0.2,101224,0.903481012658228,0.6428571428571429,112,0.2709144728871787,0.1419648444630686,632,0
20,14,34,0.2709144949913025,False,4229,1.221276642000248,screening,2005,2010,64_32,0.2,101224,0.903481012658228,0.6428571428571429,112,0.2709144728871787,0.1419648444630686,632,0
50,14,64,0.2709144949913025,False,4229,2.464388004000284,screening,2005,2010,64_32,0.2,101224,0.903481012658228,0.6428571428571429,112,0.2709144728871787,0.1419648444630686,632,0
10,10,20,0.2943795621395111,False,4229,0.720648552000057,screening,2005,2010,64_32,0.2,101225,0.8939873417721519,0.7410714285714286,112,0.2943795495971728,0.1546399043025762,632,0
20,10,30,0.2943795621395111,False,4229,1.1017653850003626,screening,2005,2010,64_32,0.2,101225,0.8939873417721519,0.7410714285714286,112,0.2943795495971728,0.1546399043025762,632,0
50,10,60,0.2943795621395111,False,4229,2.3340344960001858,screening,2005,2010,64_32,0.2,101225,0.8939873417721519,0.7410714285714286,112,0.2943795495971728,0.1546399043025762,632,0
10,2,12,0.2970642447471618,False,4229,0.4285764179999205,screening,2005,2010,64_32,0.3,101223,0.8908227848101266,0.5357142857142857,112,0.2970642593557163,0.1574183036081101,632,0
20,2,22,0.2970642447471618,False,4229,0.8864043209996453,screening,2005,2010,64_32,0.3,101223,0.8908227848101266,0.5357142857142857,112,0.2970642593557163,0.1574183036081101,632,0
50,2,52,0.2970642447471618,False,4229,2.045272589999968,screening,2005,2010,64_32,0.3,101223,0.8908227848101266,0.5357142857142857,112,0.2970642593557163,0.1574183036081101,632,0
10,14,24,0.2871856391429901,False,4229,0.8966879769996012,screening,2005,2010,64_32,0.3,101224,0.9003164556962026,0.5803571428571429,112,0.287185646525299,0.1530860288116207,632,0
20,14,34,0.2871856391429901,False,4229,1.322886718999598,screening,2005,2010,64_32,0.3,101224,0.9003164556962026,0.5803571428571429,112,0.287185646525299,0.1530860288116207,632,0
50,14,64,0.2871856391429901,False,4229,2.542273935999674,screening,2005,2010,64_32,0.3,101224,0.9003164556962026,0.5803571428571429,112,0.287185646525299,0.1530860288116207,632,0
10,6,16,0.2952820360660553,False,4229,0.5835599130000446,screening,2005,2010,64_32,0.3,101225,0.8955696202531646,0.6964285714285714,112,0.2952820175729943,0.1545126490339607,632,0
20,6,26,0.2952820360660553,False,4229,0.9526603140002408,screening,2005,2010,64_32,0.3,101225,0.8955696202531646,0.6964285714285714,112,0.2952820175729943,0.1545126490339607,632,0
50,6,56,0.2952820360660553,False,4229,2.208373209000001,screening,2005,2010,64_32,0.3,101225,0.8955696202531646,0.6964285714285714,112,0.2952820175729943,0.1545126490339607,632,0
10,2,12,0.3013927638530731,False,4229,0.5633276230000774,screening,2005,2010,64_32,0.5,101223,0.8813291139240507,0.4375,112,0.3013927490932338,0.1643948501578495,632,0
20,2,22,0.3013927638530731,False,4229,0.9336767149998196,screening,2005,2010,64_32,0.5,101223,0.8813291139240507,0.4375,112,0.3013927490932338,0.1643948501578495,632,0
50,2,52,0.3013927638530731,False,4229,2.0151798239999152,screening,2005,2010,64_32,0.5,101223,0.8813291139240507,0.4375,112,0.3013927490932338,0.1643948501578495,632,0
10,4,14,0.2791748940944671,False,4229,0.5818143520000376,screening,2005,2010,64_32,0.5,101224,0.9018987341772152,0.6964285714285714,112,0.2791748992065753,0.1407873397909849,632,0
20,4,24,0.2791748940944671,False,4229,0.9404927119999228,screening,2005,2010,64_32,0.5,101224,0.9018987341772152,0.6964285714285714,112,0.2791748992065753,0.1407873397909849,632,0
50,4,54,0.2791748940944671,False,4229,2.181564626999716,screening,2005,2010,64_32,0.5,101224,0.9018987341772152,0.6964285714285714,112,0.2791748992065753,0.1407873397909849,632,0
10,2,12,0.3007673323154449,False,4229,0.4795240270000249,screening,2005,2010,64_32,0.5,101225,0.884493670886076,0.5714285714285714,112,0.3007673519933089,0.1602110168926558,632,0
20,2,22,0.3007673323154449,False,4229,0.8411446679997425,screening,2005,2010,64_32,0.5,101225,0.884493670886076,0.5714285714285714,112,0.3007673519933089,0.1602110168926558,632,0
50,2,52,0.3007673323154449,False,4229,2.1610381109999253,screening,2005,2010,64_32,0.5,101225,0.884493670886076,0.5714285714285714,112,0.3007673519933089,0.1602110168926558,632,0
10,3,13,0.3246438801288605,False,4229,0.7000709750000169,screening,2005,2010,64_32,1.0,101223,0.8876582278481012,0.7767857142857143,112,0.3246438655295705,0.1695369077371327,632,0
20,3,23,0.3246438801288605,False,4229,1.0831471699998474,screening,2005,2010,64_32,1.0,101223,0.8876582278481012,0.7767857142857143,112,0.3246438655295705,0.1695369077371327,632,0
50,3,53,0.3246438801288605,False,4229,2.223354051000115,screening,2005,2010,64_32,1.0,101223,0.8876582278481012,0.7767857142857143,112,0.3246438655295705,0.1695369077371327,632,0
10,4,14,0.2847468554973602,False,4229,0.5171782190000158,screening,2005,2010,64_32,1.0,101224,0.8955696202531646,0.6428571428571429,112,0.2847468880285045,0.1424022527622991,632,0
20,4,24,0.2847468554973602,False,4229,0.891709494999759,screening,2005,2010,64_32,1.0,101224,0.8955696202531646,0.6428571428571429,112,0.2847468880285045,0.1424022527622991,632,0
50,4,54,0.2847468554973602,False,4229,2.166971981999722,screening,2005,2010,64_32,1.0,101224,0.8955696202531646,0.6428571428571429,112,0.2847468880285045,0.1424022527622991,632,0
10,1,11,0.2980377376079559,False,4229,0.4128838840001663,screening,2005,2010,64_32,1.0,101225,0.9003164556962026,0.7678571428571429,112,0.2980377736419911,0.1519852618391383,632,0
20,1,21,0.2980377376079559,False,4229,0.8742681260000609,screening,2005,2010,64_32,1.0,101225,0.9003164556962026,0.7678571428571429,112,0.2980377736419911,0.1519852618391383,632,0
50,1,51,0.2980377376079559,False,4229,2.1347301490000063,screening,2005,2010,64_32,1.0,101225,0.9003164556962026,0.7678571428571429,112,0.2980377736419911,0.1519852618391383,632,0
10,8,18,0.8594861626625061,False,581,0.7424754930002564,screening,2010,2015,16,0.01,101223,0.7816455696202531,0.4403669724770642,109,0.8594861675483493,0.3416532258019753,632,0
20,8,28,0.8594861626625061,False,581,1.1330363750003016,screening,2010,2015,16,0.01,101223,0.7816455696202531,0.4403669724770642,109,0.8594861675483493,0.3416532258019753,632,0
50,8,58,0.8594861626625061,False,581,2.452850471000147,screening,2010,2015,16,0.01,101223,0.7816455696202531,0.4403669724770642,109,0.8594861675483493,0.3416532258019753,632,0
10,17,27,0.8396175503730774,False,581,1.136368493000191,screening,2010,2015,16,0.01,101224,0.7721518987341772,0.4403669724770642,109,0.8396175941406486,0.3463037824689934,632,0
20,17,37,0.8396175503730774,False,581,1.5687693410000063,screening,2010,2015,16,0.01,101224,0.7721518987341772,0.4403669724770642,109,0.8396175941406486,0.3463037824689934,632,0
50,17,67,0.8396175503730774,False,581,2.6840643790001195,screening,2010,2015,16,0.01,101224,0.7721518987341772,0.4403669724770642,109,0.8396175941406486,0.3463037824689934,632,0
10,12,22,0.7817083597183228,False,581,0.8400471449999714,screening,2010,2015,16,0.01,101225,0.7784810126582279,0.3119266055045872,109,0.7817083603124578,0.3276336313445588,632,0
20,12,32,0.7817083597183228,False,581,1.2033028969999575,screening,2010,2015,16,0.01,101225,0.7784810126582279,0.3119266055045872,109,0.7817083603124578,0.3276336313445588,632,0
50,12,62,0.7817083597183228,False,581,2.320133721999809,screening,2010,2015,16,0.01,101225,0.7784810126582279,0.3119266055045872,109,0.7817083603124578,0.3276336313445588,632,0
10,3,13,0.8526832461357117,False,581,0.5941179349997583,screening,2010,2015,16,0.03,101223,0.7895569620253164,0.4403669724770642,109,0.8526832144667672,0.3335209863861389,632,0
20,3,23,0.8526832461357117,False,581,0.9537726519997703,screening,2010,2015,16,0.03,101223,0.7895569620253164,0.4403669724770642,109,0.8526832144667672,0.3335209863861389,632,0
50,3,53,0.8526832461357117,False,581,2.029079418000037,screening,2010,2015,16,0.03,101223,0.7895569620253164,0.4403669724770642,109,0.8526832144667672,0.3335209863861389,632,0
10,7,17,0.8362929224967957,False,581,0.6196492200001558,screening,2010,2015,16,0.03,101224,0.7816455696202531,0.4220183486238532,109,0.8362929138340297,0.346669270092883,632,0
20,7,27,0.8362929224967957,False,581,0.995354159999806,screening,2010,2015,16,0.03,101224,0.7816455696202531,0.4220183486238532,109,0.8362929138340297,0.346669270092883,632,0
50,7,57,0.8362929224967957,False,581,2.291949509999995,screening,2010,2015,16,0.03,101224,0.7816455696202531,0.4220183486238532,109,0.8362929138340297,0.346669270092883,632,0
10,4,14,0.7826955914497375,False,581,0.5944797749998543,screening,2010,2015,16,0.03,101225,0.7768987341772152,0.3119266055045872,109,0.7826955142495928,0.3282446949318718,632,0
20,4,24,0.7826955914497375,False,581,0.9563481010000032,screening,2010,2015,16,0.03,101225,0.7768987341772152,0.3119266055045872,109,0.7826955142495928,0.3282446949318718,632,0
50,4,54,0.7826955914497375,False,581,2.105900858000041,screening,2010,2015,16,0.03,101225,0.7768987341772152,0.3119266055045872,109,0.7826955142495928,0.3282446949318718,632,0
10,3,13,0.8610745072364807,False,581,0.4785710569999537,screening,2010,2015,16,0.05,101223,0.7927215189873418,0.3486238532110092,109,0.8610745236335438,0.3291307226165075,632,0
20,3,23,0.8610745072364807,False,581,0.8342372179999984,screening,2010,2015,16,0.05,101223,0.7927215189873418,0.3486238532110092,109,0.8610745236335438,0.3291307226165075,632,0
50,89,139,0.8065993189811707,False,581,5.511689037999986,screening,2010,2015,16,0.05,101223,0.7974683544303798,0.2293577981651376,109,0.8065992048833306,0.3167952973636236,632,0
10,3,13,0.8378980755805969,False,581,0.6264812140002505,screening,2010,2015,16,0.05,101224,0.7768987341772152,0.4403669724770642,109,0.8378979873082992,0.3458939580255694,632,0
20,3,23,0.8378980755805969,False,581,0.987655813999936,screening,2010,2015,16,0.05,101224,0.7768987341772152,0.4403669724770642,109,0.8378979873082992,0.3458939580255694,632,0
50,3,53,0.8378980755805969,False,581,2.218611323999994,screening,2010,2015,16,0.05,101224,0.7768987341772152,0.4403669724770642,109,0.8378979873082992,0.3458939580255694,632,0
10,2,12,0.7869855165481567,False,581,0.4532878710001569,screening,2010,2015,16,0.05,101225,0.7768987341772152,0.4311926605504587,109,0.786985467360375,0.335594358111956,632,0
20,2,22,0.7869855165481567,False,581,0.8069970720002857,screening,2010,2015,16,0.05,101225,0.7768987341772152,0.4311926605504587,109,0.786985467360375,0.335594358111956,632,0
50,2,52,0.7869855165481567,False,581,2.217578486000093,screening,2010,2015,16,0.05,101225,0.7768987341772152,0.4311926605504587,109,0.786985467360375,0.335594358111956,632,0
10,1,11,0.8662623167037964,False,581,0.4623844060001829,screening,2010,2015,16,0.1,101223,0.7879746835443038,0.4403669724770642,109,0.8662623451338586,0.3346742793538335,632,0
20,32,52,0.7800527811050415,False,581,2.153405166000084,screening,2010,2015,16,0.1,101223,0.8006329113924051,0.1743119266055046,109,0.7800527405002008,0.3131544256765995,632,0
50,32,82,0.7800527811050415,False,581,3.458280066000043,screening,2010,2015,16,0.1,101223,0.8006329113924051,0.1743119266055046,109,0.7800527405002008,0.3131544256765995,632,0
10,2,12,0.8461162447929382,False,581,0.4430449129999942,screening,2010,2015,16,0.1,101224,0.7784810126582279,0.4311926605504587,109,0.8461163069619514,0.3505230447720515,632,0
20,2,22,0.8461162447929382,False,581,0.801100757000313,screening,2010,2015,16,0.1,101224,0.7784810126582279,0.4311926605504587,109,0.8461163069619514,0.3505230447720515,632,0
50,2,52,0.8461162447929382,False,581,2.1760738520001723,screening,2010,2015,16,0.1,101224,0.7784810126582279,0.4311926605504587,109,0.8461163069619514,0.3505230447720515,632,0
10,2,12,0.7841460108757019,False,581,0.5254284220000045,screening,2010,2015,16,0.1,101225,0.7689873417721519,0.146788990825688,109,0.7841460333678046,0.3383783614526457,632,0
20,2,22,0.7841460108757019,False,581,1.0261321220000357,screening,2010,2015,16,0.1,101225,0.7689873417721519,0.146788990825688,109,0.7841460333678046,0.3383783614526457,632,0
50,2,52,0.7841460108757019,False,581,2.225349837000067,screening,2010,2015,16,0.1,101225,0.7689873417721519,0.146788990825688,109,0.7841460333678046,0.3383783614526457,632,0
10,7,17,0.8487625122070312,False,581,0.7046463290002976,screening,2010,2015,16,0.2,101223,0.7768987341772152,0.1834862385321101,109,0.848762546391992,0.3436056772270044,632,0
20,32,52,0.7619186639785767,False,581,2.202813537000111,screening,2010,2015,16,0.2,101223,0.8322784810126582,0.1743119266055046,109,0.7619186947914226,0.27997963278759,632,0
50,32,82,0.7619186639785767,False,581,3.6266143560001183,screening,2010,2015,16,0.2,101223,0.8322784810126582,0.1743119266055046,109,0.7619186947914226,0.27997963278759,632,0
10,1,11,0.8592024445533752,False,581,0.5122949709998466,screening,2010,2015,16,0.2,101224,0.7689873417721519,0.4403669724770642,109,0.8592024903641812,0.3545314686928573,632,0
20,1,21,0.8592024445533752,False,581,0.8878838859995994,screening,2010,2015,16,0.2,101224,0.7689873417721519,0.4403669724770642,109,0.8592024903641812,0.3545314686928573,632,0
50,132,182,0.6510579586029053,False,581,7.3511525599997185,screening,2010,2015,16,0.2,101224,0.8686708860759493,0.2844036697247706,109,0.6510578785402484,0.225065625446565,632,0
10,2,12,0.761424720287323,False,581,0.4351515610001115,screening,2010,2015,16,0.2,101225,0.7737341772151899,0.128440366972477,109,0.7614247101539938,0.3462892150959645,632,0
20,2,22,0.761424720287323,False,581,0.8195081200001368,screening,2010,2015,16,0.2,101225,0.7737341772151899,0.128440366972477,109,0.7614247101539938,0.3462892150959645,632,0
50,83,133,0.7245900630950928,False,581,5.316180786000132,screening,2010,2015,16,0.2,101225,0.8132911392405063,0.1834862385321101,109,0.7245900971097554,0.3072218512019343,632,0
10,7,17,0.8212308287620544,False,581,0.6847707950000768,screening,2010,2015,16,0.3,101223,0.7863924050632911,0.1834862385321101,109,0.8212308700946884,0.3294966160313238,632,0
20,7,27,0.8212308287620544,False,581,1.0389055380001082,screening,2010,2015,16,0.3,101223,0.7863924050632911,0.1834862385321101,109,0.8212308700946884,0.3294966160313238,632,0
50,32,82,0.7805472612380981,False,581,3.1570318049998605,screening,2010,2015,16,0.3,101223,0.8354430379746836,0.1559633027522936,109,0.7805472895920216,0.2721384923653872,632,0
10,16,26,0.8399966955184937,False,581,0.9524703410002076,screening,2010,2015,16,0.3,101224,0.7737341772151899,0.1743119266055046,109,0.8399967854430755,0.3498999098163375,632,0
20,16,36,0.8399966955184937,False,581,1.442258117000165,screening,2010,2015,16,0.3,101224,0.7737341772151899,0.1743119266055046,109,0.8399967854430755,0.3498999098163375,632,0
50,132,182,0.688560962677002,False,581,7.27521707599999,screening,2010,2015,16,0.3,101224,0.8386075949367089,0.3119266055045872,109,0.6885609754103715,0.2658655369781972,632,0
10,2,12,0.7374922633171082,False,581,0.5088591720000295,screening,2010,2015,16,0.3,101225,0.7800632911392406,0.1192660550458715,109,0.7374922049117826,0.3410561379042751,632,0
20,2,22,0.7374922633171082,False,581,0.9124676189999265,screening,2010,2015,16,0.3,101225,0.7800632911392406,0.1192660550458715,109,0.7374922049117826,0.3410561379042751,632,0
50,36,86,0.7108681201934814,False,581,3.443392908000078,screening,2010,2015,16,0.3,101225,0.7943037974683544,0.1376146788990825,109,0.71086816523704,0.3265749302210411,632,0
10,7,17,0.8147615790367126,False,581,0.7495672740001282,screening,2010,2015,16,0.5,101223,0.7927215189873418,0.2018348623853211,109,0.8147616745588941,0.3235301292150986,632,0
20,7,27,0.8147615790367126,False,581,1.138025566000124,screening,2010,2015,16,0.5,101223,0.7927215189873418,0.2018348623853211,109,0.8147616745588941,0.3235301292150986,632,0
50,7,57,0.8147615790367126,False,581,2.3036561110002367,screening,2010,2015,16,0.5,101223,0.7927215189873418,0.2018348623853211,109,0.8147616745588941,0.3235301292150986,632,0
10,16,26,0.7346018552780151,False,581,0.9753792470000916,screening,2010,2015,16,0.5,101224,0.8212025316455697,0.2293577981651376,109,0.7346018863483101,0.292756183490767,632,0
20,16,36,0.7346018552780151,False,581,1.446520244000112,screening,2010,2015,16,0.5,101224,0.8212025316455697,0.2293577981651376,109,0.7346018863483101,0.292756183490767,632,0
50,43,93,0.7242643237113953,False,581,3.661015718000272,screening,2010,2015,16,0.5,101224,0.8259493670886076,0.3394495412844037,109,0.7242643252747256,0.2799981253057055,632,0
10,13,23,0.6657753586769104,False,581,0.9731873639998412,screening,2010,2015,16,0.5,101225,0.8306962025316456,0.0825688073394495,109,0.665775380399055,0.2796945805981679,632,0
20,13,33,0.6657753586769104,False,581,1.338964254000075,screening,2010,2015,16,0.5,101225,0.8306962025316456,0.0825688073394495,109,0.665775380399055,0.2796945805981679,632,0
50,13,63,0.6657753586769104,False,581,2.647171069000251,screening,2010,2015,16,0.5,101225,0.8306962025316456,0.0825688073394495,109,0.665775380399055,0.2796945805981679,632,0
10,6,16,0.9460539221763612,False,581,0.7005749909999395,screening,2010,2015,16,1.0,101223,0.805379746835443,0.1559633027522936,109,0.9460539471790964,0.3106981723999512,632,0
20,6,26,0.9460539221763612,False,581,1.0821714220001013,screening,2010,2015,16,1.0,101223,0.805379746835443,0.1559633027522936,109,0.9460539471790964,0.3106981723999512,632,0
50,6,56,0.9460539221763612,False,581,2.1510344140001507,screening,2010,2015,16,1.0,101223,0.805379746835443,0.1559633027522936,109,0.9460539471790964,0.3106981723999512,632,0
10,16,26,0.7063087821006775,False,581,1.1057547589998649,screening,2010,2015,16,1.0,101224,0.819620253164557,0.2935779816513761,109,0.7063087314709268,0.2825032307886717,632,0
20,16,36,0.7063087821006775,False,581,1.683259942999939,screening,2010,2015,16,1.0,101224,0.819620253164557,0.2935779816513761,109,0.7063087314709268,0.2825032307886717,632,0
50,16,66,0.7063087821006775,False,581,2.8059446809998008,screening,2010,2015,16,1.0,101224,0.819620253164557,0.2935779816513761,109,0.7063087314709268,0.2825032307886717,632,0
10,4,14,0.6051748991012573,False,581,0.5751547809995827,screening,2010,2015,16,1.0,101225,0.8496835443037974,0.1743119266055046,109,0.6051749645763373,0.2521579944651762,632,0
20,4,24,0.6051748991012573,False,581,1.063999711999713,screening,2010,2015,16,1.0,101225,0.8496835443037974,0.1743119266055046,109,0.6051749645763373,0.2521579944651762,632,0
50,36,86,0.5001076459884644,False,581,3.452639588999773,screening,2010,2015,16,1.0,101225,0.8338607594936709,0.2018348623853211,109,0.5001076871819736,0.2574546620466276,632,0
10,10,20,0.7692301273345947,False,1157,0.7137244119999195,screening,2010,2015,32,0.01,101223,0.8069620253164557,0.4495412844036697,109,0.7692301191524972,0.3160557259549601,632,0
20,10,30,0.7692301273345947,False,1157,1.0729393259998687,screening,2010,2015,32,0.01,101223,0.8069620253164557,0.4495412844036697,109,0.7692301191524972,0.3160557259549601,632,0
50,10,60,0.7692301273345947,False,1157,2.305463866000082,screening,2010,2015,32,0.01,101223,0.8069620253164557,0.4495412844036697,109,0.7692301191524972,0.3160557259549601,632,0
10,9,19,0.8128812909126282,False,1157,0.8383896519999325,screening,2010,2015,32,0.01,101224,0.7832278481012658,0.4220183486238532,109,0.8128813243908625,0.3454589371461178,632,0
20,9,29,0.8128812909126282,False,1157,1.2570469909996973,screening,2010,2015,32,0.01,101224,0.7832278481012658,0.4220183486238532,109,0.8128813243908625,0.3454589371461178,632,0
50,9,59,0.8128812909126282,False,1157,2.5197921730000417,screening,2010,2015,32,0.01,101224,0.7832278481012658,0.4220183486238532,109,0.8128813243908625,0.3454589371461178,632,0
10,7,17,0.9022176265716552,False,1157,0.6527366140003323,screening,2010,2015,32,0.01,101225,0.7531645569620253,0.4495412844036697,109,0.9022175692802162,0.3804859992484263,632,0
20,7,27,0.9022176265716552,False,1157,1.1423576500001218,screening,2010,2015,32,0.01,101225,0.7531645569620253,0.4495412844036697,109,0.9022175692802162,0.3804859992484263,632,0
50,7,57,0.9022176265716552,False,1157,2.2849837390003813,screening,2010,2015,32,0.01,101225,0.7531645569620253,0.4495412844036697,109,0.9022175692802162,0.3804859992484263,632,0
10,3,13,0.7623546123504639,False,1157,0.4884348870000394,screening,2010,2015,32,0.03,101223,0.805379746835443,0.4403669724770642,109,0.7623545948177346,0.3141837009026919,632,0
20,3,23,0.7623546123504639,False,1157,0.8687124059997586,screening,2010,2015,32,0.03,101223,0.805379746835443,0.4403669724770642,109,0.7623545948177346,0.3141837009026919,632,0
50,3,53,0.7623546123504639,False,1157,2.0225744809999924,screening,2010,2015,32,0.03,101223,0.805379746835443,0.4403669724770642,109,0.7623545948177346,0.3141837009026919,632,0
10,3,13,0.80571049451828,False,1157,0.625801575999958,screening,2010,2015,32,0.03,101224,0.7879746835443038,0.4220183486238532,109,0.8057105157064289,0.3419546340430346,632,0
20,3,23,0.80571049451828,False,1157,1.0852538479998657,screening,2010,2015,32,0.03,101224,0.7879746835443038,0.4220183486238532,109,0.8057105157064289,0.3419546340430346,632,0
50,3,53,0.80571049451828,False,1157,2.3857134489999225,screening,2010,2015,32,0.03,101224,0.7879746835443038,0.4220183486238532,109,0.8057105157064289,0.3419546340430346,632,0
10,2,12,0.8935464024543762,False,1157,0.5646861160003027,screening,2010,2015,32,0.03,101225,0.7531645569620253,0.4495412844036697,109,0.8935464468557932,0.3840039132987903,632,0
20,2,22,0.8935464024543762,False,1157,1.0577438909999728,screening,2010,2015,32,0.03,101225,0.7531645569620253,0.4495412844036697,109,0.8935464468557932,0.3840039132987903,632,0
50,2,52,0.8935464024543762,False,1157,2.309918442000253,screening,2010,2015,32,0.03,101225,0.7531645569620253,0.4495412844036697,109,0.8935464468557932,0.3840039132987903,632,0
10,3,13,0.753858208656311,False,1157,0.4923918270001195,screening,2010,2015,32,0.05,101223,0.8132911392405063,0.3669724770642202,109,0.7538581416360994,0.3060456260207483,632,0
20,3,23,0.753858208656311,False,1157,0.9601014849999956,screening,2010,2015,32,0.05,101223,0.8132911392405063,0.3669724770642202,109,0.7538581416360994,0.3060456260207483,632,0
50,3,53,0.753858208656311,False,1157,2.136099691000254,screening,2010,2015,32,0.05,101223,0.8132911392405063,0.3669724770642202,109,0.7538581416360994,0.3060456260207483,632,0
10,3,13,0.8065527081489563,False,1157,0.5001759550000315,screening,2010,2015,32,0.05,101224,0.7610759493670886,0.1834862385321101,109,0.8065526311192317,0.3411581845193132,632,0
20,3,23,0.8065527081489563,False,1157,0.8729812280002989,screening,2010,2015,32,0.05,101224,0.7610759493670886,0.1834862385321101,109,0.8065526311192317,0.3411581845193132,632,0
50,3,53,0.8065527081489563,False,1157,2.234111867000138,screening,2010,2015,32,0.05,101224,0.7610759493670886,0.1834862385321101,109,0.8065526311192317,0.3411581845193132,632,0
10,1,11,0.8976779580116272,False,1157,0.4299553189998732,screening,2010,2015,32,0.05,101225,0.75,0.4495412844036697,109,0.8976779794185223,0.3940751928352533,632,0
20,1,21,0.8976779580116272,False,1157,0.7845094299996163,screening,2010,2015,32,0.05,101225,0.75,0.4495412844036697,109,0.8976779794185223,0.3940751928352533,632,0
50,1,51,0.8976779580116272,False,1157,2.101677211999686,screening,2010,2015,32,0.05,101225,0.75,0.4495412844036697,109,0.8976779794185223,0.3940751928352533,632,0
10,3,13,0.7388979196548462,False,1157,0.5166999789998954,screening,2010,2015,32,0.1,101223,0.7895569620253164,0.1651376146788991,109,0.7388979686144294,0.3201995220915284,632,0
20,3,23,0.7388979196548462,False,1157,0.888025123999796,screening,2010,2015,32,0.1,101223,0.7895569620253164,0.1651376146788991,109,0.7388979686144294,0.3201995220915284,632,0
50,3,53,0.7388979196548462,False,1157,2.0069588779997503,screening,2010,2015,32,0.1,101223,0.7895569620253164,0.1651376146788991,109,0.7388979686144294,0.3201995220915284,632,0
10,1,11,0.7967863082885742,False,1157,0.438312723999843,screening,2010,2015,32,0.1,101224,0.7911392405063291,0.4128440366972477,109,0.7967863004170939,0.3353072141837066,632,0
20,1,21,0.7967863082885742,False,1157,0.7946995620000052,screening,2010,2015,32,0.1,101224,0.7911392405063291,0.4128440366972477,109,0.7967863004170939,0.3353072141837066,632,0
50,1,51,0.7967863082885742,False,1157,2.334160690999852,screening,2010,2015,32,0.1,101224,0.7911392405063291,0.4128440366972477,109,0.7967863004170939,0.3353072141837066,632,0
10,1,11,0.8901256322860718,False,1157,0.4691647990002821,screening,2010,2015,32,0.1,101225,0.7721518987341772,0.4495412844036697,109,0.8901256152342825,0.3603843817913698,632,0
20,1,21,0.8901256322860718,False,1157,0.8297050620003574,screening,2010,2015,32,0.1,101225,0.7721518987341772,0.4495412844036697,109,0.8901256152342825,0.3603843817913698,632,0
50,1,51,0.8901256322860718,False,1157,2.341190385000118,screening,2010,2015,32,0.1,101225,0.7721518987341772,0.4495412844036697,109,0.8901256152342825,0.3603843817913698,632,0
10,3,13,0.7645496129989624,False,1157,0.5585777410001356,screening,2010,2015,32,0.2,101223,0.7895569620253164,0.1376146788990825,109,0.7645496420476245,0.3345684433901905,632,0
20,3,23,0.7645496129989624,False,1157,0.9379324030001044,screening,2010,2015,32,0.2,101223,0.7895569620253164,0.1376146788990825,109,0.7645496420476245,0.3345684433901905,632,0
50,81,131,0.615997850894928,False,1157,5.062214407000283,screening,2010,2015,32,0.2,101223,0.8607594936708861,0.2477064220183486,109,0.6159978368851013,0.2420899492568156,632,0
10,9,19,0.7966795563697815,False,1157,0.691494498999873,screening,2010,2015,32,0.2,101224,0.7911392405063291,0.1651376146788991,109,0.796679486230766,0.3313983101972663,632,0
20,9,29,0.7966795563697815,False,1157,1.1684995139999046,screening,2010,2015,32,0.2,101224,0.7911392405063291,0.1651376146788991,109,0.796679486230766,0.3313983101972663,632,0
50,43,93,0.730904757976532,False,1157,3.7023873789999016,screening,2010,2015,32,0.2,101224,0.8354430379746836,0.2752293577981651,109,0.7309047760193803,0.2841813633958281,632,0
10,1,11,0.9360148906707764,False,1157,0.5401739899998574,screening,2010,2015,32,0.2,101225,0.7484177215189873,0.2018348623853211,109,0.9360148551835784,0.3700169370211397,632,0
20,1,21,0.9360148906707764,False,1157,0.8966188620001958,screening,2010,2015,32,0.2,101225,0.7484177215189873,0.2018348623853211,109,0.9360148551835784,0.3700169370211397,632,0
50,1,51,0.9360148906707764,False,1157,2.054144313000052,screening,2010,2015,32,0.2,101225,0.7484177215189873,0.2018348623853211,109,0.9360148551835784,0.3700169370211397,632,0
10,7,17,0.7927728891372681,False,1157,0.6375209439997889,screening,2010,2015,32,0.3,101223,0.805379746835443,0.1834862385321101,109,0.7927729358814806,0.3144057500735045,632,0
20,46,66,0.631505012512207,False,1157,2.3862021290001394,screening,2010,2015,32,0.3,101223,0.8591772151898734,0.2110091743119266,109,0.6315050356717774,0.2450230663032058,632,0
50,81,131,0.5564817786216736,False,1157,5.174455360000138,screening,2010,2015,32,0.3,101223,0.8639240506329114,0.2477064220183486,109,0.5564816657539406,0.2320610058593958,632,0
10,16,26,0.7255370020866394,False,1157,0.9834151449999808,screening,2010,2015,32,0.3,101224,0.819620253164557,0.2201834862385321,109,0.7255370166290328,0.2968835618230473,632,0
20,16,36,0.7255370020866394,False,1157,1.4459270389997982,screening,2010,2015,32,0.3,101224,0.819620253164557,0.2201834862385321,109,0.7255370166290328,0.2968835618230473,632,0
50,43,93,0.705181360244751,False,1157,3.800091141999928,screening,2010,2015,32,0.3,101224,0.8449367088607594,0.3394495412844037,109,0.7051813312031295,0.264109185142138,632,0
10,2,12,0.8909021019935608,False,1157,0.5842225000001235,screening,2010,2015,32,0.3,101225,0.7357594936708861,0.146788990825688,109,0.8909020447986309,0.4127053688948312,632,0
20,2,22,0.8909021019935608,False,1157,0.9891472780000186,screening,2010,2015,32,0.3,101225,0.7357594936708861,0.146788990825688,109,0.8909020447986309,0.4127053688948312,632,0
50,2,52,0.8909021019935608,False,1157,2.079528884999945,screening,2010,2015,32,0.3,101225,0.7357594936708861,0.146788990825688,109,0.8909020447986309,0.4127053688948312,632,0
10,6,16,0.7927774786949158,False,1157,0.8685624680001638,screening,2010,2015,32,0.5,101223,0.819620253164557,0.146788990825688,109,0.7927775177740062,0.2943264784136826,632,0
20,29,49,0.6622387766838074,False,1157,2.0940981009998723,screening,2010,2015,32,0.5,101223,0.8465189873417721,0.2477064220183486,109,0.6622388350880294,0.2589792382268631,632,0
50,29,79,0.6622387766838074,False,1157,3.265180051999778,screening,2010,2015,32,0.5,101223,0.8465189873417721,0.2477064220183486,109,0.6622388350880294,0.2589792382268631,632,0
10,16,26,0.6926194429397583,False,1157,1.0308252789996004,screening,2010,2015,32,0.5,101224,0.8275316455696202,0.1559633027522936,109,0.6926195105287903,0.2691779688838357,632,0
20,16,36,0.6926194429397583,False,1157,1.5302832739998848,screening,2010,2015,32,0.5,101224,0.8275316455696202,0.1559633027522936,109,0.6926195105287903,0.2691779688838357,632,0
50,16,66,0.6926194429397583,False,1157,2.655718954999884,screening,2010,2015,32,0.5,101224,0.8275316455696202,0.1559633027522936,109,0.6926195105287903,0.2691779688838357,632,0
10,13,23,0.8335395455360413,False,1157,1.024924327999997,screening,2010,2015,32,0.5,101225,0.8132911392405063,0.1926605504587156,109,0.8335395084437897,0.3025793837170177,632,0
20,13,33,0.8335395455360413,False,1157,1.377296256000136,screening,2010,2015,32,0.5,101225,0.8132911392405063,0.1926605504587156,109,0.8335395084437897,0.3025793837170177,632,0
50,36,86,0.7899082899093628,False,1157,3.3138283640000736,screening,2010,2015,32,0.5,101225,0.7737341772151899,0.1376146788990825,109,0.7899083319574409,0.3548557487316665,632,0
10,7,17,0.9118378162384032,False,1157,0.7917557020000459,screening,2010,2015,32,1.0,101223,0.7943037974683544,0.1743119266055046,109,0.9118377884929172,0.3251408414891963,632,0
20,46,66,0.7364713549613953,False,1157,2.656988631999866,screening,2010,2015,32,1.0,101223,0.8180379746835443,0.1834862385321101,109,0.7364713165966841,0.2899590077465823,632,0
50,46,96,0.7364713549613953,False,1157,4.052360006000072,screening,2010,2015,32,1.0,101223,0.8180379746835443,0.1834862385321101,109,0.7364713165966841,0.2899590077465823,632,0
10,16,26,0.6392098665237427,False,1157,1.1218271489997278,screening,2010,2015,32,1.0,101224,0.865506329113924,0.2385321100917431,109,0.6392099194677795,0.2354677707626949,632,0
20,16,36,0.6392098665237427,False,1157,1.678711648999979,screening,2010,2015,32,1.0,101224,0.865506329113924,0.2385321100917431,109,0.6392099194677795,0.2354677707626949,632,0
50,16,66,0.6392098665237427,False,1157,2.844065863999731,screening,2010,2015,32,1.0,101224,0.865506329113924,0.2385321100917431,109,0.6392099194677795,0.2354677707626949,632,0
10,4,14,0.7395511865615845,False,1157,0.5262520329997642,screening,2010,2015,32,1.0,101225,0.8275316455696202,0.2385321100917431,109,0.7395511940853087,0.2839728735741467,632,0
20,4,24,0.7395511865615845,False,1157,0.920453193999947,screening,2010,2015,32,1.0,101225,0.8275316455696202,0.2385321100917431,109,0.7395511940853087,0.2839728735741467,632,0
50,36,86,0.5700483918190002,False,1157,3.670067552999626,screening,2010,2015,32,1.0,101225,0.8259493670886076,0.1651376146788991,109,0.5700483600787789,0.2691536134356964,632,0
10,18,28,0.7305081486701965,False,1605,1.2391001099999812,screening,2010,2015,32_16,0.01,101223,0.8481012658227848,0.3669724770642202,109,0.7305081513723175,0.2640746377259642,632,0
20,18,38,0.7305081486701965,False,1605,1.7363884279998274,screening,2010,2015,32_16,0.01,101223,0.8481012658227848,0.3669724770642202,109,0.7305081513723175,0.2640746377259642,632,0
50,70,120,0.6965349316596985,False,1605,5.843730489999871,screening,2010,2015,32_16,0.01,101223,0.810126582278481,0.073394495412844,109,0.6965349211772213,0.3106532525226977,632,0
10,17,27,0.7791076302528381,False,1605,1.4219570889999886,screening,2010,2015,32_16,0.01,101224,0.810126582278481,0.4128440366972477,109,0.7791076338372785,0.3037586660552768,632,0
20,17,37,0.7791076302528381,False,1605,1.8950180189999628,screening,2010,2015,32_16,0.01,101224,0.810126582278481,0.4128440366972477,109,0.7791076338372785,0.3037586660552768,632,0
50,17,67,0.7791076302528381,False,1605,3.225031965999733,screening,2010,2015,32_16,0.01,101224,0.810126582278481,0.4128440366972477,109,0.7791076338372785,0.3037586660552768,632,0
10,8,18,0.9641005992889404,False,1605,0.8159473720002097,screening,2010,2015,32_16,0.01,101225,0.7294303797468354,0.4495412844036697,109,0.9641005363655208,0.4190264608568415,632,0
20,8,28,0.9641005992889404,False,1605,1.3017871810002362,screening,2010,2015,32_16,0.01,101225,0.7294303797468354,0.4495412844036697,109,0.9641005363655208,0.4190264608568415,632,0
50,8,58,0.9641005992889404,False,1605,2.694602929000212,screening,2010,2015,32_16,0.01,101225,0.7294303797468354,0.4495412844036697,109,0.9641005363655208,0.4190264608568415,632,0
10,7,17,0.7279701828956604,False,1605,0.9565676840002196,screening,2010,2015,32_16,0.03,101223,0.8512658227848101,0.3577981651376147,109,0.7279701839819376,0.2639295392568202,632,0
20,32,52,0.6886930465698242,False,1605,2.747626178000246,screening,2010,2015,32_16,0.03,101223,0.8227848101265823,0.0458715596330275,109,0.6886930947743194,0.2997402060516986,632,0
50,32,82,0.6886930465698242,False,1605,4.203465681000125,screening,2010,2015,32_16,0.03,101223,0.8227848101265823,0.0458715596330275,109,0.6886930947743194,0.2997402060516986,632,0
10,9,19,0.7668391466140747,False,1605,0.8509184309996272,screening,2010,2015,32_16,0.03,101224,0.8132911392405063,0.4220183486238532,109,0.7668391791845705,0.2997286852501715,632,0
20,9,29,0.7668391466140747,False,1605,1.4936482609996349,screening,2010,2015,32_16,0.03,101224,0.8132911392405063,0.4220183486238532,109,0.7668391791845705,0.2997286852501715,632,0
50,220,270,0.6999412178993225,False,1605,12.87991093799974,screening,2010,2015,32_16,0.03,101224,0.8591772151898734,0.2110091743119266,109,0.6999412356529622,0.250533089077028,632,0
10,3,13,0.9693118929862976,False,1605,0.58499958099992,screening,2010,2015,32_16,0.03,101225,0.7310126582278481,0.4495412844036697,109,0.9693117352334868,0.4119445648471235,632,0
20,3,23,0.9693118929862976,False,1605,1.0750073160002105,screening,2010,2015,32_16,0.03,101225,0.7310126582278481,0.4495412844036697,109,0.9693117352334868,0.4119445648471235,632,0
50,3,53,0.9693118929862976,False,1605,2.3686826080001997,screening,2010,2015,32_16,0.03,101225,0.7310126582278481,0.4495412844036697,109,0.9693117352334868,0.4119445648471235,632,0
10,18,28,0.6936584115028381,False,1605,1.1772011909997673,screening,2010,2015,32_16,0.05,101223,0.8164556962025317,0.055045871559633,109,0.6936583440297867,0.3042152243712176,632,0
20,29,49,0.6919345259666443,False,1605,2.210406927999884,screening,2010,2015,32_16,0.05,101223,0.819620253164557,0.0642201834862385,109,0.6919345173159251,0.2947339863554846,632,0
50,29,79,0.6919345259666443,False,1605,3.601399339000181,screening,2010,2015,32_16,0.05,101223,0.819620253164557,0.0642201834862385,109,0.6919345173159251,0.2947339863554846,632,0
10,9,19,0.7472208142280579,False,1605,0.8116583629998786,screening,2010,2015,32_16,0.05,101224,0.7768987341772152,0.1651376146788991,109,0.7472207856785599,0.3130385771898529,632,0
20,9,29,0.7472208142280579,False,1605,1.3310967759998675,screening,2010,2015,32_16,0.05,101224,0.7768987341772152,0.1651376146788991,109,0.7472207856785599,0.3130385771898529,632,0
50,50,100,0.7215763330459595,False,1605,4.892199661000177,screening,2010,2015,32_16,0.05,101224,0.8322784810126582,0.2201834862385321,109,0.7215763058634652,0.2785662035280016,632,0
10,2,12,0.9513368010520936,False,1605,0.8840912649998245,screening,2010,2015,32_16,0.05,101225,0.7373417721518988,0.4495412844036697,109,0.9513367936265104,0.3977933192219222,632,0
20,2,22,0.9513368010520936,False,1605,1.3183980459998563,screening,2010,2015,32_16,0.05,101225,0.7373417721518988,0.4495412844036697,109,0.9513367936265104,0.3977933192219222,632,0
50,2,52,0.9513368010520936,False,1605,2.6185996610001894,screening,2010,2015,32_16,0.05,101225,0.7373417721518988,0.4495412844036697,109,0.9513367936265104,0.3977933192219222,632,0
10,7,17,0.6600943803787231,False,1605,0.740355945000374,screening,2010,2015,32_16,0.1,101223,0.8212025316455697,0.0642201834862385,109,0.6600943468229467,0.2937730593152954,632,0
20,7,27,0.6600943803787231,False,1605,1.187283435000154,screening,2010,2015,32_16,0.1,101223,0.8212025316455697,0.0642201834862385,109,0.6600943468229467,0.2937730593152954,632,0
50,7,57,0.6600943803787231,False,1605,2.6754069790004,screening,2010,2015,32_16,0.1,101223,0.8212025316455697,0.0642201834862385,109,0.6600943468229467,0.2937730593152954,632,0
10,16,26,0.6922614574432373,False,1605,1.3378698169999552,screening,2010,2015,32_16,0.1,101224,0.819620253164557,0.1651376146788991,109,0.6922615335752561,0.2935862778112691,632,0
20,16,36,0.6922614574432373,False,1605,1.78797871200004,screening,2010,2015,32_16,0.1,101224,0.819620253164557,0.1651376146788991,109,0.6922615335752561,0.2935862778112691,632,0
50,16,66,0.6922614574432373,False,1605,3.172414346000096,screening,2010,2015,32_16,0.1,101224,0.819620253164557,0.1651376146788991,109,0.6922615335752561,0.2935862778112691,632,0
10,1,11,0.957645297050476,False,1605,0.553248244000315,screening,2010,2015,32_16,0.1,101225,0.7420886075949367,0.4495412844036697,109,0.9576451944192896,0.3937939265015784,632,0
20,1,21,0.957645297050476,False,1605,0.9959816529999443,screening,2010,2015,32_16,0.1,101225,0.7420886075949367,0.4495412844036697,109,0.9576451944192896,0.3937939265015784,632,0
50,1,51,0.957645297050476,False,1605,2.3698942760001955,screening,2010,2015,32_16,0.1,101225,0.7420886075949367,0.4495412844036697,109,0.9576451944192896,0.3937939265015784,632,0
10,7,17,0.6955216526985168,False,1605,0.8001339319998806,screening,2010,2015,32_16,0.2,101223,0.8227848101265823,0.0825688073394495,109,0.695521703859333,0.2896175252352896,632,0
20,7,27,0.6955216526985168,False,1605,1.2588998960000026,screening,2010,2015,32_16,0.2,101223,0.8227848101265823,0.0825688073394495,109,0.695521703859333,0.2896175252352896,632,0
50,7,57,0.6955216526985168,False,1605,2.687868497999716,screening,2010,2015,32_16,0.2,101223,0.8227848101265823,0.0825688073394495,109,0.695521703859333,0.2896175252352896,632,0
10,16,26,0.6339871287345886,False,1605,1.1123689350001769,screening,2010,2015,32_16,0.2,101224,0.8433544303797469,0.1559633027522936,109,0.6339870840461673,0.2604190271955444,632,0
20,16,36,0.6339871287345886,False,1605,1.584412747999977,screening,2010,2015,32_16,0.2,101224,0.8433544303797469,0.1559633027522936,109,0.6339870840461673,0.2604190271955444,632,0
50,16,66,0.6339871287345886,False,1605,3.097199491000083,screening,2010,2015,32_16,0.2,101224,0.8433544303797469,0.1559633027522936,109,0.6339870840461673,0.2604190271955444,632,0
10,13,23,0.9169694185256958,False,1605,0.9912889499996708,screening,2010,2015,32_16,0.2,101225,0.7816455696202531,0.110091743119266,109,0.9169693203170458,0.3527084697526693,632,0
20,13,33,0.9169694185256958,False,1605,1.5286148649997813,screening,2010,2015,32_16,0.2,101225,0.7816455696202531,0.110091743119266,109,0.9169693203170458,0.3527084697526693,632,0
50,36,86,0.9166672825813292,False,1605,4.283846173999791,screening,2010,2015,32_16,0.2,101225,0.7626582278481012,0.1376146788990825,109,0.91666731099518,0.37790510583936,632,0
10,1,11,0.7412643432617188,False,1605,0.4855198660002315,screening,2010,2015,32_16,0.3,101223,0.8069620253164557,0.110091743119266,109,0.7412642922677339,0.2836166782337841,632,0
20,1,21,0.7412643432617188,False,1605,0.9221753790002368,screening,2010,2015,32_16,0.3,101223,0.8069620253164557,0.110091743119266,109,0.7412642922677339,0.2836166782337841,632,0
50,1,51,0.7412643432617188,False,1605,2.5572433980000824,screening,2010,2015,32_16,0.3,101223,0.8069620253164557,0.110091743119266,109,0.7412642922677339,0.2836166782337841,632,0
10,16,26,0.613457202911377,False,1605,1.2070188570000937,screening,2010,2015,32_16,0.3,101224,0.8544303797468354,0.2018348623853211,109,0.6134571917279341,0.2490101431399831,632,0
20,16,36,0.613457202911377,False,1605,1.6646852859998944,screening,2010,2015,32_16,0.3,101224,0.8544303797468354,0.2018348623853211,109,0.6134571917279341,0.2490101431399831,632,0
50,16,66,0.613457202911377,False,1605,3.3576493750001646,screening,2010,2015,32_16,0.3,101224,0.8544303797468354,0.2018348623853211,109,0.6134571917279341,0.2490101431399831,632,0
10,13,23,0.8353495597839355,False,1605,1.0305995859998802,screening,2010,2015,32_16,0.3,101225,0.8132911392405063,0.091743119266055,109,0.8353496211732273,0.3123622284813772,632,0
20,13,33,0.8353495597839355,False,1605,1.667733261000194,screening,2010,2015,32_16,0.3,101225,0.8132911392405063,0.091743119266055,109,0.8353496211732273,0.3123622284813772,632,0
50,13,63,0.8353495597839355,False,1605,3.2224574249999023,screening,2010,2015,32_16,0.3,101225,0.8132911392405063,0.091743119266055,109,0.8353496211732273,0.3123622284813772,632,0
10,1,11,0.7676745653152466,False,1605,0.5294149370001833,screening,2010,2015,32_16,0.5,101223,0.805379746835443,0.091743119266055,109,0.767674568929785,0.3176939287908992,632,0
20,1,21,0.7676745653152466,False,1605,1.0118184950001703,screening,2010,2015,32_16,0.5,101223,0.805379746835443,0.091743119266055,109,0.767674568929785,0.3176939287908992,632,0
50,1,51,0.7676745653152466,False,1605,2.484230036000099,screening,2010,2015,32_16,0.5,101223,0.805379746835443,0.091743119266055,109,0.767674568929785,0.3176939287908992,632,0
10,11,21,0.6050326228141785,False,1605,1.062665872999787,screening,2010,2015,32_16,0.5,101224,0.8212025316455697,0.2110091743119266,109,0.6050326038580661,0.2752243764682586,632,0
20,11,31,0.6050326228141785,False,1605,1.6222073019998788,screening,2010,2015,32_16,0.5,101224,0.8212025316455697,0.2110091743119266,109,0.6050326038580661,0.2752243764682586,632,0
50,11,61,0.6050326228141785,False,1605,3.234657992999928,screening,2010,2015,32_16,0.5,101224,0.8212025316455697,0.2110091743119266,109,0.6050326038580661,0.2752243764682586,632,0
10,13,23,0.7592442631721497,False,1605,1.1466624670001693,screening,2010,2015,32_16,0.5,101225,0.8180379746835443,0.073394495412844,109,0.7592442142925521,0.2892699900768162,632,0
20,13,33,0.7592442631721497,False,1605,1.6262911220001115,screening,2010,2015,32_16,0.5,101225,0.8180379746835443,0.073394495412844,109,0.7592442142925521,0.2892699900768162,632,0
50,36,86,0.7067127823829651,False,1605,4.753912356000001,screening,2010,2015,32_16,0.5,101225,0.7784810126582279,0.146788990825688,109,0.7067128405213013,0.342379592604013,632,0
10,6,16,0.9413436651229858,False,1605,0.7610641669998586,screening,2010,2015,32_16,1.0,101223,0.7974683544303798,0.091743119266055,109,0.9413437772592932,0.3342268152886218,632,0
20,6,26,0.9413436651229858,False,1605,1.1961587409996357,screening,2010,2015,32_16,1.0,101223,0.7974683544303798,0.091743119266055,109,0.9413437772592932,0.3342268152886218,632,0
50,6,56,0.9413436651229858,False,1605,2.5300409479996238,screening,2010,2015,32_16,1.0,101223,0.7974683544303798,0.091743119266055,109,0.9413437772592932,0.3342268152886218,632,0
10,16,26,0.519284725189209,False,1605,1.9955745790002768,screening,2010,2015,32_16,1.0,101224,0.8607594936708861,0.2752293577981651,109,0.519284776658576,0.2412695109381862,632,0
20,16,36,0.519284725189209,False,1605,2.427037301999917,screening,2010,2015,32_16,1.0,101224,0.8607594936708861,0.2752293577981651,109,0.519284776658576,0.2412695109381862,632,0
50,16,66,0.519284725189209,False,1605,3.74954017500022,screening,2010,2015,32_16,1.0,101224,0.8607594936708861,0.2752293577981651,109,0.519284776658576,0.2412695109381862,632,0
10,12,22,0.6951613426208496,False,1605,1.6205946410000251,screening,2010,2015,32_16,1.0,101225,0.7642405063291139,0.1743119266055046,109,0.695161439365921,0.3545773878252586,632,0
20,12,32,0.6951613426208496,False,1605,2.0812375590003285,screening,2010,2015,32_16,1.0,101225,0.7642405063291139,0.1743119266055046,109,0.695161439365921,0.3545773878252586,632,0
50,12,62,0.6951613426208496,False,1605,3.436325892000241,screening,2010,2015,32_16,1.0,101225,0.7642405063291139,0.1743119266055046,109,0.695161439365921,0.3545773878252586,632,0
10,14,24,0.8484602570533752,False,4229,1.0436494149998907,screening,2010,2015,64_32,0.01,101223,0.8022151898734177,0.3027522935779816,109,0.848460210247494,0.3040024530895803,632,0
20,14,34,0.8484602570533752,False,4229,1.632387652999569,screening,2010,2015,64_32,0.01,101223,0.8022151898734177,0.3027522935779816,109,0.848460210247494,0.3040024530895803,632,0
50,419,469,0.6695995330810547,False,4229,22.9799654669996,screening,2010,2015,64_32,0.01,101223,0.8370253164556962,0.2110091743119266,109,0.6695995852154966,0.2673762071038728,632,0
10,7,17,0.8793436288833618,False,4229,0.787790027000483,screening,2010,2015,64_32,0.01,101224,0.7484177215189873,0.4403669724770642,109,0.879343690241589,0.3746495233644176,632,0
20,7,27,0.8793436288833618,False,4229,1.4274174490001317,screening,2010,2015,64_32,0.01,101224,0.7484177215189873,0.4403669724770642,109,0.879343690241589,0.3746495233644176,632,0
50,7,57,0.8793436288833618,False,4229,2.9522585740005525,screening,2010,2015,64_32,0.01,101224,0.7484177215189873,0.4403669724770642,109,0.879343690241589,0.3746495233644176,632,0
10,14,24,0.9537773728370668,False,4229,1.1375789979992987,screening,2010,2015,64_32,0.01,101225,0.754746835443038,0.4128440366972477,109,0.9537773442176763,0.3676304578769159,632,0
20,14,34,0.9537773728370668,False,4229,1.583691541999542,screening,2010,2015,64_32,0.01,101225,0.754746835443038,0.4128440366972477,109,0.9537773442176763,0.3676304578769159,632,0
50,91,141,0.9308414459228516,False,4229,6.859163158999763,screening,2010,2015,64_32,0.01,101225,0.7420886075949367,0.128440366972477,109,0.930841456771126,0.4214827173443189,632,0
10,3,13,0.8370362520217896,False,4229,0.5771402820000731,screening,2010,2015,64_32,0.03,101223,0.8212025316455697,0.4220183486238532,109,0.8370363124865617,0.2952342291580319,632,0
20,32,52,0.7408832907676697,False,4229,2.325584008000078,screening,2010,2015,64_32,0.03,101223,0.7958860759493671,0.128440366972477,109,0.7408833202609473,0.3220384299788094,632,0
50,203,253,0.675625741481781,False,4229,12.410048214999732,screening,2010,2015,64_32,0.03,101223,0.8560126582278481,0.2477064220183486,109,0.6756256794406633,0.2554970225883782,632,0
10,3,13,0.8815141320228577,False,4229,0.8400781880000068,screening,2010,2015,64_32,0.03,101224,0.7674050632911392,0.4403669724770642,109,0.8815141799209115,0.3551805192192296,632,0
20,3,23,0.8815141320228577,False,4229,1.4060191640000994,screening,2010,2015,64_32,0.03,101224,0.7674050632911392,0.4403669724770642,109,0.8815141799209115,0.3551805192192296,632,0
50,3,53,0.8815141320228577,False,4229,2.8372953259995484,screening,2010,2015,64_32,0.03,101224,0.7674050632911392,0.4403669724770642,109,0.8815141799209115,0.3551805192192296,632,0
10,2,12,0.952442705631256,False,4229,0.5424295130005703,screening,2010,2015,64_32,0.03,101225,0.7373417721518988,0.4495412844036697,109,0.9524426332553724,0.3956440434945574,632,0
20,34,54,0.9120221734046936,False,4229,2.6376542710004287,screening,2010,2015,64_32,0.03,101225,0.745253164556962,0.128440366972477,109,0.912022206630807,0.4077111846905599,632,0
50,268,318,0.7130993604660034,False,4229,16.2930383970006,screening,2010,2015,64_32,0.03,101225,0.8354430379746836,0.1651376146788991,109,0.7130993303766407,0.2931503654600476,632,0
10,18,28,0.7613697052001953,False,4229,1.6419299629997113,screening,2010,2015,64_32,0.05,101223,0.7895569620253164,0.1192660550458715,109,0.7613696919630009,0.3328720511297753,632,0
20,32,52,0.7023059129714966,False,4229,2.977669862999392,screening,2010,2015,64_32,0.05,101223,0.8164556962025317,0.1009174311926605,109,0.7023058872069315,0.2945792138040302,632,0
50,74,124,0.6430531740188599,False,4229,7.023954301999765,screening,2010,2015,64_32,0.05,101223,0.8291139240506329,0.1743119266055046,109,0.6430531532174326,0.2716740355774137,632,0
10,2,12,0.8957846164703369,False,4229,0.74741738099965,screening,2010,2015,64_32,0.05,101224,0.7674050632911392,0.4403669724770642,109,0.8957846176542018,0.3565225902888817,632,0
20,2,22,0.8957846164703369,False,4229,1.3568283690001408,screening,2010,2015,64_32,0.05,101224,0.7674050632911392,0.4403669724770642,109,0.8957846176542018,0.3565225902888817,632,0
50,132,182,0.8516344428062439,False,4229,9.686463596000069,screening,2010,2015,64_32,0.05,101224,0.8212025316455697,0.2660550458715596,109,0.8516345284560084,0.2878502543878802,632,0
10,14,24,0.8786448240280151,False,4229,1.2010432500001116,screening,2010,2015,64_32,0.05,101225,0.745253164556962,0.128440366972477,109,0.8786448363811438,0.4047355316095769,632,0
20,14,34,0.8786448240280151,False,4229,1.7615529880004033,screening,2010,2015,64_32,0.05,101225,0.745253164556962,0.128440366972477,109,0.8786448363811438,0.4047355316095769,632,0
50,165,215,0.6948539018630981,False,4229,10.142631851999797,screening,2010,2015,64_32,0.05,101225,0.8306962025316456,0.1376146788990825,109,0.6948538798774598,0.292970755049696,632,0
10,7,17,0.7435513734817505,False,4229,0.8063000410002132,screening,2010,2015,64_32,0.1,101223,0.7943037974683544,0.1376146788990825,109,0.7435513477375483,0.3212132696599952,632,0
20,29,49,0.652548611164093,False,4229,2.8722322730000087,screening,2010,2015,64_32,0.1,101223,0.8306962025316456,0.1926605504587156,109,0.6525485947720502,0.2764757173000091,632,0
50,81,131,0.6221937537193298,False,4229,7.686801870000636,screening,2010,2015,64_32,0.1,101223,0.8512658227848101,0.2293577981651376,109,0.6221937529382755,0.2544486169540272,632,0
10,16,26,0.8316017985343933,False,4229,1.5570725620000303,screening,2010,2015,64_32,0.1,101224,0.7689873417721519,0.1376146788990825,109,0.8316017282611616,0.3509553863411349,632,0
20,16,36,0.8316017985343933,False,4229,2.094275190000189,screening,2010,2015,64_32,0.1,101224,0.7689873417721519,0.1376146788990825,109,0.8316017282611616,0.3509553863411349,632,0
50,88,138,0.8133413791656494,False,4229,7.7184306500003,screening,2010,2015,64_32,0.1,101224,0.8370253164556962,0.3119266055045872,109,0.8133412867967866,0.2714412547476572,632,0
10,13,23,0.8546053767204285,False,4229,1.0027702730003512,screening,2010,2015,64_32,0.1,101225,0.7689873417721519,0.1192660550458715,109,0.8546053105652769,0.3669794906507317,632,0
20,89,109,0.6921194791793823,False,4229,5.200659836000341,screening,2010,2015,64_32,0.1,101225,0.8243670886075949,0.1926605504587156,109,0.6921194468360501,0.2924867728217131,632,0
50,89,139,0.6921194791793823,False,4229,6.534736274000352,screening,2010,2015,64_32,0.1,101225,0.8243670886075949,0.1926605504587156,109,0.6921194468360501,0.2924867728217131,632,0
10,7,17,0.7387610077857971,False,4229,0.8438782049997826,screening,2010,2015,64_32,0.2,101223,0.8069620253164557,0.1743119266055046,109,0.7387611096141895,0.3094496819032348,632,0
20,29,49,0.6303296685218811,False,4229,2.320079555999655,screening,2010,2015,64_32,0.2,101223,0.8370253164556962,0.1926605504587156,109,0.630329674690275,0.2640495911631704,632,0
50,29,79,0.6303296685218811,False,4229,3.6336855459994695,screening,2010,2015,64_32,0.2,101223,0.8370253164556962,0.1926605504587156,109,0.630329674690275,0.2640495911631704,632,0
10,16,26,0.7001728415489197,False,4229,1.206646542999806,screening,2010,2015,64_32,0.2,101224,0.8306962025316456,0.1743119266055046,109,0.7001728041615933,0.277883119878636,632,0
20,16,36,0.7001728415489197,False,4229,1.656062994000422,screening,2010,2015,64_32,0.2,101224,0.8306962025316456,0.1743119266055046,109,0.7001728041615933,0.277883119878636,632,0
50,16,66,0.7001728415489197,False,4229,3.0332680600004096,screening,2010,2015,64_32,0.2,101224,0.8306962025316456,0.1743119266055046,109,0.7001728041615933,0.277883119878636,632,0
10,4,14,0.7742541432380676,False,4229,0.6465369690004081,screening,2010,2015,64_32,0.2,101225,0.7705696202531646,0.1376146788990825,109,0.7742541428023297,0.3580217799383846,632,0
20,4,24,0.7742541432380676,False,4229,1.076435978000518,screening,2010,2015,64_32,0.2,101225,0.7705696202531646,0.1376146788990825,109,0.7742541428023297,0.3580217799383846,632,0
50,36,86,0.6571199297904968,False,4229,4.175418853999872,screening,2010,2015,64_32,0.2,101225,0.7974683544303798,0.1009174311926605,109,0.6571198908916869,0.3217618247957625,632,0
10,7,17,0.745194137096405,False,4229,0.7602606380005454,screening,2010,2015,64_32,0.3,101223,0.8117088607594937,0.1651376146788991,109,0.7451941918431821,0.3019097726919445,632,0
20,29,49,0.6805558204650879,False,4229,2.470091035000223,screening,2010,2015,64_32,0.3,101223,0.8560126582278481,0.2018348623853211,109,0.6805558153318839,0.2536152414468864,632,0
50,29,79,0.6805558204650879,False,4229,3.943051444000048,screening,2010,2015,64_32,0.3,101223,0.8560126582278481,0.2018348623853211,109,0.6805558153318839,0.2536152414468864,632,0
10,16,26,0.702623724937439,False,4229,1.323767176999354,screening,2010,2015,64_32,0.3,101224,0.8433544303797469,0.1559633027522936,109,0.7026237097715464,0.2644662381305974,632,0
20,16,36,0.702623724937439,False,4229,1.82292243899974,screening,2010,2015,64_32,0.3,101224,0.8433544303797469,0.1559633027522936,109,0.7026237097715464,0.2644662381305974,632,0
50,16,66,0.702623724937439,False,4229,3.2938373899996805,screening,2010,2015,64_32,0.3,101224,0.8433544303797469,0.1559633027522936,109,0.7026237097715464,0.2644662381305974,632,0
10,4,14,0.7390663027763367,False,4229,0.6853128580005432,screening,2010,2015,64_32,0.3,101225,0.7832278481012658,0.1376146788990825,109,0.7390662156099421,0.3312983240842608,632,0
20,4,24,0.7390663027763367,False,4229,1.1179624750002404,screening,2010,2015,64_32,0.3,101225,0.7832278481012658,0.1376146788990825,109,0.7390662156099421,0.3312983240842608,632,0
50,36,86,0.6046544313430786,False,4229,4.005330913000762,screening,2010,2015,64_32,0.3,101225,0.7958860759493671,0.146788990825688,109,0.6046544231899722,0.3131112229824129,632,0
10,6,16,0.7579692006111145,False,4229,3.333947031000207,screening,2010,2015,64_32,0.5,101223,0.819620253164557,0.1192660550458715,109,0.7579691327546937,0.2894756317514901,632,0
20,29,49,0.6719679236412048,False,4229,7.629502097000113,screening,2010,2015,64_32,0.5,101223,0.8544303797468354,0.1834862385321101,109,0.671968010276867,0.2506942894878032,632,0
50,29,79,0.6719679236412048,False,4229,10.58148904599966,screening,2010,2015,64_32,0.5,101223,0.8544303797468354,0.1834862385321101,109,0.671968010276867,0.2506942894878032,632,0
10,11,21,0.6281183362007141,False,4229,2.6988241670005664,screening,2010,2015,64_32,0.5,101224,0.8180379746835443,0.1743119266055046,109,0.6281183194823442,0.286444210881309,632,0
20,11,31,0.6281183362007141,False,4229,3.8421865939999407,screening,2010,2015,64_32,0.5,101224,0.8180379746835443,0.1743119266055046,109,0.6281183194823442,0.286444210881309,632,0
50,11,61,0.6281183362007141,False,4229,6.812553092000599,screening,2010,2015,64_32,0.5,101224,0.8180379746835443,0.1743119266055046,109,0.6281183194823442,0.286444210881309,632,0
10,12,22,0.7349092364311218,False,4229,2.575443026999892,screening,2010,2015,64_32,0.5,101225,0.7674050632911392,0.128440366972477,109,0.7349092789763945,0.3619609976171073,632,0
20,12,32,0.7349092364311218,False,4229,3.6633232949998273,screening,2010,2015,64_32,0.5,101225,0.7674050632911392,0.128440366972477,109,0.7349092789763945,0.3619609976171073,632,0
50,36,86,0.6163785457611084,False,4229,7.755393077000008,screening,2010,2015,64_32,0.5,101225,0.8037974683544303,0.1376146788990825,109,0.6163784509228669,0.2918712133634825,632,0
10,21,31,0.6862615346908569,False,4229,1.6520489610002187,screening,2010,2015,64_32,1.0,101223,0.7990506329113924,0.3761467889908257,109,0.6862615580210109,0.2992910282699272,632,0
20,21,41,0.6862615346908569,False,4229,2.1894778109999606,screening,2010,2015,64_32,1.0,101223,0.7990506329113924,0.3761467889908257,109,0.6862615580210109,0.2992910282699272,632,0
50,21,71,0.6862615346908569,False,4229,4.485348913000053,screening,2010,2015,64_32,1.0,101223,0.7990506329113924,0.3761467889908257,109,0.6862615580210109,0.2992910282699272,632,0
10,16,26,0.5539014339447021,False,4229,2.1101303559999,screening,2010,2015,64_32,1.0,101224,0.8575949367088608,0.2568807339449541,109,0.553901422944428,0.2433412936267812,632,0
20,16,36,0.5539014339447021,False,4229,2.795791198999723,screening,2010,2015,64_32,1.0,101224,0.8575949367088608,0.2568807339449541,109,0.553901422944428,0.2433412936267812,632,0
50,16,66,0.5539014339447021,False,4229,5.241350958999647,screening,2010,2015,64_32,1.0,101224,0.8575949367088608,0.2568807339449541,109,0.553901422944428,0.2433412936267812,632,0
10,13,23,0.6962317824363708,False,4229,1.875582874000429,screening,2010,2015,64_32,1.0,101225,0.8401898734177216,0.110091743119266,109,0.6962317697979873,0.2673999672092649,632,0
20,13,33,0.6962317824363708,False,4229,2.471506318000138,screening,2010,2015,64_32,1.0,101225,0.8401898734177216,0.110091743119266,109,0.6962317697979873,0.2673999672092649,632,0
50,36,86,0.56585294008255,False,4229,8.040423182000268,screening,2010,2015,64_32,1.0,101225,0.8370253164556962,0.1926605504587156,109,0.5658529425366661,0.2534217580637465,632,0
10,26,36,0.317121684551239,False,581,3.4026861909997024,screening,2015,2017,16,0.01,101223,0.8908227848101266,0.1194029850746268,67,0.3171217235193594,0.1691780006685631,632,0
20,26,46,0.317121684551239,False,581,4.409334310000304,screening,2015,2017,16,0.01,101223,0.8908227848101266,0.1194029850746268,67,0.3171217235193594,0.1691780006685631,632,0
50,26,76,0.317121684551239,False,581,7.29025756899955,screening,2015,2017,16,0.01,101223,0.8908227848101266,0.1194029850746268,67,0.3171217235193594,0.1691780006685631,632,0
10,15,25,0.2936224341392517,False,581,2.5012365649999992,screening,2015,2017,16,0.01,101224,0.8971518987341772,0.1194029850746268,67,0.2936224564862906,0.1554097689486438,632,0
20,15,35,0.2936224341392517,False,581,3.556101183999999,screening,2015,2017,16,0.01,101224,0.8971518987341772,0.1194029850746268,67,0.2936224564862906,0.1554097689486438,632,0
50,15,65,0.2936224341392517,False,581,6.12873984899943,screening,2015,2017,16,0.01,101224,0.8971518987341772,0.1194029850746268,67,0.2936224564862906,0.1554097689486438,632,0
10,16,26,0.2905452251434326,False,581,2.227783668000484,screening,2015,2017,16,0.01,101225,0.8971518987341772,0.0895522388059701,67,0.290545221175598,0.1542561484172274,632,0
20,16,36,0.2905452251434326,False,581,3.1334509119997165,screening,2015,2017,16,0.01,101225,0.8971518987341772,0.0895522388059701,67,0.290545221175598,0.1542561484172274,632,0
50,16,66,0.2905452251434326,False,581,5.947798707000402,screening,2015,2017,16,0.01,101225,0.8971518987341772,0.0895522388059701,67,0.290545221175598,0.1542561484172274,632,0
10,9,19,0.3155766725540161,False,581,1.4050403279998136,screening,2015,2017,16,0.03,101223,0.8924050632911392,0.0895522388059701,67,0.3155767147786318,0.1677487524684007,632,0
20,9,29,0.3155766725540161,False,581,2.0948944849997133,screening,2015,2017,16,0.03,101223,0.8924050632911392,0.0895522388059701,67,0.3155767147786318,0.1677487524684007,632,0
50,9,59,0.3155766725540161,False,581,4.750988874999166,screening,2015,2017,16,0.03,101223,0.8924050632911392,0.0895522388059701,67,0.3155767147786318,0.1677487524684007,632,0
10,5,15,0.2943181693553924,False,581,1.184416711999802,screening,2015,2017,16,0.03,101224,0.8971518987341772,0.1194029850746268,67,0.2943181819950651,0.1556477121489152,632,0
20,5,25,0.2943181693553924,False,581,2.2577940729997863,screening,2015,2017,16,0.03,101224,0.8971518987341772,0.1194029850746268,67,0.2943181819950651,0.1556477121489152,632,0
50,5,55,0.2943181693553924,False,581,4.536350772000333,screening,2015,2017,16,0.03,101224,0.8971518987341772,0.1194029850746268,67,0.2943181819950651,0.1556477121489152,632,0
10,5,15,0.2916465997695923,False,581,0.9400539509997544,screening,2015,2017,16,0.03,101225,0.8971518987341772,0.0895522388059701,67,0.2916466176211235,0.1537913672919586,632,0
20,5,25,0.2916465997695923,False,581,1.7983329740000045,screening,2015,2017,16,0.03,101225,0.8971518987341772,0.0895522388059701,67,0.2916466176211235,0.1537913672919586,632,0
50,5,55,0.2916465997695923,False,581,4.069840063999436,screening,2015,2017,16,0.03,101225,0.8971518987341772,0.0895522388059701,67,0.2916466176211235,0.1537913672919586,632,0
10,5,15,0.317681223154068,False,581,1.1677670330000185,screening,2015,2017,16,0.05,101223,0.8765822784810127,0.1641791044776119,67,0.3176812223911976,0.1701396501450006,632,0
20,5,25,0.317681223154068,False,581,1.8784020769999188,screening,2015,2017,16,0.05,101223,0.8765822784810127,0.1641791044776119,67,0.3176812223911976,0.1701396501450006,632,0
50,5,55,0.317681223154068,False,581,4.114926833000027,screening,2015,2017,16,0.05,101223,0.8765822784810127,0.1641791044776119,67,0.3176812223911976,0.1701396501450006,632,0
10,3,13,0.2950986325740814,False,581,0.9132765129998006,screening,2015,2017,16,0.05,101224,0.8971518987341772,0.1194029850746268,67,0.2950986331198506,0.1554063620730276,632,0
20,3,23,0.2950986325740814,False,581,1.787197761999778,screening,2015,2017,16,0.05,101224,0.8971518987341772,0.1194029850746268,67,0.2950986331198506,0.1554063620730276,632,0
50,3,53,0.2950986325740814,False,581,3.9435547670000233,screening,2015,2017,16,0.05,101224,0.8971518987341772,0.1194029850746268,67,0.2950986331198506,0.1554063620730276,632,0
10,3,13,0.2910467088222503,False,581,0.9441370970007484,screening,2015,2017,16,0.05,101225,0.8971518987341772,0.0895522388059701,67,0.291046708337045,0.1532808476177082,632,0
20,3,23,0.2910467088222503,False,581,1.54197510800077,screening,2015,2017,16,0.05,101225,0.8971518987341772,0.0895522388059701,67,0.291046708337045,0.1532808476177082,632,0
50,3,53,0.2910467088222503,False,581,3.69131525100056,screening,2015,2017,16,0.05,101225,0.8971518987341772,0.0895522388059701,67,0.291046708337045,0.1532808476177082,632,0
10,3,13,0.3262829780578613,False,581,0.855550162000327,screening,2015,2017,16,0.1,101223,0.8939873417721519,0.0895522388059701,67,0.3262830061244944,0.1700082813397968,632,0
20,3,23,0.3262829780578613,False,581,1.7223307370004477,screening,2015,2017,16,0.1,101223,0.8939873417721519,0.0895522388059701,67,0.3262830061244944,0.1700082813397968,632,0
50,3,53,0.3262829780578613,False,581,4.460263838000174,screening,2015,2017,16,0.1,101223,0.8939873417721519,0.0895522388059701,67,0.3262830061244944,0.1700082813397968,632,0
10,2,12,0.3171250224113464,False,581,0.7003873679996104,screening,2015,2017,16,0.1,101224,0.8955696202531646,0.1044776119402985,67,0.3171250223090657,0.1686907710587356,632,0
20,2,22,0.3171250224113464,False,581,1.6655319519995828,screening,2015,2017,16,0.1,101224,0.8955696202531646,0.1044776119402985,67,0.3171250223090657,0.1686907710587356,632,0
50,2,52,0.3171250224113464,False,581,3.93659604000004,screening,2015,2017,16,0.1,101224,0.8955696202531646,0.1044776119402985,67,0.3171250223090657,0.1686907710587356,632,0
10,2,12,0.2931743860244751,False,581,0.8994896570002311,screening,2015,2017,16,0.1,101225,0.8955696202531646,0.0895522388059701,67,0.2931743711001181,0.1585102346137392,632,0
20,2,22,0.2931743860244751,False,581,1.56141054300042,screening,2015,2017,16,0.1,101225,0.8955696202531646,0.0895522388059701,67,0.2931743711001181,0.1585102346137392,632,0
50,2,52,0.2931743860244751,False,581,3.7153288070003327,screening,2015,2017,16,0.1,101225,0.8955696202531646,0.0895522388059701,67,0.2931743711001181,0.1585102346137392,632,0
10,1,11,0.3431327641010284,False,581,0.7831240839996099,screening,2015,2017,16,0.2,101223,0.8575949367088608,0.2686567164179104,67,0.3431327566194813,0.1840972068734382,632,0
20,1,21,0.3431327641010284,False,581,1.5364779889996498,screening,2015,2017,16,0.2,101223,0.8575949367088608,0.2686567164179104,67,0.3431327566194813,0.1840972068734382,632,0
50,1,51,0.3431327641010284,False,581,3.800383896999847,screening,2015,2017,16,0.2,101223,0.8575949367088608,0.2686567164179104,67,0.3431327566194813,0.1840972068734382,632,0
10,1,11,0.3033699095249176,False,581,0.934390180000264,screening,2015,2017,16,0.2,101224,0.8955696202531646,0.1044776119402985,67,0.3033698850178774,0.164264624900541,632,0
20,1,21,0.3033699095249176,False,581,1.6200642670000889,screening,2015,2017,16,0.2,101224,0.8955696202531646,0.1044776119402985,67,0.3033698850178774,0.164264624900541,632,0
50,1,51,0.3033699095249176,False,581,3.569096412999897,screening,2015,2017,16,0.2,101224,0.8955696202531646,0.1044776119402985,67,0.3033698850178774,0.164264624900541,632,0
10,1,11,0.3004090189933777,False,581,0.7572839529993871,screening,2015,2017,16,0.2,101225,0.8971518987341772,0.1044776119402985,67,0.30040903852212,0.161689850254476,632,0
20,1,21,0.3004090189933777,False,581,1.4847896159999436,screening,2015,2017,16,0.2,101225,0.8971518987341772,0.1044776119402985,67,0.30040903852212,0.161689850254476,632,0
50,1,51,0.3004090189933777,False,581,3.854576880999957,screening,2015,2017,16,0.2,101225,0.8971518987341772,0.1044776119402985,67,0.30040903852212,0.161689850254476,632,0
10,1,11,0.3541604280471802,False,581,0.709057600000051,screening,2015,2017,16,0.3,101223,0.8908227848101266,0.0895522388059701,67,0.3541604792178244,0.1790953190823412,632,0
20,1,21,0.3541604280471802,False,581,1.4926240060003693,screening,2015,2017,16,0.3,101223,0.8908227848101266,0.0895522388059701,67,0.3541604792178244,0.1790953190823412,632,0
50,1,51,0.3541604280471802,False,581,3.840660095000203,screening,2015,2017,16,0.3,101223,0.8908227848101266,0.0895522388059701,67,0.3541604792178244,0.1790953190823412,632,0
10,1,11,0.3537061810493469,False,581,0.8204140640000332,screening,2015,2017,16,0.3,101224,0.8939873417721519,0.0895522388059701,67,0.3537061798319708,0.1823244632088486,632,0
20,1,21,0.3537061810493469,False,581,1.5716936790004183,screening,2015,2017,16,0.3,101224,0.8939873417721519,0.0895522388059701,67,0.3537061798319708,0.1823244632088486,632,0
50,1,51,0.3537061810493469,False,581,3.6214759920003416,screening,2015,2017,16,0.3,101224,0.8939873417721519,0.0895522388059701,67,0.3537061798319708,0.1823244632088486,632,0
10,1,11,0.3722360730171203,False,581,0.7989994360004857,screening,2015,2017,16,0.3,101225,0.8908227848101266,0.0895522388059701,67,0.3722360826677119,0.186722037465236,632,0
20,1,21,0.3722360730171203,False,581,1.3863588459998937,screening,2015,2017,16,0.3,101225,0.8908227848101266,0.0895522388059701,67,0.3722360826677119,0.186722037465236,632,0
50,1,51,0.3722360730171203,False,581,3.3701571239998884,screening,2015,2017,16,0.3,101225,0.8908227848101266,0.0895522388059701,67,0.3722360826677119,0.186722037465236,632,0
10,1,11,0.4146862328052521,False,581,0.7550900819996968,screening,2015,2017,16,0.5,101223,0.8860759493670886,0.0895522388059701,67,0.4146862049677284,0.1929665763832048,632,0
20,1,21,0.4146862328052521,False,581,1.4527036089994,screening,2015,2017,16,0.5,101223,0.8860759493670886,0.0895522388059701,67,0.4146862049677284,0.1929665763832048,632,0
50,1,51,0.4146862328052521,False,581,3.776198279999335,screening,2015,2017,16,0.5,101223,0.8860759493670886,0.0895522388059701,67,0.4146862049677284,0.1929665763832048,632,0
10,15,25,0.4381781816482544,False,581,1.728556696999476,screening,2015,2017,16,0.5,101224,0.8987341772151899,0.1791044776119403,67,0.4381781993990719,0.1762311225763123,632,0
20,15,35,0.4381781816482544,False,581,2.538648548999845,screening,2015,2017,16,0.5,101224,0.8987341772151899,0.1791044776119403,67,0.4381781993990719,0.1762311225763123,632,0
50,15,65,0.4381781816482544,False,581,4.867876917999638,screening,2015,2017,16,0.5,101224,0.8987341772151899,0.1791044776119403,67,0.4381781993990719,0.1762311225763123,632,0
10,1,11,0.4767069816589355,False,581,0.9561413399997036,screening,2015,2017,16,0.5,101225,0.8892405063291139,0.0895522388059701,67,0.4767069665496043,0.2049804973141342,632,0
20,1,21,0.4767069816589355,False,581,1.6793514910004887,screening,2015,2017,16,0.5,101225,0.8892405063291139,0.0895522388059701,67,0.4767069665496043,0.2049804973141342,632,0
50,1,51,0.4767069816589355,False,581,3.903782131000298,screening,2015,2017,16,0.5,101225,0.8892405063291139,0.0895522388059701,67,0.4767069665496043,0.2049804973141342,632,0
10,1,11,0.4863928258419037,False,581,0.7598213739993298,screening,2015,2017,16,1.0,101223,0.8876582278481012,0.0895522388059701,67,0.486392825317113,0.2068329707775886,632,0
20,1,21,0.4863928258419037,False,581,1.2875405389995649,screening,2015,2017,16,1.0,101223,0.8876582278481012,0.0895522388059701,67,0.486392825317113,0.2068329707775886,632,0
50,1,51,0.4863928258419037,False,581,3.697342931000094,screening,2015,2017,16,1.0,101223,0.8876582278481012,0.0895522388059701,67,0.486392825317113,0.2068329707775886,632,0
10,6,16,0.4117227494716644,False,581,1.3322546509998574,screening,2015,2017,16,1.0,101224,0.8734177215189873,0.1343283582089552,67,0.4117227386376366,0.1949806518275855,632,0
20,6,26,0.4117227494716644,False,581,2.07754059600029,screening,2015,2017,16,1.0,101224,0.8734177215189873,0.1343283582089552,67,0.4117227386376366,0.1949806518275855,632,0
50,6,56,0.4117227494716644,False,581,4.355104326999935,screening,2015,2017,16,1.0,101224,0.8734177215189873,0.1343283582089552,67,0.4117227386376366,0.1949806518275855,632,0
10,2,12,0.4675679802894592,False,581,0.8962282920001599,screening,2015,2017,16,1.0,101225,0.8908227848101266,0.1044776119402985,67,0.4675679743202816,0.1887363353793345,632,0
20,2,22,0.4675679802894592,False,581,1.6273237460000018,screening,2015,2017,16,1.0,101225,0.8908227848101266,0.1044776119402985,67,0.4675679743202816,0.1887363353793345,632,0
50,2,52,0.4675679802894592,False,581,3.86719663400072,screening,2015,2017,16,1.0,101225,0.8908227848101266,0.1044776119402985,67,0.4675679743202816,0.1887363353793345,632,0
10,15,25,0.2875439524650574,False,1157,2.056862565999836,screening,2015,2017,32,0.01,101223,0.8987341772151899,0.1343283582089552,67,0.2875439735569127,0.156644296387243,632,0
20,15,35,0.2875439524650574,False,1157,2.921056705999945,screening,2015,2017,32,0.01,101223,0.8987341772151899,0.1343283582089552,67,0.2875439735569127,0.156644296387243,632,0
50,15,65,0.2875439524650574,False,1157,5.601464364999629,screening,2015,2017,32,0.01,101223,0.8987341772151899,0.1343283582089552,67,0.2875439735569127,0.156644296387243,632,0
10,15,25,0.3330771625041961,False,1157,2.182049091999943,screening,2015,2017,32,0.01,101224,0.8765822784810127,0.1791044776119403,67,0.3330771765853311,0.181004761373798,632,0
20,15,35,0.3330771625041961,False,1157,3.029864352000004,screening,2015,2017,32,0.01,101224,0.8765822784810127,0.1791044776119403,67,0.3330771765853311,0.181004761373798,632,0
50,15,65,0.3330771625041961,False,1157,5.578312910000022,screening,2015,2017,32,0.01,101224,0.8765822784810127,0.1791044776119403,67,0.3330771765853311,0.181004761373798,632,0
10,21,31,0.3354925215244293,False,1157,2.284808817999874,screening,2015,2017,32,0.01,101225,0.8955696202531646,0.0895522388059701,67,0.3354925243514122,0.1773928209394659,632,0
20,21,41,0.3354925215244293,False,1157,3.1774726799994824,screening,2015,2017,32,0.01,101225,0.8955696202531646,0.0895522388059701,67,0.3354925243514122,0.1773928209394659,632,0
50,21,71,0.3354925215244293,False,1157,5.267537152999466,screening,2015,2017,32,0.01,101225,0.8955696202531646,0.0895522388059701,67,0.3354925243514122,0.1773928209394659,632,0
10,5,15,0.2889213860034942,False,1157,1.1609880209998664,screening,2015,2017,32,0.03,101223,0.8987341772151899,0.1343283582089552,67,0.2889213747530471,0.1572471145988098,632,0
20,5,25,0.2889213860034942,False,1157,1.8521420139995823,screening,2015,2017,32,0.03,101223,0.8987341772151899,0.1343283582089552,67,0.2889213747530471,0.1572471145988098,632,0
50,5,55,0.2889213860034942,False,1157,4.203234904000055,screening,2015,2017,32,0.03,101223,0.8987341772151899,0.1343283582089552,67,0.2889213747530471,0.1572471145988098,632,0
10,5,15,0.3336080610752105,False,1157,1.0109845980005048,screening,2015,2017,32,0.03,101224,0.875,0.1791044776119403,67,0.3336080617076261,0.1813606119240491,632,0
20,5,25,0.3336080610752105,False,1157,1.8278050300004909,screening,2015,2017,32,0.03,101224,0.875,0.1791044776119403,67,0.3336080617076261,0.1813606119240491,632,0
50,5,55,0.3336080610752105,False,1157,4.035194981000132,screening,2015,2017,32,0.03,101224,0.875,0.1791044776119403,67,0.3336080617076261,0.1813606119240491,632,0
10,6,16,0.3338055312633514,False,1157,1.187424963999547,screening,2015,2017,32,0.03,101225,0.8496835443037974,0.208955223880597,67,0.3338055488757577,0.1819943467541562,632,0
20,6,26,0.3338055312633514,False,1157,1.926689465999516,screening,2015,2017,32,0.03,101225,0.8496835443037974,0.208955223880597,67,0.3338055488757577,0.1819943467541562,632,0
50,6,56,0.3338055312633514,False,1157,3.9807576339999287,screening,2015,2017,32,0.03,101225,0.8496835443037974,0.208955223880597,67,0.3338055488757577,0.1819943467541562,632,0
10,3,13,0.2896658182144165,False,1157,0.969783749999806,screening,2015,2017,32,0.05,101223,0.9003164556962026,0.1492537313432835,67,0.2896658006590896,0.1576780488875529,632,0
20,3,23,0.2896658182144165,False,1157,1.7925278639995668,screening,2015,2017,32,0.05,101223,0.9003164556962026,0.1492537313432835,67,0.2896658006590896,0.1576780488875529,632,0
50,3,53,0.2896658182144165,False,1157,4.0584568829999625,screening,2015,2017,32,0.05,101223,0.9003164556962026,0.1492537313432835,67,0.2896658006590896,0.1576780488875529,632,0
10,3,13,0.3302805721759796,False,1157,0.9786303140008386,screening,2015,2017,32,0.05,101224,0.8876582278481012,0.1641791044776119,67,0.3302805797594595,0.1783773688566028,632,0
20,3,23,0.3302805721759796,False,1157,1.7563341140003104,screening,2015,2017,32,0.05,101224,0.8876582278481012,0.1641791044776119,67,0.3302805797594595,0.1783773688566028,632,0
50,3,53,0.3302805721759796,False,1157,3.728974465000647,screening,2015,2017,32,0.05,101224,0.8876582278481012,0.1641791044776119,67,0.3302805797594595,0.1783773688566028,632,0
10,4,14,0.3354262709617615,False,1157,1.06807124199986,screening,2015,2017,32,0.05,101225,0.8670886075949367,0.1791044776119403,67,0.3354262310913866,0.1801457001034591,632,0
20,4,24,0.3354262709617615,False,1157,1.736415092000243,screening,2015,2017,32,0.05,101225,0.8670886075949367,0.1791044776119403,67,0.3354262310913866,0.1801457001034591,632,0
50,4,54,0.3354262709617615,False,1157,3.702373709999847,screening,2015,2017,32,0.05,101225,0.8670886075949367,0.1791044776119403,67,0.3354262310913866,0.1801457001034591,632,0
10,2,12,0.3241696357727051,False,1157,1.089651635000337,screening,2015,2017,32,0.1,101223,0.8955696202531646,0.1044776119402985,67,0.3241696539668999,0.1740434954091784,632,0
20,2,22,0.3241696357727051,False,1157,1.8047590380001568,screening,2015,2017,32,0.1,101223,0.8955696202531646,0.1044776119402985,67,0.3241696539668999,0.1740434954091784,632,0
50,2,52,0.3241696357727051,False,1157,4.269951174000198,screening,2015,2017,32,0.1,101223,0.8955696202531646,0.1044776119402985,67,0.3241696539668999,0.1740434954091784,632,0
10,2,12,0.3454000651836395,False,1157,0.7947741469997709,screening,2015,2017,32,0.1,101224,0.8924050632911392,0.0895522388059701,67,0.3454000717498865,0.1799816516337602,632,0
20,2,22,0.3454000651836395,False,1157,1.5795068830002492,screening,2015,2017,32,0.1,101224,0.8924050632911392,0.0895522388059701,67,0.3454000717498865,0.1799816516337602,632,0
50,2,52,0.3454000651836395,False,1157,4.012513308999587,screening,2015,2017,32,0.1,101224,0.8924050632911392,0.0895522388059701,67,0.3454000717498865,0.1799816516337602,632,0
10,2,12,0.3241447806358337,False,1157,0.7774648660006278,screening,2015,2017,32,0.1,101225,0.8686708860759493,0.1791044776119403,67,0.3241447926055021,0.175584850419655,632,0
20,2,22,0.3241447806358337,False,1157,1.415349290999984,screening,2015,2017,32,0.1,101225,0.8686708860759493,0.1791044776119403,67,0.3241447926055021,0.175584850419655,632,0
50,2,52,0.3241447806358337,False,1157,3.687258232000204,screening,2015,2017,32,0.1,101225,0.8686708860759493,0.1791044776119403,67,0.3241447926055021,0.175584850419655,632,0
10,1,11,0.3270742297172546,False,1157,0.9015133089997108,screening,2015,2017,32,0.2,101223,0.8924050632911392,0.1044776119402985,67,0.3270742044537424,0.1728937148819463,632,0
20,1,21,0.3270742297172546,False,1157,1.5582253200000196,screening,2015,2017,32,0.2,101223,0.8924050632911392,0.1044776119402985,67,0.3270742044537424,0.1728937148819463,632,0
50,1,51,0.3270742297172546,False,1157,3.9423783829997774,screening,2015,2017,32,0.2,101223,0.8924050632911392,0.1044776119402985,67,0.3270742044537424,0.1728937148819463,632,0
10,1,11,0.3427376449108124,False,1157,0.7973143079998408,screening,2015,2017,32,0.2,101224,0.8955696202531646,0.1044776119402985,67,0.3427376655228695,0.1794158109941011,632,0
20,1,21,0.3427376449108124,False,1157,1.698359629999686,screening,2015,2017,32,0.2,101224,0.8955696202531646,0.1044776119402985,67,0.3427376655228695,0.1794158109941011,632,0
50,1,51,0.3427376449108124,False,1157,4.008278950000204,screening,2015,2017,32,0.2,101224,0.8955696202531646,0.1044776119402985,67,0.3427376655228695,0.1794158109941011,632,0
10,1,11,0.3405997157096863,False,1157,0.6514180200001647,screening,2015,2017,32,0.2,101225,0.8512658227848101,0.1940298507462686,67,0.3405996747082903,0.1840058506218161,632,0
20,1,21,0.3405997157096863,False,1157,1.2732604129996616,screening,2015,2017,32,0.2,101225,0.8512658227848101,0.1940298507462686,67,0.3405996747082903,0.1840058506218161,632,0
50,1,51,0.3405997157096863,False,1157,3.376415767999788,screening,2015,2017,32,0.2,101225,0.8512658227848101,0.1940298507462686,67,0.3405996747082903,0.1840058506218161,632,0
10,1,11,0.3967590034008026,False,1157,0.8943773209994106,screening,2015,2017,32,0.3,101223,0.8813291139240507,0.1044776119402985,67,0.3967590342876069,0.1954821749862729,632,0
20,1,21,0.3967590034008026,False,1157,1.602315694999561,screening,2015,2017,32,0.3,101223,0.8813291139240507,0.1044776119402985,67,0.3967590342876069,0.1954821749862729,632,0
50,1,51,0.3967590034008026,False,1157,3.7164802999996023,screening,2015,2017,32,0.3,101223,0.8813291139240507,0.1044776119402985,67,0.3967590342876069,0.1954821749862729,632,0
10,1,11,0.3963104784488678,False,1157,0.973567952999474,screening,2015,2017,32,0.3,101224,0.8876582278481012,0.1044776119402985,67,0.3963104436245422,0.1955555043377746,632,0
20,1,21,0.3963104784488678,False,1157,1.635583630999463,screening,2015,2017,32,0.3,101224,0.8876582278481012,0.1044776119402985,67,0.3963104436245422,0.1955555043377746,632,0
50,1,51,0.3963104784488678,False,1157,3.5491984339996634,screening,2015,2017,32,0.3,101224,0.8876582278481012,0.1044776119402985,67,0.3963104436245422,0.1955555043377746,632,0
10,1,11,0.3700930178165436,False,1157,0.98489166499985,screening,2015,2017,32,0.3,101225,0.8939873417721519,0.0895522388059701,67,0.3700930403512426,0.1827262397238556,632,0
20,1,21,0.3700930178165436,False,1157,1.764486477999526,screening,2015,2017,32,0.3,101225,0.8939873417721519,0.0895522388059701,67,0.3700930403512426,0.1827262397238556,632,0
50,1,51,0.3700930178165436,False,1157,3.874011746999713,screening,2015,2017,32,0.3,101225,0.8939873417721519,0.0895522388059701,67,0.3700930403512426,0.1827262397238556,632,0
10,1,11,0.4774752259254455,False,1157,0.8671749839995755,screening,2015,2017,32,0.5,101223,0.8765822784810127,0.0895522388059701,67,0.4774752360302233,0.2082635360895952,632,0
20,1,21,0.4774752259254455,False,1157,1.544745043000148,screening,2015,2017,32,0.5,101223,0.8765822784810127,0.0895522388059701,67,0.4774752360302233,0.2082635360895952,632,0
50,1,51,0.4774752259254455,False,1157,3.501164721999885,screening,2015,2017,32,0.5,101223,0.8765822784810127,0.0895522388059701,67,0.4774752360302233,0.2082635360895952,632,0
10,1,11,0.500476062297821,False,1157,0.6517409710004358,screening,2015,2017,32,0.5,101224,0.870253164556962,0.1194029850746268,67,0.5004760539699283,0.2188832822922518,632,0
20,1,21,0.500476062297821,False,1157,1.214608958000099,screening,2015,2017,32,0.5,101224,0.870253164556962,0.1194029850746268,67,0.5004760539699283,0.2188832822922518,632,0
50,1,51,0.500476062297821,False,1157,3.583243518000017,screening,2015,2017,32,0.5,101224,0.870253164556962,0.1194029850746268,67,0.5004760539699283,0.2188832822922518,632,0
10,1,11,0.4868355691432953,False,1157,0.7496277230002306,screening,2015,2017,32,0.5,101225,0.8781645569620253,0.0895522388059701,67,0.4868355838620947,0.2111211927648802,632,0
20,1,21,0.4868355691432953,False,1157,1.4819622009999875,screening,2015,2017,32,0.5,101225,0.8781645569620253,0.0895522388059701,67,0.4868355838620947,0.2111211927648802,632,0
50,1,51,0.4868355691432953,False,1157,3.677833343999737,screening,2015,2017,32,0.5,101225,0.8781645569620253,0.0895522388059701,67,0.4868355838620947,0.2111211927648802,632,0
10,7,17,0.5577029585838318,False,1157,1.0098776570002883,screening,2015,2017,32,1.0,101223,0.875,0.1194029850746268,67,0.5577029749856265,0.214084114041955,632,0
20,7,27,0.5577029585838318,False,1157,1.7266904120006077,screening,2015,2017,32,1.0,101223,0.875,0.1194029850746268,67,0.5577029749856265,0.214084114041955,632,0
50,7,57,0.5577029585838318,False,1157,4.463574143000187,screening,2015,2017,32,1.0,101223,0.875,0.1194029850746268,67,0.5577029749856265,0.214084114041955,632,0
10,15,25,0.4464774429798126,False,1157,2.1006610630001887,screening,2015,2017,32,1.0,101224,0.8955696202531646,0.0895522388059701,67,0.4464774661511423,0.1854573064027762,632,0
20,15,35,0.4464774429798126,False,1157,3.023969973000021,screening,2015,2017,32,1.0,101224,0.8955696202531646,0.0895522388059701,67,0.4464774661511423,0.1854573064027762,632,0
50,15,65,0.4464774429798126,False,1157,5.7292294449998735,screening,2015,2017,32,1.0,101224,0.8955696202531646,0.0895522388059701,67,0.4464774661511423,0.1854573064027762,632,0
10,2,12,0.4350819289684295,False,1157,1.165571910999461,screening,2015,2017,32,1.0,101225,0.8924050632911392,0.1194029850746268,67,0.435081864144161,0.1860082377208591,632,0
20,2,22,0.4350819289684295,False,1157,2.060739440999896,screening,2015,2017,32,1.0,101225,0.8924050632911392,0.1194029850746268,67,0.435081864144161,0.1860082377208591,632,0
50,2,52,0.4350819289684295,False,1157,4.613122967999516,screening,2015,2017,32,1.0,101225,0.8924050632911392,0.1194029850746268,67,0.435081864144161,0.1860082377208591,632,0
10,23,33,0.3857954740524292,False,1605,2.5060199899999134,screening,2015,2017,32_16,0.01,101223,0.8449367088607594,0.2238805970149253,67,0.3857954563904628,0.1966581547236889,632,0
20,23,43,0.3857954740524292,False,1605,3.4653114469992943,screening,2015,2017,32_16,0.01,101223,0.8449367088607594,0.2238805970149253,67,0.3857954563904628,0.1966581547236889,632,0
50,23,73,0.3857954740524292,False,1605,6.19299518599928,screening,2015,2017,32_16,0.01,101223,0.8449367088607594,0.2238805970149253,67,0.3857954563904628,0.1966581547236889,632,0
10,19,29,0.3250858783721924,False,1605,2.687518051000552,screening,2015,2017,32_16,0.01,101224,0.8860759493670886,0.1492537313432835,67,0.3250858499131079,0.1705185186835769,632,0
20,19,39,0.3250858783721924,False,1605,3.445060593000562,screening,2015,2017,32_16,0.01,101224,0.8860759493670886,0.1492537313432835,67,0.3250858499131079,0.1705185186835769,632,0
50,19,69,0.3250858783721924,False,1605,6.209302042000672,screening,2015,2017,32_16,0.01,101224,0.8860759493670886,0.1492537313432835,67,0.3250858499131079,0.1705185186835769,632,0
10,22,32,0.3326646089553833,False,1605,2.463443290999749,screening,2015,2017,32_16,0.01,101225,0.8955696202531646,0.1343283582089552,67,0.332664597376183,0.1718401005491906,632,0
20,22,42,0.3326646089553833,False,1605,3.2630315420001352,screening,2015,2017,32_16,0.01,101225,0.8955696202531646,0.1343283582089552,67,0.332664597376183,0.1718401005491906,632,0
50,22,72,0.3326646089553833,False,1605,5.6843752830000085,screening,2015,2017,32_16,0.01,101225,0.8955696202531646,0.1343283582089552,67,0.332664597376183,0.1718401005491906,632,0
10,9,19,0.380876213312149,False,1605,1.72829271899991,screening,2015,2017,32_16,0.03,101223,0.8876582278481012,0.0895522388059701,67,0.3808762232361547,0.1909710467270656,632,0
20,9,29,0.380876213312149,False,1605,2.5842501119996086,screening,2015,2017,32_16,0.03,101223,0.8876582278481012,0.0895522388059701,67,0.3808762232361547,0.1909710467270656,632,0
50,9,59,0.380876213312149,False,1605,4.817067326000142,screening,2015,2017,32_16,0.03,101223,0.8876582278481012,0.0895522388059701,67,0.3808762232361547,0.1909710467270656,632,0
10,7,17,0.3195036053657532,False,1605,1.595380734000173,screening,2015,2017,32_16,0.03,101224,0.8955696202531646,0.1044776119402985,67,0.319503596033746,0.1656416664345362,632,0
20,7,27,0.3195036053657532,False,1605,2.3406482430000324,screening,2015,2017,32_16,0.03,101224,0.8955696202531646,0.1044776119402985,67,0.319503596033746,0.1656416664345362,632,0
50,7,57,0.3195036053657532,False,1605,4.77590522599985,screening,2015,2017,32_16,0.03,101224,0.8955696202531646,0.1044776119402985,67,0.319503596033746,0.1656416664345362,632,0
10,9,19,0.3258984386920929,False,1605,1.8685652310005023,screening,2015,2017,32_16,0.03,101225,0.8971518987341772,0.1343283582089552,67,0.325898427277461,0.1656860640607259,632,0
20,9,29,0.3258984386920929,False,1605,2.7016739190003136,screening,2015,2017,32_16,0.03,101225,0.8971518987341772,0.1343283582089552,67,0.325898427277461,0.1656860640607259,632,0
50,9,59,0.3258984386920929,False,1605,4.992006041999957,screening,2015,2017,32_16,0.03,101225,0.8971518987341772,0.1343283582089552,67,0.325898427277461,0.1656860640607259,632,0
10,7,17,0.3910537362098694,False,1605,0.828439186999276,screening,2015,2017,32_16,0.05,101223,0.8829113924050633,0.0895522388059701,67,0.3910537168348643,0.187175134264702,632,0
20,7,27,0.3910537362098694,False,1605,1.4007303469998078,screening,2015,2017,32_16,0.05,101223,0.8829113924050633,0.0895522388059701,67,0.3910537168348643,0.187175134264702,632,0
50,7,57,0.3910537362098694,False,1605,3.1322795559999577,screening,2015,2017,32_16,0.05,101223,0.8829113924050633,0.0895522388059701,67,0.3910537168348643,0.187175134264702,632,0
10,4,14,0.3318009078502655,False,1605,0.6804893750004339,screening,2015,2017,32_16,0.05,101224,0.8924050632911392,0.1044776119402985,67,0.3318009004718228,0.1719743108504553,632,0
20,4,24,0.3318009078502655,False,1605,1.2498354549998112,screening,2015,2017,32_16,0.05,101224,0.8924050632911392,0.1044776119402985,67,0.3318009004718228,0.1719743108504553,632,0
50,4,54,0.3318009078502655,False,1605,3.022450890000073,screening,2015,2017,32_16,0.05,101224,0.8924050632911392,0.1044776119402985,67,0.3318009004718228,0.1719743108504553,632,0
10,6,16,0.3300209641456604,False,1605,0.775292477000221,screening,2015,2017,32_16,0.05,101225,0.9003164556962026,0.1343283582089552,67,0.3300209605103191,0.1653111488315903,632,0
20,6,26,0.3300209641456604,False,1605,1.255680803999894,screening,2015,2017,32_16,0.05,101225,0.9003164556962026,0.1343283582089552,67,0.3300209605103191,0.1653111488315903,632,0
50,6,56,0.3300209641456604,False,1605,2.7199754760004,screening,2015,2017,32_16,0.05,101225,0.9003164556962026,0.1343283582089552,67,0.3300209605103191,0.1653111488315903,632,0
10,3,13,0.4011889398097992,False,1605,0.6294264959997236,screening,2015,2017,32_16,0.1,101223,0.8829113924050633,0.0895522388059701,67,0.4011889482607852,0.1958706107861417,632,0
20,3,23,0.4011889398097992,False,1605,1.107431013999303,screening,2015,2017,32_16,0.1,101223,0.8829113924050633,0.0895522388059701,67,0.4011889482607852,0.1958706107861417,632,0
50,3,53,0.4011889398097992,False,1605,2.733599286999379,screening,2015,2017,32_16,0.1,101223,0.8829113924050633,0.0895522388059701,67,0.4011889482607852,0.1958706107861417,632,0
10,2,12,0.3289366960525512,False,1605,0.5924328640003296,screening,2015,2017,32_16,0.1,101224,0.8924050632911392,0.1343283582089552,67,0.3289367130002447,0.1710221877233406,632,0
20,2,22,0.3289366960525512,False,1605,1.0620794400001614,screening,2015,2017,32_16,0.1,101224,0.8924050632911392,0.1343283582089552,67,0.3289367130002447,0.1710221877233406,632,0
50,2,52,0.3289366960525512,False,1605,2.632616765000421,screening,2015,2017,32_16,0.1,101224,0.8924050632911392,0.1343283582089552,67,0.3289367130002447,0.1710221877233406,632,0
10,3,13,0.3152400851249695,False,1605,0.7263012650000746,screening,2015,2017,32_16,0.1,101225,0.8971518987341772,0.1343283582089552,67,0.3152400799008901,0.1596557569865905,632,0
20,3,23,0.3152400851249695,False,1605,1.2276890530001765,screening,2015,2017,32_16,0.1,101225,0.8971518987341772,0.1343283582089552,67,0.3152400799008901,0.1596557569865905,632,0
50,3,53,0.3152400851249695,False,1605,2.687067695999758,screening,2015,2017,32_16,0.1,101225,0.8971518987341772,0.1343283582089552,67,0.3152400799008901,0.1596557569865905,632,0
10,1,11,0.4410147964954376,False,1605,0.5329294230004962,screening,2015,2017,32_16,0.2,101223,0.8401898734177216,0.3432835820895522,67,0.4410147794273087,0.2187653729342422,632,0
20,1,21,0.4410147964954376,False,1605,1.0084353540005395,screening,2015,2017,32_16,0.2,101223,0.8401898734177216,0.3432835820895522,67,0.4410147794273087,0.2187653729342422,632,0
50,1,51,0.4410147964954376,False,1605,2.5260278470004778,screening,2015,2017,32_16,0.2,101223,0.8401898734177216,0.3432835820895522,67,0.4410147794273087,0.2187653729342422,632,0
10,1,11,0.3256192505359649,False,1605,0.5198799039999358,screening,2015,2017,32_16,0.2,101224,0.8623417721518988,0.1791044776119403,67,0.3256192192284917,0.172952634736861,632,0
20,1,21,0.3256192505359649,False,1605,0.9816170450003484,screening,2015,2017,32_16,0.2,101224,0.8623417721518988,0.1791044776119403,67,0.3256192192284917,0.172952634736861,632,0
50,1,51,0.3256192505359649,False,1605,2.4861309350008014,screening,2015,2017,32_16,0.2,101224,0.8623417721518988,0.1791044776119403,67,0.3256192192284917,0.172952634736861,632,0
10,2,12,0.3221345841884613,False,1605,0.5806081179998728,screening,2015,2017,32_16,0.2,101225,0.8955696202531646,0.0895522388059701,67,0.3221345980566525,0.1613191977863906,632,0
20,2,22,0.3221345841884613,False,1605,1.1456158789997062,screening,2015,2017,32_16,0.2,101225,0.8955696202531646,0.0895522388059701,67,0.3221345980566525,0.1613191977863906,632,0
50,2,52,0.3221345841884613,False,1605,2.845915048000279,screening,2015,2017,32_16,0.2,101225,0.8955696202531646,0.0895522388059701,67,0.3221345980566525,0.1613191977863906,632,0
10,1,11,0.4364999234676361,False,1605,0.5695808469999974,screening,2015,2017,32_16,0.3,101223,0.8765822784810127,0.2238805970149253,67,0.4364999304937682,0.2056790088960715,632,0
20,1,21,0.4364999234676361,False,1605,1.338583276999998,screening,2015,2017,32_16,0.3,101223,0.8765822784810127,0.2238805970149253,67,0.4364999304937682,0.2056790088960715,632,0
50,1,51,0.4364999234676361,False,1605,3.128072387999964,screening,2015,2017,32_16,0.3,101223,0.8765822784810127,0.2238805970149253,67,0.4364999304937682,0.2056790088960715,632,0
10,1,11,0.3497331440448761,False,1605,0.7898965009999301,screening,2015,2017,32_16,0.3,101224,0.8908227848101266,0.0746268656716417,67,0.3497331322684525,0.1744473893709536,632,0
20,1,21,0.3497331440448761,False,1605,1.6004216049996105,screening,2015,2017,32_16,0.3,101224,0.8908227848101266,0.0746268656716417,67,0.3497331322684525,0.1744473893709536,632,0
50,1,51,0.3497331440448761,False,1605,3.1488099219996,screening,2015,2017,32_16,0.3,101224,0.8908227848101266,0.0746268656716417,67,0.3497331322684525,0.1744473893709536,632,0
10,2,12,0.3372461497783661,False,1605,0.5719534159998148,screening,2015,2017,32_16,0.3,101225,0.8987341772151899,0.1641791044776119,67,0.3372461452470002,0.1639072378763218,632,0
20,2,22,0.3372461497783661,False,1605,1.0448600190002253,screening,2015,2017,32_16,0.3,101225,0.8987341772151899,0.1641791044776119,67,0.3372461452470002,0.1639072378763218,632,0
50,2,52,0.3372461497783661,False,1605,2.551007994999964,screening,2015,2017,32_16,0.3,101225,0.8987341772151899,0.1641791044776119,67,0.3372461452470002,0.1639072378763218,632,0
10,1,11,0.4843594431877136,False,1605,0.5174760720001359,screening,2015,2017,32_16,0.5,101223,0.8718354430379747,0.1492537313432835,67,0.4843594543775052,0.2091229009616405,632,0
20,1,21,0.4843594431877136,False,1605,1.0275544200003424,screening,2015,2017,32_16,0.5,101223,0.8718354430379747,0.1492537313432835,67,0.4843594543775052,0.2091229009616405,632,0
50,1,51,0.4843594431877136,False,1605,2.728764207000495,screening,2015,2017,32_16,0.5,101223,0.8718354430379747,0.1492537313432835,67,0.4843594543775052,0.2091229009616405,632,0
10,6,16,0.4105065762996673,False,1605,0.7881709690000207,screening,2015,2017,32_16,0.5,101224,0.8924050632911392,0.0895522388059701,67,0.4105065900031138,0.1851699082826495,632,0
20,6,26,0.4105065762996673,False,1605,1.289419018999979,screening,2015,2017,32_16,0.5,101224,0.8924050632911392,0.0895522388059701,67,0.4105065900031138,0.1851699082826495,632,0
50,6,56,0.4105065762996673,False,1605,2.9875626029997875,screening,2015,2017,32_16,0.5,101224,0.8924050632911392,0.0895522388059701,67,0.4105065900031138,0.1851699082826495,632,0
10,2,12,0.3415378630161285,False,1605,0.5762949850004588,screening,2015,2017,32_16,0.5,101225,0.9003164556962026,0.1940298507462686,67,0.3415378432463267,0.1658507279327154,632,0
20,2,22,0.3415378630161285,False,1605,1.0535800409998046,screening,2015,2017,32_16,0.5,101225,0.9003164556962026,0.1940298507462686,67,0.3415378432463267,0.1658507279327154,632,0
50,2,52,0.3415378630161285,False,1605,2.585573510999893,screening,2015,2017,32_16,0.5,101225,0.9003164556962026,0.1940298507462686,67,0.3415378432463267,0.1658507279327154,632,0
10,7,17,0.4285013675689697,False,1605,1.8562206630003857,screening,2015,2017,32_16,1.0,101223,0.8955696202531646,0.0895522388059701,67,0.4285014020487426,0.1936999352056608,632,0
20,7,27,0.4285013675689697,False,1605,3.8824409130002095,screening,2015,2017,32_16,1.0,101223,0.8955696202531646,0.0895522388059701,67,0.4285014020487426,0.1936999352056608,632,0
50,7,57,0.4285013675689697,False,1605,8.094972515000336,screening,2015,2017,32_16,1.0,101223,0.8955696202531646,0.0895522388059701,67,0.4285014020487426,0.1936999352056608,632,0
10,15,25,0.4260400831699371,False,1605,4.01952208000057,screening,2015,2017,32_16,1.0,101224,0.8939873417721519,0.0746268656716417,67,0.4260400928056862,0.1830778534272398,632,0
20,15,35,0.4260400831699371,False,1605,5.279305707000276,screening,2015,2017,32_16,1.0,101224,0.8939873417721519,0.0746268656716417,67,0.4260400928056862,0.1830778534272398,632,0
50,15,65,0.4260400831699371,False,1605,8.852899887000603,screening,2015,2017,32_16,1.0,101224,0.8939873417721519,0.0746268656716417,67,0.4260400928056862,0.1830778534272398,632,0
10,2,12,0.3622619807720184,False,1605,0.9942233840001792,screening,2015,2017,32_16,1.0,101225,0.875,0.1641791044776119,67,0.3622619553447617,0.1885965347251102,632,0
20,2,22,0.3622619807720184,False,1605,1.7563949860004868,screening,2015,2017,32_16,1.0,101225,0.875,0.1641791044776119,67,0.3622619553447617,0.1885965347251102,632,0
50,2,52,0.3622619807720184,False,1605,3.436274848000721,screening,2015,2017,32_16,1.0,101225,0.875,0.1641791044776119,67,0.3622619553447617,0.1885965347251102,632,0
10,15,25,0.3673501908779144,False,4229,1.3444931899994117,screening,2015,2017,64_32,0.01,101223,0.870253164556962,0.3880597014925373,67,0.3673501564302028,0.1883416652354936,632,0
20,15,35,0.3673501908779144,False,4229,1.8956357419992853,screening,2015,2017,64_32,0.01,101223,0.870253164556962,0.3880597014925373,67,0.3673501564302028,0.1883416652354936,632,0
50,15,65,0.3673501908779144,False,4229,3.717886595999517,screening,2015,2017,64_32,0.01,101223,0.870253164556962,0.3880597014925373,67,0.3673501564302028,0.1883416652354936,632,0
10,19,29,0.3898440599441528,False,4229,1.6713835579994338,screening,2015,2017,64_32,0.01,101224,0.8560126582278481,0.2686567164179104,67,0.38984404180251,0.1974203401215244,632,0
20,19,39,0.3898440599441528,False,4229,2.1683154399997875,screening,2015,2017,64_32,0.01,101224,0.8560126582278481,0.2686567164179104,67,0.38984404180251,0.1974203401215244,632,0
50,19,69,0.3898440599441528,False,4229,4.055926135999471,screening,2015,2017,64_32,0.01,101224,0.8560126582278481,0.2686567164179104,67,0.38984404180251,0.1974203401215244,632,0
10,25,35,0.3228948712348938,False,4229,1.8906776249996256,screening,2015,2017,64_32,0.01,101225,0.9003164556962026,0.1194029850746268,67,0.3228948514519297,0.1658544743588454,632,0
20,25,45,0.3228948712348938,False,4229,2.386866744999679,screening,2015,2017,64_32,0.01,101225,0.9003164556962026,0.1194029850746268,67,0.3228948514519297,0.1658544743588454,632,0
50,25,75,0.3228948712348938,False,4229,4.482440390000193,screening,2015,2017,64_32,0.01,101225,0.9003164556962026,0.1194029850746268,67,0.3228948514519297,0.1658544743588454,632,0
10,7,17,0.3640157580375671,False,4229,1.0185631029999058,screening,2015,2017,64_32,0.03,101223,0.9098101265822784,0.2835820895522388,67,0.3640157643133689,0.183996164570999,632,0
20,7,27,0.3640157580375671,False,4229,1.5632548820003649,screening,2015,2017,64_32,0.03,101223,0.9098101265822784,0.2835820895522388,67,0.3640157643133689,0.183996164570999,632,0
50,7,57,0.3640157580375671,False,4229,3.090062489000047,screening,2015,2017,64_32,0.03,101223,0.9098101265822784,0.2835820895522388,67,0.3640157643133689,0.183996164570999,632,0
10,7,17,0.3846733272075653,False,4229,0.948679178999555,screening,2015,2017,64_32,0.03,101224,0.8560126582278481,0.2686567164179104,67,0.3846733038111017,0.1946564637262235,632,0
20,7,27,0.3846733272075653,False,4229,1.4580453360003958,screening,2015,2017,64_32,0.03,101224,0.8560126582278481,0.2686567164179104,67,0.3846733038111017,0.1946564637262235,632,0
50,7,57,0.3846733272075653,False,4229,3.1884257840001737,screening,2015,2017,64_32,0.03,101224,0.8560126582278481,0.2686567164179104,67,0.3846733038111017,0.1946564637262235,632,0
10,9,19,0.3113907277584076,False,4229,1.0736635789999127,screening,2015,2017,64_32,0.03,101225,0.8971518987341772,0.0895522388059701,67,0.3113907219002431,0.16127488335858,632,0
20,9,29,0.3113907277584076,False,4229,1.652803633000076,screening,2015,2017,64_32,0.03,101225,0.8971518987341772,0.0895522388059701,67,0.3113907219002431,0.16127488335858,632,0
50,9,59,0.3113907277584076,False,4229,3.423466510999788,screening,2015,2017,64_32,0.03,101225,0.8971518987341772,0.0895522388059701,67,0.3113907219002431,0.16127488335858,632,0
10,7,17,0.3666772544384002,False,4229,0.8421651670005303,screening,2015,2017,64_32,0.05,101223,0.8939873417721519,0.0895522388059701,67,0.3666772245354933,0.1774006297650275,632,0
20,7,27,0.3666772544384002,False,4229,1.3858644800002369,screening,2015,2017,64_32,0.05,101223,0.8939873417721519,0.0895522388059701,67,0.3666772245354933,0.1774006297650275,632,0
50,7,57,0.3666772544384002,False,4229,3.6229534980002422,screening,2015,2017,64_32,0.05,101223,0.8939873417721519,0.0895522388059701,67,0.3666772245354933,0.1774006297650275,632,0
10,6,16,0.380323588848114,False,4229,1.275154071000543,screening,2015,2017,64_32,0.05,101224,0.8876582278481012,0.0895522388059701,67,0.3803236332062846,0.1839524991953102,632,0
20,6,26,0.380323588848114,False,4229,1.810021418999895,screening,2015,2017,64_32,0.05,101224,0.8876582278481012,0.0895522388059701,67,0.3803236332062846,0.1839524991953102,632,0
50,6,56,0.380323588848114,False,4229,3.301270038000439,screening,2015,2017,64_32,0.05,101224,0.8876582278481012,0.0895522388059701,67,0.3803236332062846,0.1839524991953102,632,0
10,6,16,0.3124827742576599,False,4229,0.7882114479998563,screening,2015,2017,64_32,0.05,101225,0.8971518987341772,0.0895522388059701,67,0.3124827732083575,0.1621415684669477,632,0
20,6,26,0.3124827742576599,False,4229,1.280271741999968,screening,2015,2017,64_32,0.05,101225,0.8971518987341772,0.0895522388059701,67,0.3124827732083575,0.1621415684669477,632,0
50,6,56,0.3124827742576599,False,4229,2.77515215999938,screening,2015,2017,64_32,0.05,101225,0.8971518987341772,0.0895522388059701,67,0.3124827732083575,0.1621415684669477,632,0
10,1,11,0.4031181335449219,False,4229,0.5546204019992729,screening,2015,2017,64_32,0.1,101223,0.8607594936708861,0.3283582089552239,67,0.4031181118826167,0.2031486986437484,632,0
20,1,21,0.4031181335449219,False,4229,1.055956303999665,screening,2015,2017,64_32,0.1,101223,0.8607594936708861,0.3283582089552239,67,0.4031181118826167,0.2031486986437484,632,0
50,1,51,0.4031181335449219,False,4229,2.8695300149993272,screening,2015,2017,64_32,0.1,101223,0.8607594936708861,0.3283582089552239,67,0.4031181118826167,0.2031486986437484,632,0
10,2,12,0.3884919285774231,False,4229,0.6893855010002881,screening,2015,2017,64_32,0.1,101224,0.8560126582278481,0.2686567164179104,67,0.3884919165000806,0.1967806638746556,632,0
20,2,22,0.3884919285774231,False,4229,1.5126127049998104,screening,2015,2017,64_32,0.1,101224,0.8560126582278481,0.2686567164179104,67,0.3884919165000806,0.1967806638746556,632,0
50,2,52,0.3884919285774231,False,4229,3.396421929999633,screening,2015,2017,64_32,0.1,101224,0.8560126582278481,0.2686567164179104,67,0.3884919165000806,0.1967806638746556,632,0
10,3,13,0.2961203753948211,False,4229,0.8418643370005157,screening,2015,2017,64_32,0.1,101225,0.8971518987341772,0.0895522388059701,67,0.2961203682175566,0.1564243231963552,632,0
20,3,23,0.2961203753948211,False,4229,1.4510040790000858,screening,2015,2017,64_32,0.1,101225,0.8971518987341772,0.0895522388059701,67,0.2961203682175566,0.1564243231963552,632,0
50,3,53,0.2961203753948211,False,4229,3.140748318000078,screening,2015,2017,64_32,0.1,101225,0.8971518987341772,0.0895522388059701,67,0.2961203682175566,0.1564243231963552,632,0
10,1,11,0.4316747188568115,False,4229,0.5523675820004428,screening,2015,2017,64_32,0.2,101223,0.875,0.3283582089552239,67,0.4316747196250947,0.204859349906931,632,0
20,1,21,0.4316747188568115,False,4229,1.256655684999714,screening,2015,2017,64_32,0.2,101223,0.875,0.3283582089552239,67,0.4316747196250947,0.204859349906931,632,0
50,1,51,0.4316747188568115,False,4229,2.770146349999777,screening,2015,2017,64_32,0.2,101223,0.875,0.3283582089552239,67,0.4316747196250947,0.204859349906931,632,0
10,2,12,0.3791083097457886,False,4229,0.6058304680000219,screening,2015,2017,64_32,0.2,101224,0.8939873417721519,0.0895522388059701,67,0.3791083261536139,0.1808006125058828,632,0
20,2,22,0.3791083097457886,False,4229,1.149131340999702,screening,2015,2017,64_32,0.2,101224,0.8939873417721519,0.0895522388059701,67,0.3791083261536139,0.1808006125058828,632,0
50,2,52,0.3791083097457886,False,4229,3.003073076999499,screening,2015,2017,64_32,0.2,101224,0.8939873417721519,0.0895522388059701,67,0.3791083261536139,0.1808006125058828,632,0
10,2,12,0.3098625540733337,False,4229,0.8709653659998366,screening,2015,2017,64_32,0.2,101225,0.8971518987341772,0.1641791044776119,67,0.3098625373047806,0.1631462514879206,632,0
20,2,22,0.3098625540733337,False,4229,1.4540349049993893,screening,2015,2017,64_32,0.2,101225,0.8971518987341772,0.1641791044776119,67,0.3098625373047806,0.1631462514879206,632,0
50,2,52,0.3098625540733337,False,4229,3.141764594999586,screening,2015,2017,64_32,0.2,101225,0.8971518987341772,0.1641791044776119,67,0.3098625373047806,0.1631462514879206,632,0
10,1,11,0.4367479681968689,False,4229,0.5474545229999421,screening,2015,2017,64_32,0.3,101223,0.8860759493670886,0.1641791044776119,67,0.4367479477297691,0.193472835979124,632,0
20,1,21,0.4367479681968689,False,4229,1.0445634919997246,screening,2015,2017,64_32,0.3,101223,0.8860759493670886,0.1641791044776119,67,0.4367479477297691,0.193472835979124,632,0
50,1,51,0.4367479681968689,False,4229,2.736973707999823,screening,2015,2017,64_32,0.3,101223,0.8860759493670886,0.1641791044776119,67,0.4367479477297691,0.193472835979124,632,0
10,1,11,0.3865286111831665,False,4229,0.6366758880003545,screening,2015,2017,64_32,0.3,101224,0.8829113924050633,0.1044776119402985,67,0.3865286295949056,0.1904104889858533,632,0
20,1,21,0.3865286111831665,False,4229,1.150666115000604,screening,2015,2017,64_32,0.3,101224,0.8829113924050633,0.1044776119402985,67,0.3865286295949056,0.1904104889858533,632,0
50,1,51,0.3865286111831665,False,4229,2.72929352600022,screening,2015,2017,64_32,0.3,101224,0.8829113924050633,0.1044776119402985,67,0.3865286295949056,0.1904104889858533,632,0
10,2,12,0.3473057448863983,False,4229,0.747516321999683,screening,2015,2017,64_32,0.3,101225,0.9003164556962026,0.2238805970149253,67,0.3473057231365267,0.169584883416885,632,0
20,2,22,0.3473057448863983,False,4229,1.2511328239997963,screening,2015,2017,64_32,0.3,101225,0.9003164556962026,0.2238805970149253,67,0.3473057231365267,0.169584883416885,632,0
50,2,52,0.3473057448863983,False,4229,2.8074519080000755,screening,2015,2017,64_32,0.3,101225,0.9003164556962026,0.2238805970149253,67,0.3473057231365267,0.169584883416885,632,0
10,1,11,0.4658414125442505,False,4229,0.5742248440001276,screening,2015,2017,64_32,0.5,101223,0.8781645569620253,0.1044776119402985,67,0.4658413888483751,0.1974530278801155,632,0
20,1,21,0.4658414125442505,False,4229,1.1304086370000732,screening,2015,2017,64_32,0.5,101223,0.8781645569620253,0.1044776119402985,67,0.4658413888483751,0.1974530278801155,632,0
50,1,51,0.4658414125442505,False,4229,2.80248357399978,screening,2015,2017,64_32,0.5,101223,0.8781645569620253,0.1044776119402985,67,0.4658413888483751,0.1974530278801155,632,0
10,6,16,0.3995057642459869,False,4229,0.8353443949999928,screening,2015,2017,64_32,0.5,101224,0.8876582278481012,0.0746268656716417,67,0.3995057668997235,0.1819280603216033,632,0
20,6,26,0.3995057642459869,False,4229,1.5501964049999517,screening,2015,2017,64_32,0.5,101224,0.8876582278481012,0.0746268656716417,67,0.3995057668997235,0.1819280603216033,632,0
50,6,56,0.3995057642459869,False,4229,3.293568432000029,screening,2015,2017,64_32,0.5,101224,0.8876582278481012,0.0746268656716417,67,0.3995057668997235,0.1819280603216033,632,0
10,7,17,0.3679645359516144,False,4229,1.0050819289999708,screening,2015,2017,64_32,0.5,101225,0.8908227848101266,0.1044776119402985,67,0.3679645406067904,0.1791195742149748,632,0
20,7,27,0.3679645359516144,False,4229,1.579073290999986,screening,2015,2017,64_32,0.5,101225,0.8908227848101266,0.1044776119402985,67,0.3679645406067904,0.1791195742149748,632,0
50,7,57,0.3679645359516144,False,4229,3.0988666599996577,screening,2015,2017,64_32,0.5,101225,0.8908227848101266,0.1044776119402985,67,0.3679645406067904,0.1791195742149748,632,0
10,9,19,0.4943337738513946,False,4229,1.028292742999838,screening,2015,2017,64_32,1.0,101223,0.8924050632911392,0.0895522388059701,67,0.4943337592511848,0.1981365067593233,632,0
20,9,29,0.4943337738513946,False,4229,1.5141887039999349,screening,2015,2017,64_32,1.0,101223,0.8924050632911392,0.0895522388059701,67,0.4943337592511848,0.1981365067593233,632,0
50,9,59,0.4943337738513946,False,4229,3.0770955049993063,screening,2015,2017,64_32,1.0,101223,0.8924050632911392,0.0895522388059701,67,0.4943337592511848,0.1981365067593233,632,0
10,6,16,0.4005483388900757,False,4229,0.7925563540002258,screening,2015,2017,64_32,1.0,101224,0.8718354430379747,0.208955223880597,67,0.4005483669331763,0.2004606756195791,632,0
20,6,26,0.4005483388900757,False,4229,1.3969682999995712,screening,2015,2017,64_32,1.0,101224,0.8718354430379747,0.208955223880597,67,0.4005483669331763,0.2004606756195791,632,0
50,6,56,0.4005483388900757,False,4229,2.85600392699962,screening,2015,2017,64_32,1.0,101224,0.8718354430379747,0.208955223880597,67,0.4005483669331763,0.2004606756195791,632,0
10,2,12,0.3339710533618927,False,4229,0.5682167730001311,screening,2015,2017,64_32,1.0,101225,0.8876582278481012,0.2238805970149253,67,0.3339710713595138,0.1654382606819822,632,0
20,2,22,0.3339710533618927,False,4229,1.4316974969997318,screening,2015,2017,64_32,1.0,101225,0.8876582278481012,0.2238805970149253,67,0.3339710713595138,0.1654382606819822,632,0
50,2,52,0.3339710533618927,False,4229,3.035740612000154,screening,2015,2017,64_32,1.0,101225,0.8876582278481012,0.2238805970149253,67,0.3339710713595138,0.1654382606819822,632,0
