stage,train_through,validation_year,evaluation_year,architecture,learning_rate,patience,seeds,validation_accuracy,validation_changed_seat_accuracy,validation_changed_seats,validation_log_loss,validation_brier_score,validation_rows,validation_unseen_winners,evaluation_accuracy,evaluation_changed_seat_accuracy,evaluation_changed_seats,evaluation_log_loss,evaluation_brier_score,evaluation_rows,evaluation_unseen_winners,policy
screening,1987,1992,1997,16,0.5,10,3,0.9116719242902208,0.2156862745098039,51,0.2088080925346296,0.1226129093099502,634,0,0.6879875195007801,0.0625,160,1.3594729984501406,0.5527579000118703,641,0,validation_all_rates
screening,1987,1992,1997,16,0.5,10,3,0.9116719242902208,0.2156862745098039,51,0.2088080925346296,0.1226129093099502,634,0,0.6879875195007801,0.0625,160,1.3594729984501406,0.5527579000118703,641,0,validation_midrange
screening,1987,1992,1997,16,0.3,10,3,0.9132492113564668,0.1372549019607843,51,0.2189145976940788,0.1288694530386677,634,0,0.6848673946957878,0.05,160,1.4153035545020136,0.5759350686267601,641,0,validation_compact
screening,1987,1992,1997,16,0.01,10,3,0.8974763406940063,0.0980392156862745,51,0.2460506683264489,0.1422719230153818,634,0,0.6677067082683308,0.03125,160,1.2224391776161665,0.5759519636243848,641,0,fixed_0.01
screening,1987,1992,1997,16,0.03,10,3,0.8958990536277602,0.0980392156862745,51,0.2476672749510243,0.1424576782043159,634,0,0.6661466458658346,0.03125,160,1.2034303045717414,0.5727805563689564,641,0,fixed_0.03
screening,1987,1992,1997,16,0.05,10,3,0.9132492113564668,0.1372549019607843,51,0.2260586193495355,0.1337632835664883,634,0,0.6755070202808112,0.03125,160,1.230003059125295,0.5752863634959262,641,0,fixed_0.05
screening,1987,1992,1997,16,0.1,10,3,0.9116719242902208,0.1372549019607843,51,0.2254504273872802,0.1336526002939688,634,0,0.6755070202808112,0.03125,160,1.2480801698800434,0.5736176974995183,641,0,fixed_0.1
screening,1987,1992,1997,16,0.2,10,3,0.916403785488959,0.1764705882352941,51,0.2255697208929528,0.1309596971112621,634,0,0.6879875195007801,0.05625,160,1.509267668391331,0.5818834234746195,641,0,fixed_0.2
screening,1987,1992,1997,16,0.3,10,3,0.9132492113564668,0.1372549019607843,51,0.2189145976940788,0.1288694530386677,634,0,0.6848673946957878,0.05,160,1.4153035545020136,0.5759350686267601,641,0,fixed_0.3
screening,1987,1992,1997,16,0.5,10,3,0.9116719242902208,0.2156862745098039,51,0.2088080925346296,0.1226129093099502,634,0,0.6879875195007801,0.0625,160,1.3594729984501406,0.5527579000118703,641,0,fixed_0.5
screening,1987,1992,1997,16,1.0,10,3,0.9132492113564668,0.1568627450980392,51,0.2210438494265706,0.1281752506120126,634,0,0.6879875195007801,0.05625,160,1.4496288381161082,0.5704802708677521,641,0,fixed_1
screening,1987,1992,1997,16,0.5,20,3,0.9116719242902208,0.2156862745098039,51,0.2088080925346296,0.1226129093099502,634,0,0.6879875195007801,0.0625,160,1.3594729984501406,0.5527579000118703,641,0,validation_all_rates
screening,1987,1992,1997,16,0.5,20,3,0.9116719242902208,0.2156862745098039,51,0.2088080925346296,0.1226129093099502,634,0,0.6879875195007801,0.0625,160,1.3594729984501406,0.5527579000118703,641,0,validation_midrange
screening,1987,1992,1997,16,0.3,20,3,0.9132492113564668,0.1372549019607843,51,0.2189145976940788,0.1288694530386677,634,0,0.6848673946957878,0.05,160,1.4153035545020136,0.5759350686267601,641,0,validation_compact
screening,1987,1992,1997,16,0.01,20,3,0.8974763406940063,0.0980392156862745,51,0.2460506683264489,0.1422719230153818,634,0,0.6677067082683308,0.03125,160,1.2224391776161665,0.5759519636243848,641,0,fixed_0.01
screening,1987,1992,1997,16,0.03,20,3,0.9148264984227128,0.1372549019607843,51,0.227990428103728,0.1348819962469295,634,0,0.6770670826833073,0.03125,160,1.2683544320229414,0.5802260095921875,641,0,fixed_0.03
screening,1987,1992,1997,16,0.05,20,3,0.9132492113564668,0.1372549019607843,51,0.2260586193495355,0.1337632835664883,634,0,0.6755070202808112,0.03125,160,1.230003059125295,0.5752863634959262,641,0,fixed_0.05
screening,1987,1992,1997,16,0.1,20,3,0.9116719242902208,0.1176470588235294,51,0.2297555201607636,0.1342663055704419,634,0,0.6833073322932918,0.04375,160,1.4656430034813006,0.589354320512131,641,0,fixed_0.1
screening,1987,1992,1997,16,0.2,20,3,0.916403785488959,0.1764705882352941,51,0.2255697208929528,0.1309596971112621,634,0,0.6879875195007801,0.05625,160,1.509267668391331,0.5818834234746195,641,0,fixed_0.2
screening,1987,1992,1997,16,0.3,20,3,0.9132492113564668,0.1372549019607843,51,0.2189145976940788,0.1288694530386677,634,0,0.6848673946957878,0.05,160,1.4153035545020136,0.5759350686267601,641,0,fixed_0.3
screening,1987,1992,1997,16,0.5,20,3,0.9116719242902208,0.2156862745098039,51,0.2088080925346296,0.1226129093099502,634,0,0.6879875195007801,0.0625,160,1.3594729984501406,0.5527579000118703,641,0,fixed_0.5
screening,1987,1992,1997,16,1.0,20,3,0.9132492113564668,0.1568627450980392,51,0.2210438494265706,0.1281752506120126,634,0,0.6879875195007801,0.05625,160,1.4496288381161082,0.5704802708677521,641,0,fixed_1
screening,1987,1992,1997,16,0.5,50,3,0.9116719242902208,0.2156862745098039,51,0.2088080925346296,0.1226129093099502,634,0,0.6879875195007801,0.0625,160,1.3594729984501406,0.5527579000118703,641,0,validation_all_rates
screening,1987,1992,1997,16,0.5,50,3,0.9116719242902208,0.2156862745098039,51,0.2088080925346296,0.1226129093099502,634,0,0.6879875195007801,0.0625,160,1.3594729984501406,0.5527579000118703,641,0,validation_midrange
screening,1987,1992,1997,16,0.3,50,3,0.9132492113564668,0.1372549019607843,51,0.2189145976940788,0.1288694530386677,634,0,0.6848673946957878,0.05,160,1.4153035545020136,0.5759350686267601,641,0,validation_compact
screening,1987,1992,1997,16,0.01,50,3,0.9148264984227128,0.1372549019607843,51,0.2283184790723941,0.1350460995619058,634,0,0.6770670826833073,0.03125,160,1.2694349766578803,0.580496243220569,641,0,fixed_0.01
screening,1987,1992,1997,16,0.03,50,3,0.9116719242902208,0.1176470588235294,51,0.2353437695699927,0.136687015167571,634,0,0.6739469578783152,0.0375,160,1.500105310585063,0.5974139706685259,641,0,fixed_0.03
screening,1987,1992,1997,16,0.05,50,3,0.9116719242902208,0.1176470588235294,51,0.2330143374645171,0.1356844688480074,634,0,0.6755070202808112,0.05,160,1.4856804731594162,0.5952617409336436,641,0,fixed_0.05
screening,1987,1992,1997,16,0.1,50,3,0.9116719242902208,0.1176470588235294,51,0.2297555201607636,0.1342663055704419,634,0,0.6833073322932918,0.04375,160,1.4656430034813006,0.589354320512131,641,0,fixed_0.1
screening,1987,1992,1997,16,0.2,50,3,0.916403785488959,0.1764705882352941,51,0.2255697208929528,0.1309596971112621,634,0,0.6879875195007801,0.05625,160,1.509267668391331,0.5818834234746195,641,0,fixed_0.2
screening,1987,1992,1997,16,0.3,50,3,0.9132492113564668,0.1372549019607843,51,0.2189145976940788,0.1288694530386677,634,0,0.6848673946957878,0.05,160,1.4153035545020136,0.5759350686267601,641,0,fixed_0.3
screening,1987,1992,1997,16,0.5,50,3,0.9116719242902208,0.2156862745098039,51,0.2088080925346296,0.1226129093099502,634,0,0.6879875195007801,0.0625,160,1.3594729984501406,0.5527579000118703,641,0,fixed_0.5
screening,1987,1992,1997,16,1.0,50,3,0.9132492113564668,0.1568627450980392,51,0.2210438494265706,0.1281752506120126,634,0,0.6879875195007801,0.05625,160,1.4496288381161082,0.5704802708677521,641,0,fixed_1
screening,1987,1992,1997,32,0.5,10,3,0.9069400630914828,0.1764705882352941,51,0.2041216273923365,0.1237811169935207,634,0,0.6879875195007801,0.0625,160,1.304574656193607,0.5479633147938041,641,0,validation_all_rates
screening,1987,1992,1997,32,0.5,10,3,0.9069400630914828,0.1764705882352941,51,0.2041216273923365,0.1237811169935207,634,0,0.6879875195007801,0.0625,160,1.304574656193607,0.5479633147938041,641,0,validation_midrange
screening,1987,1992,1997,32,0.3,10,3,0.9085173501577288,0.1176470588235294,51,0.2145539986939077,0.1306724456045647,634,0,0.6786271450858035,0.0375,160,1.2473458073729815,0.5598368055569304,641,0,validation_compact
screening,1987,1992,1997,32,0.01,10,3,0.9085173501577288,0.0784313725490196,51,0.2269683256221303,0.1365143366607371,634,0,0.6770670826833073,0.03125,160,1.2866061842022316,0.5756362484193474,641,0,fixed_0.01
screening,1987,1992,1997,32,0.03,10,3,0.9085173501577288,0.0784313725490196,51,0.2265401482547434,0.1363021007528231,634,0,0.6770670826833073,0.03125,160,1.3055933353834728,0.5772328663471518,641,0,fixed_0.03
screening,1987,1992,1997,32,0.05,10,3,0.9085173501577288,0.0784313725490196,51,0.2261595515949616,0.1360957048286246,634,0,0.6770670826833073,0.03125,160,1.2699924420063449,0.573528052382145,641,0,fixed_0.05
screening,1987,1992,1997,32,0.1,10,3,0.9116719242902208,0.1176470588235294,51,0.2227854938818927,0.134683101536806,634,0,0.6770670826833073,0.03125,160,1.296296147578548,0.5726484855095149,641,0,fixed_0.1
screening,1987,1992,1997,32,0.2,10,3,0.9100946372239748,0.1176470588235294,51,0.2177152600415293,0.1318102270452118,634,0,0.6770670826833073,0.03125,160,1.247612101867684,0.5650756012093088,641,0,fixed_0.2
screening,1987,1992,1997,32,0.3,10,3,0.9085173501577288,0.1176470588235294,51,0.2145539986939077,0.1306724456045647,634,0,0.6786271450858035,0.0375,160,1.2473458073729815,0.5598368055569304,641,0,fixed_0.3
screening,1987,1992,1997,32,0.5,10,3,0.9069400630914828,0.1764705882352941,51,0.2041216273923365,0.1237811169935207,634,0,0.6879875195007801,0.0625,160,1.304574656193607,0.5479633147938041,641,0,fixed_0.5
screening,1987,1992,1997,32,1.0,10,3,0.9132492113564668,0.1568627450980392,51,0.2204881341660118,0.1304651555572657,634,0,0.6879875195007801,0.05625,160,1.4973145004780184,0.577323858512603,641,0,fixed_1
screening,1987,1992,1997,32,0.5,20,3,0.9069400630914828,0.1764705882352941,51,0.2041216273923365,0.1237811169935207,634,0,0.6879875195007801,0.0625,160,1.304574656193607,0.5479633147938041,641,0,validation_all_rates
screening,1987,1992,1997,32,0.5,20,3,0.9069400630914828,0.1764705882352941,51,0.2041216273923365,0.1237811169935207,634,0,0.6879875195007801,0.0625,160,1.304574656193607,0.5479633147938041,641,0,validation_midrange
screening,1987,1992,1997,32,0.3,20,3,0.9085173501577288,0.1176470588235294,51,0.2145539986939077,0.1306724456045647,634,0,0.6786271450858035,0.0375,160,1.2473458073729815,0.5598368055569304,641,0,validation_compact
screening,1987,1992,1997,32,0.01,20,3,0.9069400630914828,0.0784313725490196,51,0.2267665876797789,0.1364003243561839,634,0,0.6770670826833073,0.03125,160,1.2953332204918948,0.5765753419140135,641,0,fixed_0.01
screening,1987,1992,1997,32,0.03,20,3,0.9085173501577288,0.0784313725490196,51,0.2265401482547434,0.1363021007528231,634,0,0.6770670826833073,0.03125,160,1.3055933353834728,0.5772328663471518,641,0,fixed_0.03
screening,1987,1992,1997,32,0.05,20,3,0.9085173501577288,0.0784313725490196,51,0.2261595515949616,0.1360957048286246,634,0,0.6770670826833073,0.03125,160,1.2699924420063449,0.573528052382145,641,0,fixed_0.05
screening,1987,1992,1997,32,0.1,20,3,0.9116719242902208,0.1176470588235294,51,0.2227854938818927,0.134683101536806,634,0,0.6770670826833073,0.03125,160,1.296296147578548,0.5726484855095149,641,0,fixed_0.1
screening,1987,1992,1997,32,0.2,20,3,0.9100946372239748,0.1176470588235294,51,0.2177152600415293,0.1318102270452118,634,0,0.6770670826833073,0.03125,160,1.247612101867684,0.5650756012093088,641,0,fixed_0.2
screening,1987,1992,1997,32,0.3,20,3,0.9085173501577288,0.1176470588235294,51,0.2145539986939077,0.1306724456045647,634,0,0.6786271450858035,0.0375,160,1.2473458073729815,0.5598368055569304,641,0,fixed_0.3
screening,1987,1992,1997,32,0.5,20,3,0.9069400630914828,0.1764705882352941,51,0.2041216273923365,0.1237811169935207,634,0,0.6879875195007801,0.0625,160,1.304574656193607,0.5479633147938041,641,0,fixed_0.5
screening,1987,1992,1997,32,1.0,20,3,0.9132492113564668,0.1568627450980392,51,0.2204881341660118,0.1304651555572657,634,0,0.6879875195007801,0.05625,160,1.4973145004780184,0.577323858512603,641,0,fixed_1
screening,1987,1992,1997,32,0.5,50,3,0.9069400630914828,0.1764705882352941,51,0.2041216273923365,0.1237811169935207,634,0,0.6879875195007801,0.0625,160,1.304574656193607,0.5479633147938041,641,0,validation_all_rates
screening,1987,1992,1997,32,0.5,50,3,0.9069400630914828,0.1764705882352941,51,0.2041216273923365,0.1237811169935207,634,0,0.6879875195007801,0.0625,160,1.304574656193607,0.5479633147938041,641,0,validation_midrange
screening,1987,1992,1997,32,0.3,50,3,0.9085173501577288,0.1176470588235294,51,0.2145539986939077,0.1306724456045647,634,0,0.6786271450858035,0.0375,160,1.2473458073729815,0.5598368055569304,641,0,validation_compact
screening,1987,1992,1997,32,0.01,50,3,0.9069400630914828,0.0784313725490196,51,0.2267665876797789,0.1364003243561839,634,0,0.6770670826833073,0.03125,160,1.2953332204918948,0.5765753419140135,641,0,fixed_0.01
screening,1987,1992,1997,32,0.03,50,3,0.9085173501577288,0.0784313725490196,51,0.2265401482547434,0.1363021007528231,634,0,0.6770670826833073,0.03125,160,1.3055933353834728,0.5772328663471518,641,0,fixed_0.03
screening,1987,1992,1997,32,0.05,50,3,0.9085173501577288,0.0784313725490196,51,0.2261595515949616,0.1360957048286246,634,0,0.6770670826833073,0.03125,160,1.2699924420063449,0.573528052382145,641,0,fixed_0.05
screening,1987,1992,1997,32,0.1,50,3,0.9116719242902208,0.1176470588235294,51,0.2227854938818927,0.134683101536806,634,0,0.6770670826833073,0.03125,160,1.296296147578548,0.5726484855095149,641,0,fixed_0.1
screening,1987,1992,1997,32,0.2,50,3,0.9100946372239748,0.1176470588235294,51,0.2177152600415293,0.1318102270452118,634,0,0.6770670826833073,0.03125,160,1.247612101867684,0.5650756012093088,641,0,fixed_0.2
screening,1987,1992,1997,32,0.3,50,3,0.9085173501577288,0.1176470588235294,51,0.2145539986939077,0.1306724456045647,634,0,0.6786271450858035,0.0375,160,1.2473458073729815,0.5598368055569304,641,0,fixed_0.3
screening,1987,1992,1997,32,0.5,50,3,0.9069400630914828,0.1764705882352941,51,0.2041216273923365,0.1237811169935207,634,0,0.6879875195007801,0.0625,160,1.304574656193607,0.5479633147938041,641,0,fixed_0.5
screening,1987,1992,1997,32,1.0,50,3,0.9132492113564668,0.1568627450980392,51,0.2204881341660118,0.1304651555572657,634,0,0.6879875195007801,0.05625,160,1.4973145004780184,0.577323858512603,641,0,fixed_1
screening,1987,1992,1997,32_16,0.3,10,3,0.889589905362776,0.3137254901960784,51,0.2439722517806378,0.1374283223010808,634,0,0.6692667706708268,0.05,160,1.2068248270879751,0.5350672461484336,641,0,validation_all_rates
screening,1987,1992,1997,32_16,0.3,10,3,0.889589905362776,0.3137254901960784,51,0.2439722517806378,0.1374283223010808,634,0,0.6692667706708268,0.05,160,1.2068248270879751,0.5350672461484336,641,0,validation_midrange
screening,1987,1992,1997,32_16,0.3,10,3,0.889589905362776,0.3137254901960784,51,0.2439722517806378,0.1374283223010808,634,0,0.6692667706708268,0.05,160,1.2068248270879751,0.5350672461484336,641,0,validation_compact
screening,1987,1992,1997,32_16,0.01,10,3,0.88801261829653,0.1176470588235294,51,0.2647260648659778,0.1490409481101399,634,0,0.6645865834633385,0.03125,160,1.207963995739089,0.5801550551009189,641,0,fixed_0.01
screening,1987,1992,1997,32_16,0.03,10,3,0.889589905362776,0.1176470588235294,51,0.2613318656144561,0.1472579915844181,634,0,0.6645865834633385,0.03125,160,1.1805105042121449,0.5751379836493311,641,0,fixed_0.03
screening,1987,1992,1997,32_16,0.05,10,3,0.889589905362776,0.1176470588235294,51,0.2598775174181694,0.1469549760430483,634,0,0.6645865834633385,0.03125,160,1.1492082757470492,0.5709629769326754,641,0,fixed_0.05
screening,1987,1992,1997,32_16,0.1,10,3,0.8848580441640379,0.1176470588235294,51,0.2667709240638237,0.1504802355421771,634,0,0.6661466458658346,0.0375,160,1.2014302117393711,0.5776463036472427,641,0,fixed_0.1
screening,1987,1992,1997,32_16,0.2,10,3,0.8943217665615142,0.1764705882352941,51,0.2517987014808683,0.1453160903293066,634,0,0.6677067082683308,0.04375,160,1.3705641837540774,0.5849109433382567,641,0,fixed_0.2
screening,1987,1992,1997,32_16,0.3,10,3,0.889589905362776,0.3137254901960784,51,0.2439722517806378,0.1374283223010808,634,0,0.6692667706708268,0.05,160,1.2068248270879751,0.5350672461484336,641,0,fixed_0.3
screening,1987,1992,1997,32_16,0.5,10,3,0.9037854889589906,0.2156862745098039,51,0.2475378232393737,0.138256114907374,634,0,0.6755070202808112,0.04375,160,1.532534131478559,0.5853781216123535,641,0,fixed_0.5
screening,1987,1992,1997,32_16,1.0,10,3,0.9085173501577288,0.2549019607843137,51,0.2647519776586067,0.1414906486563028,634,0,0.6770670826833073,0.04375,160,1.6399120873713051,0.592072338325395,641,0,fixed_1
screening,1987,1992,1997,32_16,0.2,20,3,0.9022082018927444,0.196078431372549,51,0.2412642907461379,0.138320819277479,634,0,0.6755070202808112,0.04375,160,1.4590332066026577,0.5824677356021827,641,0,validation_all_rates
screening,1987,1992,1997,32_16,0.2,20,3,0.9022082018927444,0.196078431372549,51,0.2412642907461379,0.138320819277479,634,0,0.6755070202808112,0.04375,160,1.4590332066026577,0.5824677356021827,641,0,validation_midrange
screening,1987,1992,1997,32_16,0.3,20,3,0.889589905362776,0.3137254901960784,51,0.2439722517806378,0.1374283223010808,634,0,0.6692667706708268,0.05,160,1.2068248270879751,0.5350672461484336,641,0,validation_compact
screening,1987,1992,1997,32_16,0.01,20,3,0.88801261829653,0.1176470588235294,51,0.2647260648659778,0.1490409481101399,634,0,0.6645865834633385,0.03125,160,1.207963995739089,0.5801550551009189,641,0,fixed_0.01
screening,1987,1992,1997,32_16,0.03,20,3,0.889589905362776,0.1176470588235294,51,0.2613318656144561,0.1472579915844181,634,0,0.6645865834633385,0.03125,160,1.1805105042121449,0.5751379836493311,641,0,fixed_0.03
screening,1987,1992,1997,32_16,0.05,20,3,0.889589905362776,0.1176470588235294,51,0.2598775174181694,0.1469549760430483,634,0,0.6645865834633385,0.03125,160,1.1492082757470492,0.5709629769326754,641,0,fixed_0.05
screening,1987,1992,1997,32_16,0.1,20,3,0.8943217665615142,0.1372549019607843,51,0.2611232675059354,0.1490466494419182,634,0,0.6677067082683308,0.04375,160,1.4639369339528898,0.597775920910996,641,0,fixed_0.1
screening,1987,1992,1997,32_16,0.2,20,3,0.9022082018927444,0.196078431372549,51,0.2412642907461379,0.138320819277479,634,0,0.6755070202808112,0.04375,160,1.4590332066026577,0.5824677356021827,641,0,fixed_0.2
screening,1987,1992,1997,32_16,0.3,20,3,0.889589905362776,0.3137254901960784,51,0.2439722517806378,0.1374283223010808,634,0,0.6692667706708268,0.05,160,1.2068248270879751,0.5350672461484336,641,0,fixed_0.3
screening,1987,1992,1997,32_16,0.5,20,3,0.9037854889589906,0.2156862745098039,51,0.2475378232393737,0.138256114907374,634,0,0.6755070202808112,0.04375,160,1.532534131478559,0.5853781216123535,641,0,fixed_0.5
screening,1987,1992,1997,32_16,1.0,20,3,0.9085173501577288,0.2549019607843137,51,0.2647519776586067,0.1414906486563028,634,0,0.6770670826833073,0.04375,160,1.6399120873713051,0.592072338325395,641,0,fixed_1
screening,1987,1992,1997,32_16,0.2,50,3,0.9022082018927444,0.196078431372549,51,0.2412642907461379,0.138320819277479,634,0,0.6755070202808112,0.04375,160,1.4590332066026577,0.5824677356021827,641,0,validation_all_rates
screening,1987,1992,1997,32_16,0.2,50,3,0.9022082018927444,0.196078431372549,51,0.2412642907461379,0.138320819277479,634,0,0.6755070202808112,0.04375,160,1.4590332066026577,0.5824677356021827,641,0,validation_midrange
screening,1987,1992,1997,32_16,0.3,50,3,0.889589905362776,0.3137254901960784,51,0.2439722517806378,0.1374283223010808,634,0,0.6692667706708268,0.05,160,1.2068248270879751,0.5350672461484336,641,0,validation_compact
screening,1987,1992,1997,32_16,0.01,50,3,0.88801261829653,0.1176470588235294,51,0.2647260648659778,0.1490409481101399,634,0,0.6645865834633385,0.03125,160,1.207963995739089,0.5801550551009189,641,0,fixed_0.01
screening,1987,1992,1997,32_16,0.03,50,3,0.889589905362776,0.1176470588235294,51,0.2613318656144561,0.1472579915844181,634,0,0.6645865834633385,0.03125,160,1.1805105042121449,0.5751379836493311,641,0,fixed_0.03
screening,1987,1992,1997,32_16,0.05,50,3,0.889589905362776,0.1176470588235294,51,0.2598775174181694,0.1469549760430483,634,0,0.6645865834633385,0.03125,160,1.1492082757470492,0.5709629769326754,641,0,fixed_0.05
screening,1987,1992,1997,32_16,0.1,50,3,0.8943217665615142,0.1372549019607843,51,0.2611232675059354,0.1490466494419182,634,0,0.6677067082683308,0.04375,160,1.4639369339528898,0.597775920910996,641,0,fixed_0.1
screening,1987,1992,1997,32_16,0.2,50,3,0.9022082018927444,0.196078431372549,51,0.2412642907461379,0.138320819277479,634,0,0.6755070202808112,0.04375,160,1.4590332066026577,0.5824677356021827,641,0,fixed_0.2
screening,1987,1992,1997,32_16,0.3,50,3,0.889589905362776,0.3137254901960784,51,0.2439722517806378,0.1374283223010808,634,0,0.6692667706708268,0.05,160,1.2068248270879751,0.5350672461484336,641,0,fixed_0.3
screening,1987,1992,1997,32_16,0.5,50,3,0.9037854889589906,0.2156862745098039,51,0.2475378232393737,0.138256114907374,634,0,0.6755070202808112,0.04375,160,1.532534131478559,0.5853781216123535,641,0,fixed_0.5
screening,1987,1992,1997,32_16,1.0,50,3,0.9085173501577288,0.2549019607843137,51,0.2647519776586067,0.1414906486563028,634,0,0.6770670826833073,0.04375,160,1.6399120873713051,0.592072338325395,641,0,fixed_1
screening,1987,1992,1997,64_32,1.0,10,3,0.9085173501577288,0.2745098039215686,51,0.1987377151945924,0.1162974436293429,634,0,0.6911076443057722,0.06875,160,1.2624387105293338,0.5236466670749053,641,0,validation_all_rates
screening,1987,1992,1997,64_32,0.2,10,3,0.9100946372239748,0.2352941176470588,51,0.2233428953295183,0.1311658306566495,634,0,0.6833073322932918,0.05625,160,1.4266878094684767,0.577441066734386,641,0,validation_midrange
screening,1987,1992,1997,64_32,0.3,10,3,0.8927444794952681,0.3725490196078431,51,0.2382596410620065,0.1364752896883643,634,0,0.672386895475819,0.0625,160,1.2983399202298662,0.5488495172811325,641,0,validation_compact
screening,1987,1992,1997,64_32,0.01,10,3,0.88801261829653,0.1372549019607843,51,0.2780090819766098,0.1495891604976657,634,0,0.6614664586583463,0.01875,160,1.1476562602223657,0.5650617806061962,641,0,fixed_0.01
screening,1987,1992,1997,64_32,0.03,10,3,0.88801261829653,0.1372549019607843,51,0.2749364279531942,0.1493174633545617,634,0,0.6630265210608425,0.025,160,1.1493013554977014,0.5663111303998267,641,0,fixed_0.03
screening,1987,1992,1997,64_32,0.05,10,3,0.88801261829653,0.1372549019607843,51,0.2732276644606801,0.1540706653362608,634,0,0.6661466458658346,0.0375,160,1.324732241626604,0.5932837048225724,641,0,fixed_0.05
screening,1987,1992,1997,64_32,0.1,10,3,0.9022082018927444,0.196078431372549,51,0.243865393990115,0.1424043881099843,634,0,0.6677067082683308,0.04375,160,1.4636809285943109,0.5956983967974568,641,0,fixed_0.1
screening,1987,1992,1997,64_32,0.2,10,3,0.9100946372239748,0.2352941176470588,51,0.2233428953295183,0.1311658306566495,634,0,0.6833073322932918,0.05625,160,1.4266878094684767,0.577441066734386,641,0,fixed_0.2
screening,1987,1992,1997,64_32,0.3,10,3,0.8927444794952681,0.3725490196078431,51,0.2382596410620065,0.1364752896883643,634,0,0.672386895475819,0.0625,160,1.2983399202298662,0.5488495172811325,641,0,fixed_0.3
screening,1987,1992,1997,64_32,0.5,10,3,0.9037854889589906,0.196078431372549,51,0.244836279055226,0.1385298063610521,634,0,0.6786271450858035,0.04375,160,1.666566334583353,0.5882596888966253,641,0,fixed_0.5
screening,1987,1992,1997,64_32,1.0,10,3,0.9085173501577288,0.2745098039215686,51,0.1987377151945924,0.1162974436293429,634,0,0.6911076443057722,0.06875,160,1.2624387105293338,0.5236466670749053,641,0,fixed_1
screening,1987,1992,1997,64_32,1.0,20,3,0.9085173501577288,0.2745098039215686,51,0.1987377151945924,0.1162974436293429,634,0,0.6911076443057722,0.06875,160,1.2624387105293338,0.5236466670749053,641,0,validation_all_rates
screening,1987,1992,1997,64_32,0.2,20,3,0.9100946372239748,0.2352941176470588,51,0.2233428953295183,0.1311658306566495,634,0,0.6833073322932918,0.05625,160,1.4266878094684767,0.577441066734386,641,0,validation_midrange
screening,1987,1992,1997,64_32,0.3,20,3,0.8927444794952681,0.3725490196078431,51,0.2382596410620065,0.1364752896883643,634,0,0.672386895475819,0.0625,160,1.2983399202298662,0.5488495172811325,641,0,validation_compact
screening,1987,1992,1997,64_32,0.01,20,3,0.88801261829653,0.1372549019607843,51,0.2780090819766098,0.1495891604976657,634,0,0.6614664586583463,0.01875,160,1.1476562602223657,0.5650617806061962,641,0,fixed_0.01
screening,1987,1992,1997,64_32,0.03,20,3,0.88801261829653,0.1372549019607843,51,0.2749364279531942,0.1493174633545617,634,0,0.6630265210608425,0.025,160,1.1493013554977014,0.5663111303998267,641,0,fixed_0.03
screening,1987,1992,1997,64_32,0.05,20,3,0.8974763406940063,0.1372549019607843,51,0.244477298780845,0.1440567878012109,634,0,0.6614664586583463,0.0375,160,1.3446653419007832,0.598340486508719,641,0,fixed_0.05
screening,1987,1992,1997,64_32,0.1,20,3,0.9022082018927444,0.196078431372549,51,0.243865393990115,0.1424043881099843,634,0,0.6677067082683308,0.04375,160,1.4636809285943109,0.5956983967974568,641,0,fixed_0.1
screening,1987,1992,1997,64_32,0.2,20,3,0.9100946372239748,0.2352941176470588,51,0.2233428953295183,0.1311658306566495,634,0,0.6833073322932918,0.05625,160,1.4266878094684767,0.577441066734386,641,0,fixed_0.2
screening,1987,1992,1997,64_32,0.3,20,3,0.8927444794952681,0.3725490196078431,51,0.2382596410620065,0.1364752896883643,634,0,0.672386895475819,0.0625,160,1.2983399202298662,0.5488495172811325,641,0,fixed_0.3
screening,1987,1992,1997,64_32,0.5,20,3,0.9037854889589906,0.196078431372549,51,0.244836279055226,0.1385298063610521,634,0,0.6786271450858035,0.04375,160,1.666566334583353,0.5882596888966253,641,0,fixed_0.5
screening,1987,1992,1997,64_32,1.0,20,3,0.9085173501577288,0.2745098039215686,51,0.1987377151945924,0.1162974436293429,634,0,0.6911076443057722,0.06875,160,1.2624387105293338,0.5236466670749053,641,0,fixed_1
screening,1987,1992,1997,64_32,1.0,50,3,0.9085173501577288,0.2745098039215686,51,0.1987377151945924,0.1162974436293429,634,0,0.6911076443057722,0.06875,160,1.2624387105293338,0.5236466670749053,641,0,validation_all_rates
screening,1987,1992,1997,64_32,0.2,50,3,0.9100946372239748,0.2352941176470588,51,0.2233428953295183,0.1311658306566495,634,0,0.6833073322932918,0.05625,160,1.4266878094684767,0.577441066734386,641,0,validation_midrange
screening,1987,1992,1997,64_32,0.3,50,3,0.8927444794952681,0.3725490196078431,51,0.2382596410620065,0.1364752896883643,634,0,0.672386895475819,0.0625,160,1.2983399202298662,0.5488495172811325,641,0,validation_compact
screening,1987,1992,1997,64_32,0.01,50,3,0.88801261829653,0.1372549019607843,51,0.2780090819766098,0.1495891604976657,634,0,0.6614664586583463,0.01875,160,1.1476562602223657,0.5650617806061962,641,0,fixed_0.01
screening,1987,1992,1997,64_32,0.03,50,3,0.88801261829653,0.1372549019607843,51,0.2624529759246473,0.1477804581089287,634,0,0.6645865834633385,0.03125,160,1.1711871975444714,0.573188901479578,641,0,fixed_0.03
screening,1987,1992,1997,64_32,0.05,50,3,0.9116719242902208,0.1372549019607843,51,0.2462622650892204,0.142244461162208,634,0,0.6677067082683308,0.04375,160,1.5120796260347382,0.6136428229284835,641,0,fixed_0.05
screening,1987,1992,1997,64_32,0.1,50,3,0.9022082018927444,0.196078431372549,51,0.243865393990115,0.1424043881099843,634,0,0.6677067082683308,0.04375,160,1.4636809285943109,0.5956983967974568,641,0,fixed_0.1
screening,1987,1992,1997,64_32,0.2,50,3,0.9100946372239748,0.2352941176470588,51,0.2233428953295183,0.1311658306566495,634,0,0.6833073322932918,0.05625,160,1.4266878094684767,0.577441066734386,641,0,fixed_0.2
screening,1987,1992,1997,64_32,0.3,50,3,0.8927444794952681,0.3725490196078431,51,0.2382596410620065,0.1364752896883643,634,0,0.672386895475819,0.0625,160,1.2983399202298662,0.5488495172811325,641,0,fixed_0.3
screening,1987,1992,1997,64_32,0.5,50,3,0.9037854889589906,0.196078431372549,51,0.244836279055226,0.1385298063610521,634,0,0.6786271450858035,0.04375,160,1.666566334583353,0.5882596888966253,641,0,fixed_0.5
screening,1987,1992,1997,64_32,1.0,50,3,0.9085173501577288,0.2745098039215686,51,0.1987377151945924,0.1162974436293429,634,0,0.6911076443057722,0.06875,160,1.2624387105293338,0.5236466670749053,641,0,fixed_1
screening,1992,1997,2001,16,1.0,10,3,0.8159126365054602,0.64375,160,0.4056999453056468,0.221111242382522,641,0,0.9563182527301092,0.0833333333333333,24,0.1752550909148145,0.0784378750805043,641,0,validation_all_rates
screening,1992,1997,2001,16,0.5,10,3,0.8096723868954758,0.51875,160,0.4701146085482818,0.2615308362269553,641,0,0.9609984399375976,0.0833333333333333,24,0.1705297004078343,0.07469678579095,641,0,validation_midrange
screening,1992,1997,2001,16,0.3,10,3,0.797191887675507,0.4625,160,0.5016224485860289,0.2832738923987884,641,0,0.9578783151326054,0.0833333333333333,24,0.1776018528106124,0.0779567390822288,641,0,validation_compact
screening,1992,1997,2001,16,0.01,10,3,0.7597503900156006,0.4125,160,0.6511842599887855,0.3308244432492423,641,0,0.8892355694227769,0.1666666666666666,24,0.5312617319404996,0.2372854745950689,641,0,fixed_0.01
screening,1992,1997,2001,16,0.03,10,3,0.7613104524180967,0.41875,160,0.5827856546708909,0.3141853354929687,641,0,0.890795631825273,0.1666666666666666,24,0.3936952623128515,0.1752987279375037,641,0,fixed_0.03
screening,1992,1997,2001,16,0.05,10,3,0.7597503900156006,0.4125,160,0.587087366968606,0.3170572486110746,641,0,0.8892355694227769,0.1666666666666666,24,0.4022036438589705,0.1785928703188922,641,0,fixed_0.05
screening,1992,1997,2001,16,0.1,10,3,0.7769110764430577,0.44375,160,0.5452014208955429,0.2942984395803385,641,0,0.939157566302652,0.1666666666666666,24,0.2842529264076446,0.1176587346007158,641,0,fixed_0.1
screening,1992,1997,2001,16,0.2,10,3,0.7722308892355694,0.41875,160,0.5652648564773185,0.3187716266307682,641,0,0.9438377535101404,0.125,24,0.2040461800623813,0.0923489991790365,641,0,fixed_0.2
screening,1992,1997,2001,16,0.3,10,3,0.797191887675507,0.4625,160,0.5016224485860289,0.2832738923987884,641,0,0.9578783151326054,0.0833333333333333,24,0.1776018528106124,0.0779567390822288,641,0,fixed_0.3
screening,1992,1997,2001,16,0.5,10,3,0.8096723868954758,0.51875,160,0.4701146085482818,0.2615308362269553,641,0,0.9609984399375976,0.0833333333333333,24,0.1705297004078343,0.07469678579095,641,0,fixed_0.5
screening,1992,1997,2001,16,1.0,10,3,0.8159126365054602,0.64375,160,0.4056999453056468,0.221111242382522,641,0,0.9563182527301092,0.0833333333333333,24,0.1752550909148145,0.0784378750805043,641,0,fixed_1
screening,1992,1997,2001,16,1.0,20,3,0.8159126365054602,0.64375,160,0.4056999453056468,0.221111242382522,641,0,0.9563182527301092,0.0833333333333333,24,0.1752550909148145,0.0784378750805043,641,0,validation_all_rates
screening,1992,1997,2001,16,0.5,20,3,0.8096723868954758,0.51875,160,0.4701146085482818,0.2615308362269553,641,0,0.9609984399375976,0.0833333333333333,24,0.1705297004078343,0.07469678579095,641,0,validation_midrange
screening,1992,1997,2001,16,0.3,20,3,0.797191887675507,0.4625,160,0.5016224485860289,0.2832738923987884,641,0,0.9578783151326054,0.0833333333333333,24,0.1776018528106124,0.0779567390822288,641,0,validation_compact
screening,1992,1997,2001,16,0.01,20,3,0.7644305772230889,0.43125,160,0.5770703848217082,0.3097951420640675,641,0,0.8939157566302652,0.1666666666666666,24,0.3960647470790854,0.1750762090812416,641,0,fixed_0.01
screening,1992,1997,2001,16,0.03,20,3,0.7644305772230889,0.43125,160,0.5763002357320253,0.3112607560207424,641,0,0.8939157566302652,0.1666666666666666,24,0.3876961979898164,0.1723725344368454,641,0,fixed_0.03
screening,1992,1997,2001,16,0.05,20,3,0.7644305772230889,0.43125,160,0.5743937650919416,0.3113562553952615,641,0,0.8923556942277691,0.1666666666666666,24,0.3883021976551342,0.1715577284678309,641,0,fixed_0.05
screening,1992,1997,2001,16,0.1,20,3,0.7769110764430577,0.44375,160,0.5452014208955429,0.2942984395803385,641,0,0.939157566302652,0.1666666666666666,24,0.2842529264076446,0.1176587346007158,641,0,fixed_0.1
screening,1992,1997,2001,16,0.2,20,3,0.7722308892355694,0.41875,160,0.5652648564773185,0.3187716266307682,641,0,0.9438377535101404,0.125,24,0.2040461800623813,0.0923489991790365,641,0,fixed_0.2
screening,1992,1997,2001,16,0.3,20,3,0.797191887675507,0.4625,160,0.5016224485860289,0.2832738923987884,641,0,0.9578783151326054,0.0833333333333333,24,0.1776018528106124,0.0779567390822288,641,0,fixed_0.3
screening,1992,1997,2001,16,0.5,20,3,0.8096723868954758,0.51875,160,0.4701146085482818,0.2615308362269553,641,0,0.9609984399375976,0.0833333333333333,24,0.1705297004078343,0.07469678579095,641,0,fixed_0.5
screening,1992,1997,2001,16,1.0,20,3,0.8159126365054602,0.64375,160,0.4056999453056468,0.221111242382522,641,0,0.9563182527301092,0.0833333333333333,24,0.1752550909148145,0.0784378750805043,641,0,fixed_1
screening,1992,1997,2001,16,1.0,50,3,0.8159126365054602,0.64375,160,0.4056999453056468,0.221111242382522,641,0,0.9563182527301092,0.0833333333333333,24,0.1752550909148145,0.0784378750805043,641,0,validation_all_rates
screening,1992,1997,2001,16,0.5,50,3,0.8096723868954758,0.51875,160,0.4701146085482818,0.2615308362269553,641,0,0.9609984399375976,0.0833333333333333,24,0.1705297004078343,0.07469678579095,641,0,validation_midrange
screening,1992,1997,2001,16,0.3,50,3,0.797191887675507,0.4625,160,0.5016224485860289,0.2832738923987884,641,0,0.9578783151326054,0.0833333333333333,24,0.1776018528106124,0.0779567390822288,641,0,validation_compact
screening,1992,1997,2001,16,0.01,50,3,0.7644305772230889,0.43125,160,0.5770703848217082,0.3097951420640675,641,0,0.8939157566302652,0.1666666666666666,24,0.3960647470790854,0.1750762090812416,641,0,fixed_0.01
screening,1992,1997,2001,16,0.03,50,3,0.7644305772230889,0.43125,160,0.5763002357320253,0.3112607560207424,641,0,0.8939157566302652,0.1666666666666666,24,0.3876961979898164,0.1723725344368454,641,0,fixed_0.03
screening,1992,1997,2001,16,0.05,50,3,0.7644305772230889,0.43125,160,0.5743937650919416,0.3113562553952615,641,0,0.8923556942277691,0.1666666666666666,24,0.3883021976551342,0.1715577284678309,641,0,fixed_0.05
screening,1992,1997,2001,16,0.1,50,3,0.7769110764430577,0.44375,160,0.5452014208955429,0.2942984395803385,641,0,0.939157566302652,0.1666666666666666,24,0.2842529264076446,0.1176587346007158,641,0,fixed_0.1
screening,1992,1997,2001,16,0.2,50,3,0.7722308892355694,0.41875,160,0.5652648564773185,0.3187716266307682,641,0,0.9438377535101404,0.125,24,0.2040461800623813,0.0923489991790365,641,0,fixed_0.2
screening,1992,1997,2001,16,0.3,50,3,0.797191887675507,0.4625,160,0.5016224485860289,0.2832738923987884,641,0,0.9578783151326054,0.0833333333333333,24,0.1776018528106124,0.0779567390822288,641,0,fixed_0.3
screening,1992,1997,2001,16,0.5,50,3,0.8096723868954758,0.51875,160,0.4701146085482818,0.2615308362269553,641,0,0.9609984399375976,0.0833333333333333,24,0.1705297004078343,0.07469678579095,641,0,fixed_0.5
screening,1992,1997,2001,16,1.0,50,3,0.8159126365054602,0.64375,160,0.4056999453056468,0.221111242382522,641,0,0.9563182527301092,0.0833333333333333,24,0.1752550909148145,0.0784378750805043,641,0,fixed_1
screening,1992,1997,2001,32,1.0,10,3,0.8081123244929798,0.6625,160,0.4775402691034383,0.2475419867137016,641,0,0.9469578783151326,0.2083333333333333,24,0.20207123984638,0.0954815315033844,641,0,validation_all_rates
screening,1992,1997,2001,32,0.5,10,3,0.8034321372854915,0.63125,160,0.507229080634543,0.253459222339857,641,0,0.9438377535101404,0.1666666666666666,24,0.2026194409763106,0.09498124390869,641,0,validation_midrange
screening,1992,1997,2001,32,0.3,10,3,0.7831513260530422,0.5625,160,0.5350747534762855,0.2812425404538817,641,0,0.9422776911076444,0.1666666666666666,24,0.213983589873335,0.1008844114319421,641,0,validation_compact
screening,1992,1997,2001,32,0.01,10,3,0.7644305772230889,0.425,160,0.6289891024890975,0.3282576512362751,641,0,0.890795631825273,0.2083333333333333,24,0.3941058978930051,0.1831651895345696,641,0,fixed_0.01
screening,1992,1997,2001,32,0.03,10,3,0.7769110764430577,0.44375,160,0.6098291111866567,0.3179110376451426,641,0,0.9297971918876756,0.1666666666666666,24,0.2323201266496553,0.1118857432090267,641,0,fixed_0.03
screening,1992,1997,2001,32,0.05,10,3,0.8018720748829953,0.46875,160,0.6011270699729816,0.3103494207007804,641,0,0.9422776911076444,0.1666666666666666,24,0.2243051265876162,0.1068220018596041,641,0,fixed_0.05
screening,1992,1997,2001,32,0.1,10,3,0.7940717628705148,0.46875,160,0.5888042816012222,0.3103526298236209,641,0,0.9251170046801872,0.2083333333333333,24,0.237136898209441,0.11470901940825,641,0,fixed_0.1
screening,1992,1997,2001,32,0.2,10,3,0.7597503900156006,0.5,160,0.5645926064649293,0.3014109342097728,641,0,0.9188767550702028,0.2083333333333333,24,0.2462335012667361,0.1196337839731472,641,0,fixed_0.2
screening,1992,1997,2001,32,0.3,10,3,0.7831513260530422,0.5625,160,0.5350747534762855,0.2812425404538817,641,0,0.9422776911076444,0.1666666666666666,24,0.213983589873335,0.1008844114319421,641,0,fixed_0.3
screening,1992,1997,2001,32,0.5,10,3,0.8034321372854915,0.63125,160,0.507229080634543,0.253459222339857,641,0,0.9438377535101404,0.1666666666666666,24,0.2026194409763106,0.09498124390869,641,0,fixed_0.5
screening,1992,1997,2001,32,1.0,10,3,0.8081123244929798,0.6625,160,0.4775402691034383,0.2475419867137016,641,0,0.9469578783151326,0.2083333333333333,24,0.20207123984638,0.0954815315033844,641,0,fixed_1
screening,1992,1997,2001,32,1.0,20,3,0.8081123244929798,0.6625,160,0.4775402691034383,0.2475419867137016,641,0,0.9469578783151326,0.2083333333333333,24,0.20207123984638,0.0954815315033844,641,0,validation_all_rates
screening,1992,1997,2001,32,0.5,20,3,0.8034321372854915,0.63125,160,0.507229080634543,0.253459222339857,641,0,0.9438377535101404,0.1666666666666666,24,0.2026194409763106,0.09498124390869,641,0,validation_midrange
screening,1992,1997,2001,32,0.3,20,3,0.7831513260530422,0.5625,160,0.5350747534762855,0.2812425404538817,641,0,0.9422776911076444,0.1666666666666666,24,0.213983589873335,0.1008844114319421,641,0,validation_compact
screening,1992,1997,2001,32,0.01,20,3,0.7644305772230889,0.425,160,0.6237783189042467,0.3247612220250454,641,0,0.890795631825273,0.2083333333333333,24,0.3849421856866432,0.1788624014873344,641,0,fixed_0.01
screening,1992,1997,2001,32,0.03,20,3,0.7769110764430577,0.44375,160,0.6098291111866567,0.3179110376451426,641,0,0.9297971918876756,0.1666666666666666,24,0.2323201266496553,0.1118857432090267,641,0,fixed_0.03
screening,1992,1997,2001,32,0.05,20,3,0.8018720748829953,0.46875,160,0.6011270699729816,0.3103494207007804,641,0,0.9422776911076444,0.1666666666666666,24,0.2243051265876162,0.1068220018596041,641,0,fixed_0.05
screening,1992,1997,2001,32,0.1,20,3,0.7940717628705148,0.46875,160,0.5888042816012222,0.3103526298236209,641,0,0.9251170046801872,0.2083333333333333,24,0.237136898209441,0.11470901940825,641,0,fixed_0.1
screening,1992,1997,2001,32,0.2,20,3,0.7597503900156006,0.5,160,0.5645926064649293,0.3014109342097728,641,0,0.9188767550702028,0.2083333333333333,24,0.2462335012667361,0.1196337839731472,641,0,fixed_0.2
screening,1992,1997,2001,32,0.3,20,3,0.7831513260530422,0.5625,160,0.5350747534762855,0.2812425404538817,641,0,0.9422776911076444,0.1666666666666666,24,0.213983589873335,0.1008844114319421,641,0,fixed_0.3
screening,1992,1997,2001,32,0.5,20,3,0.8034321372854915,0.63125,160,0.507229080634543,0.253459222339857,641,0,0.9438377535101404,0.1666666666666666,24,0.2026194409763106,0.09498124390869,641,0,fixed_0.5
screening,1992,1997,2001,32,1.0,20,3,0.8081123244929798,0.6625,160,0.4775402691034383,0.2475419867137016,641,0,0.9469578783151326,0.2083333333333333,24,0.20207123984638,0.0954815315033844,641,0,fixed_1
screening,1992,1997,2001,32,1.0,50,3,0.8081123244929798,0.6625,160,0.4775402691034383,0.2475419867137016,641,0,0.9469578783151326,0.2083333333333333,24,0.20207123984638,0.0954815315033844,641,0,validation_all_rates
screening,1992,1997,2001,32,0.5,50,3,0.8034321372854915,0.63125,160,0.507229080634543,0.253459222339857,641,0,0.9438377535101404,0.1666666666666666,24,0.2026194409763106,0.09498124390869,641,0,validation_midrange
screening,1992,1997,2001,32,0.3,50,3,0.7831513260530422,0.5625,160,0.5350747534762855,0.2812425404538817,641,0,0.9422776911076444,0.1666666666666666,24,0.213983589873335,0.1008844114319421,641,0,validation_compact
screening,1992,1997,2001,32,0.01,50,3,0.7737909516380655,0.44375,160,0.6133312058840231,0.3211436039982305,641,0,0.9282371294851794,0.1666666666666666,24,0.2346256596213316,0.1133103994643344,641,0,fixed_0.01
screening,1992,1997,2001,32,0.03,50,3,0.7769110764430577,0.44375,160,0.6098291111866567,0.3179110376451426,641,0,0.9297971918876756,0.1666666666666666,24,0.2323201266496553,0.1118857432090267,641,0,fixed_0.03
screening,1992,1997,2001,32,0.05,50,3,0.8018720748829953,0.46875,160,0.6011270699729816,0.3103494207007804,641,0,0.9422776911076444,0.1666666666666666,24,0.2243051265876162,0.1068220018596041,641,0,fixed_0.05
screening,1992,1997,2001,32,0.1,50,3,0.7940717628705148,0.46875,160,0.5888042816012222,0.3103526298236209,641,0,0.9251170046801872,0.2083333333333333,24,0.237136898209441,0.11470901940825,641,0,fixed_0.1
screening,1992,1997,2001,32,0.2,50,3,0.7597503900156006,0.5,160,0.5645926064649293,0.3014109342097728,641,0,0.9188767550702028,0.2083333333333333,24,0.2462335012667361,0.1196337839731472,641,0,fixed_0.2
screening,1992,1997,2001,32,0.3,50,3,0.7831513260530422,0.5625,160,0.5350747534762855,0.2812425404538817,641,0,0.9422776911076444,0.1666666666666666,24,0.213983589873335,0.1008844114319421,641,0,fixed_0.3
screening,1992,1997,2001,32,0.5,50,3,0.8034321372854915,0.63125,160,0.507229080634543,0.253459222339857,641,0,0.9438377535101404,0.1666666666666666,24,0.2026194409763106,0.09498124390869,641,0,fixed_0.5
screening,1992,1997,2001,32,1.0,50,3,0.8081123244929798,0.6625,160,0.4775402691034383,0.2475419867137016,641,0,0.9469578783151326,0.2083333333333333,24,0.20207123984638,0.0954815315033844,641,0,fixed_1
screening,1992,1997,2001,32_16,1.0,10,3,0.8112324492979719,0.65,160,0.4670571080188161,0.2443848088959175,641,0,0.9313572542901716,0.125,24,0.2470436973668847,0.1153134122504567,641,0,validation_all_rates
screening,1992,1997,2001,32_16,0.5,10,3,0.797191887675507,0.475,160,0.4969951315548171,0.2832847231011555,641,0,0.9485179407176288,0.1666666666666666,24,0.1922080569624015,0.0886146630018026,641,0,validation_midrange
screening,1992,1997,2001,32_16,0.3,10,3,0.7706708268330733,0.4375,160,0.5669726864511165,0.3220087299584029,641,0,0.9157566302652106,0.2083333333333333,24,0.2291872576922148,0.1139386737608103,641,0,validation_compact
screening,1992,1997,2001,32_16,0.01,10,3,0.7145085803432137,0.23125,160,0.7393607685965851,0.3975086298398661,641,0,0.890795631825273,0.2083333333333333,24,0.4667832885545342,0.2077494826224226,641,0,fixed_0.01
screening,1992,1997,2001,32_16,0.03,10,3,0.7254290171606864,0.275,160,0.7306641662200382,0.3977870694159616,641,0,0.8970358814352574,0.2083333333333333,24,0.3489161509109208,0.1586567064088745,641,0,fixed_0.03
screening,1992,1997,2001,32_16,0.05,10,3,0.7269890795631825,0.28125,160,0.718559556953689,0.3964599532054445,641,0,0.8970358814352574,0.2083333333333333,24,0.2895800505503406,0.1453370984194532,641,0,fixed_0.05
screening,1992,1997,2001,32_16,0.1,10,3,0.7457098283931357,0.35,160,0.6810576657961354,0.3760783194856476,641,0,0.904836193447738,0.2083333333333333,24,0.2677166062827714,0.1326520318474011,641,0,fixed_0.1
screening,1992,1997,2001,32_16,0.2,10,3,0.7613104524180967,0.4125,160,0.6125622871710026,0.3401203046525599,641,0,0.8985959438377535,0.2083333333333333,24,0.2584380786190317,0.1299565123782158,641,0,fixed_0.2
screening,1992,1997,2001,32_16,0.3,10,3,0.7706708268330733,0.4375,160,0.5669726864511165,0.3220087299584029,641,0,0.9157566302652106,0.2083333333333333,24,0.2291872576922148,0.1139386737608103,641,0,fixed_0.3
screening,1992,1997,2001,32_16,0.5,10,3,0.797191887675507,0.475,160,0.4969951315548171,0.2832847231011555,641,0,0.9485179407176288,0.1666666666666666,24,0.1922080569624015,0.0886146630018026,641,0,fixed_0.5
screening,1992,1997,2001,32_16,1.0,10,3,0.8112324492979719,0.65,160,0.4670571080188161,0.2443848088959175,641,0,0.9313572542901716,0.125,24,0.2470436973668847,0.1153134122504567,641,0,fixed_1
screening,1992,1997,2001,32_16,1.0,20,3,0.8112324492979719,0.65,160,0.4670571080188161,0.2443848088959175,641,0,0.9313572542901716,0.125,24,0.2470436973668847,0.1153134122504567,641,0,validation_all_rates
screening,1992,1997,2001,32_16,0.5,20,3,0.797191887675507,0.475,160,0.4969951315548171,0.2832847231011555,641,0,0.9485179407176288,0.1666666666666666,24,0.1922080569624015,0.0886146630018026,641,0,validation_midrange
screening,1992,1997,2001,32_16,0.3,20,3,0.7706708268330733,0.4375,160,0.5669726864511165,0.3220087299584029,641,0,0.9157566302652106,0.2083333333333333,24,0.2291872576922148,0.1139386737608103,641,0,validation_compact
screening,1992,1997,2001,32_16,0.01,20,3,0.7145085803432137,0.23125,160,0.7393607685965851,0.3975086298398661,641,0,0.890795631825273,0.2083333333333333,24,0.4667832885545342,0.2077494826224226,641,0,fixed_0.01
screening,1992,1997,2001,32_16,0.03,20,3,0.7269890795631825,0.28125,160,0.7158997886607854,0.3953297878094037,641,0,0.8970358814352574,0.2083333333333333,24,0.2823885287576899,0.1413025777300273,641,0,fixed_0.03
screening,1992,1997,2001,32_16,0.05,20,3,0.7269890795631825,0.28125,160,0.718559556953689,0.3964599532054445,641,0,0.8970358814352574,0.2083333333333333,24,0.2895800505503406,0.1453370984194532,641,0,fixed_0.05
screening,1992,1997,2001,32_16,0.1,20,3,0.7457098283931357,0.35,160,0.6810576657961354,0.3760783194856476,641,0,0.904836193447738,0.2083333333333333,24,0.2677166062827714,0.1326520318474011,641,0,fixed_0.1
screening,1992,1997,2001,32_16,0.2,20,3,0.7613104524180967,0.4125,160,0.6125622871710026,0.3401203046525599,641,0,0.8985959438377535,0.2083333333333333,24,0.2584380786190317,0.1299565123782158,641,0,fixed_0.2
screening,1992,1997,2001,32_16,0.3,20,3,0.7706708268330733,0.4375,160,0.5669726864511165,0.3220087299584029,641,0,0.9157566302652106,0.2083333333333333,24,0.2291872576922148,0.1139386737608103,641,0,fixed_0.3
screening,1992,1997,2001,32_16,0.5,20,3,0.797191887675507,0.475,160,0.4969951315548171,0.2832847231011555,641,0,0.9485179407176288,0.1666666666666666,24,0.1922080569624015,0.0886146630018026,641,0,fixed_0.5
screening,1992,1997,2001,32_16,1.0,20,3,0.8112324492979719,0.65,160,0.4670571080188161,0.2443848088959175,641,0,0.9313572542901716,0.125,24,0.2470436973668847,0.1153134122504567,641,0,fixed_1
screening,1992,1997,2001,32_16,1.0,50,3,0.8112324492979719,0.65,160,0.4670571080188161,0.2443848088959175,641,0,0.9313572542901716,0.125,24,0.2470436973668847,0.1153134122504567,641,0,validation_all_rates
screening,1992,1997,2001,32_16,0.5,50,3,0.797191887675507,0.475,160,0.4969951315548171,0.2832847231011555,641,0,0.9485179407176288,0.1666666666666666,24,0.1922080569624015,0.0886146630018026,641,0,validation_midrange
screening,1992,1997,2001,32_16,0.3,50,3,0.7706708268330733,0.4375,160,0.5669726864511165,0.3220087299584029,641,0,0.9157566302652106,0.2083333333333333,24,0.2291872576922148,0.1139386737608103,641,0,validation_compact
screening,1992,1997,2001,32_16,0.01,50,3,0.7238689547581904,0.26875,160,0.7287302139824109,0.4016680188919965,641,0,0.8970358814352574,0.2083333333333333,24,0.2920021269243795,0.1463074355613119,641,0,fixed_0.01
screening,1992,1997,2001,32_16,0.03,50,3,0.7269890795631825,0.28125,160,0.7158997886607854,0.3953297878094037,641,0,0.8970358814352574,0.2083333333333333,24,0.2823885287576899,0.1413025777300273,641,0,fixed_0.03
screening,1992,1997,2001,32_16,0.05,50,3,0.7269890795631825,0.28125,160,0.718559556953689,0.3964599532054445,641,0,0.8970358814352574,0.2083333333333333,24,0.2895800505503406,0.1453370984194532,641,0,fixed_0.05
screening,1992,1997,2001,32_16,0.1,50,3,0.7457098283931357,0.35,160,0.6810576657961354,0.3760783194856476,641,0,0.904836193447738,0.2083333333333333,24,0.2677166062827714,0.1326520318474011,641,0,fixed_0.1
screening,1992,1997,2001,32_16,0.2,50,3,0.7613104524180967,0.4125,160,0.6125622871710026,0.3401203046525599,641,0,0.8985959438377535,0.2083333333333333,24,0.2584380786190317,0.1299565123782158,641,0,fixed_0.2
screening,1992,1997,2001,32_16,0.3,50,3,0.7706708268330733,0.4375,160,0.5669726864511165,0.3220087299584029,641,0,0.9157566302652106,0.2083333333333333,24,0.2291872576922148,0.1139386737608103,641,0,fixed_0.3
screening,1992,1997,2001,32_16,0.5,50,3,0.797191887675507,0.475,160,0.4969951315548171,0.2832847231011555,641,0,0.9485179407176288,0.1666666666666666,24,0.1922080569624015,0.0886146630018026,641,0,fixed_0.5
screening,1992,1997,2001,32_16,1.0,50,3,0.8112324492979719,0.65,160,0.4670571080188161,0.2443848088959175,641,0,0.9313572542901716,0.125,24,0.2470436973668847,0.1153134122504567,641,0,fixed_1
screening,1992,1997,2001,64_32,1.0,10,3,0.8330733229329174,0.7625,160,0.4249339336497742,0.2326627904981754,641,0,0.9297971918876756,0.0833333333333333,24,0.2149939551939829,0.1011082740646548,641,0,validation_all_rates
screening,1992,1997,2001,64_32,0.5,10,3,0.8174726989079563,0.60625,160,0.440660515976791,0.237374669948812,641,0,0.9422776911076444,0.1666666666666666,24,0.1963538217147213,0.0935268071032468,641,0,validation_midrange
screening,1992,1997,2001,64_32,0.3,10,3,0.8065522620904836,0.55,160,0.4893537642508312,0.2677899435836805,641,0,0.9282371294851794,0.1666666666666666,24,0.2181752033354217,0.1059438389896883,641,0,validation_compact
screening,1992,1997,2001,64_32,0.01,10,3,0.7784711388455539,0.4875,160,0.650705870682279,0.3102054397466522,641,0,0.8892355694227769,0.1666666666666666,24,0.5882101902100099,0.2537317958996315,641,0,fixed_0.01
screening,1992,1997,2001,64_32,0.03,10,3,0.7831513260530422,0.51875,160,0.5734490866693758,0.2901605779621,641,0,0.8892355694227769,0.1666666666666666,24,0.4215268667277685,0.1895723782540406,641,0,fixed_0.03
screening,1992,1997,2001,64_32,0.05,10,3,0.8018720748829953,0.55625,160,0.5754088565279112,0.2858349824422993,641,0,0.8892355694227769,0.1666666666666666,24,0.4374441920095741,0.1923302137998132,641,0,fixed_0.05
screening,1992,1997,2001,64_32,0.1,10,3,0.7753510140405616,0.5625,160,0.5283687287841001,0.2693829416615831,641,0,0.9032761310452418,0.1666666666666666,24,0.3414152525791803,0.1458532332904079,641,0,fixed_0.1
screening,1992,1997,2001,64_32,0.2,10,3,0.7753510140405616,0.46875,160,0.5395391242118279,0.2994038804777724,641,0,0.906396255850234,0.2083333333333333,24,0.2470160552904052,0.1233101253799134,641,0,fixed_0.2
screening,1992,1997,2001,64_32,0.3,10,3,0.8065522620904836,0.55,160,0.4893537642508312,0.2677899435836805,641,0,0.9282371294851794,0.1666666666666666,24,0.2181752033354217,0.1059438389896883,641,0,fixed_0.3
screening,1992,1997,2001,64_32,0.5,10,3,0.8174726989079563,0.60625,160,0.440660515976791,0.237374669948812,641,0,0.9422776911076444,0.1666666666666666,24,0.1963538217147213,0.0935268071032468,641,0,fixed_0.5
screening,1992,1997,2001,64_32,1.0,10,3,0.8330733229329174,0.7625,160,0.4249339336497742,0.2326627904981754,641,0,0.9297971918876756,0.0833333333333333,24,0.2149939551939829,0.1011082740646548,641,0,fixed_1
screening,1992,1997,2001,64_32,1.0,20,3,0.8330733229329174,0.7625,160,0.4249339336497742,0.2326627904981754,641,0,0.9297971918876756,0.0833333333333333,24,0.2149939551939829,0.1011082740646548,641,0,validation_all_rates
screening,1992,1997,2001,64_32,0.5,20,3,0.8174726989079563,0.60625,160,0.440660515976791,0.237374669948812,641,0,0.9422776911076444,0.1666666666666666,24,0.1963538217147213,0.0935268071032468,641,0,validation_midrange
screening,1992,1997,2001,64_32,0.3,20,3,0.8065522620904836,0.55,160,0.4893537642508312,0.2677899435836805,641,0,0.9282371294851794,0.1666666666666666,24,0.2181752033354217,0.1059438389896883,641,0,validation_compact
screening,1992,1997,2001,64_32,0.01,20,3,0.7925117004680188,0.5,160,0.5785833977712252,0.2924988613285338,641,0,0.8892355694227769,0.1666666666666666,24,0.4293419827024632,0.1932099283486484,641,0,fixed_0.01
screening,1992,1997,2001,64_32,0.03,20,3,0.7831513260530422,0.51875,160,0.5734490866693758,0.2901605779621,641,0,0.8892355694227769,0.1666666666666666,24,0.4215268667277685,0.1895723782540406,641,0,fixed_0.03
screening,1992,1997,2001,64_32,0.05,20,3,0.8018720748829953,0.55625,160,0.5754088565279112,0.2858349824422993,641,0,0.8892355694227769,0.1666666666666666,24,0.4374441920095741,0.1923302137998132,641,0,fixed_0.05
screening,1992,1997,2001,64_32,0.1,20,3,0.7753510140405616,0.5625,160,0.5283687287841001,0.2693829416615831,641,0,0.9032761310452418,0.1666666666666666,24,0.3414152525791803,0.1458532332904079,641,0,fixed_0.1
screening,1992,1997,2001,64_32,0.2,20,3,0.7753510140405616,0.46875,160,0.5395391242118279,0.2994038804777724,641,0,0.906396255850234,0.2083333333333333,24,0.2470160552904052,0.1233101253799134,641,0,fixed_0.2
screening,1992,1997,2001,64_32,0.3,20,3,0.8065522620904836,0.55,160,0.4893537642508312,0.2677899435836805,641,0,0.9282371294851794,0.1666666666666666,24,0.2181752033354217,0.1059438389896883,641,0,fixed_0.3
screening,1992,1997,2001,64_32,0.5,20,3,0.8174726989079563,0.60625,160,0.440660515976791,0.237374669948812,641,0,0.9422776911076444,0.1666666666666666,24,0.1963538217147213,0.0935268071032468,641,0,fixed_0.5
screening,1992,1997,2001,64_32,1.0,20,3,0.8330733229329174,0.7625,160,0.4249339336497742,0.2326627904981754,641,0,0.9297971918876756,0.0833333333333333,24,0.2149939551939829,0.1011082740646548,641,0,fixed_1
screening,1992,1997,2001,64_32,1.0,50,3,0.8330733229329174,0.7625,160,0.4249339336497742,0.2326627904981754,641,0,0.9297971918876756,0.0833333333333333,24,0.2149939551939829,0.1011082740646548,641,0,validation_all_rates
screening,1992,1997,2001,64_32,0.5,50,3,0.8174726989079563,0.60625,160,0.440660515976791,0.237374669948812,641,0,0.9422776911076444,0.1666666666666666,24,0.1963538217147213,0.0935268071032468,641,0,validation_midrange
screening,1992,1997,2001,64_32,0.3,50,3,0.8065522620904836,0.55,160,0.4893537642508312,0.2677899435836805,641,0,0.9282371294851794,0.1666666666666666,24,0.2181752033354217,0.1059438389896883,641,0,validation_compact
screening,1992,1997,2001,64_32,0.01,50,3,0.7925117004680188,0.5,160,0.5785833977712252,0.2924988613285338,641,0,0.8892355694227769,0.1666666666666666,24,0.4293419827024632,0.1932099283486484,641,0,fixed_0.01
screening,1992,1997,2001,64_32,0.03,50,3,0.7831513260530422,0.51875,160,0.5734490866693758,0.2901605779621,641,0,0.8892355694227769,0.1666666666666666,24,0.4215268667277685,0.1895723782540406,641,0,fixed_0.03
screening,1992,1997,2001,64_32,0.05,50,3,0.8018720748829953,0.55625,160,0.5754088565279112,0.2858349824422993,641,0,0.8892355694227769,0.1666666666666666,24,0.4374441920095741,0.1923302137998132,641,0,fixed_0.05
screening,1992,1997,2001,64_32,0.1,50,3,0.7753510140405616,0.5625,160,0.5283687287841001,0.2693829416615831,641,0,0.9032761310452418,0.1666666666666666,24,0.3414152525791803,0.1458532332904079,641,0,fixed_0.1
screening,1992,1997,2001,64_32,0.2,50,3,0.7753510140405616,0.46875,160,0.5395391242118279,0.2994038804777724,641,0,0.906396255850234,0.2083333333333333,24,0.2470160552904052,0.1233101253799134,641,0,fixed_0.2
screening,1992,1997,2001,64_32,0.3,50,3,0.8065522620904836,0.55,160,0.4893537642508312,0.2677899435836805,641,0,0.9282371294851794,0.1666666666666666,24,0.2181752033354217,0.1059438389896883,641,0,fixed_0.3
screening,1992,1997,2001,64_32,0.5,50,3,0.8174726989079563,0.60625,160,0.440660515976791,0.237374669948812,641,0,0.9422776911076444,0.1666666666666666,24,0.1963538217147213,0.0935268071032468,641,0,fixed_0.5
screening,1992,1997,2001,64_32,1.0,50,3,0.8330733229329174,0.7625,160,0.4249339336497742,0.2326627904981754,641,0,0.9297971918876756,0.0833333333333333,24,0.2149939551939829,0.1011082740646548,641,0,fixed_1
screening,1997,2001,2005,16,0.3,10,3,0.953198127925117,0.1666666666666666,24,0.1639905060583221,0.0787949484216786,641,0,0.8057324840764332,0.631578947368421,57,0.4447467816738821,0.2603914241404231,628,0,validation_all_rates
screening,1997,2001,2005,16,0.3,10,3,0.953198127925117,0.1666666666666666,24,0.1639905060583221,0.0787949484216786,641,0,0.8057324840764332,0.631578947368421,57,0.4447467816738821,0.2603914241404231,628,0,validation_midrange
screening,1997,2001,2005,16,0.3,10,3,0.953198127925117,0.1666666666666666,24,0.1639905060583221,0.0787949484216786,641,0,0.8057324840764332,0.631578947368421,57,0.4447467816738821,0.2603914241404231,628,0,validation_compact
screening,1997,2001,2005,16,0.01,10,3,0.9407176287051482,0.2083333333333333,24,0.1809096844981681,0.0909202302438509,641,0,0.8694267515923567,0.5789473684210527,57,0.3330034885114663,0.1805958152854615,628,0,fixed_0.01
screening,1997,2001,2005,16,0.03,10,3,0.9469578783151326,0.2083333333333333,24,0.1837135994619499,0.088719407276493,641,0,0.8869426751592356,0.543859649122807,57,0.3165481678764534,0.1654132034173792,628,0,fixed_0.03
screening,1997,2001,2005,16,0.05,10,3,0.9516380655226208,0.2083333333333333,24,0.1814580944449815,0.086951339886116,641,0,0.8726114649681529,0.5789473684210527,57,0.3266143623902687,0.1747286570143812,628,0,fixed_0.05
screening,1997,2001,2005,16,0.1,10,3,0.9453978159126364,0.2083333333333333,24,0.174171400440324,0.0842811560212042,641,0,0.8614649681528662,0.5789473684210527,57,0.3406299416790693,0.186520345801038,628,0,fixed_0.1
screening,1997,2001,2005,16,0.2,10,3,0.9453978159126364,0.2083333333333333,24,0.1690616766409919,0.0824854852343674,641,0,0.8264331210191083,0.6140350877192983,57,0.3836859200598298,0.2196028218753642,628,0,fixed_0.2
screening,1997,2001,2005,16,0.3,10,3,0.953198127925117,0.1666666666666666,24,0.1639905060583221,0.0787949484216786,641,0,0.8057324840764332,0.631578947368421,57,0.4447467816738821,0.2603914241404231,628,0,fixed_0.3
screening,1997,2001,2005,16,0.5,10,3,0.953198127925117,0.1666666666666666,24,0.1678325386505381,0.079448188841527,641,0,0.7945859872611465,0.631578947368421,57,0.5008936626767693,0.2923179013092771,628,0,fixed_0.5
screening,1997,2001,2005,16,1.0,10,3,0.9656786271450858,0.2083333333333333,24,0.1695843669420832,0.0715633595981951,641,0,0.802547770700637,0.5789473684210527,57,0.4188475415188782,0.2438911554168544,628,0,fixed_1
screening,1997,2001,2005,16,0.2,20,3,0.9516380655226208,0.1666666666666666,24,0.1638728627744339,0.0793628770291598,641,0,0.7993630573248408,0.631578947368421,57,0.4642046867950775,0.2767138631063751,628,0,validation_all_rates
screening,1997,2001,2005,16,0.2,20,3,0.9516380655226208,0.1666666666666666,24,0.1638728627744339,0.0793628770291598,641,0,0.7993630573248408,0.631578947368421,57,0.4642046867950775,0.2767138631063751,628,0,validation_midrange
screening,1997,2001,2005,16,0.3,20,3,0.953198127925117,0.1666666666666666,24,0.1639905060583221,0.0787949484216786,641,0,0.8057324840764332,0.631578947368421,57,0.4447467816738821,0.2603914241404231,628,0,validation_compact
screening,1997,2001,2005,16,0.01,20,3,0.9485179407176288,0.1666666666666666,24,0.1709555168233263,0.0860046851121767,641,0,0.8200636942675159,0.6140350877192983,57,0.4152971048996458,0.2424277603584168,628,0,fixed_0.01
screening,1997,2001,2005,16,0.03,20,3,0.9516380655226208,0.2083333333333333,24,0.174474496582459,0.0862707768528739,641,0,0.856687898089172,0.5789473684210527,57,0.3478904162924043,0.1924030984770816,628,0,fixed_0.03
screening,1997,2001,2005,16,0.05,20,3,0.9485179407176288,0.1666666666666666,24,0.1675475471488317,0.0832909322116727,641,0,0.804140127388535,0.631578947368421,57,0.4439661658936162,0.2608170319316429,628,0,fixed_0.05
screening,1997,2001,2005,16,0.1,20,3,0.9485179407176288,0.1666666666666666,24,0.1648316204473928,0.0808550031927114,641,0,0.802547770700637,0.6140350877192983,57,0.4429031829370392,0.26038659224235,628,0,fixed_0.1
screening,1997,2001,2005,16,0.2,20,3,0.9516380655226208,0.1666666666666666,24,0.1638728627744339,0.0793628770291598,641,0,0.7993630573248408,0.631578947368421,57,0.4642046867950775,0.2767138631063751,628,0,fixed_0.2
screening,1997,2001,2005,16,0.3,20,3,0.953198127925117,0.1666666666666666,24,0.1639905060583221,0.0787949484216786,641,0,0.8057324840764332,0.631578947368421,57,0.4447467816738821,0.2603914241404231,628,0,fixed_0.3
screening,1997,2001,2005,16,0.5,20,3,0.953198127925117,0.1666666666666666,24,0.1678325386505381,0.079448188841527,641,0,0.7945859872611465,0.631578947368421,57,0.5008936626767693,0.2923179013092771,628,0,fixed_0.5
screening,1997,2001,2005,16,1.0,20,3,0.9656786271450858,0.1666666666666666,24,0.167555803380062,0.0724193505259334,641,0,0.7929936305732485,0.6140350877192983,57,0.5183000547471331,0.3038960479438654,628,0,fixed_1
screening,1997,2001,2005,16,0.2,50,3,0.9516380655226208,0.1666666666666666,24,0.1638728627744339,0.0793628770291598,641,0,0.7993630573248408,0.631578947368421,57,0.4642046867950775,0.2767138631063751,628,0,validation_all_rates
screening,1997,2001,2005,16,0.2,50,3,0.9516380655226208,0.1666666666666666,24,0.1638728627744339,0.0793628770291598,641,0,0.7993630573248408,0.631578947368421,57,0.4642046867950775,0.2767138631063751,628,0,validation_midrange
screening,1997,2001,2005,16,0.3,50,3,0.953198127925117,0.1666666666666666,24,0.1639905060583221,0.0787949484216786,641,0,0.8057324840764332,0.631578947368421,57,0.4447467816738821,0.2603914241404231,628,0,validation_compact
screening,1997,2001,2005,16,0.01,50,3,0.9453978159126364,0.125,24,0.168330966332767,0.0842037578046663,641,0,0.802547770700637,0.631578947368421,57,0.4587537618491294,0.2698381412261511,628,0,fixed_0.01
screening,1997,2001,2005,16,0.03,50,3,0.9469578783151326,0.1666666666666666,24,0.1681663365800215,0.0835785618220169,641,0,0.8009554140127388,0.631578947368421,57,0.4622836603469346,0.27212479481969,628,0,fixed_0.03
screening,1997,2001,2005,16,0.05,50,3,0.9485179407176288,0.1666666666666666,24,0.1675276765736041,0.0831521291873589,641,0,0.802547770700637,0.631578947368421,57,0.4669533065721228,0.2737290627969292,628,0,fixed_0.05
screening,1997,2001,2005,16,0.1,50,3,0.9485179407176288,0.1666666666666666,24,0.1648316204473928,0.0808550031927114,641,0,0.802547770700637,0.6140350877192983,57,0.4429031829370392,0.26038659224235,628,0,fixed_0.1
screening,1997,2001,2005,16,0.2,50,3,0.9516380655226208,0.1666666666666666,24,0.1638728627744339,0.0793628770291598,641,0,0.7993630573248408,0.631578947368421,57,0.4642046867950775,0.2767138631063751,628,0,fixed_0.2
screening,1997,2001,2005,16,0.3,50,3,0.953198127925117,0.1666666666666666,24,0.1639905060583221,0.0787949484216786,641,0,0.8057324840764332,0.631578947368421,57,0.4447467816738821,0.2603914241404231,628,0,fixed_0.3
screening,1997,2001,2005,16,0.5,50,3,0.953198127925117,0.1666666666666666,24,0.1678325386505381,0.079448188841527,641,0,0.7945859872611465,0.631578947368421,57,0.5008936626767693,0.2923179013092771,628,0,fixed_0.5
screening,1997,2001,2005,16,1.0,50,3,0.9656786271450858,0.1666666666666666,24,0.167555803380062,0.0724193505259334,641,0,0.7929936305732485,0.6140350877192983,57,0.5183000547471331,0.3038960479438654,628,0,fixed_1
screening,1997,2001,2005,32,0.2,10,3,0.9516380655226208,0.1666666666666666,24,0.170453640689187,0.0806869823068182,641,0,0.8057324840764332,0.631578947368421,57,0.4397230521351474,0.26100618887261,628,0,validation_all_rates
screening,1997,2001,2005,32,0.2,10,3,0.9516380655226208,0.1666666666666666,24,0.170453640689187,0.0806869823068182,641,0,0.8057324840764332,0.631578947368421,57,0.4397230521351474,0.26100618887261,628,0,validation_midrange
screening,1997,2001,2005,32,0.3,10,3,0.9500780031201248,0.125,24,0.1724041521515106,0.081526120738625,641,0,0.8121019108280255,0.631578947368421,57,0.4397007612440317,0.2595173454803272,628,0,validation_compact
screening,1997,2001,2005,32,0.01,10,3,0.939157566302652,0.2083333333333333,24,0.1901738261181773,0.0957265588246096,641,0,0.8694267515923567,0.5614035087719298,57,0.3224607376586929,0.1760348725476462,628,0,fixed_0.01
screening,1997,2001,2005,32,0.03,10,3,0.9422776911076444,0.2083333333333333,24,0.1827320805790933,0.0915266740242476,641,0,0.8375796178343949,0.6140350877192983,57,0.3584981699147594,0.2055511275166789,628,0,fixed_0.03
screening,1997,2001,2005,32,0.05,10,3,0.9485179407176288,0.2083333333333333,24,0.1823381595603403,0.0893929457664508,641,0,0.8423566878980892,0.6140350877192983,57,0.3453412280071525,0.1950199849658957,628,0,fixed_0.05
screening,1997,2001,2005,32,0.1,10,3,0.9485179407176288,0.1666666666666666,24,0.1811204847355071,0.0889868671497745,641,0,0.8662420382165605,0.5614035087719298,57,0.3310356542019652,0.1821934980532244,628,0,fixed_0.1
screening,1997,2001,2005,32,0.2,10,3,0.9516380655226208,0.1666666666666666,24,0.170453640689187,0.0806869823068182,641,0,0.8057324840764332,0.631578947368421,57,0.4397230521351474,0.26100618887261,628,0,fixed_0.2
screening,1997,2001,2005,32,0.3,10,3,0.9500780031201248,0.125,24,0.1724041521515106,0.081526120738625,641,0,0.8121019108280255,0.631578947368421,57,0.4397007612440317,0.2595173454803272,628,0,fixed_0.3
screening,1997,2001,2005,32,0.5,10,3,0.9453978159126364,0.2083333333333333,24,0.1767946534436413,0.0830599185084029,641,0,0.8312101910828026,0.5964912280701754,57,0.3737073275215333,0.2160414257301078,628,0,fixed_0.5
screening,1997,2001,2005,32,1.0,10,3,0.9656786271450858,0.2083333333333333,24,0.1782879863973657,0.0761936030007573,641,0,0.8057324840764332,0.5964912280701754,57,0.4195532964368967,0.2487352525195741,628,0,fixed_1
screening,1997,2001,2005,32,0.5,20,3,0.9609984399375976,0.1666666666666666,24,0.1679963173093656,0.0770300928288797,641,0,0.804140127388535,0.631578947368421,57,0.4356367591041594,0.2605494512735019,628,0,validation_all_rates
screening,1997,2001,2005,32,0.5,20,3,0.9609984399375976,0.1666666666666666,24,0.1679963173093656,0.0770300928288797,641,0,0.804140127388535,0.631578947368421,57,0.4356367591041594,0.2605494512735019,628,0,validation_midrange
screening,1997,2001,2005,32,0.3,20,3,0.9500780031201248,0.125,24,0.1724041521515106,0.081526120738625,641,0,0.8121019108280255,0.631578947368421,57,0.4397007612440317,0.2595173454803272,628,0,validation_compact
screening,1997,2001,2005,32,0.01,20,3,0.9485179407176288,0.2083333333333333,24,0.1795362376075578,0.089556391048569,641,0,0.8264331210191083,0.6140350877192983,57,0.3894263625828408,0.2280684016874986,628,0,fixed_0.01
screening,1997,2001,2005,32,0.03,20,3,0.9500780031201248,0.1666666666666666,24,0.1755874567241494,0.0868697894205489,641,0,0.8152866242038217,0.631578947368421,57,0.4223079123941573,0.2501252044347823,628,0,fixed_0.03
screening,1997,2001,2005,32,0.05,20,3,0.9500780031201248,0.1666666666666666,24,0.1745552784580901,0.0857898364245038,641,0,0.8136942675159236,0.631578947368421,57,0.4381615111693194,0.2597926312318119,628,0,fixed_0.05
screening,1997,2001,2005,32,0.1,20,3,0.9500780031201248,0.1666666666666666,24,0.1733340922536901,0.0830848240565622,641,0,0.8089171974522293,0.631578947368421,57,0.438104182714279,0.2602543685633628,628,0,fixed_0.1
screening,1997,2001,2005,32,0.2,20,3,0.9516380655226208,0.1666666666666666,24,0.170453640689187,0.0806869823068182,641,0,0.8057324840764332,0.631578947368421,57,0.4397230521351474,0.26100618887261,628,0,fixed_0.2
screening,1997,2001,2005,32,0.3,20,3,0.9500780031201248,0.125,24,0.1724041521515106,0.081526120738625,641,0,0.8121019108280255,0.631578947368421,57,0.4397007612440317,0.2595173454803272,628,0,fixed_0.3
screening,1997,2001,2005,32,0.5,20,3,0.9609984399375976,0.1666666666666666,24,0.1679963173093656,0.0770300928288797,641,0,0.804140127388535,0.631578947368421,57,0.4356367591041594,0.2605494512735019,628,0,fixed_0.5
screening,1997,2001,2005,32,1.0,20,3,0.9656786271450858,0.2083333333333333,24,0.1782879863973657,0.0761936030007573,641,0,0.8057324840764332,0.5964912280701754,57,0.4195532964368967,0.2487352525195741,628,0,fixed_1
screening,1997,2001,2005,32,0.5,50,3,0.9609984399375976,0.1666666666666666,24,0.1679963173093656,0.0770300928288797,641,0,0.804140127388535,0.631578947368421,57,0.4356367591041594,0.2605494512735019,628,0,validation_all_rates
screening,1997,2001,2005,32,0.5,50,3,0.9609984399375976,0.1666666666666666,24,0.1679963173093656,0.0770300928288797,641,0,0.804140127388535,0.631578947368421,57,0.4356367591041594,0.2605494512735019,628,0,validation_midrange
screening,1997,2001,2005,32,0.3,50,3,0.9500780031201248,0.125,24,0.1724041521515106,0.081526120738625,641,0,0.8121019108280255,0.631578947368421,57,0.4397007612440317,0.2595173454803272,628,0,validation_compact
screening,1997,2001,2005,32,0.01,50,3,0.9485179407176288,0.1666666666666666,24,0.1760047975654322,0.0871495755451782,641,0,0.8057324840764332,0.631578947368421,57,0.4524295131941536,0.2684129180358459,628,0,fixed_0.01
screening,1997,2001,2005,32,0.03,50,3,0.9485179407176288,0.1666666666666666,24,0.1747923500161257,0.0856739483792387,641,0,0.8057324840764332,0.631578947368421,57,0.4624467292635306,0.2739983996830315,628,0,fixed_0.03
screening,1997,2001,2005,32,0.05,50,3,0.9500780031201248,0.1666666666666666,24,0.1745552784580901,0.0857898364245038,641,0,0.8136942675159236,0.631578947368421,57,0.4381615111693194,0.2597926312318119,628,0,fixed_0.05
screening,1997,2001,2005,32,0.1,50,3,0.9500780031201248,0.1666666666666666,24,0.1733340922536901,0.0830848240565622,641,0,0.8089171974522293,0.631578947368421,57,0.438104182714279,0.2602543685633628,628,0,fixed_0.1
screening,1997,2001,2005,32,0.2,50,3,0.9516380655226208,0.1666666666666666,24,0.170453640689187,0.0806869823068182,641,0,0.8057324840764332,0.631578947368421,57,0.4397230521351474,0.26100618887261,628,0,fixed_0.2
screening,1997,2001,2005,32,0.3,50,3,0.9500780031201248,0.125,24,0.1724041521515106,0.081526120738625,641,0,0.8121019108280255,0.631578947368421,57,0.4397007612440317,0.2595173454803272,628,0,fixed_0.3
screening,1997,2001,2005,32,0.5,50,3,0.9609984399375976,0.1666666666666666,24,0.1679963173093656,0.0770300928288797,641,0,0.804140127388535,0.631578947368421,57,0.4356367591041594,0.2605494512735019,628,0,fixed_0.5
screening,1997,2001,2005,32,1.0,50,3,0.9656786271450858,0.2083333333333333,24,0.1782879863973657,0.0761936030007573,641,0,0.8057324840764332,0.5964912280701754,57,0.4195532964368967,0.2487352525195741,628,0,fixed_1
screening,1997,2001,2005,32_16,0.2,10,3,0.953198127925117,0.1666666666666666,24,0.1817382902588007,0.083946932503466,641,0,0.8136942675159236,0.5964912280701754,57,0.4210456136212023,0.2413114265829056,628,0,validation_all_rates
screening,1997,2001,2005,32_16,0.2,10,3,0.953198127925117,0.1666666666666666,24,0.1817382902588007,0.083946932503466,641,0,0.8136942675159236,0.5964912280701754,57,0.4210456136212023,0.2413114265829056,628,0,validation_midrange
screening,1997,2001,2005,32_16,0.1,10,3,0.953198127925117,0.2083333333333333,24,0.1820907909861824,0.0860724553370612,641,0,0.8296178343949044,0.5964912280701754,57,0.377468687271747,0.2103616137363811,628,0,validation_compact
screening,1997,2001,2005,32_16,0.01,10,3,0.939157566302652,0.25,24,0.21748542012952,0.1061311367194274,641,0,0.9171974522292994,0.4385964912280701,57,0.3227890946769739,0.1633894128891035,628,0,fixed_0.01
screening,1997,2001,2005,32_16,0.03,10,3,0.9500780031201248,0.125,24,0.1911034643775629,0.0896579102175335,641,0,0.821656050955414,0.5964912280701754,57,0.3804018580466463,0.213975327702777,628,0,fixed_0.03
screening,1997,2001,2005,32_16,0.05,10,3,0.9500780031201248,0.2083333333333333,24,0.1897305714595344,0.090112396660067,641,0,0.8312101910828026,0.5614035087719298,57,0.3663427180800244,0.2014443432256991,628,0,fixed_0.05
screening,1997,2001,2005,32_16,0.1,10,3,0.953198127925117,0.2083333333333333,24,0.1820907909861824,0.0860724553370612,641,0,0.8296178343949044,0.5964912280701754,57,0.377468687271747,0.2103616137363811,628,0,fixed_0.1
screening,1997,2001,2005,32_16,0.2,10,3,0.953198127925117,0.1666666666666666,24,0.1817382902588007,0.083946932503466,641,0,0.8136942675159236,0.5964912280701754,57,0.4210456136212023,0.2413114265829056,628,0,fixed_0.2
screening,1997,2001,2005,32_16,0.3,10,3,0.9547581903276132,0.0833333333333333,24,0.1839372276257587,0.0819294418709222,641,0,0.8057324840764332,0.5964912280701754,57,0.4666456787121994,0.2698130940077382,628,0,fixed_0.3
screening,1997,2001,2005,32_16,0.5,10,3,0.9563182527301092,0.1666666666666666,24,0.1837064633969078,0.0805508637055265,641,0,0.8136942675159236,0.6140350877192983,57,0.4395840648860822,0.2524608008470106,628,0,fixed_0.5
screening,1997,2001,2005,32_16,1.0,10,3,0.9547581903276132,0.1666666666666666,24,0.1900969232463968,0.0820897102471288,641,0,0.8375796178343949,0.5789473684210527,57,0.3879023902636205,0.2127476924846725,628,0,fixed_1
screening,1997,2001,2005,32_16,0.1,20,3,0.9516380655226208,0.1666666666666666,24,0.1805260432066057,0.0845552482730968,641,0,0.8168789808917197,0.5964912280701754,57,0.3980281130632996,0.2267750746117542,628,0,validation_all_rates
screening,1997,2001,2005,32_16,0.1,20,3,0.9516380655226208,0.1666666666666666,24,0.1805260432066057,0.0845552482730968,641,0,0.8168789808917197,0.5964912280701754,57,0.3980281130632996,0.2267750746117542,628,0,validation_midrange
screening,1997,2001,2005,32_16,0.1,20,3,0.9516380655226208,0.1666666666666666,24,0.1805260432066057,0.0845552482730968,641,0,0.8168789808917197,0.5964912280701754,57,0.3980281130632996,0.2267750746117542,628,0,validation_compact
screening,1997,2001,2005,32_16,0.01,20,3,0.9438377535101404,0.2083333333333333,24,0.1941709924623728,0.0933730590768126,641,0,0.8280254777070064,0.5789473684210527,57,0.370956751802388,0.2068260960455646,628,0,fixed_0.01
screening,1997,2001,2005,32_16,0.03,20,3,0.9500780031201248,0.1666666666666666,24,0.1835212257209995,0.0873193486734369,641,0,0.8121019108280255,0.6140350877192983,57,0.4315097926386037,0.2486829753781264,628,0,fixed_0.03
screening,1997,2001,2005,32_16,0.05,20,3,0.9485179407176288,0.2083333333333333,24,0.1847912265131898,0.0878985148252195,641,0,0.8296178343949044,0.5964912280701754,57,0.38282091960895,0.2142117430971274,628,0,fixed_0.05
screening,1997,2001,2005,32_16,0.1,20,3,0.9516380655226208,0.1666666666666666,24,0.1805260432066057,0.0845552482730968,641,0,0.8168789808917197,0.5964912280701754,57,0.3980281130632996,0.2267750746117542,628,0,fixed_0.1
screening,1997,2001,2005,32_16,0.2,20,3,0.953198127925117,0.1666666666666666,24,0.1817382902588007,0.083946932503466,641,0,0.8136942675159236,0.5964912280701754,57,0.4210456136212023,0.2413114265829056,628,0,fixed_0.2
screening,1997,2001,2005,32_16,0.3,20,3,0.9547581903276132,0.0833333333333333,24,0.1839372276257587,0.0819294418709222,641,0,0.8057324840764332,0.5964912280701754,57,0.4666456787121994,0.2698130940077382,628,0,fixed_0.3
screening,1997,2001,2005,32_16,0.5,20,3,0.9563182527301092,0.1666666666666666,24,0.1837064633969078,0.0805508637055265,641,0,0.8136942675159236,0.6140350877192983,57,0.4395840648860822,0.2524608008470106,628,0,fixed_0.5
screening,1997,2001,2005,32_16,1.0,20,3,0.9547581903276132,0.1666666666666666,24,0.1900969232463968,0.0820897102471288,641,0,0.8375796178343949,0.5789473684210527,57,0.3879023902636205,0.2127476924846725,628,0,fixed_1
screening,1997,2001,2005,32_16,0.1,50,3,0.9547581903276132,0.1666666666666666,24,0.1791060165276232,0.0826657717207487,641,0,0.8073248407643312,0.6140350877192983,57,0.4523102147011578,0.261752836663196,628,0,validation_all_rates
screening,1997,2001,2005,32_16,0.1,50,3,0.9547581903276132,0.1666666666666666,24,0.1791060165276232,0.0826657717207487,641,0,0.8073248407643312,0.6140350877192983,57,0.4523102147011578,0.261752836663196,628,0,validation_midrange
screening,1997,2001,2005,32_16,0.1,50,3,0.9547581903276132,0.1666666666666666,24,0.1791060165276232,0.0826657717207487,641,0,0.8073248407643312,0.6140350877192983,57,0.4523102147011578,0.261752836663196,628,0,validation_compact
screening,1997,2001,2005,32_16,0.01,50,3,0.9438377535101404,0.1666666666666666,24,0.1882665518283338,0.0914389317473881,641,0,0.8168789808917197,0.5964912280701754,57,0.413183282146133,0.2358997075721807,628,0,fixed_0.01
screening,1997,2001,2005,32_16,0.03,50,3,0.9500780031201248,0.1666666666666666,24,0.1835212257209995,0.0873193486734369,641,0,0.8121019108280255,0.6140350877192983,57,0.4315097926386037,0.2486829753781264,628,0,fixed_0.03
screening,1997,2001,2005,32_16,0.05,50,3,0.9500780031201248,0.1666666666666666,24,0.1836462000161553,0.0870739070602995,641,0,0.8200636942675159,0.5964912280701754,57,0.4066520744526599,0.2312279202705094,628,0,fixed_0.05
screening,1997,2001,2005,32_16,0.1,50,3,0.9547581903276132,0.1666666666666666,24,0.1791060165276232,0.0826657717207487,641,0,0.8073248407643312,0.6140350877192983,57,0.4523102147011578,0.261752836663196,628,0,fixed_0.1
screening,1997,2001,2005,32_16,0.2,50,3,0.953198127925117,0.1666666666666666,24,0.1817382902588007,0.083946932503466,641,0,0.8136942675159236,0.5964912280701754,57,0.4210456136212023,0.2413114265829056,628,0,fixed_0.2
screening,1997,2001,2005,32_16,0.3,50,3,0.9547581903276132,0.0833333333333333,24,0.1839372276257587,0.0819294418709222,641,0,0.8057324840764332,0.5964912280701754,57,0.4666456787121994,0.2698130940077382,628,0,fixed_0.3
screening,1997,2001,2005,32_16,0.5,50,3,0.9563182527301092,0.1666666666666666,24,0.1837064633969078,0.0805508637055265,641,0,0.8136942675159236,0.6140350877192983,57,0.4395840648860822,0.2524608008470106,628,0,fixed_0.5
screening,1997,2001,2005,32_16,1.0,50,3,0.9547581903276132,0.1666666666666666,24,0.1900969232463968,0.0820897102471288,641,0,0.8375796178343949,0.5789473684210527,57,0.3879023902636205,0.2127476924846725,628,0,fixed_1
screening,1997,2001,2005,64_32,0.3,10,3,0.9485179407176288,0.0833333333333333,24,0.1820347588233894,0.0843773213062458,641,0,0.8312101910828026,0.5789473684210527,57,0.3850143101702039,0.2136889356278691,628,0,validation_all_rates
screening,1997,2001,2005,64_32,0.3,10,3,0.9485179407176288,0.0833333333333333,24,0.1820347588233894,0.0843773213062458,641,0,0.8312101910828026,0.5789473684210527,57,0.3850143101702039,0.2136889356278691,628,0,validation_midrange
screening,1997,2001,2005,64_32,0.3,10,3,0.9485179407176288,0.0833333333333333,24,0.1820347588233894,0.0843773213062458,641,0,0.8312101910828026,0.5789473684210527,57,0.3850143101702039,0.2136889356278691,628,0,validation_compact
screening,1997,2001,2005,64_32,0.01,10,3,0.9453978159126364,0.1666666666666666,24,0.1987933370125325,0.0959847499860176,641,0,0.8742038216560509,0.5614035087719298,57,0.3340122651511223,0.1764047920404322,628,0,fixed_0.01
screening,1997,2001,2005,64_32,0.03,10,3,0.9453978159126364,0.2083333333333333,24,0.1914472318485512,0.0938770975512257,641,0,0.8598726114649682,0.5614035087719298,57,0.3420216971675627,0.1842791712318987,628,0,fixed_0.03
screening,1997,2001,2005,64_32,0.05,10,3,0.9485179407176288,0.125,24,0.1899114476028683,0.0904313416091625,641,0,0.8694267515923567,0.5614035087719298,57,0.3393411473869411,0.1800204244245034,628,0,fixed_0.05
screening,1997,2001,2005,64_32,0.1,10,3,0.9438377535101404,0.125,24,0.1838903024049439,0.088421871402005,641,0,0.85828025477707,0.5614035087719298,57,0.352764735931229,0.1914473544677702,628,0,fixed_0.1
screening,1997,2001,2005,64_32,0.2,10,3,0.9469578783151326,0.0833333333333333,24,0.1826158642561391,0.0872908471630742,641,0,0.8455414012738853,0.5614035087719298,57,0.3688338307523797,0.2013178065324861,628,0,fixed_0.2
screening,1997,2001,2005,64_32,0.3,10,3,0.9485179407176288,0.0833333333333333,24,0.1820347588233894,0.0843773213062458,641,0,0.8312101910828026,0.5789473684210527,57,0.3850143101702039,0.2136889356278691,628,0,fixed_0.3
screening,1997,2001,2005,64_32,0.5,10,3,0.9547581903276132,0.1666666666666666,24,0.1890536313201939,0.0837444479471518,641,0,0.8614649681528662,0.5964912280701754,57,0.3552091506427542,0.1899095616288053,628,0,fixed_0.5
screening,1997,2001,2005,64_32,1.0,10,3,0.9422776911076444,0.0833333333333333,24,0.2021462324014478,0.0921783215223781,641,0,0.8375796178343949,0.5789473684210527,57,0.3812063385561584,0.2064798000910077,628,0,fixed_1
screening,1997,2001,2005,64_32,0.2,20,3,0.9485179407176288,0.0833333333333333,24,0.1792274430077593,0.0836806356959877,641,0,0.821656050955414,0.5964912280701754,57,0.3958914351099175,0.2230299624890624,628,0,validation_all_rates
screening,1997,2001,2005,64_32,0.2,20,3,0.9485179407176288,0.0833333333333333,24,0.1792274430077593,0.0836806356959877,641,0,0.821656050955414,0.5964912280701754,57,0.3958914351099175,0.2230299624890624,628,0,validation_midrange
screening,1997,2001,2005,64_32,0.1,20,3,0.9485179407176288,0.1666666666666666,24,0.1816427172980781,0.0869968871457232,641,0,0.8359872611464968,0.5964912280701754,57,0.364304400243125,0.2021738805450477,628,0,validation_compact
screening,1997,2001,2005,64_32,0.01,20,3,0.9453978159126364,0.1666666666666666,24,0.1953846799737203,0.0949679929534342,641,0,0.856687898089172,0.5614035087719298,57,0.3391371740991221,0.1819659034022617,628,0,fixed_0.01
screening,1997,2001,2005,64_32,0.03,20,3,0.9438377535101404,0.1666666666666666,24,0.1902918651193602,0.0932924615272335,641,0,0.8487261146496815,0.5614035087719298,57,0.3476703465862662,0.1894025179834075,628,0,fixed_0.03
screening,1997,2001,2005,64_32,0.05,20,3,0.9500780031201248,0.1666666666666666,24,0.1872799202389703,0.0891966745725981,641,0,0.8471337579617835,0.5614035087719298,57,0.3494581538119207,0.1902384391901436,628,0,fixed_0.05
screening,1997,2001,2005,64_32,0.1,20,3,0.9485179407176288,0.1666666666666666,24,0.1816427172980781,0.0869968871457232,641,0,0.8359872611464968,0.5964912280701754,57,0.364304400243125,0.2021738805450477,628,0,fixed_0.1
screening,1997,2001,2005,64_32,0.2,20,3,0.9485179407176288,0.0833333333333333,24,0.1792274430077593,0.0836806356959877,641,0,0.821656050955414,0.5964912280701754,57,0.3958914351099175,0.2230299624890624,628,0,fixed_0.2
screening,1997,2001,2005,64_32,0.3,20,3,0.9485179407176288,0.0833333333333333,24,0.1820347588233894,0.0843773213062458,641,0,0.8312101910828026,0.5789473684210527,57,0.3850143101702039,0.2136889356278691,628,0,fixed_0.3
screening,1997,2001,2005,64_32,0.5,20,3,0.9547581903276132,0.125,24,0.1818231575033528,0.0827281518294687,641,0,0.821656050955414,0.6140350877192983,57,0.4173843087064776,0.2378159173436177,628,0,fixed_0.5
screening,1997,2001,2005,64_32,1.0,20,3,0.9422776911076444,0.0833333333333333,24,0.2021462324014478,0.0921783215223781,641,0,0.8375796178343949,0.5789473684210527,57,0.3812063385561584,0.2064798000910077,628,0,fixed_1
screening,1997,2001,2005,64_32,0.2,50,3,0.9485179407176288,0.0833333333333333,24,0.1792274430077593,0.0836806356959877,641,0,0.821656050955414,0.5964912280701754,57,0.3958914351099175,0.2230299624890624,628,0,validation_all_rates
screening,1997,2001,2005,64_32,0.2,50,3,0.9485179407176288,0.0833333333333333,24,0.1792274430077593,0.0836806356959877,641,0,0.821656050955414,0.5964912280701754,57,0.3958914351099175,0.2230299624890624,628,0,validation_midrange
screening,1997,2001,2005,64_32,0.1,50,3,0.9485179407176288,0.1666666666666666,24,0.1816427172980781,0.0869968871457232,641,0,0.8359872611464968,0.5964912280701754,57,0.364304400243125,0.2021738805450477,628,0,validation_compact
screening,1997,2001,2005,64_32,0.01,50,3,0.9438377535101404,0.1666666666666666,24,0.1877725776903315,0.0934279581659611,641,0,0.8407643312101911,0.6140350877192983,57,0.3640004342968337,0.2025833907905164,628,0,fixed_0.01
screening,1997,2001,2005,64_32,0.03,50,3,0.9422776911076444,0.1666666666666666,24,0.1851217055388531,0.0915516937818154,641,0,0.8359872611464968,0.5789473684210527,57,0.3681430485139916,0.2049362431249823,628,0,fixed_0.03
screening,1997,2001,2005,64_32,0.05,50,3,0.9485179407176288,0.1666666666666666,24,0.1835319627809887,0.0886908516119239,641,0,0.8343949044585988,0.5789473684210527,57,0.3639308407640789,0.2023067374024963,628,0,fixed_0.05
screening,1997,2001,2005,64_32,0.1,50,3,0.9485179407176288,0.1666666666666666,24,0.1816427172980781,0.0869968871457232,641,0,0.8359872611464968,0.5964912280701754,57,0.364304400243125,0.2021738805450477,628,0,fixed_0.1
screening,1997,2001,2005,64_32,0.2,50,3,0.9485179407176288,0.0833333333333333,24,0.1792274430077593,0.0836806356959877,641,0,0.821656050955414,0.5964912280701754,57,0.3958914351099175,0.2230299624890624,628,0,fixed_0.2
screening,1997,2001,2005,64_32,0.3,50,3,0.9485179407176288,0.0833333333333333,24,0.1820347588233894,0.0843773213062458,641,0,0.8312101910828026,0.5789473684210527,57,0.3850143101702039,0.2136889356278691,628,0,fixed_0.3
screening,1997,2001,2005,64_32,0.5,50,3,0.9547581903276132,0.125,24,0.1818231575033528,0.0827281518294687,641,0,0.821656050955414,0.6140350877192983,57,0.4173843087064776,0.2378159173436177,628,0,fixed_0.5
screening,1997,2001,2005,64_32,1.0,50,3,0.9422776911076444,0.0833333333333333,24,0.2021462324014478,0.0921783215223781,641,0,0.8375796178343949,0.5789473684210527,57,0.3812063385561584,0.2064798000910077,628,0,fixed_1
screening,2001,2005,2010,16,0.5,10,3,0.8837579617834395,0.5614035087719298,57,0.3059079055524791,0.1627384738314681,628,0,0.7958860759493671,0.8660714285714286,112,0.457110790950369,0.2699611090826843,632,0,validation_all_rates
screening,2001,2005,2010,16,0.5,10,3,0.8837579617834395,0.5614035087719298,57,0.3059079055524791,0.1627384738314681,628,0,0.7958860759493671,0.8660714285714286,112,0.457110790950369,0.2699611090826843,632,0,validation_midrange
screening,2001,2005,2010,16,0.1,10,3,0.8949044585987261,0.5789473684210527,57,0.3067679576309617,0.1590443264958412,628,0,0.8022151898734177,0.875,112,0.4530993072379128,0.2670619738404334,632,0,validation_compact
screening,2001,2005,2010,16,0.01,10,3,0.8901273885350318,0.5964912280701754,57,0.3171206493381623,0.1658337668403761,628,0,0.7990506329113924,0.875,112,0.4590698513944003,0.2694692401773694,632,0,fixed_0.01
screening,2001,2005,2010,16,0.03,10,3,0.893312101910828,0.5789473684210527,57,0.3134823094565991,0.1634110469419991,628,0,0.8006329113924051,0.875,112,0.4505874602374935,0.265157661428378,632,0,fixed_0.03
screening,2001,2005,2010,16,0.05,10,3,0.89171974522293,0.5964912280701754,57,0.318439483687957,0.1675589739481985,628,0,0.7863924050632911,0.875,112,0.4831243547322313,0.2859325557677318,632,0,fixed_0.05
screening,2001,2005,2010,16,0.1,10,3,0.8949044585987261,0.5789473684210527,57,0.3067679576309617,0.1590443264958412,628,0,0.8022151898734177,0.875,112,0.4530993072379128,0.2670619738404334,632,0,fixed_0.1
screening,2001,2005,2010,16,0.2,10,3,0.8853503184713376,0.5614035087719298,57,0.3114847271759908,0.1653706145400154,628,0,0.8180379746835443,0.875,112,0.4459154490109772,0.2596311101517429,632,0,fixed_0.2
screening,2001,2005,2010,16,0.3,10,3,0.8837579617834395,0.5614035087719298,57,0.3083371143832497,0.1631084239686635,628,0,0.8322784810126582,0.875,112,0.4087883767039212,0.2372078337400888,632,0,fixed_0.3
screening,2001,2005,2010,16,0.5,10,3,0.8837579617834395,0.5614035087719298,57,0.3059079055524791,0.1627384738314681,628,0,0.7958860759493671,0.8660714285714286,112,0.457110790950369,0.2699611090826843,632,0,fixed_0.5
screening,2001,2005,2010,16,1.0,10,3,0.8773885350318471,0.5087719298245614,57,0.3092015268490071,0.1647193987731075,628,0,0.8180379746835443,0.8660714285714286,112,0.4525850214288443,0.2555936834967658,632,0,fixed_1
screening,2001,2005,2010,16,1.0,20,3,0.9076433121019108,0.4912280701754385,57,0.2728567778744076,0.1369035882250882,628,0,0.8908227848101266,0.7767857142857143,112,0.3143431002787622,0.1619918808077966,632,0,validation_all_rates
screening,2001,2005,2010,16,0.5,20,3,0.8837579617834395,0.5614035087719298,57,0.3059079055524791,0.1627384738314681,628,0,0.7958860759493671,0.8660714285714286,112,0.457110790950369,0.2699611090826843,632,0,validation_midrange
screening,2001,2005,2010,16,0.1,20,3,0.8949044585987261,0.5789473684210527,57,0.3067679576309617,0.1590443264958412,628,0,0.8022151898734177,0.875,112,0.4530993072379128,0.2670619738404334,632,0,validation_compact
screening,2001,2005,2010,16,0.01,20,3,0.8901273885350318,0.5964912280701754,57,0.3171206493381623,0.1658337668403761,628,0,0.7990506329113924,0.875,112,0.4590698513944003,0.2694692401773694,632,0,fixed_0.01
screening,2001,2005,2010,16,0.03,20,3,0.893312101910828,0.5789473684210527,57,0.3134823094565991,0.1634110469419991,628,0,0.8006329113924051,0.875,112,0.4505874602374935,0.265157661428378,632,0,fixed_0.03
screening,2001,2005,2010,16,0.05,20,3,0.89171974522293,0.5964912280701754,57,0.318439483687957,0.1675589739481985,628,0,0.7863924050632911,0.875,112,0.4831243547322313,0.2859325557677318,632,0,fixed_0.05
screening,2001,2005,2010,16,0.1,20,3,0.8949044585987261,0.5789473684210527,57,0.3067679576309617,0.1590443264958412,628,0,0.8022151898734177,0.875,112,0.4530993072379128,0.2670619738404334,632,0,fixed_0.1
screening,2001,2005,2010,16,0.2,20,3,0.8853503184713376,0.5614035087719298,57,0.3114847271759908,0.1653706145400154,628,0,0.8180379746835443,0.875,112,0.4459154490109772,0.2596311101517429,632,0,fixed_0.2
screening,2001,2005,2010,16,0.3,20,3,0.8837579617834395,0.5614035087719298,57,0.3083371143832497,0.1631084239686635,628,0,0.8322784810126582,0.875,112,0.4087883767039212,0.2372078337400888,632,0,fixed_0.3
screening,2001,2005,2010,16,0.5,20,3,0.8837579617834395,0.5614035087719298,57,0.3059079055524791,0.1627384738314681,628,0,0.7958860759493671,0.8660714285714286,112,0.457110790950369,0.2699611090826843,632,0,fixed_0.5
screening,2001,2005,2010,16,1.0,20,3,0.9076433121019108,0.4912280701754385,57,0.2728567778744076,0.1369035882250882,628,0,0.8908227848101266,0.7767857142857143,112,0.3143431002787622,0.1619918808077966,632,0,fixed_1
screening,2001,2005,2010,16,1.0,50,3,0.9076433121019108,0.4912280701754385,57,0.2728567778744076,0.1369035882250882,628,0,0.8908227848101266,0.7767857142857143,112,0.3143431002787622,0.1619918808077966,632,0,validation_all_rates
screening,2001,2005,2010,16,0.5,50,3,0.9012738853503184,0.4736842105263157,57,0.2793672962735086,0.1445235555724962,628,0,0.8829113924050633,0.7946428571428571,112,0.3404751142941194,0.1834885534843746,632,0,validation_midrange
screening,2001,2005,2010,16,0.1,50,3,0.8949044585987261,0.5789473684210527,57,0.3067679576309617,0.1590443264958412,628,0,0.8022151898734177,0.875,112,0.4530993072379128,0.2670619738404334,632,0,validation_compact
screening,2001,2005,2010,16,0.01,50,3,0.8901273885350318,0.5964912280701754,57,0.3171206493381623,0.1658337668403761,628,0,0.7990506329113924,0.875,112,0.4590698513944003,0.2694692401773694,632,0,fixed_0.01
screening,2001,2005,2010,16,0.03,50,3,0.893312101910828,0.5789473684210527,57,0.3134823094565991,0.1634110469419991,628,0,0.8006329113924051,0.875,112,0.4505874602374935,0.265157661428378,632,0,fixed_0.03
screening,2001,2005,2010,16,0.05,50,3,0.89171974522293,0.5964912280701754,57,0.318439483687957,0.1675589739481985,628,0,0.7863924050632911,0.875,112,0.4831243547322313,0.2859325557677318,632,0,fixed_0.05
screening,2001,2005,2010,16,0.1,50,3,0.8949044585987261,0.5789473684210527,57,0.3067679576309617,0.1590443264958412,628,0,0.8022151898734177,0.875,112,0.4530993072379128,0.2670619738404334,632,0,fixed_0.1
screening,2001,2005,2010,16,0.2,50,3,0.8853503184713376,0.5614035087719298,57,0.3114847271759908,0.1653706145400154,628,0,0.8180379746835443,0.875,112,0.4459154490109772,0.2596311101517429,632,0,fixed_0.2
screening,2001,2005,2010,16,0.3,50,3,0.8837579617834395,0.5614035087719298,57,0.3083371143832497,0.1631084239686635,628,0,0.8322784810126582,0.875,112,0.4087883767039212,0.2372078337400888,632,0,fixed_0.3
screening,2001,2005,2010,16,0.5,50,3,0.9012738853503184,0.4736842105263157,57,0.2793672962735086,0.1445235555724962,628,0,0.8829113924050633,0.7946428571428571,112,0.3404751142941194,0.1834885534843746,632,0,fixed_0.5
screening,2001,2005,2010,16,1.0,50,3,0.9076433121019108,0.4912280701754385,57,0.2728567778744076,0.1369035882250882,628,0,0.8908227848101266,0.7767857142857143,112,0.3143431002787622,0.1619918808077966,632,0,fixed_1
screening,2001,2005,2010,32,1.0,10,3,0.8853503184713376,0.5263157894736842,57,0.300588024898918,0.1590983148972333,628,0,0.8085443037974683,0.875,112,0.4205013492693172,0.2422791026076208,632,0,validation_all_rates
screening,2001,2005,2010,32,0.5,10,3,0.8964968152866242,0.543859649122807,57,0.3018171665561687,0.1581125525986468,628,0,0.8386075949367089,0.875,112,0.3961849825273985,0.2271971077806188,632,0,validation_midrange
screening,2001,2005,2010,32,0.1,10,3,0.893312101910828,0.5263157894736842,57,0.3020050258504968,0.1562543818251804,628,0,0.8259493670886076,0.875,112,0.4202201774952881,0.2448793844261317,632,0,validation_compact
screening,2001,2005,2010,32,0.01,10,3,0.8980891719745223,0.543859649122807,57,0.3098236435404525,0.1606260647436924,628,0,0.8227848101265823,0.875,112,0.4202621673727601,0.2430226730862834,632,0,fixed_0.01
screening,2001,2005,2010,32,0.03,10,3,0.8980891719745223,0.5263157894736842,57,0.308040638282429,0.159020824506147,628,0,0.8243670886075949,0.875,112,0.4180408688040763,0.2414542934418087,632,0,fixed_0.03
screening,2001,2005,2010,32,0.05,10,3,0.9028662420382164,0.4912280701754385,57,0.3081044592701302,0.1585976398575968,628,0,0.8306962025316456,0.8660714285714286,112,0.4102603001308357,0.2351101007854834,632,0,fixed_0.05
screening,2001,2005,2010,32,0.1,10,3,0.893312101910828,0.5263157894736842,57,0.3020050258504968,0.1562543818251804,628,0,0.8259493670886076,0.875,112,0.4202201774952881,0.2448793844261317,632,0,fixed_0.1
screening,2001,2005,2010,32,0.2,10,3,0.9060509554140128,0.4912280701754385,57,0.3053188995457232,0.1554525342959112,628,0,0.8433544303797469,0.8660714285714286,112,0.3875707536911719,0.218750246669571,632,0,fixed_0.2
screening,2001,2005,2010,32,0.3,10,3,0.89171974522293,0.5614035087719298,57,0.3057451168547062,0.1605385151116508,628,0,0.8354430379746836,0.875,112,0.4078138469338998,0.234992480511416,632,0,fixed_0.3
screening,2001,2005,2010,32,0.5,10,3,0.8964968152866242,0.543859649122807,57,0.3018171665561687,0.1581125525986468,628,0,0.8386075949367089,0.875,112,0.3961849825273985,0.2271971077806188,632,0,fixed_0.5
screening,2001,2005,2010,32,1.0,10,3,0.8853503184713376,0.5263157894736842,57,0.300588024898918,0.1590983148972333,628,0,0.8085443037974683,0.875,112,0.4205013492693172,0.2422791026076208,632,0,fixed_1
screening,2001,2005,2010,32,1.0,20,3,0.8853503184713376,0.5263157894736842,57,0.300588024898918,0.1590983148972333,628,0,0.8085443037974683,0.875,112,0.4205013492693172,0.2422791026076208,632,0,validation_all_rates
screening,2001,2005,2010,32,0.5,20,3,0.8964968152866242,0.543859649122807,57,0.3018171665561687,0.1581125525986468,628,0,0.8386075949367089,0.875,112,0.3961849825273985,0.2271971077806188,632,0,validation_midrange
screening,2001,2005,2010,32,0.1,20,3,0.893312101910828,0.5263157894736842,57,0.3020050258504968,0.1562543818251804,628,0,0.8259493670886076,0.875,112,0.4202201774952881,0.2448793844261317,632,0,validation_compact
screening,2001,2005,2010,32,0.01,20,3,0.8980891719745223,0.543859649122807,57,0.3098236435404525,0.1606260647436924,628,0,0.8227848101265823,0.875,112,0.4202621673727601,0.2430226730862834,632,0,fixed_0.01
screening,2001,2005,2010,32,0.03,20,3,0.8980891719745223,0.5263157894736842,57,0.308040638282429,0.159020824506147,628,0,0.8243670886075949,0.875,112,0.4180408688040763,0.2414542934418087,632,0,fixed_0.03
screening,2001,2005,2010,32,0.05,20,3,0.9028662420382164,0.4912280701754385,57,0.3081044592701302,0.1585976398575968,628,0,0.8306962025316456,0.8660714285714286,112,0.4102603001308357,0.2351101007854834,632,0,fixed_0.05
screening,2001,2005,2010,32,0.1,20,3,0.893312101910828,0.5263157894736842,57,0.3020050258504968,0.1562543818251804,628,0,0.8259493670886076,0.875,112,0.4202201774952881,0.2448793844261317,632,0,fixed_0.1
screening,2001,2005,2010,32,0.2,20,3,0.9060509554140128,0.4912280701754385,57,0.3053188995457232,0.1554525342959112,628,0,0.8433544303797469,0.8660714285714286,112,0.3875707536911719,0.218750246669571,632,0,fixed_0.2
screening,2001,2005,2010,32,0.3,20,3,0.89171974522293,0.5614035087719298,57,0.3057451168547062,0.1605385151116508,628,0,0.8354430379746836,0.875,112,0.4078138469338998,0.234992480511416,632,0,fixed_0.3
screening,2001,2005,2010,32,0.5,20,3,0.8964968152866242,0.543859649122807,57,0.3018171665561687,0.1581125525986468,628,0,0.8386075949367089,0.875,112,0.3961849825273985,0.2271971077806188,632,0,fixed_0.5
screening,2001,2005,2010,32,1.0,20,3,0.8853503184713376,0.5263157894736842,57,0.300588024898918,0.1590983148972333,628,0,0.8085443037974683,0.875,112,0.4205013492693172,0.2422791026076208,632,0,fixed_1
screening,2001,2005,2010,32,0.3,50,3,0.9012738853503184,0.5263157894736842,57,0.2895683339096043,0.1484454995247156,628,0,0.870253164556962,0.8660714285714286,112,0.3494270997575018,0.1921334648932018,632,0,validation_all_rates
screening,2001,2005,2010,32,0.3,50,3,0.9012738853503184,0.5263157894736842,57,0.2895683339096043,0.1484454995247156,628,0,0.870253164556962,0.8660714285714286,112,0.3494270997575018,0.1921334648932018,632,0,validation_midrange
screening,2001,2005,2010,32,0.3,50,3,0.9012738853503184,0.5263157894736842,57,0.2895683339096043,0.1484454995247156,628,0,0.870253164556962,0.8660714285714286,112,0.3494270997575018,0.1921334648932018,632,0,validation_compact
screening,2001,2005,2010,32,0.01,50,3,0.8980891719745223,0.543859649122807,57,0.3098236435404525,0.1606260647436924,628,0,0.8227848101265823,0.875,112,0.4202621673727601,0.2430226730862834,632,0,fixed_0.01
screening,2001,2005,2010,32,0.03,50,3,0.8980891719745223,0.5263157894736842,57,0.308040638282429,0.159020824506147,628,0,0.8243670886075949,0.875,112,0.4180408688040763,0.2414542934418087,632,0,fixed_0.03
screening,2001,2005,2010,32,0.05,50,3,0.9028662420382164,0.4912280701754385,57,0.3081044592701302,0.1585976398575968,628,0,0.8306962025316456,0.8660714285714286,112,0.4102603001308357,0.2351101007854834,632,0,fixed_0.05
screening,2001,2005,2010,32,0.1,50,3,0.893312101910828,0.5263157894736842,57,0.3020050258504968,0.1562543818251804,628,0,0.8259493670886076,0.875,112,0.4202201774952881,0.2448793844261317,632,0,fixed_0.1
screening,2001,2005,2010,32,0.2,50,3,0.9060509554140128,0.4912280701754385,57,0.3053188995457232,0.1554525342959112,628,0,0.8433544303797469,0.8660714285714286,112,0.3875707536911719,0.218750246669571,632,0,fixed_0.2
screening,2001,2005,2010,32,0.3,50,3,0.9012738853503184,0.5263157894736842,57,0.2895683339096043,0.1484454995247156,628,0,0.870253164556962,0.8660714285714286,112,0.3494270997575018,0.1921334648932018,632,0,fixed_0.3
screening,2001,2005,2010,32,0.5,50,3,0.8964968152866242,0.543859649122807,57,0.3018171665561687,0.1581125525986468,628,0,0.8386075949367089,0.875,112,0.3961849825273985,0.2271971077806188,632,0,fixed_0.5
screening,2001,2005,2010,32,1.0,50,3,0.8853503184713376,0.5263157894736842,57,0.300588024898918,0.1590983148972333,628,0,0.8085443037974683,0.875,112,0.4205013492693172,0.2422791026076208,632,0,fixed_1
screening,2001,2005,2010,32_16,1.0,10,3,0.9124203821656052,0.4736842105263157,57,0.2925507941343799,0.1394123032786146,628,0,0.8781645569620253,0.8392857142857143,112,0.3346394108889057,0.1751793961127596,632,0,validation_all_rates
screening,2001,2005,2010,32_16,0.5,10,3,0.8949044585987261,0.543859649122807,57,0.2993367952190676,0.1536991154923665,628,0,0.8544303797468354,0.8571428571428571,112,0.3817751390459848,0.2129513132272592,632,0,validation_midrange
screening,2001,2005,2010,32_16,0.3,10,3,0.8726114649681529,0.5263157894736842,57,0.3256001151981367,0.1740761867729624,628,0,0.8291139240506329,0.875,112,0.4463088661926827,0.2517593924114316,632,0,validation_compact
screening,2001,2005,2010,32_16,0.01,10,3,0.8423566878980892,0.5964912280701754,57,0.3644572436908851,0.201374197779361,628,0,0.7848101265822784,0.875,112,0.5075240627223516,0.2968506573219936,632,0,fixed_0.01
screening,2001,2005,2010,32_16,0.03,10,3,0.8503184713375797,0.5789473684210527,57,0.3522444572132567,0.1914350606489693,628,0,0.7990506329113924,0.875,112,0.4851084319831384,0.2837529404474637,632,0,fixed_0.03
screening,2001,2005,2010,32_16,0.05,10,3,0.8519108280254777,0.5789473684210527,57,0.3597403443070531,0.1993513199880825,628,0,0.7848101265822784,0.875,112,0.5223117516872201,0.306054116654939,632,0,fixed_0.05
screening,2001,2005,2010,32_16,0.1,10,3,0.8757961783439491,0.5789473684210527,57,0.3299363646146935,0.1772752810441846,628,0,0.8180379746835443,0.875,112,0.4601274087057109,0.2652948862256634,632,0,fixed_0.1
screening,2001,2005,2010,32_16,0.2,10,3,0.8757961783439491,0.5789473684210527,57,0.3287141461839368,0.1764822394781556,628,0,0.8291139240506329,0.875,112,0.4386843532961051,0.2470810738769085,632,0,fixed_0.2
screening,2001,2005,2010,32_16,0.3,10,3,0.8726114649681529,0.5263157894736842,57,0.3256001151981367,0.1740761867729624,628,0,0.8291139240506329,0.875,112,0.4463088661926827,0.2517593924114316,632,0,fixed_0.3
screening,2001,2005,2010,32_16,0.5,10,3,0.8949044585987261,0.543859649122807,57,0.2993367952190676,0.1536991154923665,628,0,0.8544303797468354,0.8571428571428571,112,0.3817751390459848,0.2129513132272592,632,0,fixed_0.5
screening,2001,2005,2010,32_16,1.0,10,3,0.9124203821656052,0.4736842105263157,57,0.2925507941343799,0.1394123032786146,628,0,0.8781645569620253,0.8392857142857143,112,0.3346394108889057,0.1751793961127596,632,0,fixed_1
screening,2001,2005,2010,32_16,1.0,20,3,0.9124203821656052,0.4736842105263157,57,0.2925507941343799,0.1394123032786146,628,0,0.8781645569620253,0.8392857142857143,112,0.3346394108889057,0.1751793961127596,632,0,validation_all_rates
screening,2001,2005,2010,32_16,0.5,20,3,0.8949044585987261,0.543859649122807,57,0.2993367952190676,0.1536991154923665,628,0,0.8544303797468354,0.8571428571428571,112,0.3817751390459848,0.2129513132272592,632,0,validation_midrange
screening,2001,2005,2010,32_16,0.3,20,3,0.8726114649681529,0.5263157894736842,57,0.3256001151981367,0.1740761867729624,628,0,0.8291139240506329,0.875,112,0.4463088661926827,0.2517593924114316,632,0,validation_compact
screening,2001,2005,2010,32_16,0.01,20,3,0.8423566878980892,0.5964912280701754,57,0.3644572436908851,0.201374197779361,628,0,0.7848101265822784,0.875,112,0.5075240627223516,0.2968506573219936,632,0,fixed_0.01
screening,2001,2005,2010,32_16,0.03,20,3,0.8503184713375797,0.5789473684210527,57,0.3522444572132567,0.1914350606489693,628,0,0.7990506329113924,0.875,112,0.4851084319831384,0.2837529404474637,632,0,fixed_0.03
screening,2001,2005,2010,32_16,0.05,20,3,0.8519108280254777,0.5789473684210527,57,0.3597403443070531,0.1993513199880825,628,0,0.7848101265822784,0.875,112,0.5223117516872201,0.306054116654939,632,0,fixed_0.05
screening,2001,2005,2010,32_16,0.1,20,3,0.8757961783439491,0.5789473684210527,57,0.3299363646146935,0.1772752810441846,628,0,0.8180379746835443,0.875,112,0.4601274087057109,0.2652948862256634,632,0,fixed_0.1
screening,2001,2005,2010,32_16,0.2,20,3,0.8757961783439491,0.5789473684210527,57,0.3287141461839368,0.1764822394781556,628,0,0.8291139240506329,0.875,112,0.4386843532961051,0.2470810738769085,632,0,fixed_0.2
screening,2001,2005,2010,32_16,0.3,20,3,0.8726114649681529,0.5263157894736842,57,0.3256001151981367,0.1740761867729624,628,0,0.8291139240506329,0.875,112,0.4463088661926827,0.2517593924114316,632,0,fixed_0.3
screening,2001,2005,2010,32_16,0.5,20,3,0.8949044585987261,0.543859649122807,57,0.2993367952190676,0.1536991154923665,628,0,0.8544303797468354,0.8571428571428571,112,0.3817751390459848,0.2129513132272592,632,0,fixed_0.5
screening,2001,2005,2010,32_16,1.0,20,3,0.9124203821656052,0.4736842105263157,57,0.2925507941343799,0.1394123032786146,628,0,0.8781645569620253,0.8392857142857143,112,0.3346394108889057,0.1751793961127596,632,0,fixed_1
screening,2001,2005,2010,32_16,1.0,50,3,0.9124203821656052,0.4736842105263157,57,0.2925507941343799,0.1394123032786146,628,0,0.8781645569620253,0.8392857142857143,112,0.3346394108889057,0.1751793961127596,632,0,validation_all_rates
screening,2001,2005,2010,32_16,0.3,50,3,0.8964968152866242,0.4736842105263157,57,0.2967590004681123,0.1493058817579505,628,0,0.8686708860759493,0.8392857142857143,112,0.3654436684042372,0.1977129871754303,632,0,validation_midrange
screening,2001,2005,2010,32_16,0.3,50,3,0.8964968152866242,0.4736842105263157,57,0.2967590004681123,0.1493058817579505,628,0,0.8686708860759493,0.8392857142857143,112,0.3654436684042372,0.1977129871754303,632,0,validation_compact
screening,2001,2005,2010,32_16,0.01,50,3,0.8423566878980892,0.5964912280701754,57,0.3644572436908851,0.201374197779361,628,0,0.7848101265822784,0.875,112,0.5075240627223516,0.2968506573219936,632,0,fixed_0.01
screening,2001,2005,2010,32_16,0.03,50,3,0.8503184713375797,0.5789473684210527,57,0.3522444572132567,0.1914350606489693,628,0,0.7990506329113924,0.875,112,0.4851084319831384,0.2837529404474637,632,0,fixed_0.03
screening,2001,2005,2010,32_16,0.05,50,3,0.8519108280254777,0.5789473684210527,57,0.3597403443070531,0.1993513199880825,628,0,0.7848101265822784,0.875,112,0.5223117516872201,0.306054116654939,632,0,fixed_0.05
screening,2001,2005,2010,32_16,0.1,50,3,0.8757961783439491,0.5789473684210527,57,0.3299363646146935,0.1772752810441846,628,0,0.8180379746835443,0.875,112,0.4601274087057109,0.2652948862256634,632,0,fixed_0.1
screening,2001,2005,2010,32_16,0.2,50,3,0.8757961783439491,0.5789473684210527,57,0.3287141461839368,0.1764822394781556,628,0,0.8291139240506329,0.875,112,0.4386843532961051,0.2470810738769085,632,0,fixed_0.2
screening,2001,2005,2010,32_16,0.3,50,3,0.8964968152866242,0.4736842105263157,57,0.2967590004681123,0.1493058817579505,628,0,0.8686708860759493,0.8392857142857143,112,0.3654436684042372,0.1977129871754303,632,0,fixed_0.3
screening,2001,2005,2010,32_16,0.5,50,3,0.8949044585987261,0.543859649122807,57,0.2993367952190676,0.1536991154923665,628,0,0.8544303797468354,0.8571428571428571,112,0.3817751390459848,0.2129513132272592,632,0,fixed_0.5
screening,2001,2005,2010,32_16,1.0,50,3,0.9124203821656052,0.4736842105263157,57,0.2925507941343799,0.1394123032786146,628,0,0.8781645569620253,0.8392857142857143,112,0.3346394108889057,0.1751793961127596,632,0,fixed_1
screening,2001,2005,2010,64_32,0.2,10,3,0.8964968152866242,0.5263157894736842,57,0.2997779861422263,0.1549727358894161,628,0,0.8465189873417721,0.8660714285714286,112,0.3731567227883108,0.2119246282277156,632,0,validation_all_rates
screening,2001,2005,2010,64_32,0.2,10,3,0.8964968152866242,0.5263157894736842,57,0.2997779861422263,0.1549727358894161,628,0,0.8465189873417721,0.8660714285714286,112,0.3731567227883108,0.2119246282277156,632,0,validation_midrange
screening,2001,2005,2010,64_32,0.3,10,3,0.8901273885350318,0.543859649122807,57,0.3039955539318816,0.1573045091589316,628,0,0.8306962025316456,0.875,112,0.4061480685518343,0.2365810081902638,632,0,validation_compact
screening,2001,2005,2010,64_32,0.01,10,3,0.8678343949044586,0.5964912280701754,57,0.3446920361675537,0.1832507451764532,628,0,0.8132911392405063,0.875,112,0.4537357536598581,0.2625169601840118,632,0,fixed_0.01
screening,2001,2005,2010,64_32,0.03,10,3,0.8726114649681529,0.5789473684210527,57,0.3331715604657747,0.1757179001210083,628,0,0.8227848101265823,0.875,112,0.4440123931112969,0.2567092468059597,632,0,fixed_0.03
screening,2001,2005,2010,64_32,0.05,10,3,0.8742038216560509,0.4912280701754385,57,0.3387143150575613,0.1761022650427776,628,0,0.8243670886075949,0.8660714285714286,112,0.4266793447082047,0.2418759538056161,632,0,fixed_0.05
screening,2001,2005,2010,64_32,0.1,10,3,0.8853503184713376,0.543859649122807,57,0.3145341086414649,0.1630614991068779,628,0,0.8275316455696202,0.875,112,0.4127888360653378,0.2374192466966239,632,0,fixed_0.1
screening,2001,2005,2010,64_32,0.2,10,3,0.8964968152866242,0.5263157894736842,57,0.2997779861422263,0.1549727358894161,628,0,0.8465189873417721,0.8660714285714286,112,0.3731567227883108,0.2119246282277156,632,0,fixed_0.2
screening,2001,2005,2010,64_32,0.3,10,3,0.8901273885350318,0.543859649122807,57,0.3039955539318816,0.1573045091589316,628,0,0.8306962025316456,0.875,112,0.4061480685518343,0.2365810081902638,632,0,fixed_0.3
screening,2001,2005,2010,64_32,0.5,10,3,0.8853503184713376,0.4912280701754385,57,0.3012516063004828,0.1563272917120633,628,0,0.8449367088607594,0.8571428571428571,112,0.3844049577188052,0.21925512770687,632,0,fixed_0.5
screening,2001,2005,2010,64_32,1.0,10,3,0.8901273885350318,0.5263157894736842,57,0.3200967180544815,0.1598201045062379,628,0,0.875,0.8482142857142857,112,0.3691237743090265,0.1917382439800967,632,0,fixed_1
screening,2001,2005,2010,64_32,0.2,20,3,0.8964968152866242,0.5263157894736842,57,0.2997779861422263,0.1549727358894161,628,0,0.8465189873417721,0.8660714285714286,112,0.3731567227883108,0.2119246282277156,632,0,validation_all_rates
screening,2001,2005,2010,64_32,0.2,20,3,0.8964968152866242,0.5263157894736842,57,0.2997779861422263,0.1549727358894161,628,0,0.8465189873417721,0.8660714285714286,112,0.3731567227883108,0.2119246282277156,632,0,validation_midrange
screening,2001,2005,2010,64_32,0.3,20,3,0.8901273885350318,0.543859649122807,57,0.3039955539318816,0.1573045091589316,628,0,0.8306962025316456,0.875,112,0.4061480685518343,0.2365810081902638,632,0,validation_compact
screening,2001,2005,2010,64_32,0.01,20,3,0.8678343949044586,0.5964912280701754,57,0.3446920361675537,0.1832507451764532,628,0,0.8132911392405063,0.875,112,0.4537357536598581,0.2625169601840118,632,0,fixed_0.01
screening,2001,2005,2010,64_32,0.03,20,3,0.8726114649681529,0.5789473684210527,57,0.3331715604657747,0.1757179001210083,628,0,0.8227848101265823,0.875,112,0.4440123931112969,0.2567092468059597,632,0,fixed_0.03
screening,2001,2005,2010,64_32,0.05,20,3,0.8742038216560509,0.5964912280701754,57,0.3273959633588334,0.1744647192639248,628,0,0.8227848101265823,0.875,112,0.4277979061911639,0.2500878254178641,632,0,fixed_0.05
screening,2001,2005,2010,64_32,0.1,20,3,0.8853503184713376,0.543859649122807,57,0.3145341086414649,0.1630614991068779,628,0,0.8275316455696202,0.875,112,0.4127888360653378,0.2374192466966239,632,0,fixed_0.1
screening,2001,2005,2010,64_32,0.2,20,3,0.8964968152866242,0.5263157894736842,57,0.2997779861422263,0.1549727358894161,628,0,0.8465189873417721,0.8660714285714286,112,0.3731567227883108,0.2119246282277156,632,0,fixed_0.2
screening,2001,2005,2010,64_32,0.3,20,3,0.8901273885350318,0.543859649122807,57,0.3039955539318816,0.1573045091589316,628,0,0.8306962025316456,0.875,112,0.4061480685518343,0.2365810081902638,632,0,fixed_0.3
screening,2001,2005,2010,64_32,0.5,20,3,0.8853503184713376,0.4912280701754385,57,0.3012516063004828,0.1563272917120633,628,0,0.8449367088607594,0.8571428571428571,112,0.3844049577188052,0.21925512770687,632,0,fixed_0.5
screening,2001,2005,2010,64_32,1.0,20,3,0.8901273885350318,0.5263157894736842,57,0.3200967180544815,0.1598201045062379,628,0,0.875,0.8482142857142857,112,0.3691237743090265,0.1917382439800967,632,0,fixed_1
screening,2001,2005,2010,64_32,0.2,50,3,0.8964968152866242,0.5263157894736842,57,0.2997779861422263,0.1549727358894161,628,0,0.8465189873417721,0.8660714285714286,112,0.3731567227883108,0.2119246282277156,632,0,validation_all_rates
screening,2001,2005,2010,64_32,0.2,50,3,0.8964968152866242,0.5263157894736842,57,0.2997779861422263,0.1549727358894161,628,0,0.8465189873417721,0.8660714285714286,112,0.3731567227883108,0.2119246282277156,632,0,validation_midrange
screening,2001,2005,2010,64_32,0.3,50,3,0.8901273885350318,0.543859649122807,57,0.3039955539318816,0.1573045091589316,628,0,0.8306962025316456,0.875,112,0.4061480685518343,0.2365810081902638,632,0,validation_compact
screening,2001,2005,2010,64_32,0.01,50,3,0.8678343949044586,0.5964912280701754,57,0.3446920361675537,0.1832507451764532,628,0,0.8132911392405063,0.875,112,0.4537357536598581,0.2625169601840118,632,0,fixed_0.01
screening,2001,2005,2010,64_32,0.03,50,3,0.8726114649681529,0.5789473684210527,57,0.3331715604657747,0.1757179001210083,628,0,0.8227848101265823,0.875,112,0.4440123931112969,0.2567092468059597,632,0,fixed_0.03
screening,2001,2005,2010,64_32,0.05,50,3,0.8742038216560509,0.5964912280701754,57,0.3273959633588334,0.1744647192639248,628,0,0.8227848101265823,0.875,112,0.4277979061911639,0.2500878254178641,632,0,fixed_0.05
screening,2001,2005,2010,64_32,0.1,50,3,0.8853503184713376,0.543859649122807,57,0.3145341086414649,0.1630614991068779,628,0,0.8275316455696202,0.875,112,0.4127888360653378,0.2374192466966239,632,0,fixed_0.1
screening,2001,2005,2010,64_32,0.2,50,3,0.8964968152866242,0.5263157894736842,57,0.2997779861422263,0.1549727358894161,628,0,0.8465189873417721,0.8660714285714286,112,0.3731567227883108,0.2119246282277156,632,0,fixed_0.2
screening,2001,2005,2010,64_32,0.3,50,3,0.8901273885350318,0.543859649122807,57,0.3039955539318816,0.1573045091589316,628,0,0.8306962025316456,0.875,112,0.4061480685518343,0.2365810081902638,632,0,fixed_0.3
screening,2001,2005,2010,64_32,0.5,50,3,0.8853503184713376,0.4912280701754385,57,0.3012516063004828,0.1563272917120633,628,0,0.8449367088607594,0.8571428571428571,112,0.3844049577188052,0.21925512770687,632,0,fixed_0.5
screening,2001,2005,2010,64_32,1.0,50,3,0.8901273885350318,0.5263157894736842,57,0.3200967180544815,0.1598201045062379,628,0,0.875,0.8482142857142857,112,0.3691237743090265,0.1917382439800967,632,0,fixed_1
screening,2005,2010,2015,16,0.3,10,3,0.9018987341772152,0.6875,112,0.270425254948594,0.141433772834004,632,0,0.7705696202531646,0.128440366972477,109,0.8278420810493488,0.3506376028673309,632,0,validation_all_rates
screening,2005,2010,2015,16,0.3,10,3,0.9018987341772152,0.6875,112,0.270425254948594,0.141433772834004,632,0,0.7705696202531646,0.128440366972477,109,0.8278420810493488,0.3506376028673309,632,0,validation_midrange
screening,2005,2010,2015,16,0.3,10,3,0.9018987341772152,0.6875,112,0.270425254948594,0.141433772834004,632,0,0.7705696202531646,0.128440366972477,109,0.8278420810493488,0.3506376028673309,632,0,validation_compact
screening,2005,2010,2015,16,0.01,10,3,0.8971518987341772,0.7589285714285714,112,0.2951643848897,0.1567419858366054,632,0,0.7531645569620253,0.1376146788990825,109,0.8102675238905068,0.3715290155895492,632,0,fixed_0.01
screening,2005,2010,2015,16,0.03,10,3,0.8987341772151899,0.7410714285714286,112,0.2856554587575328,0.151127827389018,632,0,0.759493670886076,0.1376146788990825,109,0.8323948890054214,0.3731842964242867,632,0,fixed_0.03
screening,2005,2010,2015,16,0.05,10,3,0.8971518987341772,0.7321428571428571,112,0.2851795209930004,0.1505751161479123,632,0,0.7579113924050633,0.1376146788990825,109,0.8343850359169682,0.3769362114349917,632,0,fixed_0.05
screening,2005,2010,2015,16,0.1,10,3,0.8971518987341772,0.6875,112,0.2818723233838656,0.1484639148194561,632,0,0.7579113924050633,0.128440366972477,109,0.8145987285992989,0.3686868707945918,632,0,fixed_0.1
screening,2005,2010,2015,16,0.2,10,3,0.8987341772151899,0.7232142857142857,112,0.2783507159628757,0.1462960905470467,632,0,0.7705696202531646,0.128440366972477,109,0.8150321075383431,0.3539340719356046,632,0,fixed_0.2
screening,2005,2010,2015,16,0.3,10,3,0.9018987341772152,0.6875,112,0.270425254948594,0.141433772834004,632,0,0.7705696202531646,0.128440366972477,109,0.8278420810493488,0.3506376028673309,632,0,fixed_0.3
screening,2005,2010,2015,16,0.5,10,3,0.8955696202531646,0.6339285714285714,112,0.2798246716478521,0.1484405303260648,632,0,0.7642405063291139,0.128440366972477,109,0.7975598628165357,0.3565363899832717,632,0,fixed_0.5
screening,2005,2010,2015,16,1.0,10,3,0.8987341772151899,0.6071428571428571,112,0.2750385069063878,0.1447971842850633,632,0,0.7721518987341772,0.1376146788990825,109,0.8639416248024595,0.3570963467037825,632,0,fixed_1
screening,2005,2010,2015,16,0.3,20,3,0.9018987341772152,0.6875,112,0.270425254948594,0.141433772834004,632,0,0.7705696202531646,0.128440366972477,109,0.8278420810493488,0.3506376028673309,632,0,validation_all_rates
screening,2005,2010,2015,16,0.3,20,3,0.9018987341772152,0.6875,112,0.270425254948594,0.141433772834004,632,0,0.7705696202531646,0.128440366972477,109,0.8278420810493488,0.3506376028673309,632,0,validation_midrange
screening,2005,2010,2015,16,0.3,20,3,0.9018987341772152,0.6875,112,0.270425254948594,0.141433772834004,632,0,0.7705696202531646,0.128440366972477,109,0.8278420810493488,0.3506376028673309,632,0,validation_compact
screening,2005,2010,2015,16,0.01,20,3,0.9003164556962026,0.7321428571428571,112,0.2870704176132949,0.1519764806551226,632,0,0.7674050632911392,0.146788990825688,109,0.8165568136619594,0.3622247860484016,632,0,fixed_0.01
screening,2005,2010,2015,16,0.03,20,3,0.8939873417721519,0.6964285714285714,112,0.2849256073654994,0.1507013170219394,632,0,0.759493670886076,0.128440366972477,109,0.8238490047865261,0.3693476029849317,632,0,fixed_0.03
screening,2005,2010,2015,16,0.05,20,3,0.8987341772151899,0.7053571428571429,112,0.2833442441491746,0.1502656253634831,632,0,0.7658227848101266,0.1559633027522936,109,0.8221170456146633,0.3634597146842037,632,0,fixed_0.05
screening,2005,2010,2015,16,0.1,20,3,0.8971518987341772,0.6875,112,0.2818723233838656,0.1484639148194561,632,0,0.7579113924050633,0.128440366972477,109,0.8145987285992989,0.3686868707945918,632,0,fixed_0.1
screening,2005,2010,2015,16,0.2,20,3,0.8987341772151899,0.7232142857142857,112,0.2783507159628757,0.1462960905470467,632,0,0.7705696202531646,0.128440366972477,109,0.8150321075383431,0.3539340719356046,632,0,fixed_0.2
screening,2005,2010,2015,16,0.3,20,3,0.9018987341772152,0.6875,112,0.270425254948594,0.141433772834004,632,0,0.7705696202531646,0.128440366972477,109,0.8278420810493488,0.3506376028673309,632,0,fixed_0.3
screening,2005,2010,2015,16,0.5,20,3,0.8955696202531646,0.6339285714285714,112,0.2798246716478521,0.1484405303260648,632,0,0.7642405063291139,0.128440366972477,109,0.7975598628165357,0.3565363899832717,632,0,fixed_0.5
screening,2005,2010,2015,16,1.0,20,3,0.8987341772151899,0.6071428571428571,112,0.2750385069063878,0.1447971842850633,632,0,0.7721518987341772,0.1376146788990825,109,0.8639416248024595,0.3570963467037825,632,0,fixed_1
screening,2005,2010,2015,16,0.3,50,3,0.9018987341772152,0.6875,112,0.270425254948594,0.141433772834004,632,0,0.7705696202531646,0.128440366972477,109,0.8278420810493488,0.3506376028673309,632,0,validation_all_rates
screening,2005,2010,2015,16,0.3,50,3,0.9018987341772152,0.6875,112,0.270425254948594,0.141433772834004,632,0,0.7705696202531646,0.128440366972477,109,0.8278420810493488,0.3506376028673309,632,0,validation_midrange
screening,2005,2010,2015,16,0.3,50,3,0.9018987341772152,0.6875,112,0.270425254948594,0.141433772834004,632,0,0.7705696202531646,0.128440366972477,109,0.8278420810493488,0.3506376028673309,632,0,validation_compact
screening,2005,2010,2015,16,0.01,50,3,0.8987341772151899,0.7232142857142857,112,0.2863337606750803,0.1516039741462735,632,0,0.7658227848101266,0.146788990825688,109,0.8171130659480229,0.3616275028759973,632,0,fixed_0.01
screening,2005,2010,2015,16,0.03,50,3,0.9003164556962026,0.7053571428571429,112,0.2839715068504415,0.1505175168584442,632,0,0.7626582278481012,0.146788990825688,109,0.8260277015957758,0.3683947413310988,632,0,fixed_0.03
screening,2005,2010,2015,16,0.05,50,3,0.8987341772151899,0.7053571428571429,112,0.2833442441491746,0.1502656253634831,632,0,0.7658227848101266,0.1559633027522936,109,0.8221170456146633,0.3634597146842037,632,0,fixed_0.05
screening,2005,2010,2015,16,0.1,50,3,0.8971518987341772,0.6785714285714286,112,0.2805259607427701,0.1481939528888816,632,0,0.7737341772151899,0.1559633027522936,109,0.7850750857853045,0.3478786497335711,632,0,fixed_0.1
screening,2005,2010,2015,16,0.2,50,3,0.8939873417721519,0.6785714285714286,112,0.274957960298565,0.1446883266158001,632,0,0.7737341772151899,0.1651376146788991,109,0.8119692183802542,0.3433405346249077,632,0,fixed_0.2
screening,2005,2010,2015,16,0.3,50,3,0.9018987341772152,0.6875,112,0.270425254948594,0.141433772834004,632,0,0.7705696202531646,0.128440366972477,109,0.8278420810493488,0.3506376028673309,632,0,fixed_0.3
screening,2005,2010,2015,16,0.5,50,3,0.8955696202531646,0.6339285714285714,112,0.2798246716478521,0.1484405303260648,632,0,0.7642405063291139,0.128440366972477,109,0.7975598628165357,0.3565363899832717,632,0,fixed_0.5
screening,2005,2010,2015,16,1.0,50,3,0.8987341772151899,0.6071428571428571,112,0.2750385069063878,0.1447971842850633,632,0,0.7721518987341772,0.1376146788990825,109,0.8639416248024595,0.3570963467037825,632,0,fixed_1
screening,2005,2010,2015,32,1.0,10,3,0.9018987341772152,0.6071428571428571,112,0.2781626803419028,0.1483913934127216,632,0,0.7658227848101266,0.1376146788990825,109,0.8789826902869446,0.3582210040344384,632,0,validation_all_rates
screening,2005,2010,2015,32,0.3,10,3,0.903481012658228,0.6964285714285714,112,0.2784366312271674,0.1471552521326427,632,0,0.7515822784810127,0.1376146788990825,109,0.9066975931601844,0.3977280438081464,632,0,validation_midrange
screening,2005,2010,2015,32,0.3,10,3,0.903481012658228,0.6964285714285714,112,0.2784366312271674,0.1471552521326427,632,0,0.7515822784810127,0.1376146788990825,109,0.9066975931601844,0.3977280438081464,632,0,validation_compact
screening,2005,2010,2015,32,0.01,10,3,0.9003164556962026,0.7410714285714286,112,0.287670610526213,0.1510653193753133,632,0,0.745253164556962,0.146788990825688,109,0.8870388768695229,0.4067326033055624,632,0,fixed_0.01
screening,2005,2010,2015,32,0.03,10,3,0.9003164556962026,0.7410714285714286,112,0.2839517851455235,0.1493400030787217,632,0,0.745253164556962,0.146788990825688,109,0.8927804621973144,0.4057891844106489,632,0,fixed_0.03
screening,2005,2010,2015,32,0.05,10,3,0.9003164556962026,0.7410714285714286,112,0.2866722555166292,0.1504957398990703,632,0,0.745253164556962,0.146788990825688,109,0.8757355723824174,0.3990413052992891,632,0,fixed_0.05
screening,2005,2010,2015,32,0.1,10,3,0.9018987341772152,0.7232142857142857,112,0.27863690113277,0.1458425555901158,632,0,0.7436708860759493,0.146788990825688,109,0.9035761597199958,0.4090616844183004,632,0,fixed_0.1
screening,2005,2010,2015,32,0.2,10,3,0.8971518987341772,0.7142857142857143,112,0.2785800058064354,0.1475257311855694,632,0,0.754746835443038,0.1376146788990825,109,0.8862828285671632,0.3798026559600451,632,0,fixed_0.2
screening,2005,2010,2015,32,0.3,10,3,0.903481012658228,0.6964285714285714,112,0.2784366312271674,0.1471552521326427,632,0,0.7515822784810127,0.1376146788990825,109,0.9066975931601844,0.3977280438081464,632,0,fixed_0.3
screening,2005,2010,2015,32,0.5,10,3,0.8971518987341772,0.5982142857142857,112,0.2797783860860755,0.149686716956242,632,0,0.754746835443038,0.1376146788990825,109,0.8999291218524501,0.3818149760945346,632,0,fixed_0.5
screening,2005,2010,2015,32,1.0,10,3,0.9018987341772152,0.6071428571428571,112,0.2781626803419028,0.1483913934127216,632,0,0.7658227848101266,0.1376146788990825,109,0.8789826902869446,0.3582210040344384,632,0,fixed_1
screening,2005,2010,2015,32,0.1,20,3,0.9003164556962026,0.6964285714285714,112,0.2743061097891825,0.1448122603812227,632,0,0.7420886075949367,0.1376146788990825,109,0.9004808464145555,0.3987949253947748,632,0,validation_all_rates
screening,2005,2010,2015,32,0.1,20,3,0.9003164556962026,0.6964285714285714,112,0.2743061097891825,0.1448122603812227,632,0,0.7420886075949367,0.1376146788990825,109,0.9004808464145555,0.3987949253947748,632,0,validation_midrange
screening,2005,2010,2015,32,0.1,20,3,0.9003164556962026,0.6964285714285714,112,0.2743061097891825,0.1448122603812227,632,0,0.7420886075949367,0.1376146788990825,109,0.9004808464145555,0.3987949253947748,632,0,validation_compact
screening,2005,2010,2015,32,0.01,20,3,0.8987341772151899,0.7410714285714286,112,0.2849867738674407,0.1501724625046638,632,0,0.745253164556962,0.146788990825688,109,0.8935138121309023,0.4034828244656849,632,0,fixed_0.01
screening,2005,2010,2015,32,0.03,20,3,0.9018987341772152,0.7321428571428571,112,0.2805645834060635,0.147909151399884,632,0,0.7468354430379747,0.1376146788990825,109,0.8999430609296272,0.3992094275038618,632,0,fixed_0.03
screening,2005,2010,2015,32,0.05,20,3,0.9003164556962026,0.6964285714285714,112,0.2783771158669489,0.1477477815010918,632,0,0.75,0.1376146788990825,109,0.8841185457615378,0.3879169381716625,632,0,fixed_0.05
screening,2005,2010,2015,32,0.1,20,3,0.9003164556962026,0.6964285714285714,112,0.2743061097891825,0.1448122603812227,632,0,0.7420886075949367,0.1376146788990825,109,0.9004808464145555,0.3987949253947748,632,0,fixed_0.1
screening,2005,2010,2015,32,0.2,20,3,0.8971518987341772,0.7142857142857143,112,0.2785800058064354,0.1475257311855694,632,0,0.754746835443038,0.1376146788990825,109,0.8862828285671632,0.3798026559600451,632,0,fixed_0.2
screening,2005,2010,2015,32,0.3,20,3,0.903481012658228,0.6964285714285714,112,0.2784366312271674,0.1471552521326427,632,0,0.7515822784810127,0.1376146788990825,109,0.9066975931601844,0.3977280438081464,632,0,fixed_0.3
screening,2005,2010,2015,32,0.5,20,3,0.8971518987341772,0.5982142857142857,112,0.2797783860860755,0.149686716956242,632,0,0.754746835443038,0.1376146788990825,109,0.8999291218524501,0.3818149760945346,632,0,fixed_0.5
screening,2005,2010,2015,32,1.0,20,3,0.9018987341772152,0.6071428571428571,112,0.2781626803419028,0.1483913934127216,632,0,0.7658227848101266,0.1376146788990825,109,0.8789826902869446,0.3582210040344384,632,0,fixed_1
screening,2005,2010,2015,32,0.1,50,3,0.9003164556962026,0.6964285714285714,112,0.2743061097891825,0.1448122603812227,632,0,0.7420886075949367,0.1376146788990825,109,0.9004808464145555,0.3987949253947748,632,0,validation_all_rates
screening,2005,2010,2015,32,0.1,50,3,0.9003164556962026,0.6964285714285714,112,0.2743061097891825,0.1448122603812227,632,0,0.7420886075949367,0.1376146788990825,109,0.9004808464145555,0.3987949253947748,632,0,validation_midrange
screening,2005,2010,2015,32,0.1,50,3,0.9003164556962026,0.6964285714285714,112,0.2743061097891825,0.1448122603812227,632,0,0.7420886075949367,0.1376146788990825,109,0.9004808464145555,0.3987949253947748,632,0,validation_compact
screening,2005,2010,2015,32,0.01,50,3,0.8971518987341772,0.7321428571428571,112,0.2814869016570153,0.148809724678947,632,0,0.745253164556962,0.1376146788990825,109,0.8865227071080388,0.3958750139845842,632,0,fixed_0.01
screening,2005,2010,2015,32,0.03,50,3,0.9018987341772152,0.7053571428571429,112,0.2789722911517683,0.1477831659592318,632,0,0.7484177215189873,0.1376146788990825,109,0.8876751821592276,0.3889250019292207,632,0,fixed_0.03
screening,2005,2010,2015,32,0.05,50,3,0.9003164556962026,0.6964285714285714,112,0.2783771158669489,0.1477477815010918,632,0,0.75,0.1376146788990825,109,0.8841185457615378,0.3879169381716625,632,0,fixed_0.05
screening,2005,2010,2015,32,0.1,50,3,0.9003164556962026,0.6964285714285714,112,0.2743061097891825,0.1448122603812227,632,0,0.7420886075949367,0.1376146788990825,109,0.9004808464145555,0.3987949253947748,632,0,fixed_0.1
screening,2005,2010,2015,32,0.2,50,3,0.8971518987341772,0.7142857142857143,112,0.2785800058064354,0.1475257311855694,632,0,0.754746835443038,0.1376146788990825,109,0.8862828285671632,0.3798026559600451,632,0,fixed_0.2
screening,2005,2010,2015,32,0.3,50,3,0.903481012658228,0.6964285714285714,112,0.2784366312271674,0.1471552521326427,632,0,0.7515822784810127,0.1376146788990825,109,0.9066975931601844,0.3977280438081464,632,0,fixed_0.3
screening,2005,2010,2015,32,0.5,50,3,0.8971518987341772,0.5982142857142857,112,0.2797783860860755,0.149686716956242,632,0,0.754746835443038,0.1376146788990825,109,0.8999291218524501,0.3818149760945346,632,0,fixed_0.5
screening,2005,2010,2015,32,1.0,50,3,0.9018987341772152,0.6071428571428571,112,0.2781626803419028,0.1483913934127216,632,0,0.7658227848101266,0.1376146788990825,109,0.8789826902869446,0.3582210040344384,632,0,fixed_1
screening,2005,2010,2015,32_16,0.5,10,3,0.8987341772151899,0.6339285714285714,112,0.2671475707538237,0.1396178539834841,632,0,0.7800632911392406,0.110091743119266,109,0.8381427944855259,0.3430142662549799,632,0,validation_all_rates
screening,2005,2010,2015,32_16,0.5,10,3,0.8987341772151899,0.6339285714285714,112,0.2671475707538237,0.1396178539834841,632,0,0.7800632911392406,0.110091743119266,109,0.8381427944855259,0.3430142662549799,632,0,validation_midrange
screening,2005,2010,2015,32_16,0.3,10,3,0.9050632911392406,0.7142857142857143,112,0.2697163059360886,0.1404426435584523,632,0,0.7800632911392406,0.110091743119266,109,0.8280263084409752,0.3466792798989057,632,0,validation_compact
screening,2005,2010,2015,32_16,0.01,10,3,0.8939873417721519,0.7053571428571429,112,0.2774550714747205,0.144148126787643,632,0,0.7658227848101266,0.1192660550458715,109,0.7759406699856065,0.3575607937788784,632,0,fixed_0.01
screening,2005,2010,2015,32_16,0.03,10,3,0.9018987341772152,0.7053571428571429,112,0.2714890417822752,0.1408857530808731,632,0,0.7784810126582279,0.110091743119266,109,0.7664641562680641,0.3462655958080543,632,0,fixed_0.03
screening,2005,2010,2015,32_16,0.05,10,3,0.9018987341772152,0.6964285714285714,112,0.2705887412624962,0.1412561113680618,632,0,0.7800632911392406,0.110091743119266,109,0.7669338710556893,0.3426117073449756,632,0,fixed_0.05
screening,2005,2010,2015,32_16,0.1,10,3,0.903481012658228,0.7142857142857143,112,0.2698719708590127,0.1403398178402619,632,0,0.7879746835443038,0.1009174311926605,109,0.7673113242208714,0.3326849656234455,632,0,fixed_0.1
screening,2005,2010,2015,32_16,0.2,10,3,0.9050632911392406,0.6339285714285714,112,0.2759220043880524,0.1444418861551989,632,0,0.7768987341772152,0.1009174311926605,109,0.7943294508074701,0.3519511209734474,632,0,fixed_0.2
screening,2005,2010,2015,32_16,0.3,10,3,0.9050632911392406,0.7142857142857143,112,0.2697163059360886,0.1404426435584523,632,0,0.7800632911392406,0.110091743119266,109,0.8280263084409752,0.3466792798989057,632,0,fixed_0.3
screening,2005,2010,2015,32_16,0.5,10,3,0.8987341772151899,0.6339285714285714,112,0.2671475707538237,0.1396178539834841,632,0,0.7800632911392406,0.110091743119266,109,0.8381427944855259,0.3430142662549799,632,0,fixed_0.5
screening,2005,2010,2015,32_16,1.0,10,3,0.9018987341772152,0.6696428571428571,112,0.2807023649272188,0.1463678879171316,632,0,0.8006329113924051,0.128440366972477,109,0.9392146068487736,0.3298764869122583,632,0,fixed_1
screening,2005,2010,2015,32_16,0.5,20,3,0.8987341772151899,0.6339285714285714,112,0.2671475707538237,0.1396178539834841,632,0,0.7800632911392406,0.110091743119266,109,0.8381427944855259,0.3430142662549799,632,0,validation_all_rates
screening,2005,2010,2015,32_16,0.5,20,3,0.8987341772151899,0.6339285714285714,112,0.2671475707538237,0.1396178539834841,632,0,0.7800632911392406,0.110091743119266,109,0.8381427944855259,0.3430142662549799,632,0,validation_midrange
screening,2005,2010,2015,32_16,0.3,20,3,0.9050632911392406,0.7142857142857143,112,0.2697163059360886,0.1404426435584523,632,0,0.7800632911392406,0.110091743119266,109,0.8280263084409752,0.3466792798989057,632,0,validation_compact
screening,2005,2010,2015,32_16,0.01,20,3,0.8971518987341772,0.6964285714285714,112,0.2724778120815426,0.1423977335470047,632,0,0.7784810126582279,0.110091743119266,109,0.767157064374848,0.341367756116802,632,0,fixed_0.01
screening,2005,2010,2015,32_16,0.03,20,3,0.9018987341772152,0.6517857142857143,112,0.2703090905800538,0.1419207055157863,632,0,0.7800632911392406,0.110091743119266,109,0.776052604436472,0.3392510785550175,632,0,fixed_0.03
screening,2005,2010,2015,32_16,0.05,20,3,0.9018987341772152,0.6964285714285714,112,0.2705887412624962,0.1412561113680618,632,0,0.7800632911392406,0.110091743119266,109,0.7669338710556893,0.3426117073449756,632,0,fixed_0.05
screening,2005,2010,2015,32_16,0.1,20,3,0.903481012658228,0.7142857142857143,112,0.2698719708590127,0.1403398178402619,632,0,0.7879746835443038,0.1009174311926605,109,0.7673113242208714,0.3326849656234455,632,0,fixed_0.1
screening,2005,2010,2015,32_16,0.2,20,3,0.9098101265822784,0.6517857142857143,112,0.274900171931194,0.1432933328390754,632,0,0.7927215189873418,0.1192660550458715,109,0.7969343953341455,0.334044078029162,632,0,fixed_0.2
screening,2005,2010,2015,32_16,0.3,20,3,0.9050632911392406,0.7142857142857143,112,0.2697163059360886,0.1404426435584523,632,0,0.7800632911392406,0.110091743119266,109,0.8280263084409752,0.3466792798989057,632,0,fixed_0.3
screening,2005,2010,2015,32_16,0.5,20,3,0.8987341772151899,0.6339285714285714,112,0.2671475707538237,0.1396178539834841,632,0,0.7800632911392406,0.110091743119266,109,0.8381427944855259,0.3430142662549799,632,0,fixed_0.5
screening,2005,2010,2015,32_16,1.0,20,3,0.9018987341772152,0.6696428571428571,112,0.2807023649272188,0.1463678879171316,632,0,0.8006329113924051,0.128440366972477,109,0.9392146068487736,0.3298764869122583,632,0,fixed_1
screening,2005,2010,2015,32_16,0.5,50,3,0.8987341772151899,0.6339285714285714,112,0.2671475707538237,0.1396178539834841,632,0,0.7800632911392406,0.110091743119266,109,0.8381427944855259,0.3430142662549799,632,0,validation_all_rates
screening,2005,2010,2015,32_16,0.5,50,3,0.8987341772151899,0.6339285714285714,112,0.2671475707538237,0.1396178539834841,632,0,0.7800632911392406,0.110091743119266,109,0.8381427944855259,0.3430142662549799,632,0,validation_midrange
screening,2005,2010,2015,32_16,0.3,50,3,0.9050632911392406,0.7142857142857143,112,0.2697163059360886,0.1404426435584523,632,0,0.7800632911392406,0.110091743119266,109,0.8280263084409752,0.3466792798989057,632,0,validation_compact
screening,2005,2010,2015,32_16,0.01,50,3,0.8971518987341772,0.6964285714285714,112,0.2724778120815426,0.1423977335470047,632,0,0.7784810126582279,0.110091743119266,109,0.767157064374848,0.341367756116802,632,0,fixed_0.01
screening,2005,2010,2015,32_16,0.03,50,3,0.9018987341772152,0.6517857142857143,112,0.2703090905800538,0.1419207055157863,632,0,0.7800632911392406,0.110091743119266,109,0.776052604436472,0.3392510785550175,632,0,fixed_0.03
screening,2005,2010,2015,32_16,0.05,50,3,0.9018987341772152,0.6964285714285714,112,0.2705887412624962,0.1412561113680618,632,0,0.7800632911392406,0.110091743119266,109,0.7669338710556893,0.3426117073449756,632,0,fixed_0.05
screening,2005,2010,2015,32_16,0.1,50,3,0.903481012658228,0.7142857142857143,112,0.2698719708590127,0.1403398178402619,632,0,0.7879746835443038,0.1009174311926605,109,0.7673113242208714,0.3326849656234455,632,0,fixed_0.1
screening,2005,2010,2015,32_16,0.2,50,3,0.9098101265822784,0.6517857142857143,112,0.274900171931194,0.1432933328390754,632,0,0.7927215189873418,0.1192660550458715,109,0.7969343953341455,0.334044078029162,632,0,fixed_0.2
screening,2005,2010,2015,32_16,0.3,50,3,0.9050632911392406,0.7142857142857143,112,0.2697163059360886,0.1404426435584523,632,0,0.7800632911392406,0.110091743119266,109,0.8280263084409752,0.3466792798989057,632,0,fixed_0.3
screening,2005,2010,2015,32_16,0.5,50,3,0.8987341772151899,0.6339285714285714,112,0.2671475707538237,0.1396178539834841,632,0,0.7800632911392406,0.110091743119266,109,0.8381427944855259,0.3430142662549799,632,0,fixed_0.5
screening,2005,2010,2015,32_16,1.0,50,3,0.9018987341772152,0.6696428571428571,112,0.2807023649272188,0.1463678879171316,632,0,0.8006329113924051,0.128440366972477,109,0.9392146068487736,0.3298764869122583,632,0,fixed_1
screening,2005,2010,2015,64_32,0.3,10,3,0.8987341772151899,0.6160714285714286,112,0.2716475027916975,0.1457932614199934,632,0,0.7626582278481012,0.1376146788990825,109,0.8513814635320497,0.3626052064567518,632,0,validation_all_rates
screening,2005,2010,2015,64_32,0.3,10,3,0.8987341772151899,0.6160714285714286,112,0.2716475027916975,0.1457932614199934,632,0,0.7626582278481012,0.1376146788990825,109,0.8513814635320497,0.3626052064567518,632,0,validation_midrange
screening,2005,2010,2015,64_32,0.3,10,3,0.8987341772151899,0.6160714285714286,112,0.2716475027916975,0.1457932614199934,632,0,0.7626582278481012,0.1376146788990825,109,0.8513814635320497,0.3626052064567518,632,0,validation_compact
screening,2005,2010,2015,64_32,0.01,10,3,0.8955696202531646,0.6517857142857143,112,0.279181926578129,0.1459340379372172,632,0,0.7610759493670886,0.1376146788990825,109,0.8377523004773253,0.3772428608373592,632,0,fixed_0.01
screening,2005,2010,2015,64_32,0.03,10,3,0.8987341772151899,0.6607142857142857,112,0.2786733461466508,0.1454480708366049,632,0,0.759493670886076,0.1376146788990825,109,0.8338585207144854,0.3754216822995567,632,0,fixed_0.03
screening,2005,2010,2015,64_32,0.05,10,3,0.9003164556962026,0.6785714285714286,112,0.2786668534892209,0.1450292640691814,632,0,0.7563291139240507,0.1376146788990825,109,0.8411611250763846,0.378762952365486,632,0,fixed_0.05
screening,2005,2010,2015,64_32,0.1,10,3,0.9066455696202532,0.6964285714285714,112,0.273159606674875,0.1419226773540074,632,0,0.7610759493670886,0.1376146788990825,109,0.8454418947103929,0.3743940972012693,632,0,fixed_0.1
screening,2005,2010,2015,64_32,0.2,10,3,0.903481012658228,0.6964285714285714,112,0.2740826880706267,0.1433069681852903,632,0,0.7816455696202531,0.1651376146788991,109,0.8561428236937436,0.3392117266924934,632,0,fixed_0.2
screening,2005,2010,2015,64_32,0.3,10,3,0.8987341772151899,0.6160714285714286,112,0.2716475027916975,0.1457932614199934,632,0,0.7626582278481012,0.1376146788990825,109,0.8513814635320497,0.3626052064567518,632,0,fixed_0.3
screening,2005,2010,2015,64_32,0.5,10,3,0.8971518987341772,0.5982142857142857,112,0.277543393919345,0.1477107717468796,632,0,0.7610759493670886,0.1192660550458715,109,0.8767206464161686,0.3782444715584195,632,0,fixed_0.5
screening,2005,2010,2015,64_32,1.0,10,3,0.8955696202531646,0.7321428571428571,112,0.2911905937009935,0.1490155636199839,632,0,0.7674050632911392,0.146788990825688,109,1.0087758201293586,0.3742267318184809,632,0,fixed_1
screening,2005,2010,2015,64_32,0.3,20,3,0.8987341772151899,0.6160714285714286,112,0.2716475027916975,0.1457932614199934,632,0,0.7626582278481012,0.1376146788990825,109,0.8513814635320497,0.3626052064567518,632,0,validation_all_rates
screening,2005,2010,2015,64_32,0.3,20,3,0.8987341772151899,0.6160714285714286,112,0.2716475027916975,0.1457932614199934,632,0,0.7626582278481012,0.1376146788990825,109,0.8513814635320497,0.3626052064567518,632,0,validation_midrange
screening,2005,2010,2015,64_32,0.3,20,3,0.8987341772151899,0.6160714285714286,112,0.2716475027916975,0.1457932614199934,632,0,0.7626582278481012,0.1376146788990825,109,0.8513814635320497,0.3626052064567518,632,0,validation_compact
screening,2005,2010,2015,64_32,0.01,20,3,0.8955696202531646,0.6517857142857143,112,0.279181926578129,0.1459340379372172,632,0,0.7610759493670886,0.1376146788990825,109,0.8377523004773253,0.3772428608373592,632,0,fixed_0.01
screening,2005,2010,2015,64_32,0.03,20,3,0.8987341772151899,0.6607142857142857,112,0.2786733461466508,0.1454480708366049,632,0,0.759493670886076,0.1376146788990825,109,0.8338585207144854,0.3754216822995567,632,0,fixed_0.03
screening,2005,2010,2015,64_32,0.05,20,3,0.9003164556962026,0.6785714285714286,112,0.2786668534892209,0.1450292640691814,632,0,0.7563291139240507,0.1376146788990825,109,0.8411611250763846,0.378762952365486,632,0,fixed_0.05
screening,2005,2010,2015,64_32,0.1,20,3,0.9066455696202532,0.6964285714285714,112,0.273159606674875,0.1419226773540074,632,0,0.7610759493670886,0.1376146788990825,109,0.8454418947103929,0.3743940972012693,632,0,fixed_0.1
screening,2005,2010,2015,64_32,0.2,20,3,0.903481012658228,0.6964285714285714,112,0.2740826880706267,0.1433069681852903,632,0,0.7816455696202531,0.1651376146788991,109,0.8561428236937436,0.3392117266924934,632,0,fixed_0.2
screening,2005,2010,2015,64_32,0.3,20,3,0.8987341772151899,0.6160714285714286,112,0.2716475027916975,0.1457932614199934,632,0,0.7626582278481012,0.1376146788990825,109,0.8513814635320497,0.3626052064567518,632,0,fixed_0.3
screening,2005,2010,2015,64_32,0.5,20,3,0.8971518987341772,0.5982142857142857,112,0.277543393919345,0.1477107717468796,632,0,0.7610759493670886,0.1192660550458715,109,0.8767206464161686,0.3782444715584195,632,0,fixed_0.5
screening,2005,2010,2015,64_32,1.0,20,3,0.8955696202531646,0.7321428571428571,112,0.2911905937009935,0.1490155636199839,632,0,0.7674050632911392,0.146788990825688,109,1.0087758201293586,0.3742267318184809,632,0,fixed_1
screening,2005,2010,2015,64_32,0.3,50,3,0.8987341772151899,0.6160714285714286,112,0.2716475027916975,0.1457932614199934,632,0,0.7626582278481012,0.1376146788990825,109,0.8513814635320497,0.3626052064567518,632,0,validation_all_rates
screening,2005,2010,2015,64_32,0.3,50,3,0.8987341772151899,0.6160714285714286,112,0.2716475027916975,0.1457932614199934,632,0,0.7626582278481012,0.1376146788990825,109,0.8513814635320497,0.3626052064567518,632,0,validation_midrange
screening,2005,2010,2015,64_32,0.3,50,3,0.8987341772151899,0.6160714285714286,112,0.2716475027916975,0.1457932614199934,632,0,0.7626582278481012,0.1376146788990825,109,0.8513814635320497,0.3626052064567518,632,0,validation_compact
screening,2005,2010,2015,64_32,0.01,50,3,0.8955696202531646,0.6517857142857143,112,0.279181926578129,0.1459340379372172,632,0,0.7610759493670886,0.1376146788990825,109,0.8377523004773253,0.3772428608373592,632,0,fixed_0.01
screening,2005,2010,2015,64_32,0.03,50,3,0.8987341772151899,0.6607142857142857,112,0.2786733461466508,0.1454480708366049,632,0,0.759493670886076,0.1376146788990825,109,0.8338585207144854,0.3754216822995567,632,0,fixed_0.03
screening,2005,2010,2015,64_32,0.05,50,3,0.9003164556962026,0.6785714285714286,112,0.2786668534892209,0.1450292640691814,632,0,0.7563291139240507,0.1376146788990825,109,0.8411611250763846,0.378762952365486,632,0,fixed_0.05
screening,2005,2010,2015,64_32,0.1,50,3,0.9066455696202532,0.6964285714285714,112,0.273159606674875,0.1419226773540074,632,0,0.7610759493670886,0.1376146788990825,109,0.8454418947103929,0.3743940972012693,632,0,fixed_0.1
screening,2005,2010,2015,64_32,0.2,50,3,0.903481012658228,0.6964285714285714,112,0.2740826880706267,0.1433069681852903,632,0,0.7816455696202531,0.1651376146788991,109,0.8561428236937436,0.3392117266924934,632,0,fixed_0.2
screening,2005,2010,2015,64_32,0.3,50,3,0.8987341772151899,0.6160714285714286,112,0.2716475027916975,0.1457932614199934,632,0,0.7626582278481012,0.1376146788990825,109,0.8513814635320497,0.3626052064567518,632,0,fixed_0.3
screening,2005,2010,2015,64_32,0.5,50,3,0.8971518987341772,0.5982142857142857,112,0.277543393919345,0.1477107717468796,632,0,0.7610759493670886,0.1192660550458715,109,0.8767206464161686,0.3782444715584195,632,0,fixed_0.5
screening,2005,2010,2015,64_32,1.0,50,3,0.8955696202531646,0.7321428571428571,112,0.2911905937009935,0.1490155636199839,632,0,0.7674050632911392,0.146788990825688,109,1.0087758201293586,0.3742267318184809,632,0,fixed_1
screening,2010,2015,2017,16,1.0,10,3,0.8354430379746836,0.2293577981651376,109,0.6799581753732667,0.2743238117323464,632,0,0.8971518987341772,0.0895522388059701,67,0.4228338780044959,0.1878718807678317,632,0,validation_all_rates
screening,2010,2015,2017,16,0.5,10,3,0.8180379746835443,0.1834862385321101,109,0.7088700300249012,0.2900205003088386,632,0,0.8971518987341772,0.0895522388059701,67,0.3568321789680405,0.1749763908408846,632,0,validation_midrange
screening,2010,2015,2017,16,0.3,10,3,0.7784810126582279,0.146788990825688,109,0.7619942412432091,0.3365945766853336,632,0,0.9003164556962026,0.1641791044776119,67,0.2965400873243551,0.1553728850698225,632,0,validation_compact
screening,2010,2015,2017,16,0.01,10,3,0.7848101265822784,0.4403669724770642,109,0.810744828659497,0.334647177673527,632,0,0.819620253164557,0.5223880597014925,67,0.5049141393225729,0.2609673535156672,632,0,fixed_0.01
screening,2010,2015,2017,16,0.03,10,3,0.7879746835443038,0.4311926605504587,109,0.804543429282535,0.3322265022508927,632,0,0.8275316455696202,0.5074626865671642,67,0.4700308953874986,0.2485868963294298,632,0,fixed_0.03
screening,2010,2015,2017,16,0.05,10,3,0.7911392405063291,0.4311926605504587,109,0.8002893088890825,0.3320764141915803,632,0,0.8212025316455697,0.5074626865671642,67,0.5074979889335524,0.2585928124151485,632,0,fixed_0.05
screening,2010,2015,2017,16,0.1,10,3,0.7848101265822784,0.3486238532110092,109,0.8066827162497212,0.3323398301614531,632,0,0.8291139240506329,0.4776119402985074,67,0.4287353020604028,0.2343584735964646,632,0,fixed_0.1
screening,2010,2015,2017,16,0.2,10,3,0.7705696202531646,0.1743119266055046,109,0.7734040873598566,0.3340283982001003,632,0,0.884493670886076,0.3432835820895522,67,0.2961836007164758,0.1611020211347896,632,0,fixed_0.2
screening,2010,2015,2017,16,0.3,10,3,0.7784810126582279,0.146788990825688,109,0.7619942412432091,0.3365945766853336,632,0,0.9003164556962026,0.1641791044776119,67,0.2965400873243551,0.1553728850698225,632,0,fixed_0.3
screening,2010,2015,2017,16,0.5,10,3,0.8180379746835443,0.1834862385321101,109,0.7088700300249012,0.2900205003088386,632,0,0.8971518987341772,0.0895522388059701,67,0.3568321789680405,0.1749763908408846,632,0,fixed_0.5
screening,2010,2015,2017,16,1.0,10,3,0.8354430379746836,0.2293577981651376,109,0.6799581753732667,0.2743238117323464,632,0,0.8971518987341772,0.0895522388059701,67,0.4228338780044959,0.1878718807678317,632,0,fixed_1
screening,2010,2015,2017,16,1.0,20,3,0.8354430379746836,0.2293577981651376,109,0.6799581753732667,0.2743238117323464,632,0,0.8971518987341772,0.0895522388059701,67,0.4228338780044959,0.1878718807678317,632,0,validation_all_rates
screening,2010,2015,2017,16,0.5,20,3,0.8180379746835443,0.1834862385321101,109,0.7088700300249012,0.2900205003088386,632,0,0.8971518987341772,0.0895522388059701,67,0.3568321789680405,0.1749763908408846,632,0,validation_midrange
screening,2010,2015,2017,16,0.3,20,3,0.7784810126582279,0.146788990825688,109,0.7619942412432091,0.3365945766853336,632,0,0.9003164556962026,0.1641791044776119,67,0.2965400873243551,0.1553728850698225,632,0,validation_compact
screening,2010,2015,2017,16,0.01,20,3,0.7848101265822784,0.4403669724770642,109,0.810744828659497,0.334647177673527,632,0,0.819620253164557,0.5223880597014925,67,0.5049141393225729,0.2609673535156672,632,0,fixed_0.01
screening,2010,2015,2017,16,0.03,20,3,0.7879746835443038,0.4311926605504587,109,0.804543429282535,0.3322265022508927,632,0,0.8275316455696202,0.5074626865671642,67,0.4700308953874986,0.2485868963294298,632,0,fixed_0.03
screening,2010,2015,2017,16,0.05,20,3,0.7911392405063291,0.4311926605504587,109,0.8002893088890825,0.3320764141915803,632,0,0.8212025316455697,0.5074626865671642,67,0.5074979889335524,0.2585928124151485,632,0,fixed_0.05
screening,2010,2015,2017,16,0.1,20,3,0.7832278481012658,0.2018348623853211,109,0.7620705794971903,0.3204749949935938,632,0,0.8639240506329114,0.3283582089552239,67,0.310579188081786,0.1781842615388875,632,0,fixed_0.1
screening,2010,2015,2017,16,0.2,20,3,0.7911392405063291,0.1834862385321101,109,0.7306273948816263,0.3043633816286827,632,0,0.884493670886076,0.2985074626865671,67,0.2850572285301049,0.1610021602539441,632,0,fixed_0.2
screening,2010,2015,2017,16,0.3,20,3,0.7784810126582279,0.146788990825688,109,0.7619942412432091,0.3365945766853336,632,0,0.9003164556962026,0.1641791044776119,67,0.2965400873243551,0.1553728850698225,632,0,fixed_0.3
screening,2010,2015,2017,16,0.5,20,3,0.8180379746835443,0.1834862385321101,109,0.7088700300249012,0.2900205003088386,632,0,0.8971518987341772,0.0895522388059701,67,0.3568321789680405,0.1749763908408846,632,0,fixed_0.5
screening,2010,2015,2017,16,1.0,20,3,0.8354430379746836,0.2293577981651376,109,0.6799581753732667,0.2743238117323464,632,0,0.8971518987341772,0.0895522388059701,67,0.4228338780044959,0.1878718807678317,632,0,fixed_1
screening,2010,2015,2017,16,1.0,50,3,0.8259493670886076,0.1926605504587156,109,0.551956876981946,0.2726329188466179,632,0,0.8971518987341772,0.0895522388059701,67,0.4395216117461816,0.1875002793330151,632,0,validation_all_rates
screening,2010,2015,2017,16,0.2,50,3,0.8465189873417721,0.2110091743119266,109,0.6604154665525344,0.2578492131732516,632,0,0.8876582278481012,0.1791044776119403,67,0.3812812866593477,0.1782239553726063,632,0,validation_midrange
screening,2010,2015,2017,16,0.3,50,3,0.8322784810126582,0.2385321100917431,109,0.6608938751296632,0.2741804978664076,632,0,0.8908227848101266,0.1343283582089552,67,0.3526005656662402,0.1767296076872063,632,0,validation_compact
screening,2010,2015,2017,16,0.01,50,3,0.7848101265822784,0.4403669724770642,109,0.810744828659497,0.334647177673527,632,0,0.819620253164557,0.5223880597014925,67,0.5049141393225729,0.2609673535156672,632,0,fixed_0.01
screening,2010,2015,2017,16,0.03,50,3,0.7879746835443038,0.4311926605504587,109,0.804543429282535,0.3322265022508927,632,0,0.8275316455696202,0.5074626865671642,67,0.4700308953874986,0.2485868963294298,632,0,fixed_0.03
screening,2010,2015,2017,16,0.05,50,3,0.7974683544303798,0.3486238532110092,109,0.7516185553329584,0.3148044412913549,632,0,0.8575949367088608,0.3880597014925373,67,0.3703748262247336,0.20354544803325,632,0,fixed_0.05
screening,2010,2015,2017,16,0.1,50,3,0.7832278481012658,0.2018348623853211,109,0.7620705794971903,0.3204749949935938,632,0,0.8639240506329114,0.3283582089552239,67,0.310579188081786,0.1781842615388875,632,0,fixed_0.1
screening,2010,2015,2017,16,0.2,50,3,0.8465189873417721,0.2110091743119266,109,0.6604154665525344,0.2578492131732516,632,0,0.8876582278481012,0.1791044776119403,67,0.3812812866593477,0.1782239553726063,632,0,fixed_0.2
screening,2010,2015,2017,16,0.3,50,3,0.8322784810126582,0.2385321100917431,109,0.6608938751296632,0.2741804978664076,632,0,0.8908227848101266,0.1343283582089552,67,0.3526005656662402,0.1767296076872063,632,0,fixed_0.3
screening,2010,2015,2017,16,0.5,50,3,0.819620253164557,0.2110091743119266,109,0.6922756543301136,0.2812532062652689,632,0,0.9003164556962026,0.1194029850746268,67,0.3009812837599941,0.1574272334876388,632,0,fixed_0.5
screening,2010,2015,2017,16,1.0,50,3,0.8259493670886076,0.1926605504587156,109,0.551956876981946,0.2726329188466179,632,0,0.8971518987341772,0.0895522388059701,67,0.4395216117461816,0.1875002793330151,632,0,fixed_1
screening,2010,2015,2017,32,1.0,10,3,0.8306962025316456,0.2110091743119266,109,0.7180464331311353,0.2708537656938747,632,0,0.8781645569620253,0.1044776119402985,67,0.4424928128808115,0.1970445826264016,632,0,validation_all_rates
screening,2010,2015,2017,32,0.5,10,3,0.8259493670886076,0.1834862385321101,109,0.7532455384219225,0.2861493776695246,632,0,0.8860759493670886,0.0895522388059701,67,0.420477140797338,0.191608069016633,632,0,validation_midrange
screening,2010,2015,2017,32,0.3,10,3,0.7863924050632911,0.1559633027522936,109,0.7713273614564231,0.3300642145016217,632,0,0.8987341772151899,0.1044776119402985,67,0.2950361572266811,0.1596004701203699,632,0,validation_compact
screening,2010,2015,2017,32,0.01,10,3,0.7800632911392406,0.4495412844036697,109,0.820028275544833,0.3435147435512899,632,0,0.8275316455696202,0.4626865671641791,67,0.5413290995576429,0.2647508779036554,632,0,fixed_0.01
screening,2010,2015,2017,32,0.03,10,3,0.7800632911392406,0.4495412844036697,109,0.8131372513029052,0.3422572669210006,632,0,0.8259493670886076,0.4477611940298507,67,0.5506774300932278,0.2673732015390426,632,0,fixed_0.03
screening,2010,2015,2017,32,0.05,10,3,0.7943037974683544,0.3944954128440367,109,0.7979870325687394,0.3346383601038847,632,0,0.8512658227848101,0.4029850746268656,67,0.4820047864517285,0.2424905086313131,632,0,fixed_0.05
screening,2010,2015,2017,32,0.1,10,3,0.7895569620253164,0.3211009174311927,109,0.7804763402887609,0.3270406792570263,632,0,0.8544303797468354,0.3880597014925373,67,0.3892756652092189,0.2172746125597319,632,0,fixed_0.1
screening,2010,2015,2017,32,0.2,10,3,0.7689873417721519,0.1376146788990825,109,0.7928544662429927,0.3347980065245998,632,0,0.8924050632911392,0.2388059701492537,67,0.2951200286824491,0.1612726225527526,632,0,fixed_0.2
screening,2010,2015,2017,32,0.3,10,3,0.7863924050632911,0.1559633027522936,109,0.7713273614564231,0.3300642145016217,632,0,0.8987341772151899,0.1044776119402985,67,0.2950361572266811,0.1596004701203699,632,0,fixed_0.3
screening,2010,2015,2017,32,0.5,10,3,0.8259493670886076,0.1834862385321101,109,0.7532455384219225,0.2861493776695246,632,0,0.8860759493670886,0.0895522388059701,67,0.420477140797338,0.191608069016633,632,0,fixed_0.5
screening,2010,2015,2017,32,1.0,10,3,0.8306962025316456,0.2110091743119266,109,0.7180464331311353,0.2708537656938747,632,0,0.8781645569620253,0.1044776119402985,67,0.4424928128808115,0.1970445826264016,632,0,fixed_1
screening,2010,2015,2017,32,1.0,20,3,0.8401898734177216,0.2293577981651376,109,0.6484307981959279,0.2585715489572174,632,0,0.8575949367088608,0.1641791044776119,67,0.572431204524857,0.2369853183869779,632,0,validation_all_rates
screening,2010,2015,2017,32,0.3,20,3,0.8227848101265823,0.2110091743119266,109,0.6967352767386858,0.2909533636707265,632,0,0.8971518987341772,0.0895522388059701,67,0.3097386553934424,0.1693565446933753,632,0,validation_midrange
screening,2010,2015,2017,32,0.3,20,3,0.8227848101265823,0.2110091743119266,109,0.6967352767386858,0.2909533636707265,632,0,0.8971518987341772,0.0895522388059701,67,0.3097386553934424,0.1693565446933753,632,0,validation_compact
screening,2010,2015,2017,32,0.01,20,3,0.7800632911392406,0.4495412844036697,109,0.820028275544833,0.3435147435512899,632,0,0.8275316455696202,0.4626865671641791,67,0.5413290995576429,0.2647508779036554,632,0,fixed_0.01
screening,2010,2015,2017,32,0.03,20,3,0.7800632911392406,0.4495412844036697,109,0.8131372513029052,0.3422572669210006,632,0,0.8259493670886076,0.4477611940298507,67,0.5506774300932278,0.2673732015390426,632,0,fixed_0.03
screening,2010,2015,2017,32,0.05,20,3,0.7943037974683544,0.3944954128440367,109,0.7979870325687394,0.3346383601038847,632,0,0.8512658227848101,0.4029850746268656,67,0.4820047864517285,0.2424905086313131,632,0,fixed_0.05
screening,2010,2015,2017,32,0.1,20,3,0.7895569620253164,0.3211009174311927,109,0.7804763402887609,0.3270406792570263,632,0,0.8544303797468354,0.3880597014925373,67,0.3892756652092189,0.2172746125597319,632,0,fixed_0.1
screening,2010,2015,2017,32,0.2,20,3,0.7689873417721519,0.1376146788990825,109,0.7928544662429927,0.3347980065245998,632,0,0.8924050632911392,0.2388059701492537,67,0.2951200286824491,0.1612726225527526,632,0,fixed_0.2
screening,2010,2015,2017,32,0.3,20,3,0.8227848101265823,0.2110091743119266,109,0.6967352767386858,0.2909533636707265,632,0,0.8971518987341772,0.0895522388059701,67,0.3097386553934424,0.1693565446933753,632,0,fixed_0.3
screening,2010,2015,2017,32,0.5,20,3,0.8338607594936709,0.2201834862385321,109,0.699122348237639,0.2709360875932502,632,0,0.8765822784810127,0.1044776119402985,67,0.5071737171624418,0.2082098792927166,632,0,fixed_0.5
screening,2010,2015,2017,32,1.0,20,3,0.8401898734177216,0.2293577981651376,109,0.6484307981959279,0.2585715489572174,632,0,0.8575949367088608,0.1641791044776119,67,0.572431204524857,0.2369853183869779,632,0,fixed_1
screening,2010,2015,2017,32,1.0,50,3,0.8275316455696202,0.1559633027522936,109,0.558865310432589,0.2518236704932924,632,0,0.8449367088607594,0.1044776119402985,67,0.7629157529844015,0.2688575384690675,632,0,validation_all_rates
screening,2010,2015,2017,32,0.3,50,3,0.8465189873417721,0.2935779816513761,109,0.6338123880356226,0.2655765985126789,632,0,0.8955696202531646,0.0895522388059701,67,0.309091939617715,0.1742779916556224,632,0,validation_midrange
screening,2010,2015,2017,32,0.3,50,3,0.8465189873417721,0.2935779816513761,109,0.6338123880356226,0.2655765985126789,632,0,0.8955696202531646,0.0895522388059701,67,0.309091939617715,0.1742779916556224,632,0,validation_compact
screening,2010,2015,2017,32,0.01,50,3,0.7800632911392406,0.4495412844036697,109,0.820028275544833,0.3435147435512899,632,0,0.8275316455696202,0.4626865671641791,67,0.5413290995576429,0.2647508779036554,632,0,fixed_0.01
screening,2010,2015,2017,32,0.03,50,3,0.7800632911392406,0.4495412844036697,109,0.8131372513029052,0.3422572669210006,632,0,0.8259493670886076,0.4477611940298507,67,0.5506774300932278,0.2673732015390426,632,0,fixed_0.03
screening,2010,2015,2017,32,0.05,50,3,0.7943037974683544,0.3944954128440367,109,0.7979870325687394,0.3346383601038847,632,0,0.8512658227848101,0.4029850746268656,67,0.4820047864517285,0.2424905086313131,632,0,fixed_0.05
screening,2010,2015,2017,32,0.1,50,3,0.7895569620253164,0.3211009174311927,109,0.7804763402887609,0.3270406792570263,632,0,0.8544303797468354,0.3880597014925373,67,0.3892756652092189,0.2172746125597319,632,0,fixed_0.1
screening,2010,2015,2017,32,0.2,50,3,0.8433544303797469,0.2935779816513761,109,0.6931388530862808,0.271996265712511,632,0,0.8924050632911392,0.1194029850746268,67,0.3009610167587366,0.1708195394059972,632,0,fixed_0.2
screening,2010,2015,2017,32,0.3,50,3,0.8465189873417721,0.2935779816513761,109,0.6338123880356226,0.2655765985126789,632,0,0.8955696202531646,0.0895522388059701,67,0.309091939617715,0.1742779916556224,632,0,fixed_0.3
screening,2010,2015,2017,32,0.5,50,3,0.8259493670886076,0.1926605504587156,109,0.6729688640471114,0.2810830176286201,632,0,0.8781645569620253,0.1044776119402985,67,0.5044893525757189,0.208800219820185,632,0,fixed_0.5
screening,2010,2015,2017,32,1.0,50,3,0.8275316455696202,0.1559633027522936,109,0.558865310432589,0.2518236704932924,632,0,0.8449367088607594,0.1044776119402985,67,0.7629157529844015,0.2688575384690675,632,0,fixed_1
screening,2010,2015,2017,32_16,1.0,10,3,0.7927215189873418,0.110091743119266,109,0.5533079928927689,0.2886428988739821,632,0,0.8955696202531646,0.0895522388059701,67,0.4232815103053308,0.1892521727035422,632,0,validation_all_rates
screening,2010,2015,2017,32_16,0.5,10,3,0.814873417721519,0.0825688073394495,109,0.6558520478503416,0.2857845528971505,632,0,0.8971518987341772,0.0895522388059701,67,0.3450772781453372,0.1716673457260339,632,0,validation_midrange
screening,2010,2015,2017,32_16,0.3,10,3,0.8338607594936709,0.1376146788990825,109,0.6733311072773974,0.2697489787966579,632,0,0.8939873417721519,0.1194029850746268,67,0.3279356619963913,0.1780881554316605,632,0,validation_compact
screening,2010,2015,2017,32_16,0.01,10,3,0.8117088607594937,0.4220183486238532,109,0.7986500579737577,0.3110238078694975,632,0,0.8417721518987342,0.4477611940298507,67,0.5058125767043792,0.248502065345746,632,0,fixed_0.01
screening,2010,2015,2017,32_16,0.03,10,3,0.8085443037974683,0.4220183486238532,109,0.7879867616670402,0.3054257354882219,632,0,0.8560126582278481,0.417910447761194,67,0.4296643896258961,0.2247018172084776,632,0,fixed_0.03
screening,2010,2015,2017,32_16,0.05,10,3,0.7863924050632911,0.1651376146788991,109,0.7230013892787764,0.3040964678646712,632,0,0.8892405063291139,0.2686567164179104,67,0.3301547836702908,0.1670319120459531,632,0,fixed_0.05
screening,2010,2015,2017,32_16,0.1,10,3,0.8069620253164557,0.1651376146788991,109,0.6988554962225701,0.2918212180889272,632,0,0.9003164556962026,0.1343283582089552,67,0.3229893142512028,0.1618436995793801,632,0,fixed_0.1
screening,2010,2015,2017,32_16,0.2,10,3,0.8212025316455697,0.110091743119266,109,0.7045311399232614,0.2917837056495208,632,0,0.8971518987341772,0.0895522388059701,67,0.3751970035468338,0.1817502412068396,632,0,fixed_0.2
screening,2010,2015,2017,32_16,0.3,10,3,0.8338607594936709,0.1376146788990825,109,0.6733311072773974,0.2697489787966579,632,0,0.8939873417721519,0.1194029850746268,67,0.3279356619963913,0.1780881554316605,632,0,fixed_0.3
screening,2010,2015,2017,32_16,0.5,10,3,0.814873417721519,0.0825688073394495,109,0.6558520478503416,0.2857845528971505,632,0,0.8971518987341772,0.0895522388059701,67,0.3450772781453372,0.1716673457260339,632,0,fixed_0.5
screening,2010,2015,2017,32_16,1.0,10,3,0.7927215189873418,0.110091743119266,109,0.5533079928927689,0.2886428988739821,632,0,0.8955696202531646,0.0895522388059701,67,0.4232815103053308,0.1892521727035422,632,0,fixed_1
screening,2010,2015,2017,32_16,1.0,20,3,0.7927215189873418,0.110091743119266,109,0.5533079928927689,0.2886428988739821,632,0,0.8955696202531646,0.0895522388059701,67,0.4232815103053308,0.1892521727035422,632,0,validation_all_rates
screening,2010,2015,2017,32_16,0.5,20,3,0.814873417721519,0.0825688073394495,109,0.6558520478503416,0.2857845528971505,632,0,0.8971518987341772,0.0895522388059701,67,0.3450772781453372,0.1716673457260339,632,0,validation_midrange
screening,2010,2015,2017,32_16,0.3,20,3,0.8338607594936709,0.1376146788990825,109,0.6733311072773974,0.2697489787966579,632,0,0.8939873417721519,0.1194029850746268,67,0.3279356619963913,0.1780881554316605,632,0,validation_compact
screening,2010,2015,2017,32_16,0.01,20,3,0.8117088607594937,0.4220183486238532,109,0.7986500579737577,0.3110238078694975,632,0,0.8417721518987342,0.4477611940298507,67,0.5058125767043792,0.248502065345746,632,0,fixed_0.01
screening,2010,2015,2017,32_16,0.03,20,3,0.8069620253164557,0.2752293577981651,109,0.7282981425945013,0.2983196479401924,632,0,0.8591772151898734,0.3134328358208955,67,0.3487929183025645,0.1826843427544607,632,0,fixed_0.03
screening,2010,2015,2017,32_16,0.05,20,3,0.8022151898734177,0.2110091743119266,109,0.7215707020615933,0.2994191983713956,632,0,0.8939873417721519,0.2537313432835821,67,0.3279521503749175,0.1662845974488384,632,0,fixed_0.05
screening,2010,2015,2017,32_16,0.1,20,3,0.8069620253164557,0.1651376146788991,109,0.6988554962225701,0.2918212180889272,632,0,0.9003164556962026,0.1343283582089552,67,0.3229893142512028,0.1618436995793801,632,0,fixed_0.1
screening,2010,2015,2017,32_16,0.2,20,3,0.8212025316455697,0.110091743119266,109,0.7045311399232614,0.2917837056495208,632,0,0.8971518987341772,0.0895522388059701,67,0.3751970035468338,0.1817502412068396,632,0,fixed_0.2
screening,2010,2015,2017,32_16,0.3,20,3,0.8338607594936709,0.1376146788990825,109,0.6733311072773974,0.2697489787966579,632,0,0.8939873417721519,0.1194029850746268,67,0.3279356619963913,0.1780881554316605,632,0,fixed_0.3
screening,2010,2015,2017,32_16,0.5,20,3,0.814873417721519,0.0825688073394495,109,0.6558520478503416,0.2857845528971505,632,0,0.8971518987341772,0.0895522388059701,67,0.3450772781453372,0.1716673457260339,632,0,fixed_0.5
screening,2010,2015,2017,32_16,1.0,20,3,0.7927215189873418,0.110091743119266,109,0.5533079928927689,0.2886428988739821,632,0,0.8955696202531646,0.0895522388059701,67,0.4232815103053308,0.1892521727035422,632,0,fixed_1
screening,2010,2015,2017,32_16,1.0,50,3,0.7927215189873418,0.110091743119266,109,0.5533079928927689,0.2886428988739821,632,0,0.8955696202531646,0.0895522388059701,67,0.4232815103053308,0.1892521727035422,632,0,validation_all_rates
screening,2010,2015,2017,32_16,0.5,50,3,0.8069620253164557,0.1376146788990825,109,0.6378783426718229,0.2986429363821757,632,0,0.8939873417721519,0.0746268656716417,67,0.3353553862347782,0.1683272832143199,632,0,validation_midrange
screening,2010,2015,2017,32_16,0.3,50,3,0.8338607594936709,0.1376146788990825,109,0.6733311072773974,0.2697489787966579,632,0,0.8939873417721519,0.1194029850746268,67,0.3279356619963913,0.1780881554316605,632,0,validation_compact
screening,2010,2015,2017,32_16,0.01,50,3,0.8037974683544303,0.3302752293577982,109,0.7431280275727712,0.3087617523951377,632,0,0.8591772151898734,0.4029850746268656,67,0.3815598606334162,0.202014128144685,632,0,fixed_0.01
screening,2010,2015,2017,32_16,0.03,50,3,0.8449367088607594,0.1926605504587156,109,0.6789605107200253,0.266364140669266,632,0,0.8686708860759493,0.2537313432835821,67,0.3396182391235016,0.1731408094168005,632,0,fixed_0.03
screening,2010,2015,2017,32_16,0.05,50,3,0.8306962025316456,0.2201834862385321,109,0.7071197924169355,0.2842149891341862,632,0,0.9003164556962026,0.1343283582089552,67,0.3249276839027553,0.1631099476857129,632,0,fixed_0.05
screening,2010,2015,2017,32_16,0.1,50,3,0.8069620253164557,0.1651376146788991,109,0.6988554962225701,0.2918212180889272,632,0,0.9003164556962026,0.1343283582089552,67,0.3229893142512028,0.1618436995793801,632,0,fixed_0.1
screening,2010,2015,2017,32_16,0.2,50,3,0.8180379746835443,0.128440366972477,109,0.7033593336509731,0.2948134334633353,632,0,0.8971518987341772,0.0895522388059701,67,0.3743798447894172,0.1788241110686856,632,0,fixed_0.2
screening,2010,2015,2017,32_16,0.3,50,3,0.8338607594936709,0.1376146788990825,109,0.6733311072773974,0.2697489787966579,632,0,0.8939873417721519,0.1194029850746268,67,0.3279356619963913,0.1780881554316605,632,0,fixed_0.3
screening,2010,2015,2017,32_16,0.5,50,3,0.8069620253164557,0.1376146788990825,109,0.6378783426718229,0.2986429363821757,632,0,0.8939873417721519,0.0746268656716417,67,0.3353553862347782,0.1683272832143199,632,0,fixed_0.5
screening,2010,2015,2017,32_16,1.0,50,3,0.7927215189873418,0.110091743119266,109,0.5533079928927689,0.2886428988739821,632,0,0.8955696202531646,0.0895522388059701,67,0.4232815103053308,0.1892521727035422,632,0,fixed_1
screening,2010,2015,2017,64_32,1.0,10,3,0.8481012658227848,0.2752293577981651,109,0.5832278281902241,0.2570157611308238,632,0,0.8734177215189873,0.0895522388059701,67,0.4783464882670695,0.1980028146819613,632,0,validation_all_rates
screening,2010,2015,2017,64_32,0.5,10,3,0.8037974683544303,0.1559633027522936,109,0.6566867280624683,0.3044098471168753,632,0,0.8971518987341772,0.0895522388059701,67,0.3611268532605045,0.1761164021225136,632,0,validation_midrange
screening,2010,2015,2017,64_32,0.3,10,3,0.8212025316455697,0.1743119266055046,109,0.7112737095257999,0.292649939863235,632,0,0.8955696202531646,0.0746268656716417,67,0.3601107229354209,0.1798346840250199,632,0,validation_compact
screening,2010,2015,2017,64_32,0.01,10,3,0.7848101265822784,0.4403669724770642,109,0.8477660139668267,0.3367707192952089,632,0,0.8401898734177216,0.4925373134328358,67,0.5336478915446141,0.2454605090753052,632,0,fixed_0.01
screening,2010,2015,2017,64_32,0.03,10,3,0.7800632911392406,0.4403669724770642,109,0.8733315700791625,0.3411948371216793,632,0,0.8259493670886076,0.4776119402985074,67,0.6147667438810467,0.2732215146208069,632,0,fixed_0.03
screening,2010,2015,2017,64_32,0.05,10,3,0.7674050632911392,0.1559633027522936,109,0.7810629658717315,0.3366003480994755,632,0,0.8987341772151899,0.2388059701492537,67,0.305212667607176,0.1562100958728754,632,0,fixed_0.05
screening,2010,2015,2017,64_32,0.1,10,3,0.7768987341772152,0.1376146788990825,109,0.798473840933433,0.343620260346978,632,0,0.8939873417721519,0.0746268656716417,67,0.3201788470378392,0.1657770608365911,632,0,fixed_0.1
screening,2010,2015,2017,64_32,0.2,10,3,0.805379746835443,0.1651376146788991,109,0.7202784830173856,0.3082416186809684,632,0,0.8955696202531646,0.0746268656716417,67,0.3226900101818464,0.1693282496580825,632,0,fixed_0.2
screening,2010,2015,2017,64_32,0.3,10,3,0.8212025316455697,0.1743119266055046,109,0.7112737095257999,0.292649939863235,632,0,0.8955696202531646,0.0746268656716417,67,0.3601107229354209,0.1798346840250199,632,0,fixed_0.3
screening,2010,2015,2017,64_32,0.5,10,3,0.8037974683544303,0.1559633027522936,109,0.6566867280624683,0.3044098471168753,632,0,0.8971518987341772,0.0895522388059701,67,0.3611268532605045,0.1761164021225136,632,0,fixed_0.5
screening,2010,2015,2017,64_32,1.0,10,3,0.8481012658227848,0.2752293577981651,109,0.5832278281902241,0.2570157611308238,632,0,0.8734177215189873,0.0895522388059701,67,0.4783464882670695,0.1980028146819613,632,0,fixed_1
screening,2010,2015,2017,64_32,1.0,20,3,0.8481012658227848,0.2752293577981651,109,0.5832278281902241,0.2570157611308238,632,0,0.8734177215189873,0.0895522388059701,67,0.4783464882670695,0.1980028146819613,632,0,validation_all_rates
screening,2010,2015,2017,64_32,0.5,20,3,0.8275316455696202,0.1834862385321101,109,0.6176977173703057,0.280808105977712,632,0,0.8955696202531646,0.0895522388059701,67,0.3728714480460341,0.1782856457599593,632,0,validation_midrange
screening,2010,2015,2017,64_32,0.3,20,3,0.8291139240506329,0.1559633027522936,109,0.6778084220434939,0.2719492840531936,632,0,0.8765822784810127,0.1044776119402985,67,0.3917129122154452,0.1955587096615375,632,0,validation_compact
screening,2010,2015,2017,64_32,0.01,20,3,0.7848101265822784,0.4403669724770642,109,0.8477660139668267,0.3367707192952089,632,0,0.8401898734177216,0.4925373134328358,67,0.5336478915446141,0.2454605090753052,632,0,fixed_0.01
screening,2010,2015,2017,64_32,0.03,20,3,0.7737341772151899,0.1651376146788991,109,0.7711788840264837,0.3298874167590533,632,0,0.8971518987341772,0.1940298507462686,67,0.3062015213816779,0.1555041215274366,632,0,fixed_0.03
screening,2010,2015,2017,64_32,0.05,20,3,0.7863924050632911,0.1834862385321101,109,0.7505536476253053,0.3175624858076104,632,0,0.9003164556962026,0.2238805970149253,67,0.301276062084877,0.1562322716547481,632,0,fixed_0.05
screening,2010,2015,2017,64_32,0.1,20,3,0.8164556962025317,0.1834862385321101,109,0.6921739319177446,0.2974490738619837,632,0,0.8908227848101266,0.0895522388059701,67,0.3954921307374989,0.1848782887361193,632,0,fixed_0.1
screening,2010,2015,2017,64_32,0.2,20,3,0.8243670886075949,0.1651376146788991,109,0.670418755667809,0.2878818024672977,632,0,0.884493670886076,0.0746268656716417,67,0.3395635378083088,0.1786783366687545,632,0,fixed_0.2
screening,2010,2015,2017,64_32,0.3,20,3,0.8291139240506329,0.1559633027522936,109,0.6778084220434939,0.2719492840531936,632,0,0.8765822784810127,0.1044776119402985,67,0.3917129122154452,0.1955587096615375,632,0,fixed_0.3
screening,2010,2015,2017,64_32,0.5,20,3,0.8275316455696202,0.1834862385321101,109,0.6176977173703057,0.280808105977712,632,0,0.8955696202531646,0.0895522388059701,67,0.3728714480460341,0.1782856457599593,632,0,fixed_0.5
screening,2010,2015,2017,64_32,1.0,20,3,0.8481012658227848,0.2752293577981651,109,0.5832278281902241,0.2570157611308238,632,0,0.8734177215189873,0.0895522388059701,67,0.4783464882670695,0.1980028146819613,632,0,fixed_1
screening,2010,2015,2017,64_32,1.0,50,3,0.8528481012658228,0.3119266055045872,109,0.5265176913188874,0.2517194594782539,632,0,0.875,0.0895522388059701,67,0.4909279161277108,0.206930517711232,632,0,validation_all_rates
screening,2010,2015,2017,64_32,0.3,50,3,0.8306962025316456,0.1559633027522936,109,0.5632197587045703,0.2659500004672827,632,0,0.8734177215189873,0.1492537313432835,67,0.444191509248346,0.2061699044694368,632,0,validation_midrange
screening,2010,2015,2017,64_32,0.3,50,3,0.8306962025316456,0.1559633027522936,109,0.5632197587045703,0.2659500004672827,632,0,0.8734177215189873,0.1492537313432835,67,0.444191509248346,0.2061699044694368,632,0,validation_compact
screening,2010,2015,2017,64_32,0.01,50,3,0.8022151898734177,0.2568807339449541,109,0.7250245751169601,0.3064724977970597,632,0,0.8955696202531646,0.1492537313432835,67,0.3247854838962951,0.1632100345370771,632,0,fixed_0.01
screening,2010,2015,2017,64_32,0.03,50,3,0.8544303797468354,0.2844036697247706,109,0.6628073734902041,0.2597376206434619,632,0,0.8512658227848101,0.2238805970149253,67,0.3435699970252992,0.1885037582775478,632,0,fixed_0.03
screening,2010,2015,2017,64_32,0.05,50,3,0.8386075949367089,0.2110091743119266,109,0.6645273074882789,0.274134962142781,632,0,0.8765822784810127,0.1492537313432835,67,0.4177788809864729,0.1967035332430373,632,0,fixed_0.05
screening,2010,2015,2017,64_32,0.1,50,3,0.8496835443037974,0.2660550458715596,109,0.6525977973188728,0.2626243555368355,632,0,0.8718354430379747,0.1343283582089552,67,0.4773936317985856,0.2082340194970316,632,0,fixed_0.1
screening,2010,2015,2017,64_32,0.2,50,3,0.8291139240506329,0.1743119266055046,109,0.6163089239092111,0.2804555073270809,632,0,0.8765822784810127,0.0746268656716417,67,0.4385844155415571,0.2010991884944183,632,0,fixed_0.2
screening,2010,2015,2017,64_32,0.3,50,3,0.8306962025316456,0.1559633027522936,109,0.5632197587045703,0.2659500004672827,632,0,0.8734177215189873,0.1492537313432835,67,0.444191509248346,0.2061699044694368,632,0,fixed_0.3
screening,2010,2015,2017,64_32,0.5,50,3,0.8386075949367089,0.1743119266055046,109,0.5664785797025266,0.2630305892075085,632,0,0.8781645569620253,0.0895522388059701,67,0.4307515991354231,0.1970127414126689,632,0,fixed_0.5
screening,2010,2015,2017,64_32,1.0,50,3,0.8528481012658228,0.3119266055045872,109,0.5265176913188874,0.2517194594782539,632,0,0.875,0.0895522388059701,67,0.4909279161277108,0.206930517711232,632,0,fixed_1
screening,2015,2017,2019,16,0.05,10,3,0.8955696202531646,0.0895522388059701,67,0.2936526961880843,0.1566767902382952,632,0,0.8670886075949367,0.1184210526315789,76,0.3173929680639533,0.1857285159696652,632,0,validation_all_rates
screening,2015,2017,2019,16,0.2,10,3,0.8955696202531646,0.1044776119402985,67,0.2995134199564676,0.1608507038552047,632,0,0.8860759493670886,0.2236842105263158,76,0.2919570037068822,0.1727006888305506,632,0,validation_midrange
screening,2015,2017,2019,16,0.1,10,3,0.8955696202531646,0.1044776119402985,67,0.3009499599956702,0.1620406979109798,632,0,0.8939873417721519,0.2631578947368421,76,0.2735762626680181,0.1607187429083799,632,0,validation_compact
screening,2015,2017,2019,16,0.01,10,3,0.8955696202531646,0.0895522388059701,67,0.2938295581915676,0.157200309100101,632,0,0.870253164556962,0.1184210526315789,76,0.3123427769656342,0.1835324744822936,632,0,fixed_0.01
screening,2015,2017,2019,16,0.03,10,3,0.8955696202531646,0.0895522388059701,67,0.2937358245616566,0.1570414211552914,632,0,0.8670886075949367,0.1184210526315789,76,0.3161254308445977,0.1855707847029223,632,0,fixed_0.03
screening,2015,2017,2019,16,0.05,10,3,0.8955696202531646,0.0895522388059701,67,0.2936526961880843,0.1566767902382952,632,0,0.8670886075949367,0.1184210526315789,76,0.3173929680639533,0.1857285159696652,632,0,fixed_0.05
screening,2015,2017,2019,16,0.1,10,3,0.8955696202531646,0.1044776119402985,67,0.3009499599956702,0.1620406979109798,632,0,0.8939873417721519,0.2631578947368421,76,0.2735762626680181,0.1607187429083799,632,0,fixed_0.1
screening,2015,2017,2019,16,0.2,10,3,0.8955696202531646,0.1044776119402985,67,0.2995134199564676,0.1608507038552047,632,0,0.8860759493670886,0.2236842105263158,76,0.2919570037068822,0.1727006888305506,632,0,fixed_0.2
screening,2015,2017,2019,16,0.3,10,3,0.8939873417721519,0.0895522388059701,67,0.3346653411682934,0.1748602231101773,632,0,0.8987341772151899,0.3421052631578947,76,0.2431212651431018,0.1418741507791656,632,0,fixed_0.3
screening,2015,2017,2019,16,0.5,10,3,0.8908227848101266,0.0895522388059701,67,0.3743340895929247,0.1828048138196535,632,0,0.9082278481012658,0.4473684210526316,76,0.2223287495328064,0.126089803171652,632,0,fixed_0.5
screening,2015,2017,2019,16,1.0,10,3,0.8908227848101266,0.0895522388059701,67,0.3914757462096004,0.182780094760821,632,0,0.903481012658228,0.3947368421052631,76,0.2447976325032926,0.1418503616441294,632,0,fixed_1
screening,2015,2017,2019,16,0.05,20,3,0.8955696202531646,0.0895522388059701,67,0.2936526961880843,0.1566767902382952,632,0,0.8670886075949367,0.1184210526315789,76,0.3173929680639533,0.1857285159696652,632,0,validation_all_rates
screening,2015,2017,2019,16,0.2,20,3,0.8955696202531646,0.1044776119402985,67,0.2995134199564676,0.1608507038552047,632,0,0.8860759493670886,0.2236842105263158,76,0.2919570037068822,0.1727006888305506,632,0,validation_midrange
screening,2015,2017,2019,16,0.1,20,3,0.8955696202531646,0.1044776119402985,67,0.3009499599956702,0.1620406979109798,632,0,0.8939873417721519,0.2631578947368421,76,0.2735762626680181,0.1607187429083799,632,0,validation_compact
screening,2015,2017,2019,16,0.01,20,3,0.8955696202531646,0.0895522388059701,67,0.2938295581915676,0.157200309100101,632,0,0.870253164556962,0.1184210526315789,76,0.3123427769656342,0.1835324744822936,632,0,fixed_0.01
screening,2015,2017,2019,16,0.03,20,3,0.8955696202531646,0.0895522388059701,67,0.2937358245616566,0.1570414211552914,632,0,0.8670886075949367,0.1184210526315789,76,0.3161254308445977,0.1855707847029223,632,0,fixed_0.03
screening,2015,2017,2019,16,0.05,20,3,0.8955696202531646,0.0895522388059701,67,0.2936526961880843,0.1566767902382952,632,0,0.8670886075949367,0.1184210526315789,76,0.3173929680639533,0.1857285159696652,632,0,fixed_0.05
screening,2015,2017,2019,16,0.1,20,3,0.8955696202531646,0.1044776119402985,67,0.3009499599956702,0.1620406979109798,632,0,0.8939873417721519,0.2631578947368421,76,0.2735762626680181,0.1607187429083799,632,0,fixed_0.1
screening,2015,2017,2019,16,0.2,20,3,0.8955696202531646,0.1044776119402985,67,0.2995134199564676,0.1608507038552047,632,0,0.8860759493670886,0.2236842105263158,76,0.2919570037068822,0.1727006888305506,632,0,fixed_0.2
screening,2015,2017,2019,16,0.3,20,3,0.8939873417721519,0.0895522388059701,67,0.3346653411682934,0.1748602231101773,632,0,0.8987341772151899,0.3421052631578947,76,0.2431212651431018,0.1418741507791656,632,0,fixed_0.3
screening,2015,2017,2019,16,0.5,20,3,0.8908227848101266,0.0895522388059701,67,0.3743340895929247,0.1828048138196535,632,0,0.9082278481012658,0.4473684210526316,76,0.2223287495328064,0.126089803171652,632,0,fixed_0.5
screening,2015,2017,2019,16,1.0,20,3,0.8908227848101266,0.0895522388059701,67,0.3914757462096004,0.182780094760821,632,0,0.903481012658228,0.3947368421052631,76,0.2447976325032926,0.1418503616441294,632,0,fixed_1
screening,2015,2017,2019,16,0.05,50,3,0.8955696202531646,0.0895522388059701,67,0.2936526961880843,0.1566767902382952,632,0,0.8670886075949367,0.1184210526315789,76,0.3173929680639533,0.1857285159696652,632,0,validation_all_rates
screening,2015,2017,2019,16,0.2,50,3,0.8955696202531646,0.1044776119402985,67,0.2995134199564676,0.1608507038552047,632,0,0.8860759493670886,0.2236842105263158,76,0.2919570037068822,0.1727006888305506,632,0,validation_midrange
screening,2015,2017,2019,16,0.1,50,3,0.8955696202531646,0.1044776119402985,67,0.3009499599956702,0.1620406979109798,632,0,0.8939873417721519,0.2631578947368421,76,0.2735762626680181,0.1607187429083799,632,0,validation_compact
screening,2015,2017,2019,16,0.01,50,3,0.8955696202531646,0.0895522388059701,67,0.2938295581915676,0.157200309100101,632,0,0.870253164556962,0.1184210526315789,76,0.3123427769656342,0.1835324744822936,632,0,fixed_0.01
screening,2015,2017,2019,16,0.03,50,3,0.8955696202531646,0.0895522388059701,67,0.2937358245616566,0.1570414211552914,632,0,0.8670886075949367,0.1184210526315789,76,0.3161254308445977,0.1855707847029223,632,0,fixed_0.03
screening,2015,2017,2019,16,0.05,50,3,0.8955696202531646,0.0895522388059701,67,0.2936526961880843,0.1566767902382952,632,0,0.8670886075949367,0.1184210526315789,76,0.3173929680639533,0.1857285159696652,632,0,fixed_0.05
screening,2015,2017,2019,16,0.1,50,3,0.8955696202531646,0.1044776119402985,67,0.3009499599956702,0.1620406979109798,632,0,0.8939873417721519,0.2631578947368421,76,0.2735762626680181,0.1607187429083799,632,0,fixed_0.1
screening,2015,2017,2019,16,0.2,50,3,0.8955696202531646,0.1044776119402985,67,0.2995134199564676,0.1608507038552047,632,0,0.8860759493670886,0.2236842105263158,76,0.2919570037068822,0.1727006888305506,632,0,fixed_0.2
screening,2015,2017,2019,16,0.3,50,3,0.8939873417721519,0.0895522388059701,67,0.3346653411682934,0.1748602231101773,632,0,0.8987341772151899,0.3421052631578947,76,0.2431212651431018,0.1418741507791656,632,0,fixed_0.3
screening,2015,2017,2019,16,0.5,50,3,0.8908227848101266,0.0895522388059701,67,0.3743340895929247,0.1828048138196535,632,0,0.9082278481012658,0.4473684210526316,76,0.2223287495328064,0.126089803171652,632,0,fixed_0.5
screening,2015,2017,2019,16,1.0,50,3,0.8908227848101266,0.0895522388059701,67,0.3914757462096004,0.182780094760821,632,0,0.903481012658228,0.3947368421052631,76,0.2447976325032926,0.1418503616441294,632,0,fixed_1
screening,2015,2017,2019,32,0.01,10,3,0.8908227848101266,0.1044776119402985,67,0.3135107792992019,0.1694669111998094,632,0,0.8670886075949367,0.2631578947368421,76,0.2982320390941596,0.1749012323774275,632,0,validation_all_rates
screening,2015,2017,2019,32,0.1,10,3,0.8955696202531646,0.1044776119402985,67,0.3221177358917869,0.1709125758135228,632,0,0.8908227848101266,0.2894736842105263,76,0.2726503353304187,0.1590783592602899,632,0,validation_midrange
screening,2015,2017,2019,32,0.1,10,3,0.8955696202531646,0.1044776119402985,67,0.3221177358917869,0.1709125758135228,632,0,0.8908227848101266,0.2894736842105263,76,0.2726503353304187,0.1590783592602899,632,0,validation_compact
screening,2015,2017,2019,32,0.01,10,3,0.8908227848101266,0.1044776119402985,67,0.3135107792992019,0.1694669111998094,632,0,0.8670886075949367,0.2631578947368421,76,0.2982320390941596,0.1749012323774275,632,0,fixed_0.01
screening,2015,2017,2019,32,0.03,10,3,0.8908227848101266,0.1343283582089552,67,0.3135613181521244,0.1705151947695081,632,0,0.8512658227848101,0.2631578947368421,76,0.3073251116031262,0.1803249094607608,632,0,fixed_0.03
screening,2015,2017,2019,32,0.05,10,3,0.8892405063291139,0.1044776119402985,67,0.3138929298774064,0.1698944289194051,632,0,0.8607594936708861,0.2631578947368421,76,0.3029886333399209,0.1777319980845653,632,0,fixed_0.05
screening,2015,2017,2019,32,0.1,10,3,0.8955696202531646,0.1044776119402985,67,0.3221177358917869,0.1709125758135228,632,0,0.8908227848101266,0.2894736842105263,76,0.2726503353304187,0.1590783592602899,632,0,fixed_0.1
screening,2015,2017,2019,32,0.2,10,3,0.8955696202531646,0.1044776119402985,67,0.3286285006797509,0.1733087467298861,632,0,0.8908227848101266,0.3289473684210526,76,0.2804989777374749,0.1639120831335541,632,0,fixed_0.2
screening,2015,2017,2019,32,0.3,10,3,0.8908227848101266,0.0895522388059701,67,0.3802676930479651,0.1894333083684062,632,0,0.9098101265822784,0.4736842105263157,76,0.2393945027757424,0.1354663566632165,632,0,fixed_0.3
screening,2015,2017,2019,32,0.5,10,3,0.8781645569620253,0.1044776119402985,67,0.477594866110715,0.2113505216824386,632,0,0.9145569620253164,0.5657894736842105,76,0.2251927069468104,0.1234370013054599,632,0,fixed_0.5
screening,2015,2017,2019,32,1.0,10,3,0.8939873417721519,0.0895522388059701,67,0.4181744235779591,0.1868759722063381,632,0,0.9018987341772152,0.3815789473684211,76,0.2124350025967161,0.1281286470999238,632,0,fixed_1
screening,2015,2017,2019,32,0.01,20,3,0.8908227848101266,0.1044776119402985,67,0.3135107792992019,0.1694669111998094,632,0,0.8670886075949367,0.2631578947368421,76,0.2982320390941596,0.1749012323774275,632,0,validation_all_rates
screening,2015,2017,2019,32,0.1,20,3,0.8955696202531646,0.1044776119402985,67,0.3221177358917869,0.1709125758135228,632,0,0.8908227848101266,0.2894736842105263,76,0.2726503353304187,0.1590783592602899,632,0,validation_midrange
screening,2015,2017,2019,32,0.1,20,3,0.8955696202531646,0.1044776119402985,67,0.3221177358917869,0.1709125758135228,632,0,0.8908227848101266,0.2894736842105263,76,0.2726503353304187,0.1590783592602899,632,0,validation_compact
screening,2015,2017,2019,32,0.01,20,3,0.8908227848101266,0.1044776119402985,67,0.3135107792992019,0.1694669111998094,632,0,0.8670886075949367,0.2631578947368421,76,0.2982320390941596,0.1749012323774275,632,0,fixed_0.01
screening,2015,2017,2019,32,0.03,20,3,0.8908227848101266,0.1343283582089552,67,0.3135613181521244,0.1705151947695081,632,0,0.8512658227848101,0.2631578947368421,76,0.3073251116031262,0.1803249094607608,632,0,fixed_0.03
screening,2015,2017,2019,32,0.05,20,3,0.8892405063291139,0.1044776119402985,67,0.3138929298774064,0.1698944289194051,632,0,0.8607594936708861,0.2631578947368421,76,0.3029886333399209,0.1777319980845653,632,0,fixed_0.05
screening,2015,2017,2019,32,0.1,20,3,0.8955696202531646,0.1044776119402985,67,0.3221177358917869,0.1709125758135228,632,0,0.8908227848101266,0.2894736842105263,76,0.2726503353304187,0.1590783592602899,632,0,fixed_0.1
screening,2015,2017,2019,32,0.2,20,3,0.8955696202531646,0.1044776119402985,67,0.3286285006797509,0.1733087467298861,632,0,0.8908227848101266,0.3289473684210526,76,0.2804989777374749,0.1639120831335541,632,0,fixed_0.2
screening,2015,2017,2019,32,0.3,20,3,0.8908227848101266,0.0895522388059701,67,0.3802676930479651,0.1894333083684062,632,0,0.9098101265822784,0.4736842105263157,76,0.2393945027757424,0.1354663566632165,632,0,fixed_0.3
screening,2015,2017,2019,32,0.5,20,3,0.8781645569620253,0.1044776119402985,67,0.477594866110715,0.2113505216824386,632,0,0.9145569620253164,0.5657894736842105,76,0.2251927069468104,0.1234370013054599,632,0,fixed_0.5
screening,2015,2017,2019,32,1.0,20,3,0.8939873417721519,0.0895522388059701,67,0.4181744235779591,0.1868759722063381,632,0,0.9018987341772152,0.3815789473684211,76,0.2124350025967161,0.1281286470999238,632,0,fixed_1
screening,2015,2017,2019,32,0.01,50,3,0.8908227848101266,0.1044776119402985,67,0.3135107792992019,0.1694669111998094,632,0,0.8670886075949367,0.2631578947368421,76,0.2982320390941596,0.1749012323774275,632,0,validation_all_rates
screening,2015,2017,2019,32,0.1,50,3,0.8955696202531646,0.1044776119402985,67,0.3221177358917869,0.1709125758135228,632,0,0.8908227848101266,0.2894736842105263,76,0.2726503353304187,0.1590783592602899,632,0,validation_midrange
screening,2015,2017,2019,32,0.1,50,3,0.8955696202531646,0.1044776119402985,67,0.3221177358917869,0.1709125758135228,632,0,0.8908227848101266,0.2894736842105263,76,0.2726503353304187,0.1590783592602899,632,0,validation_compact
screening,2015,2017,2019,32,0.01,50,3,0.8908227848101266,0.1044776119402985,67,0.3135107792992019,0.1694669111998094,632,0,0.8670886075949367,0.2631578947368421,76,0.2982320390941596,0.1749012323774275,632,0,fixed_0.01
screening,2015,2017,2019,32,0.03,50,3,0.8908227848101266,0.1343283582089552,67,0.3135613181521244,0.1705151947695081,632,0,0.8512658227848101,0.2631578947368421,76,0.3073251116031262,0.1803249094607608,632,0,fixed_0.03
screening,2015,2017,2019,32,0.05,50,3,0.8892405063291139,0.1044776119402985,67,0.3138929298774064,0.1698944289194051,632,0,0.8607594936708861,0.2631578947368421,76,0.3029886333399209,0.1777319980845653,632,0,fixed_0.05
screening,2015,2017,2019,32,0.1,50,3,0.8955696202531646,0.1044776119402985,67,0.3221177358917869,0.1709125758135228,632,0,0.8908227848101266,0.2894736842105263,76,0.2726503353304187,0.1590783592602899,632,0,fixed_0.1
screening,2015,2017,2019,32,0.2,50,3,0.8955696202531646,0.1044776119402985,67,0.3286285006797509,0.1733087467298861,632,0,0.8908227848101266,0.3289473684210526,76,0.2804989777374749,0.1639120831335541,632,0,fixed_0.2
screening,2015,2017,2019,32,0.3,50,3,0.8908227848101266,0.0895522388059701,67,0.3802676930479651,0.1894333083684062,632,0,0.9098101265822784,0.4736842105263157,76,0.2393945027757424,0.1354663566632165,632,0,fixed_0.3
screening,2015,2017,2019,32,0.5,50,3,0.8781645569620253,0.1044776119402985,67,0.477594866110715,0.2113505216824386,632,0,0.9145569620253164,0.5657894736842105,76,0.2251927069468104,0.1234370013054599,632,0,fixed_0.5
screening,2015,2017,2019,32,1.0,50,3,0.8939873417721519,0.0895522388059701,67,0.4181744235779591,0.1868759722063381,632,0,0.9018987341772152,0.3815789473684211,76,0.2124350025967161,0.1281286470999238,632,0,fixed_1
screening,2015,2017,2019,32_16,0.3,10,3,0.8939873417721519,0.0895522388059701,67,0.3097361365561037,0.1640708877908001,632,0,0.8908227848101266,0.2631578947368421,76,0.2689924785278881,0.1591095712677986,632,0,validation_all_rates
screening,2015,2017,2019,32_16,0.3,10,3,0.8939873417721519,0.0895522388059701,67,0.3097361365561037,0.1640708877908001,632,0,0.8908227848101266,0.2631578947368421,76,0.2689924785278881,0.1591095712677986,632,0,validation_midrange
screening,2015,2017,2019,32_16,0.3,10,3,0.8939873417721519,0.0895522388059701,67,0.3097361365561037,0.1640708877908001,632,0,0.8908227848101266,0.2631578947368421,76,0.2689924785278881,0.1591095712677986,632,0,validation_compact
screening,2015,2017,2019,32_16,0.01,10,3,0.8955696202531646,0.1492537313432835,67,0.3354956756175495,0.1752016581585522,632,0,0.8370253164556962,0.2368421052631578,76,0.3353838069856679,0.1897196078109488,632,0,fixed_0.01
screening,2015,2017,2019,32_16,0.03,10,3,0.8955696202531646,0.0895522388059701,67,0.3278248838291043,0.1692739376637924,632,0,0.8781645569620253,0.2368421052631578,76,0.3130058009615661,0.1798596068617219,632,0,fixed_0.03
screening,2015,2017,2019,32_16,0.05,10,3,0.8987341772151899,0.1044776119402985,67,0.3341528310705293,0.1698667135205345,632,0,0.8955696202531646,0.3157894736842105,76,0.2838352616352669,0.1620252229468118,632,0,fixed_0.05
screening,2015,2017,2019,32_16,0.1,10,3,0.8955696202531646,0.0895522388059701,67,0.3251431147531967,0.167921035737287,632,0,0.8813291139240507,0.2368421052631578,76,0.3027449397379219,0.1756935304291238,632,0,fixed_0.1
screening,2015,2017,2019,32_16,0.2,10,3,0.8955696202531646,0.0895522388059701,67,0.311917033648354,0.165159644940051,632,0,0.8734177215189873,0.2236842105263158,76,0.3088345670106834,0.1825924402604908,632,0,fixed_0.2
screening,2015,2017,2019,32_16,0.3,10,3,0.8939873417721519,0.0895522388059701,67,0.3097361365561037,0.1640708877908001,632,0,0.8908227848101266,0.2631578947368421,76,0.2689924785278881,0.1591095712677986,632,0,fixed_0.3
screening,2015,2017,2019,32_16,0.5,10,3,0.8939873417721519,0.0895522388059701,67,0.3470526787342748,0.1760548958203213,632,0,0.9018987341772152,0.3421052631578947,76,0.2484195315891995,0.1449475253843214,632,0,fixed_0.5
screening,2015,2017,2019,32_16,1.0,10,3,0.8924050632911392,0.0746268656716417,67,0.3537932310869336,0.1770629511368348,632,0,0.9003164556962026,0.4210526315789473,76,0.2505794370827223,0.1427855346664755,632,0,fixed_1
screening,2015,2017,2019,32_16,0.3,20,3,0.8939873417721519,0.0895522388059701,67,0.3097361365561037,0.1640708877908001,632,0,0.8908227848101266,0.2631578947368421,76,0.2689924785278881,0.1591095712677986,632,0,validation_all_rates
screening,2015,2017,2019,32_16,0.3,20,3,0.8939873417721519,0.0895522388059701,67,0.3097361365561037,0.1640708877908001,632,0,0.8908227848101266,0.2631578947368421,76,0.2689924785278881,0.1591095712677986,632,0,validation_midrange
screening,2015,2017,2019,32_16,0.3,20,3,0.8939873417721519,0.0895522388059701,67,0.3097361365561037,0.1640708877908001,632,0,0.8908227848101266,0.2631578947368421,76,0.2689924785278881,0.1591095712677986,632,0,validation_compact
screening,2015,2017,2019,32_16,0.01,20,3,0.8955696202531646,0.1492537313432835,67,0.3354956756175495,0.1752016581585522,632,0,0.8370253164556962,0.2368421052631578,76,0.3353838069856679,0.1897196078109488,632,0,fixed_0.01
screening,2015,2017,2019,32_16,0.03,20,3,0.8955696202531646,0.0895522388059701,67,0.3278248838291043,0.1692739376637924,632,0,0.8781645569620253,0.2368421052631578,76,0.3130058009615661,0.1798596068617219,632,0,fixed_0.03
screening,2015,2017,2019,32_16,0.05,20,3,0.8987341772151899,0.1044776119402985,67,0.3341528310705293,0.1698667135205345,632,0,0.8955696202531646,0.3157894736842105,76,0.2838352616352669,0.1620252229468118,632,0,fixed_0.05
screening,2015,2017,2019,32_16,0.1,20,3,0.8955696202531646,0.0895522388059701,67,0.3251431147531967,0.167921035737287,632,0,0.8813291139240507,0.2368421052631578,76,0.3027449397379219,0.1756935304291238,632,0,fixed_0.1
screening,2015,2017,2019,32_16,0.2,20,3,0.8955696202531646,0.0895522388059701,67,0.311917033648354,0.165159644940051,632,0,0.8734177215189873,0.2236842105263158,76,0.3088345670106834,0.1825924402604908,632,0,fixed_0.2
screening,2015,2017,2019,32_16,0.3,20,3,0.8939873417721519,0.0895522388059701,67,0.3097361365561037,0.1640708877908001,632,0,0.8908227848101266,0.2631578947368421,76,0.2689924785278881,0.1591095712677986,632,0,fixed_0.3
screening,2015,2017,2019,32_16,0.5,20,3,0.8939873417721519,0.0895522388059701,67,0.3470526787342748,0.1760548958203213,632,0,0.9018987341772152,0.3421052631578947,76,0.2484195315891995,0.1449475253843214,632,0,fixed_0.5
screening,2015,2017,2019,32_16,1.0,20,3,0.8924050632911392,0.0746268656716417,67,0.3537932310869336,0.1770629511368348,632,0,0.9003164556962026,0.4210526315789473,76,0.2505794370827223,0.1427855346664755,632,0,fixed_1
screening,2015,2017,2019,32_16,0.3,50,3,0.8939873417721519,0.0895522388059701,67,0.3097361365561037,0.1640708877908001,632,0,0.8908227848101266,0.2631578947368421,76,0.2689924785278881,0.1591095712677986,632,0,validation_all_rates
screening,2015,2017,2019,32_16,0.3,50,3,0.8939873417721519,0.0895522388059701,67,0.3097361365561037,0.1640708877908001,632,0,0.8908227848101266,0.2631578947368421,76,0.2689924785278881,0.1591095712677986,632,0,validation_midrange
screening,2015,2017,2019,32_16,0.3,50,3,0.8939873417721519,0.0895522388059701,67,0.3097361365561037,0.1640708877908001,632,0,0.8908227848101266,0.2631578947368421,76,0.2689924785278881,0.1591095712677986,632,0,validation_compact
screening,2015,2017,2019,32_16,0.01,50,3,0.8955696202531646,0.1492537313432835,67,0.3354956756175495,0.1752016581585522,632,0,0.8370253164556962,0.2368421052631578,76,0.3353838069856679,0.1897196078109488,632,0,fixed_0.01
screening,2015,2017,2019,32_16,0.03,50,3,0.8955696202531646,0.0895522388059701,67,0.3278248838291043,0.1692739376637924,632,0,0.8781645569620253,0.2368421052631578,76,0.3130058009615661,0.1798596068617219,632,0,fixed_0.03
screening,2015,2017,2019,32_16,0.05,50,3,0.8987341772151899,0.1044776119402985,67,0.3341528310705293,0.1698667135205345,632,0,0.8955696202531646,0.3157894736842105,76,0.2838352616352669,0.1620252229468118,632,0,fixed_0.05
screening,2015,2017,2019,32_16,0.1,50,3,0.8955696202531646,0.0895522388059701,67,0.3251431147531967,0.167921035737287,632,0,0.8813291139240507,0.2368421052631578,76,0.3027449397379219,0.1756935304291238,632,0,fixed_0.1
screening,2015,2017,2019,32_16,0.2,50,3,0.8955696202531646,0.0895522388059701,67,0.311917033648354,0.165159644940051,632,0,0.8734177215189873,0.2236842105263158,76,0.3088345670106834,0.1825924402604908,632,0,fixed_0.2
screening,2015,2017,2019,32_16,0.3,50,3,0.8939873417721519,0.0895522388059701,67,0.3097361365561037,0.1640708877908001,632,0,0.8908227848101266,0.2631578947368421,76,0.2689924785278881,0.1591095712677986,632,0,fixed_0.3
screening,2015,2017,2019,32_16,0.5,50,3,0.8939873417721519,0.0895522388059701,67,0.3470526787342748,0.1760548958203213,632,0,0.9018987341772152,0.3421052631578947,76,0.2484195315891995,0.1449475253843214,632,0,fixed_0.5
screening,2015,2017,2019,32_16,1.0,50,3,0.8924050632911392,0.0746268656716417,67,0.3537932310869336,0.1770629511368348,632,0,0.9003164556962026,0.4210526315789473,76,0.2505794370827223,0.1427855346664755,632,0,fixed_1
screening,2015,2017,2019,64_32,0.3,10,3,0.8955696202531646,0.1044776119402985,67,0.3065892131652707,0.1640882107140474,632,0,0.8955696202531646,0.3421052631578947,76,0.2629121264879847,0.1525217592902447,632,0,validation_all_rates
screening,2015,2017,2019,64_32,0.3,10,3,0.8955696202531646,0.1044776119402985,67,0.3065892131652707,0.1640882107140474,632,0,0.8955696202531646,0.3421052631578947,76,0.2629121264879847,0.1525217592902447,632,0,validation_midrange
screening,2015,2017,2019,64_32,0.3,10,3,0.8955696202531646,0.1044776119402985,67,0.3065892131652707,0.1640882107140474,632,0,0.8955696202531646,0.3421052631578947,76,0.2629121264879847,0.1525217592902447,632,0,validation_compact
screening,2015,2017,2019,64_32,0.01,10,3,0.8971518987341772,0.3134328358208955,67,0.348911924618144,0.1799306736314862,632,0,0.8386075949367089,0.2894736842105263,76,0.3390059107208221,0.1888804748769096,632,0,fixed_0.01
screening,2015,2017,2019,64_32,0.03,10,3,0.9003164556962026,0.1940298507462686,67,0.3403862960127382,0.1753225047790955,632,0,0.8512658227848101,0.2763157894736842,76,0.3199634407305886,0.1807637937393384,632,0,fixed_0.03
screening,2015,2017,2019,64_32,0.05,10,3,0.8971518987341772,0.0895522388059701,67,0.3386591132104405,0.1715016276443561,632,0,0.903481012658228,0.4078947368421052,76,0.2642238793795404,0.1491067364714279,632,0,fixed_0.05
screening,2015,2017,2019,64_32,0.1,10,3,0.8924050632911392,0.2686567164179104,67,0.3319607175280497,0.1739935073225014,632,0,0.8338607594936709,0.2631578947368421,76,0.3313008505945147,0.1899483765944445,632,0,fixed_0.1
screening,2015,2017,2019,64_32,0.2,10,3,0.8971518987341772,0.1044776119402985,67,0.3210407987899045,0.1661209219445855,632,0,0.9050632911392406,0.3421052631578947,76,0.2613807446641337,0.150438580307864,632,0,fixed_0.2
screening,2015,2017,2019,64_32,0.3,10,3,0.8955696202531646,0.1044776119402985,67,0.3065892131652707,0.1640882107140474,632,0,0.8955696202531646,0.3421052631578947,76,0.2629121264879847,0.1525217592902447,632,0,fixed_0.3
screening,2015,2017,2019,64_32,0.5,10,3,0.8939873417721519,0.1044776119402985,67,0.3689165076751817,0.1818073010646769,632,0,0.8781645569620253,0.3684210526315789,76,0.2881962370226911,0.1676752636497075,632,0,fixed_0.5
screening,2015,2017,2019,64_32,1.0,10,3,0.8908227848101266,0.0895522388059701,67,0.3305756888964374,0.1720089373810292,632,0,0.875,0.3684210526315789,76,0.2858192008406781,0.168623882384178,632,0,fixed_1
screening,2015,2017,2019,64_32,0.3,20,3,0.8955696202531646,0.1044776119402985,67,0.3065892131652707,0.1640882107140474,632,0,0.8955696202531646,0.3421052631578947,76,0.2629121264879847,0.1525217592902447,632,0,validation_all_rates
screening,2015,2017,2019,64_32,0.3,20,3,0.8955696202531646,0.1044776119402985,67,0.3065892131652707,0.1640882107140474,632,0,0.8955696202531646,0.3421052631578947,76,0.2629121264879847,0.1525217592902447,632,0,validation_midrange
screening,2015,2017,2019,64_32,0.3,20,3,0.8955696202531646,0.1044776119402985,67,0.3065892131652707,0.1640882107140474,632,0,0.8955696202531646,0.3421052631578947,76,0.2629121264879847,0.1525217592902447,632,0,validation_compact
screening,2015,2017,2019,64_32,0.01,20,3,0.8971518987341772,0.3134328358208955,67,0.348911924618144,0.1799306736314862,632,0,0.8386075949367089,0.2894736842105263,76,0.3390059107208221,0.1888804748769096,632,0,fixed_0.01
screening,2015,2017,2019,64_32,0.03,20,3,0.9003164556962026,0.1940298507462686,67,0.3403862960127382,0.1753225047790955,632,0,0.8512658227848101,0.2763157894736842,76,0.3199634407305886,0.1807637937393384,632,0,fixed_0.03
screening,2015,2017,2019,64_32,0.05,20,3,0.8971518987341772,0.0895522388059701,67,0.3386591132104405,0.1715016276443561,632,0,0.903481012658228,0.4078947368421052,76,0.2642238793795404,0.1491067364714279,632,0,fixed_0.05
screening,2015,2017,2019,64_32,0.1,20,3,0.8924050632911392,0.2686567164179104,67,0.3319607175280497,0.1739935073225014,632,0,0.8338607594936709,0.2631578947368421,76,0.3313008505945147,0.1899483765944445,632,0,fixed_0.1
screening,2015,2017,2019,64_32,0.2,20,3,0.8971518987341772,0.1044776119402985,67,0.3210407987899045,0.1661209219445855,632,0,0.9050632911392406,0.3421052631578947,76,0.2613807446641337,0.150438580307864,632,0,fixed_0.2
screening,2015,2017,2019,64_32,0.3,20,3,0.8955696202531646,0.1044776119402985,67,0.3065892131652707,0.1640882107140474,632,0,0.8955696202531646,0.3421052631578947,76,0.2629121264879847,0.1525217592902447,632,0,fixed_0.3
screening,2015,2017,2019,64_32,0.5,20,3,0.8939873417721519,0.1044776119402985,67,0.3689165076751817,0.1818073010646769,632,0,0.8781645569620253,0.3684210526315789,76,0.2881962370226911,0.1676752636497075,632,0,fixed_0.5
screening,2015,2017,2019,64_32,1.0,20,3,0.8908227848101266,0.0895522388059701,67,0.3305756888964374,0.1720089373810292,632,0,0.875,0.3684210526315789,76,0.2858192008406781,0.168623882384178,632,0,fixed_1
screening,2015,2017,2019,64_32,0.3,50,3,0.8955696202531646,0.1044776119402985,67,0.3065892131652707,0.1640882107140474,632,0,0.8955696202531646,0.3421052631578947,76,0.2629121264879847,0.1525217592902447,632,0,validation_all_rates
screening,2015,2017,2019,64_32,0.3,50,3,0.8955696202531646,0.1044776119402985,67,0.3065892131652707,0.1640882107140474,632,0,0.8955696202531646,0.3421052631578947,76,0.2629121264879847,0.1525217592902447,632,0,validation_midrange
screening,2015,2017,2019,64_32,0.3,50,3,0.8955696202531646,0.1044776119402985,67,0.3065892131652707,0.1640882107140474,632,0,0.8955696202531646,0.3421052631578947,76,0.2629121264879847,0.1525217592902447,632,0,validation_compact
screening,2015,2017,2019,64_32,0.01,50,3,0.8971518987341772,0.3134328358208955,67,0.348911924618144,0.1799306736314862,632,0,0.8386075949367089,0.2894736842105263,76,0.3390059107208221,0.1888804748769096,632,0,fixed_0.01
screening,2015,2017,2019,64_32,0.03,50,3,0.9003164556962026,0.1940298507462686,67,0.3403862960127382,0.1753225047790955,632,0,0.8512658227848101,0.2763157894736842,76,0.3199634407305886,0.1807637937393384,632,0,fixed_0.03
screening,2015,2017,2019,64_32,0.05,50,3,0.8971518987341772,0.0895522388059701,67,0.3386591132104405,0.1715016276443561,632,0,0.903481012658228,0.4078947368421052,76,0.2642238793795404,0.1491067364714279,632,0,fixed_0.05
screening,2015,2017,2019,64_32,0.1,50,3,0.8924050632911392,0.2686567164179104,67,0.3319607175280497,0.1739935073225014,632,0,0.8338607594936709,0.2631578947368421,76,0.3313008505945147,0.1899483765944445,632,0,fixed_0.1
screening,2015,2017,2019,64_32,0.2,50,3,0.8971518987341772,0.1044776119402985,67,0.3210407987899045,0.1661209219445855,632,0,0.9050632911392406,0.3421052631578947,76,0.2613807446641337,0.150438580307864,632,0,fixed_0.2
screening,2015,2017,2019,64_32,0.3,50,3,0.8955696202531646,0.1044776119402985,67,0.3065892131652707,0.1640882107140474,632,0,0.8955696202531646,0.3421052631578947,76,0.2629121264879847,0.1525217592902447,632,0,fixed_0.3
screening,2015,2017,2019,64_32,0.5,50,3,0.8939873417721519,0.1044776119402985,67,0.3689165076751817,0.1818073010646769,632,0,0.8781645569620253,0.3684210526315789,76,0.2881962370226911,0.1676752636497075,632,0,fixed_0.5
screening,2015,2017,2019,64_32,1.0,50,3,0.8908227848101266,0.0895522388059701,67,0.3305756888964374,0.1720089373810292,632,0,0.875,0.3684210526315789,76,0.2858192008406781,0.168623882384178,632,0,fixed_1
screening,1987,1992,1997,16,0.5,selected,3,0.9116719242902208,0.2156862745098039,51,0.2088080925346296,0.1226129093099502,634,0,0.6879875195007801,0.0625,160,1.3594729984501406,0.5527579000118703,641,0,validation_rate_and_patience
screening,1987,1992,1997,32,0.5,selected,3,0.9069400630914828,0.1764705882352941,51,0.2041216273923365,0.1237811169935207,634,0,0.6879875195007801,0.0625,160,1.304574656193607,0.5479633147938041,641,0,validation_rate_and_patience
screening,1987,1992,1997,32_16,0.2,selected,3,0.9022082018927444,0.196078431372549,51,0.2412642907461379,0.138320819277479,634,0,0.6755070202808112,0.04375,160,1.4590332066026577,0.5824677356021827,641,0,validation_rate_and_patience
screening,1987,1992,1997,64_32,1.0,selected,3,0.9085173501577288,0.2745098039215686,51,0.1987377151945924,0.1162974436293429,634,0,0.6911076443057722,0.06875,160,1.2624387105293338,0.5236466670749053,641,0,validation_rate_and_patience
screening,1992,1997,2001,16,1.0,selected,3,0.8159126365054602,0.64375,160,0.4056999453056468,0.221111242382522,641,0,0.9563182527301092,0.0833333333333333,24,0.1752550909148145,0.0784378750805043,641,0,validation_rate_and_patience
screening,1992,1997,2001,32,1.0,selected,3,0.8081123244929798,0.6625,160,0.4775402691034383,0.2475419867137016,641,0,0.9469578783151326,0.2083333333333333,24,0.20207123984638,0.0954815315033844,641,0,validation_rate_and_patience
screening,1992,1997,2001,32_16,1.0,selected,3,0.8112324492979719,0.65,160,0.4670571080188161,0.2443848088959175,641,0,0.9313572542901716,0.125,24,0.2470436973668847,0.1153134122504567,641,0,validation_rate_and_patience
screening,1992,1997,2001,64_32,1.0,selected,3,0.8330733229329174,0.7625,160,0.4249339336497742,0.2326627904981754,641,0,0.9297971918876756,0.0833333333333333,24,0.2149939551939829,0.1011082740646548,641,0,validation_rate_and_patience
screening,1997,2001,2005,16,0.2,selected,3,0.9516380655226208,0.1666666666666666,24,0.1638728627744339,0.0793628770291598,641,0,0.7993630573248408,0.631578947368421,57,0.4642046867950775,0.2767138631063751,628,0,validation_rate_and_patience
screening,1997,2001,2005,32,0.5,selected,3,0.9609984399375976,0.1666666666666666,24,0.1679963173093656,0.0770300928288797,641,0,0.804140127388535,0.631578947368421,57,0.4356367591041594,0.2605494512735019,628,0,validation_rate_and_patience
screening,1997,2001,2005,32_16,0.1,selected,3,0.9547581903276132,0.1666666666666666,24,0.1791060165276232,0.0826657717207487,641,0,0.8073248407643312,0.6140350877192983,57,0.4523102147011578,0.261752836663196,628,0,validation_rate_and_patience
screening,1997,2001,2005,64_32,0.2,selected,3,0.9485179407176288,0.0833333333333333,24,0.1792274430077593,0.0836806356959877,641,0,0.821656050955414,0.5964912280701754,57,0.3958914351099175,0.2230299624890624,628,0,validation_rate_and_patience
screening,2001,2005,2010,16,1.0,selected,3,0.9076433121019108,0.4912280701754385,57,0.2728567778744076,0.1369035882250882,628,0,0.8908227848101266,0.7767857142857143,112,0.3143431002787622,0.1619918808077966,632,0,validation_rate_and_patience
screening,2001,2005,2010,32,0.3,selected,3,0.9012738853503184,0.5263157894736842,57,0.2895683339096043,0.1484454995247156,628,0,0.870253164556962,0.8660714285714286,112,0.3494270997575018,0.1921334648932018,632,0,validation_rate_and_patience
screening,2001,2005,2010,32_16,1.0,selected,3,0.9124203821656052,0.4736842105263157,57,0.2925507941343799,0.1394123032786146,628,0,0.8781645569620253,0.8392857142857143,112,0.3346394108889057,0.1751793961127596,632,0,validation_rate_and_patience
screening,2001,2005,2010,64_32,0.2,selected,3,0.8964968152866242,0.5263157894736842,57,0.2997779861422263,0.1549727358894161,628,0,0.8465189873417721,0.8660714285714286,112,0.3731567227883108,0.2119246282277156,632,0,validation_rate_and_patience
screening,2005,2010,2015,16,0.3,selected,3,0.9018987341772152,0.6875,112,0.270425254948594,0.141433772834004,632,0,0.7705696202531646,0.128440366972477,109,0.8278420810493488,0.3506376028673309,632,0,validation_rate_and_patience
screening,2005,2010,2015,32,0.1,selected,3,0.9003164556962026,0.6964285714285714,112,0.2743061097891825,0.1448122603812227,632,0,0.7420886075949367,0.1376146788990825,109,0.9004808464145555,0.3987949253947748,632,0,validation_rate_and_patience
screening,2005,2010,2015,32_16,0.5,selected,3,0.8987341772151899,0.6339285714285714,112,0.2671475707538237,0.1396178539834841,632,0,0.7800632911392406,0.110091743119266,109,0.8381427944855259,0.3430142662549799,632,0,validation_rate_and_patience
screening,2005,2010,2015,64_32,0.3,selected,3,0.8987341772151899,0.6160714285714286,112,0.2716475027916975,0.1457932614199934,632,0,0.7626582278481012,0.1376146788990825,109,0.8513814635320497,0.3626052064567518,632,0,validation_rate_and_patience
screening,2010,2015,2017,16,1.0,selected,3,0.8259493670886076,0.1926605504587156,109,0.551956876981946,0.2726329188466179,632,0,0.8971518987341772,0.0895522388059701,67,0.4395216117461816,0.1875002793330151,632,0,validation_rate_and_patience
screening,2010,2015,2017,32,1.0,selected,3,0.8275316455696202,0.1559633027522936,109,0.558865310432589,0.2518236704932924,632,0,0.8449367088607594,0.1044776119402985,67,0.7629157529844015,0.2688575384690675,632,0,validation_rate_and_patience
screening,2010,2015,2017,32_16,1.0,selected,3,0.7927215189873418,0.110091743119266,109,0.5533079928927689,0.2886428988739821,632,0,0.8955696202531646,0.0895522388059701,67,0.4232815103053308,0.1892521727035422,632,0,validation_rate_and_patience
screening,2010,2015,2017,64_32,1.0,selected,3,0.8528481012658228,0.3119266055045872,109,0.5265176913188874,0.2517194594782539,632,0,0.875,0.0895522388059701,67,0.4909279161277108,0.206930517711232,632,0,validation_rate_and_patience
screening,2015,2017,2019,16,0.05,selected,3,0.8955696202531646,0.0895522388059701,67,0.2936526961880843,0.1566767902382952,632,0,0.8670886075949367,0.1184210526315789,76,0.3173929680639533,0.1857285159696652,632,0,validation_rate_and_patience
screening,2015,2017,2019,32,0.01,selected,3,0.8908227848101266,0.1044776119402985,67,0.3135107792992019,0.1694669111998094,632,0,0.8670886075949367,0.2631578947368421,76,0.2982320390941596,0.1749012323774275,632,0,validation_rate_and_patience
screening,2015,2017,2019,32_16,0.3,selected,3,0.8939873417721519,0.0895522388059701,67,0.3097361365561037,0.1640708877908001,632,0,0.8908227848101266,0.2631578947368421,76,0.2689924785278881,0.1591095712677986,632,0,validation_rate_and_patience
screening,2015,2017,2019,64_32,0.3,selected,3,0.8955696202531646,0.1044776119402985,67,0.3065892131652707,0.1640882107140474,632,0,0.8955696202531646,0.3421052631578947,76,0.2629121264879847,0.1525217592902447,632,0,validation_rate_and_patience
