candidate,election,accuracy,evaluation_rows,changed_seat_accuracy,changed_seat_evaluation_rows,retained_seat_accuracy,retained_seat_evaluation_rows,macro_f1,log_loss,previous_winner_accuracy,previous_winner_known_rows,seat_error_con,seat_error_lab,seat_error_lib,seat_error_natSW,seat_error_oth,runtime_seconds,configuration,inner_accuracy,fit_record,seed_metrics,seed_accuracy_std
XGBoost,2005,0.9140127388535032,628,0.2631578947368421,57,0.978984238178634,571,0.6498363735738197,0.2746429505544917,0.9092356687898089,628,-11,28,-12,-1,-4,4.576946171999225,"{'n_estimators': 100, 'max_depth': 2, 'learning_rate': 0.05, 'min_child_weight': 1, 'gamma': 0, 'subsample': 1, 'colsample_bytree': 1, 'reg_alpha': 0, 'reg_lambda': 1, 'tree_method': 'hist', 'random_state': 42, 'n_jobs': 1}",0.8868954758190328,"{'training_years': (1987, 1992, 1997, 2001), 'configuration': {'n_estimators': 100, 'max_depth': 2, 'learning_rate': 0.05, 'min_child_weight': 1, 'gamma': 0, 'subsample': 1, 'colsample_bytree': 1, 'reg_alpha': 0, 'reg_lambda': 1, 'tree_method': 'hist', 'random_state': 42, 'n_jobs': 1}, 'validation_year': None, 'runs': []}",{},
Random Forest,2005,0.9076433121019108,628,0.017543859649122806,57,0.9964973730297724,571,0.6843191382505238,0.29688803455026047,0.9092356687898089,628,-31,46,-11,0,-4,29.86065254800087,"{'n_estimators': 300, 'max_depth': 5, 'min_samples_leaf': 1, 'max_features': 0.5, 'min_samples_split': 2, 'bootstrap': True, 'criterion': 'gini', 'class_weight': None, 'random_state': 42, 'n_jobs': 1}",0.8876755070202809,"{'training_years': (1987, 1992, 1997, 2001), 'configuration': {'n_estimators': 300, 'max_depth': 5, 'min_samples_leaf': 1, 'max_features': 0.5, 'min_samples_split': 2, 'bootstrap': True, 'criterion': 'gini', 'class_weight': None, 'random_state': 42, 'n_jobs': 1}, 'validation_year': None, 'runs': []}",{},
Logistic Regression,2005,0.9124203821656051,628,0.2631578947368421,57,0.9772329246935202,571,0.6840603885738068,0.27586525900213227,0.9092356687898089,628,-4,34,-25,-1,-4,1.0203844309999113,"{'C': 0.1, 'penalty': 'l2', 'solver': 'lbfgs', 'max_iter': 1000, 'tol': 0.0001, 'class_weight': None}",0.87597503900156,"{'training_years': (1987, 1992, 1997, 2001), 'configuration': {'C': 0.1, 'penalty': 'l2', 'solver': 'lbfgs', 'max_iter': 1000, 'tol': 0.0001, 'class_weight': None}, 'validation_year': None, 'runs': []}",{},
NN01: 32/16 validation-selected rate,2005,0.9171974522292994,628,0.3508771929824561,57,0.9737302977232924,571,0.666433922920069,0.2689062312031515,0.9092356687898089,628,1,18,-12,-3,-4,68.19783753899901,"{'hidden_sizes': (32, 16), 'seeds': (101223, 101224, 101225, 101226, 101227, 101228, 101229, 101230, 101231, 101232), 'batch_size': 64, 'max_epochs': 1000, 'patience': 20, 'min_delta': 0.0, 'momentum': 0.0, 'weight_decay': 0.0, 'learning_rate': 0.5}",0.8892355694227769,"{'training_years': (1987, 1992, 1997, 2001), 'configuration': {'hidden_sizes': (32, 16), 'learning_rate': 0.5, 'seeds': (101223, 101224, 101225, 101226, 101227, 101228, 101229, 101230, 101231, 101232), 'batch_size': 64, 'max_epochs': 1000, 'patience': 20, 'min_delta': 0.0, 'momentum': 0.0, 'weight_decay': 0.0}, 'validation_year': None, 'runs': [{'seed': 101223, 'learning_rate': 0.5, 'best_epoch': None, 'stopping_epoch': 5, 'best_validation_loss': None, 'duration': 5}, {'seed': 101224, 'learning_rate': 0.5, 'best_epoch': None, 'stopping_epoch': 8, 'best_validation_loss': None, 'duration': 8}, {'seed': 101225, 'learning_rate': 0.5, 'best_epoch': None, 'stopping_epoch': 8, 'best_validation_loss': None, 'duration': 8}, {'seed': 101226, 'learning_rate': 0.5, 'best_epoch': None, 'stopping_epoch': 5, 'best_validation_loss': None, 'duration': 5}, {'seed': 101227, 'learning_rate': 0.5, 'best_epoch': None, 'stopping_epoch': 8, 'best_validation_loss': None, 'duration': 8}, {'seed': 101228, 'learning_rate': 0.5, 'best_epoch': None, 'stopping_epoch': 11, 'best_validation_loss': None, 'duration': 11}, {'seed': 101229, 'learning_rate': 0.5, 'best_epoch': None, 'stopping_epoch': 8, 'best_validation_loss': None, 'duration': 8}, {'seed': 101230, 'learning_rate': 0.5, 'best_epoch': None, 'stopping_epoch': 9, 'best_validation_loss': None, 'duration': 9}, {'seed': 101231, 'learning_rate': 0.5, 'best_epoch': None, 'stopping_epoch': 3, 'best_validation_loss': None, 'duration': 3}, {'seed': 101232, 'learning_rate': 0.5, 'best_epoch': None, 'stopping_epoch': 9, 'best_validation_loss': None, 'duration': 9}]}","{101223: {'accuracy': 0.9235668789808917, 'evaluation_rows': 628, 'changed_seat_accuracy': 0.3157894736842105, 'changed_seat_evaluation_rows': 57, 'retained_seat_accuracy': 0.9842381786339754, 'retained_seat_evaluation_rows': 571, 'macro_f1': 0.701291418775994, 'log_loss': 0.2726289723967746, 'previous_winner_accuracy': 0.9092356687898089, 'previous_winner_known_rows': 628, 'seat_error_con': -6, 'seat_error_lab': 22, 'seat_error_lib': -11, 'seat_error_natSW': -1, 'seat_error_oth': -4}, 101224: {'accuracy': 0.8487261146496815, 'evaluation_rows': 628, 'changed_seat_accuracy': 0.5614035087719298, 'changed_seat_evaluation_rows': 57, 'retained_seat_accuracy': 0.8774080560420315, 'retained_seat_evaluation_rows': 571, 'macro_f1': 0.6568438399831799, 'log_loss': 0.41219624507887576, 'previous_winner_accuracy': 0.9092356687898089, 'previous_winner_known_rows': 628, 'seat_error_con': 70, 'seat_error_lab': -40, 'seat_error_lib': -25, 'seat_error_natSW': -1, 'seat_error_oth': -4}, 101225: {'accuracy': 0.9156050955414012, 'evaluation_rows': 628, 'changed_seat_accuracy': 0.2807017543859649, 'changed_seat_evaluation_rows': 57, 'retained_seat_accuracy': 0.978984238178634, 'retained_seat_evaluation_rows': 571, 'macro_f1': 0.6672851526151422, 'log_loss': 0.28237916798505497, 'previous_winner_accuracy': 0.9092356687898089, 'previous_winner_known_rows': 628, 'seat_error_con': -6, 'seat_error_lab': 24, 'seat_error_lib': -11, 'seat_error_natSW': -3, 'seat_error_oth': -4}, 101226: {'accuracy': 0.9060509554140127, 'evaluation_rows': 628, 'changed_seat_accuracy': 0.12280701754385964, 'changed_seat_evaluation_rows': 57, 'retained_seat_accuracy': 0.9842381786339754, 'retained_seat_evaluation_rows': 571, 'macro_f1': 0.6497811290364481, 'log_loss': 0.2952017093219447, 'previous_winner_accuracy': 0.9092356687898089, 'previous_winner_known_rows': 628, 'seat_error_con': -20, 'seat_error_lab': 46, 'seat_error_lib': -20, 'seat_error_natSW': -2, 'seat_error_oth': -4}, 101227: {'accuracy': 0.9203821656050956, 'evaluation_rows': 628, 'changed_seat_accuracy': 0.40350877192982454, 'changed_seat_evaluation_rows': 57, 'retained_seat_accuracy': 0.9719789842381786, 'retained_seat_evaluation_rows': 571, 'macro_f1': 0.6898165489120883, 'log_loss': 0.25685683953794225, 'previous_winner_accuracy': 0.9092356687898089, 'previous_winner_known_rows': 628, 'seat_error_con': 4, 'seat_error_lab': 15, 'seat_error_lib': -15, 'seat_error_natSW': 0, 'seat_error_oth': -4}, 101228: {'accuracy': 0.9044585987261147, 'evaluation_rows': 628, 'changed_seat_accuracy': 0.38596491228070173, 'changed_seat_evaluation_rows': 57, 'retained_seat_accuracy': 0.9562171628721541, 'retained_seat_evaluation_rows': 571, 'macro_f1': 0.589382118447326, 'log_loss': 0.35004335259768105, 'previous_winner_accuracy': 0.9092356687898089, 'previous_winner_known_rows': 628, 'seat_error_con': 9, 'seat_error_lab': 21, 'seat_error_lib': -20, 'seat_error_natSW': -6, 'seat_error_oth': -4}, 101229: {'accuracy': 0.9203821656050956, 'evaluation_rows': 628, 'changed_seat_accuracy': 0.3157894736842105, 'changed_seat_evaluation_rows': 57, 'retained_seat_accuracy': 0.9807355516637478, 'retained_seat_evaluation_rows': 571, 'macro_f1': 0.6762591623570606, 'log_loss': 0.26085062456962893, 'previous_winner_accuracy': 0.9092356687898089, 'previous_winner_known_rows': 628, 'seat_error_con': -7, 'seat_error_lab': 22, 'seat_error_lib': -10, 'seat_error_natSW': -1, 'seat_error_oth': -4}, 101230: {'accuracy': 0.9060509554140127, 'evaluation_rows': 628, 'changed_seat_accuracy': 0.47368421052631576, 'changed_seat_evaluation_rows': 57, 'retained_seat_accuracy': 0.9492119089316988, 'retained_seat_evaluation_rows': 571, 'macro_f1': 0.5732393531548996, 'log_loss': 0.33633466223929964, 'previous_winner_accuracy': 0.9092356687898089, 'previous_winner_known_rows': 628, 'seat_error_con': 15, 'seat_error_lab': 7, 'seat_error_lib': -10, 'seat_error_natSW': -8, 'seat_error_oth': -4}, 101231: {'accuracy': 0.8789808917197452, 'evaluation_rows': 628, 'changed_seat_accuracy': 0.543859649122807, 'changed_seat_evaluation_rows': 57, 'retained_seat_accuracy': 0.9124343257443083, 'retained_seat_evaluation_rows': 571, 'macro_f1': 0.6755798604098283, 'log_loss': 0.3178511888492543, 'previous_winner_accuracy': 0.9092356687898089, 'previous_winner_known_rows': 628, 'seat_error_con': 31, 'seat_error_lab': -24, 'seat_error_lib': 0, 'seat_error_natSW': -3, 'seat_error_oth': -4}, 101232: {'accuracy': 0.9187898089171974, 'evaluation_rows': 628, 'changed_seat_accuracy': 0.2982456140350877, 'changed_seat_evaluation_rows': 57, 'retained_seat_accuracy': 0.9807355516637478, 'retained_seat_evaluation_rows': 571, 'macro_f1': 0.6887197312359389, 'log_loss': 0.26099039748765357, 'previous_winner_accuracy': 0.9092356687898089, 'previous_winner_known_rows': 628, 'seat_error_con': -5, 'seat_error_lab': 21, 'seat_error_lib': -12, 'seat_error_natSW': 0, 'seat_error_oth': -4}}",0.022275356990811988
NN02: 64/32 validation-selected rate,2005,0.9251592356687898,628,0.40350877192982454,57,0.9772329246935202,571,0.7021248071112488,0.2663312291010112,0.9092356687898089,628,3,15,-13,-1,-4,204.2739893989983,"{'hidden_sizes': (64, 32), 'seeds': (101223, 101224, 101225, 101226, 101227, 101228, 101229, 101230, 101231, 101232), 'batch_size': 64, 'max_epochs': 1000, 'patience': 20, 'min_delta': 0.0, 'momentum': 0.0, 'weight_decay': 0.0, 'learning_rate': 0.5}",0.8931357254290171,"{'training_years': (1987, 1992, 1997, 2001), 'configuration': {'hidden_sizes': (64, 32), 'learning_rate': 0.5, 'seeds': (101223, 101224, 101225, 101226, 101227, 101228, 101229, 101230, 101231, 101232), 'batch_size': 64, 'max_epochs': 1000, 'patience': 20, 'min_delta': 0.0, 'momentum': 0.0, 'weight_decay': 0.0}, 'validation_year': None, 'runs': [{'seed': 101223, 'learning_rate': 0.5, 'best_epoch': None, 'stopping_epoch': 6, 'best_validation_loss': None, 'duration': 6}, {'seed': 101224, 'learning_rate': 0.5, 'best_epoch': None, 'stopping_epoch': 8, 'best_validation_loss': None, 'duration': 8}, {'seed': 101225, 'learning_rate': 0.5, 'best_epoch': None, 'stopping_epoch': 9, 'best_validation_loss': None, 'duration': 9}, {'seed': 101226, 'learning_rate': 0.5, 'best_epoch': None, 'stopping_epoch': 4, 'best_validation_loss': None, 'duration': 4}, {'seed': 101227, 'learning_rate': 0.5, 'best_epoch': None, 'stopping_epoch': 9, 'best_validation_loss': None, 'duration': 9}, {'seed': 101228, 'learning_rate': 0.5, 'best_epoch': None, 'stopping_epoch': 18, 'best_validation_loss': None, 'duration': 18}, {'seed': 101229, 'learning_rate': 0.5, 'best_epoch': None, 'stopping_epoch': 11, 'best_validation_loss': None, 'duration': 11}, {'seed': 101230, 'learning_rate': 0.5, 'best_epoch': None, 'stopping_epoch': 9, 'best_validation_loss': None, 'duration': 9}, {'seed': 101231, 'learning_rate': 0.5, 'best_epoch': None, 'stopping_epoch': 16, 'best_validation_loss': None, 'duration': 16}, {'seed': 101232, 'learning_rate': 0.5, 'best_epoch': None, 'stopping_epoch': 7, 'best_validation_loss': None, 'duration': 7}]}","{101223: {'accuracy': 0.9060509554140127, 'evaluation_rows': 628, 'changed_seat_accuracy': 0.49122807017543857, 'changed_seat_evaluation_rows': 57, 'retained_seat_accuracy': 0.9474605954465849, 'retained_seat_evaluation_rows': 571, 'macro_f1': 0.67988753553856, 'log_loss': 0.28923459638877796, 'previous_winner_accuracy': 0.9092356687898089, 'previous_winner_known_rows': 628, 'seat_error_con': 24, 'seat_error_lab': 2, 'seat_error_lib': -22, 'seat_error_natSW': 0, 'seat_error_oth': -4}, 101224: {'accuracy': 0.89171974522293, 'evaluation_rows': 628, 'changed_seat_accuracy': 0.5614035087719298, 'changed_seat_evaluation_rows': 57, 'retained_seat_accuracy': 0.9246935201401051, 'retained_seat_evaluation_rows': 571, 'macro_f1': 0.6802383236461965, 'log_loss': 0.33105034029187763, 'previous_winner_accuracy': 0.9092356687898089, 'previous_winner_known_rows': 628, 'seat_error_con': 42, 'seat_error_lab': -14, 'seat_error_lib': -23, 'seat_error_natSW': -1, 'seat_error_oth': -4}, 101225: {'accuracy': 0.9187898089171974, 'evaluation_rows': 628, 'changed_seat_accuracy': 0.47368421052631576, 'changed_seat_evaluation_rows': 57, 'retained_seat_accuracy': 0.9632224168126094, 'retained_seat_evaluation_rows': 571, 'macro_f1': 0.703902680934279, 'log_loss': 0.25652532386180843, 'previous_winner_accuracy': 0.9092356687898089, 'previous_winner_known_rows': 628, 'seat_error_con': 7, 'seat_error_lab': 3, 'seat_error_lib': -5, 'seat_error_natSW': -1, 'seat_error_oth': -4}, 101226: {'accuracy': 0.9124203821656051, 'evaluation_rows': 628, 'changed_seat_accuracy': 0.10526315789473684, 'changed_seat_evaluation_rows': 57, 'retained_seat_accuracy': 0.9929947460595446, 'retained_seat_evaluation_rows': 571, 'macro_f1': 0.6790807348676808, 'log_loss': 0.26032742287027777, 'previous_winner_accuracy': 0.9092356687898089, 'previous_winner_known_rows': 628, 'seat_error_con': -24, 'seat_error_lab': 38, 'seat_error_lib': -11, 'seat_error_natSW': 1, 'seat_error_oth': -4}, 101227: {'accuracy': 0.9140127388535032, 'evaluation_rows': 628, 'changed_seat_accuracy': 0.15789473684210525, 'changed_seat_evaluation_rows': 57, 'retained_seat_accuracy': 0.989492119089317, 'retained_seat_evaluation_rows': 571, 'macro_f1': 0.6916904936554117, 'log_loss': 0.26807756429727897, 'previous_winner_accuracy': 0.9092356687898089, 'previous_winner_known_rows': 628, 'seat_error_con': -19, 'seat_error_lab': 37, 'seat_error_lib': -11, 'seat_error_natSW': -3, 'seat_error_oth': -4}, 101228: {'accuracy': 0.9124203821656051, 'evaluation_rows': 628, 'changed_seat_accuracy': 0.5263157894736842, 'changed_seat_evaluation_rows': 57, 'retained_seat_accuracy': 0.9509632224168126, 'retained_seat_evaluation_rows': 571, 'macro_f1': 0.6595952407466602, 'log_loss': 0.3472030761150315, 'previous_winner_accuracy': 0.9092356687898089, 'previous_winner_known_rows': 628, 'seat_error_con': 25, 'seat_error_lab': 3, 'seat_error_lib': -21, 'seat_error_natSW': -3, 'seat_error_oth': -4}, 101229: {'accuracy': 0.9187898089171974, 'evaluation_rows': 628, 'changed_seat_accuracy': 0.3157894736842105, 'changed_seat_evaluation_rows': 57, 'retained_seat_accuracy': 0.978984238178634, 'retained_seat_evaluation_rows': 571, 'macro_f1': 0.684836054729445, 'log_loss': 0.2925553150360624, 'previous_winner_accuracy': 0.9092356687898089, 'previous_winner_known_rows': 628, 'seat_error_con': -4, 'seat_error_lab': 27, 'seat_error_lib': -19, 'seat_error_natSW': 0, 'seat_error_oth': -4}, 101230: {'accuracy': 0.9076433121019108, 'evaluation_rows': 628, 'changed_seat_accuracy': 0.40350877192982454, 'changed_seat_evaluation_rows': 57, 'retained_seat_accuracy': 0.957968476357268, 'retained_seat_evaluation_rows': 571, 'macro_f1': 0.5672807216682259, 'log_loss': 0.3128092765966139, 'previous_winner_accuracy': 0.9092356687898089, 'previous_winner_known_rows': 628, 'seat_error_con': 8, 'seat_error_lab': 15, 'seat_error_lib': -12, 'seat_error_natSW': -7, 'seat_error_oth': -4}, 101231: {'accuracy': 0.9171974522292994, 'evaluation_rows': 628, 'changed_seat_accuracy': 0.42105263157894735, 'changed_seat_evaluation_rows': 57, 'retained_seat_accuracy': 0.9667250437828371, 'retained_seat_evaluation_rows': 571, 'macro_f1': 0.6819898347109741, 'log_loss': 0.27767502329842414, 'previous_winner_accuracy': 0.9092356687898089, 'previous_winner_known_rows': 628, 'seat_error_con': 8, 'seat_error_lab': 8, 'seat_error_lib': -13, 'seat_error_natSW': 1, 'seat_error_oth': -4}, 101232: {'accuracy': 0.8805732484076433, 'evaluation_rows': 628, 'changed_seat_accuracy': 0.5614035087719298, 'changed_seat_evaluation_rows': 57, 'retained_seat_accuracy': 0.9124343257443083, 'retained_seat_evaluation_rows': 571, 'macro_f1': 0.6828275744321045, 'log_loss': 0.35332679464818967, 'previous_winner_accuracy': 0.9092356687898089, 'previous_winner_known_rows': 628, 'seat_error_con': 49, 'seat_error_lab': -19, 'seat_error_lib': -24, 'seat_error_natSW': -2, 'seat_error_oth': -4}}",0.011890544396556985
NN03: 16 units fixed rate 0.3,2005,0.9140127388535032,628,0.40350877192982454,57,0.9649737302977233,571,0.6905535251687794,0.2733110396046452,0.9092356687898089,628,11,15,-21,-1,-4,15.473362679000275,"{'hidden_sizes': (16,), 'seeds': (101223, 101224, 101225, 101226, 101227, 101228, 101229, 101230, 101231, 101232), 'batch_size': 64, 'max_epochs': 1000, 'patience': 20, 'min_delta': 0.0, 'momentum': 0.0, 'weight_decay': 0.0, 'learning_rate': 0.3}",0.8845553822152886,"{'training_years': (1987, 1992, 1997, 2001), 'configuration': {'hidden_sizes': (16,), 'learning_rate': 0.3, 'seeds': (101223, 101224, 101225, 101226, 101227, 101228, 101229, 101230, 101231, 101232), 'batch_size': 64, 'max_epochs': 1000, 'patience': 20, 'min_delta': 0.0, 'momentum': 0.0, 'weight_decay': 0.0}, 'validation_year': None, 'runs': [{'seed': 101223, 'learning_rate': 0.3, 'best_epoch': None, 'stopping_epoch': 14, 'best_validation_loss': None, 'duration': 14}, {'seed': 101224, 'learning_rate': 0.3, 'best_epoch': None, 'stopping_epoch': 26, 'best_validation_loss': None, 'duration': 26}, {'seed': 101225, 'learning_rate': 0.3, 'best_epoch': None, 'stopping_epoch': 11, 'best_validation_loss': None, 'duration': 11}, {'seed': 101226, 'learning_rate': 0.3, 'best_epoch': None, 'stopping_epoch': 5, 'best_validation_loss': None, 'duration': 5}, {'seed': 101227, 'learning_rate': 0.3, 'best_epoch': None, 'stopping_epoch': 13, 'best_validation_loss': None, 'duration': 13}, {'seed': 101228, 'learning_rate': 0.3, 'best_epoch': None, 'stopping_epoch': 12, 'best_validation_loss': None, 'duration': 12}, {'seed': 101229, 'learning_rate': 0.3, 'best_epoch': None, 'stopping_epoch': 18, 'best_validation_loss': None, 'duration': 18}, {'seed': 101230, 'learning_rate': 0.3, 'best_epoch': None, 'stopping_epoch': 19, 'best_validation_loss': None, 'duration': 19}, {'seed': 101231, 'learning_rate': 0.3, 'best_epoch': None, 'stopping_epoch': 15, 'best_validation_loss': None, 'duration': 15}, {'seed': 101232, 'learning_rate': 0.3, 'best_epoch': None, 'stopping_epoch': 12, 'best_validation_loss': None, 'duration': 12}]}","{101223: {'accuracy': 0.8789808917197452, 'evaluation_rows': 628, 'changed_seat_accuracy': 0.543859649122807, 'changed_seat_evaluation_rows': 57, 'retained_seat_accuracy': 0.9124343257443083, 'retained_seat_evaluation_rows': 571, 'macro_f1': 0.6557642057642058, 'log_loss': 0.32348306480266076, 'previous_winner_accuracy': 0.9092356687898089, 'previous_winner_known_rows': 628, 'seat_error_con': 48, 'seat_error_lab': -17, 'seat_error_lib': -25, 'seat_error_natSW': -2, 'seat_error_oth': -4}, 101224: {'accuracy': 0.9140127388535032, 'evaluation_rows': 628, 'changed_seat_accuracy': 0.45614035087719296, 'changed_seat_evaluation_rows': 57, 'retained_seat_accuracy': 0.9597197898423818, 'retained_seat_evaluation_rows': 571, 'macro_f1': 0.6425491925340119, 'log_loss': 0.2912676856095335, 'previous_winner_accuracy': 0.9092356687898089, 'previous_winner_known_rows': 628, 'seat_error_con': 14, 'seat_error_lab': 13, 'seat_error_lib': -19, 'seat_error_natSW': -4, 'seat_error_oth': -4}, 101225: {'accuracy': 0.9124203821656051, 'evaluation_rows': 628, 'changed_seat_accuracy': 0.49122807017543857, 'changed_seat_evaluation_rows': 57, 'retained_seat_accuracy': 0.9544658493870403, 'retained_seat_evaluation_rows': 571, 'macro_f1': 0.693710407239819, 'log_loss': 0.2777218287741296, 'previous_winner_accuracy': 0.9092356687898089, 'previous_winner_known_rows': 628, 'seat_error_con': 20, 'seat_error_lab': 4, 'seat_error_lib': -19, 'seat_error_natSW': -1, 'seat_error_oth': -4}, 101226: {'accuracy': 0.9060509554140127, 'evaluation_rows': 628, 'changed_seat_accuracy': 0.21052631578947367, 'changed_seat_evaluation_rows': 57, 'retained_seat_accuracy': 0.9754816112084063, 'retained_seat_evaluation_rows': 571, 'macro_f1': 0.6675758144219983, 'log_loss': 0.2722742670320576, 'previous_winner_accuracy': 0.9092356687898089, 'previous_winner_known_rows': 628, 'seat_error_con': -7, 'seat_error_lab': 38, 'seat_error_lib': -27, 'seat_error_natSW': 0, 'seat_error_oth': -4}, 101227: {'accuracy': 0.9092356687898089, 'evaluation_rows': 628, 'changed_seat_accuracy': 0.2631578947368421, 'changed_seat_evaluation_rows': 57, 'retained_seat_accuracy': 0.9737302977232924, 'retained_seat_evaluation_rows': 571, 'macro_f1': 0.6803923526528923, 'log_loss': 0.2708280855047366, 'previous_winner_accuracy': 0.9092356687898089, 'previous_winner_known_rows': 628, 'seat_error_con': -3, 'seat_error_lab': 29, 'seat_error_lib': -22, 'seat_error_natSW': 0, 'seat_error_oth': -4}, 101228: {'accuracy': 0.9171974522292994, 'evaluation_rows': 628, 'changed_seat_accuracy': 0.19298245614035087, 'changed_seat_evaluation_rows': 57, 'retained_seat_accuracy': 0.989492119089317, 'retained_seat_evaluation_rows': 571, 'macro_f1': 0.7090480232840164, 'log_loss': 0.26416413069006683, 'previous_winner_accuracy': 0.9092356687898089, 'previous_winner_known_rows': 628, 'seat_error_con': -16, 'seat_error_lab': 34, 'seat_error_lib': -12, 'seat_error_natSW': -2, 'seat_error_oth': -4}, 101229: {'accuracy': 0.9219745222929936, 'evaluation_rows': 628, 'changed_seat_accuracy': 0.2807017543859649, 'changed_seat_evaluation_rows': 57, 'retained_seat_accuracy': 0.9859894921190894, 'retained_seat_evaluation_rows': 571, 'macro_f1': 0.6874073004238556, 'log_loss': 0.24380802402201596, 'previous_winner_accuracy': 0.9092356687898089, 'previous_winner_known_rows': 628, 'seat_error_con': -10, 'seat_error_lab': 28, 'seat_error_lib': -12, 'seat_error_natSW': -2, 'seat_error_oth': -4}, 101230: {'accuracy': 0.85828025477707, 'evaluation_rows': 628, 'changed_seat_accuracy': 0.543859649122807, 'changed_seat_evaluation_rows': 57, 'retained_seat_accuracy': 0.8896672504378283, 'retained_seat_evaluation_rows': 571, 'macro_f1': 0.5934460726046235, 'log_loss': 0.36164591168698546, 'previous_winner_accuracy': 0.9092356687898089, 'previous_winner_known_rows': 628, 'seat_error_con': 57, 'seat_error_lab': -26, 'seat_error_lib': -22, 'seat_error_natSW': -5, 'seat_error_oth': -4}, 101231: {'accuracy': 0.9060509554140127, 'evaluation_rows': 628, 'changed_seat_accuracy': 0.3333333333333333, 'changed_seat_evaluation_rows': 57, 'retained_seat_accuracy': 0.9632224168126094, 'retained_seat_evaluation_rows': 571, 'macro_f1': 0.6846969245565591, 'log_loss': 0.2781776801058579, 'previous_winner_accuracy': 0.9092356687898089, 'previous_winner_known_rows': 628, 'seat_error_con': 7, 'seat_error_lab': 20, 'seat_error_lib': -22, 'seat_error_natSW': -1, 'seat_error_oth': -4}, 101232: {'accuracy': 0.9251592356687898, 'evaluation_rows': 628, 'changed_seat_accuracy': 0.40350877192982454, 'changed_seat_evaluation_rows': 57, 'retained_seat_accuracy': 0.9772329246935202, 'retained_seat_evaluation_rows': 571, 'macro_f1': 0.6970188320894524, 'log_loss': 0.2795967516402075, 'previous_winner_accuracy': 0.9092356687898089, 'previous_winner_known_rows': 628, 'seat_error_con': 4, 'seat_error_lab': 23, 'seat_error_lib': -22, 'seat_error_natSW': -1, 'seat_error_oth': -4}}",0.019645448552516355
XGBoost Expanded,2005,0.9219745222929936,628,0.2807017543859649,57,0.9859894921190894,571,0.6646729254996971,0.3131405089177535,0.9092356687898089,628,-15,31,-10,-2,-4,5.171114071999909,"{'n_estimators': 50, 'max_depth': 4, 'learning_rate': 0.05, 'min_child_weight': 1, 'gamma': 0, 'subsample': 1, 'colsample_bytree': 1, 'reg_alpha': 0, 'reg_lambda': 1, 'tree_method': 'hist', 'random_state': 42, 'n_jobs': 1}",0.8767550702028082,"{'training_years': (1987, 1992, 1997, 2001), 'configuration': {'n_estimators': 50, 'max_depth': 4, 'learning_rate': 0.05, 'min_child_weight': 1, 'gamma': 0, 'subsample': 1, 'colsample_bytree': 1, 'reg_alpha': 0, 'reg_lambda': 1, 'tree_method': 'hist', 'random_state': 42, 'n_jobs': 1}, 'validation_year': None, 'runs': []}",{},
Conditional XGBoost,2005,0.9092356687898089,628,0.0,57,1.0,571,0.8261946394169195,0.2622853371040735,0.9092356687898089,628,-32,46,-11,-1,-2,22.37403973599976,"{'n_estimators': 100, 'max_depth': 3, 'learning_rate': 0.05, 'min_child_weight': 1, 'gamma': 0, 'subsample': 1, 'colsample_bytree': 1, 'reg_alpha': 0, 'reg_lambda': 1, 'tree_method': 'hist', 'random_state': 42, 'n_jobs': 1, 'challenger.max_depth': 2, 'challenger.n_estimators': 25, 'change.max_depth': 2, 'change.n_estimators': 50}",0.8697347893915757,"{'training_years': (1987, 1992, 1997, 2001), 'configuration': {'change.n_estimators': 50, 'change.max_depth': 2, 'change.learning_rate': 0.05, 'change.min_child_weight': 1, 'change.gamma': 0, 'change.subsample': 1, 'change.colsample_bytree': 1, 'change.reg_alpha': 0, 'change.reg_lambda': 1, 'change.tree_method': 'hist', 'change.random_state': 42, 'change.n_jobs': 1, 'challenger.n_estimators': 25, 'challenger.max_depth': 2, 'challenger.learning_rate': 0.05, 'challenger.min_child_weight': 1, 'challenger.gamma': 0, 'challenger.subsample': 1, 'challenger.colsample_bytree': 1, 'challenger.reg_alpha': 0, 'challenger.reg_lambda': 1, 'challenger.tree_method': 'hist', 'challenger.random_state': 42, 'challenger.n_jobs': 1}, 'validation_year': None, 'runs': []}",{},
XGBoost,2010,0.8512658227848101,632,0.5357142857142857,112,0.9192307692307692,520,0.6679770235020209,0.35840995621163724,0.8227848101265823,632,-28,-10,40,-1,-1,3.0742510089985444,"{'n_estimators': 100, 'max_depth': 4, 'learning_rate': 0.05, 'min_child_weight': 1, 'gamma': 0, 'subsample': 1, 'colsample_bytree': 1, 'reg_alpha': 0, 'reg_lambda': 1, 'tree_method': 'hist', 'random_state': 42, 'n_jobs': 1}",0.8975269201850877,"{'training_years': (1987, 1992, 1997, 2001, 2005), 'configuration': {'n_estimators': 100, 'max_depth': 4, 'learning_rate': 0.05, 'min_child_weight': 1, 'gamma': 0, 'subsample': 1, 'colsample_bytree': 1, 'reg_alpha': 0, 'reg_lambda': 1, 'tree_method': 'hist', 'random_state': 42, 'n_jobs': 1}, 'validation_year': None, 'runs': []}",{},
Random Forest,2010,0.8718354430379747,632,0.4375,112,0.9653846153846154,520,0.6800242021653213,0.3771566987786411,0.8227848101265823,632,-45,24,23,0,-2,23.26776523099943,"{'n_estimators': 300, 'max_depth': 10, 'min_samples_leaf': 5, 'max_features': 0.5, 'min_samples_split': 2, 'bootstrap': True, 'criterion': 'gini', 'class_weight': None, 'random_state': 42, 'n_jobs': 1}",0.8964868785834237,"{'training_years': (1987, 1992, 1997, 2001, 2005), 'configuration': {'n_estimators': 300, 'max_depth': 10, 'min_samples_leaf': 5, 'max_features': 0.5, 'min_samples_split': 2, 'bootstrap': True, 'criterion': 'gini', 'class_weight': None, 'random_state': 42, 'n_jobs': 1}, 'validation_year': None, 'runs': []}",{},
Logistic Regression,2010,0.8908227848101266,632,0.6964285714285714,112,0.9326923076923077,520,0.6754396667402938,0.29826994843292803,0.8227848101265823,632,10,-8,2,-2,-2,0.6344409370012727,"{'C': 0.1, 'penalty': 'l2', 'solver': 'lbfgs', 'max_iter': 1000, 'tol': 0.0001, 'class_weight': None}",0.8881234867229084,"{'training_years': (1987, 1992, 1997, 2001, 2005), 'configuration': {'C': 0.1, 'penalty': 'l2', 'solver': 'lbfgs', 'max_iter': 1000, 'tol': 0.0001, 'class_weight': None}, 'validation_year': None, 'runs': []}",{},
NN01: 32/16 validation-selected rate,2010,0.8908227848101266,632,0.7589285714285714,112,0.9192307692307692,520,0.6962101163494699,0.31892229261099697,0.8227848101265823,632,7,-30,24,1,-2,38.13438117300029,"{'hidden_sizes': (32, 16), 'seeds': (101223, 101224, 101225, 101226, 101227, 101228, 101229, 101230, 101231, 101232), 'batch_size': 64, 'max_epochs': 1000, 'patience': 20, 'min_delta': 0.0, 'momentum': 0.0, 'weight_decay': 0.0, 'learning_rate': 0.5}",0.9033332670886454,"{'training_years': (1987, 1992, 1997, 2001, 2005), 'configuration': {'hidden_sizes': (32, 16), 'learning_rate': 0.5, 'seeds': (101223, 101224, 101225, 101226, 101227, 101228, 101229, 101230, 101231, 101232), 'batch_size': 64, 'max_epochs': 1000, 'patience': 20, 'min_delta': 0.0, 'momentum': 0.0, 'weight_decay': 0.0}, 'validation_year': None, 'runs': [{'seed': 101223, 'learning_rate': 0.5, 'best_epoch': None, 'stopping_epoch': 5, 'best_validation_loss': None, 'duration': 5}, {'seed': 101224, 'learning_rate': 0.5, 'best_epoch': None, 'stopping_epoch': 5, 'best_validation_loss': None, 'duration': 5}, {'seed': 101225, 'learning_rate': 0.5, 'best_epoch': None, 'stopping_epoch': 9, 'best_validation_loss': None, 'duration': 9}, {'seed': 101226, 'learning_rate': 0.5, 'best_epoch': None, 'stopping_epoch': 5, 'best_validation_loss': None, 'duration': 5}, {'seed': 101227, 'learning_rate': 0.5, 'best_epoch': None, 'stopping_epoch': 8, 'best_validation_loss': None, 'duration': 8}, {'seed': 101228, 'learning_rate': 0.5, 'best_epoch': None, 'stopping_epoch': 12, 'best_validation_loss': None, 'duration': 12}, {'seed': 101229, 'learning_rate': 0.5, 'best_epoch': None, 'stopping_epoch': 8, 'best_validation_loss': None, 'duration': 8}, {'seed': 101230, 'learning_rate': 0.5, 'best_epoch': None, 'stopping_epoch': 3, 'best_validation_loss': None, 'duration': 3}, {'seed': 101231, 'learning_rate': 0.5, 'best_epoch': None, 'stopping_epoch': 4, 'best_validation_loss': None, 'duration': 4}, {'seed': 101232, 'learning_rate': 0.5, 'best_epoch': None, 'stopping_epoch': 4, 'best_validation_loss': None, 'duration': 4}]}","{101223: {'accuracy': 0.8718354430379747, 'evaluation_rows': 632, 'changed_seat_accuracy': 0.7946428571428571, 'changed_seat_evaluation_rows': 112, 'retained_seat_accuracy': 0.8884615384615384, 'retained_seat_evaluation_rows': 520, 'macro_f1': 0.6443204498345031, 'log_loss': 0.38328385627220485, 'previous_winner_accuracy': 0.8227848101265823, 'previous_winner_known_rows': 632, 'seat_error_con': 22, 'seat_error_lab': -55, 'seat_error_lib': 28, 'seat_error_natSW': 7, 'seat_error_oth': -2}, 101224: {'accuracy': 0.8386075949367089, 'evaluation_rows': 632, 'changed_seat_accuracy': 0.8214285714285714, 'changed_seat_evaluation_rows': 112, 'retained_seat_accuracy': 0.8423076923076923, 'retained_seat_evaluation_rows': 520, 'macro_f1': 0.6465669828245503, 'log_loss': 0.45122994786739407, 'previous_winner_accuracy': 0.8227848101265823, 'previous_winner_known_rows': 632, 'seat_error_con': 32, 'seat_error_lab': -76, 'seat_error_lib': 44, 'seat_error_natSW': 2, 'seat_error_oth': -2}, 101225: {'accuracy': 0.8813291139240507, 'evaluation_rows': 632, 'changed_seat_accuracy': 0.6517857142857143, 'changed_seat_evaluation_rows': 112, 'retained_seat_accuracy': 0.9307692307692308, 'retained_seat_evaluation_rows': 520, 'macro_f1': 0.6922946594944275, 'log_loss': 0.33176450099773774, 'previous_winner_accuracy': 0.8227848101265823, 'previous_winner_known_rows': 632, 'seat_error_con': -12, 'seat_error_lab': -17, 'seat_error_lib': 30, 'seat_error_natSW': 1, 'seat_error_oth': -2}, 101226: {'accuracy': 0.879746835443038, 'evaluation_rows': 632, 'changed_seat_accuracy': 0.4375, 'changed_seat_evaluation_rows': 112, 'retained_seat_accuracy': 0.975, 'retained_seat_evaluation_rows': 520, 'macro_f1': 0.6993824753346072, 'log_loss': 0.33174124819760786, 'previous_winner_accuracy': 0.8227848101265823, 'previous_winner_known_rows': 632, 'seat_error_con': -44, 'seat_error_lab': 31, 'seat_error_lib': 16, 'seat_error_natSW': -1, 'seat_error_oth': -2}, 101227: {'accuracy': 0.879746835443038, 'evaluation_rows': 632, 'changed_seat_accuracy': 0.7767857142857143, 'changed_seat_evaluation_rows': 112, 'retained_seat_accuracy': 0.9019230769230769, 'retained_seat_evaluation_rows': 520, 'macro_f1': 0.6750641025641025, 'log_loss': 0.35295581832708756, 'previous_winner_accuracy': 0.8227848101265823, 'previous_winner_known_rows': 632, 'seat_error_con': 12, 'seat_error_lab': -36, 'seat_error_lib': 24, 'seat_error_natSW': 2, 'seat_error_oth': -2}, 101228: {'accuracy': 0.870253164556962, 'evaluation_rows': 632, 'changed_seat_accuracy': 0.7232142857142857, 'changed_seat_evaluation_rows': 112, 'retained_seat_accuracy': 0.9019230769230769, 'retained_seat_evaluation_rows': 520, 'macro_f1': 0.6807436775498815, 'log_loss': 0.38939751758703317, 'previous_winner_accuracy': 0.8227848101265823, 'previous_winner_known_rows': 632, 'seat_error_con': 2, 'seat_error_lab': -40, 'seat_error_lib': 39, 'seat_error_natSW': 1, 'seat_error_oth': -2}, 101229: {'accuracy': 0.8971518987341772, 'evaluation_rows': 632, 'changed_seat_accuracy': 0.5446428571428571, 'changed_seat_evaluation_rows': 112, 'retained_seat_accuracy': 0.9730769230769231, 'retained_seat_evaluation_rows': 520, 'macro_f1': 0.7087415775571093, 'log_loss': 0.32872771055675626, 'previous_winner_accuracy': 0.8227848101265823, 'previous_winner_known_rows': 632, 'seat_error_con': -32, 'seat_error_lab': 18, 'seat_error_lib': 17, 'seat_error_natSW': -1, 'seat_error_oth': -2}, 101230: {'accuracy': 0.8670886075949367, 'evaluation_rows': 632, 'changed_seat_accuracy': 0.3392857142857143, 'changed_seat_evaluation_rows': 112, 'retained_seat_accuracy': 0.9807692307692307, 'retained_seat_evaluation_rows': 520, 'macro_f1': 0.6680269730584374, 'log_loss': 0.32114444862064606, 'previous_winner_accuracy': 0.8227848101265823, 'previous_winner_known_rows': 632, 'seat_error_con': -54, 'seat_error_lab': 53, 'seat_error_lib': 6, 'seat_error_natSW': -3, 'seat_error_oth': -2}, 101231: {'accuracy': 0.7816455696202531, 'evaluation_rows': 632, 'changed_seat_accuracy': 0.9017857142857143, 'changed_seat_evaluation_rows': 112, 'retained_seat_accuracy': 0.7557692307692307, 'retained_seat_evaluation_rows': 520, 'macro_f1': 0.5705232835754703, 'log_loss': 0.7086528146595001, 'previous_winner_accuracy': 0.8227848101265823, 'previous_winner_known_rows': 632, 'seat_error_con': 104, 'seat_error_lab': -97, 'seat_error_lib': -4, 'seat_error_natSW': -1, 'seat_error_oth': -2}, 101232: {'accuracy': 0.8117088607594937, 'evaluation_rows': 632, 'changed_seat_accuracy': 0.8214285714285714, 'changed_seat_evaluation_rows': 112, 'retained_seat_accuracy': 0.8096153846153846, 'retained_seat_evaluation_rows': 520, 'macro_f1': 0.5738924737269108, 'log_loss': 0.4818070032167445, 'previous_winner_accuracy': 0.8227848101265823, 'previous_winner_known_rows': 632, 'seat_error_con': 54, 'seat_error_lab': -84, 'seat_error_lib': 37, 'seat_error_natSW': -5, 'seat_error_oth': -2}}",0.03434528529530223
NN02: 64/32 validation-selected rate,2010,0.8670886075949367,632,0.8035714285714286,112,0.8807692307692307,520,0.6752918978756062,0.3430910373571099,0.8227848101265823,632,23,-50,28,1,-2,106.81954538100035,"{'hidden_sizes': (64, 32), 'seeds': (101223, 101224, 101225, 101226, 101227, 101228, 101229, 101230, 101231, 101232), 'batch_size': 64, 'max_epochs': 1000, 'patience': 20, 'min_delta': 0.0, 'momentum': 0.0, 'weight_decay': 0.0, 'learning_rate': 0.5}",0.9038102288422746,"{'training_years': (1987, 1992, 1997, 2001, 2005), 'configuration': {'hidden_sizes': (64, 32), 'learning_rate': 0.5, 'seeds': (101223, 101224, 101225, 101226, 101227, 101228, 101229, 101230, 101231, 101232), 'batch_size': 64, 'max_epochs': 1000, 'patience': 20, 'min_delta': 0.0, 'momentum': 0.0, 'weight_decay': 0.0}, 'validation_year': None, 'runs': [{'seed': 101223, 'learning_rate': 0.5, 'best_epoch': None, 'stopping_epoch': 5, 'best_validation_loss': None, 'duration': 5}, {'seed': 101224, 'learning_rate': 0.5, 'best_epoch': None, 'stopping_epoch': 5, 'best_validation_loss': None, 'duration': 5}, {'seed': 101225, 'learning_rate': 0.5, 'best_epoch': None, 'stopping_epoch': 11, 'best_validation_loss': None, 'duration': 11}, {'seed': 101226, 'learning_rate': 0.5, 'best_epoch': None, 'stopping_epoch': 4, 'best_validation_loss': None, 'duration': 4}, {'seed': 101227, 'learning_rate': 0.5, 'best_epoch': None, 'stopping_epoch': 8, 'best_validation_loss': None, 'duration': 8}, {'seed': 101228, 'learning_rate': 0.5, 'best_epoch': None, 'stopping_epoch': 16, 'best_validation_loss': None, 'duration': 16}, {'seed': 101229, 'learning_rate': 0.5, 'best_epoch': None, 'stopping_epoch': 8, 'best_validation_loss': None, 'duration': 8}, {'seed': 101230, 'learning_rate': 0.5, 'best_epoch': None, 'stopping_epoch': 7, 'best_validation_loss': None, 'duration': 7}, {'seed': 101231, 'learning_rate': 0.5, 'best_epoch': None, 'stopping_epoch': 12, 'best_validation_loss': None, 'duration': 12}, {'seed': 101232, 'learning_rate': 0.5, 'best_epoch': None, 'stopping_epoch': 4, 'best_validation_loss': None, 'duration': 4}]}","{101223: {'accuracy': 0.8718354430379747, 'evaluation_rows': 632, 'changed_seat_accuracy': 0.7857142857142857, 'changed_seat_evaluation_rows': 112, 'retained_seat_accuracy': 0.8903846153846153, 'retained_seat_evaluation_rows': 520, 'macro_f1': 0.6668956790985316, 'log_loss': 0.3785568578832942, 'previous_winner_accuracy': 0.8227848101265823, 'previous_winner_known_rows': 632, 'seat_error_con': 19, 'seat_error_lab': -54, 'seat_error_lib': 34, 'seat_error_natSW': 3, 'seat_error_oth': -2}, 101224: {'accuracy': 0.8496835443037974, 'evaluation_rows': 632, 'changed_seat_accuracy': 0.8214285714285714, 'changed_seat_evaluation_rows': 112, 'retained_seat_accuracy': 0.8557692307692307, 'retained_seat_evaluation_rows': 520, 'macro_f1': 0.6641429536994267, 'log_loss': 0.4190127546523713, 'previous_winner_accuracy': 0.8227848101265823, 'previous_winner_known_rows': 632, 'seat_error_con': 28, 'seat_error_lab': -69, 'seat_error_lib': 42, 'seat_error_natSW': 1, 'seat_error_oth': -2}, 101225: {'accuracy': 0.8765822784810127, 'evaluation_rows': 632, 'changed_seat_accuracy': 0.8035714285714286, 'changed_seat_evaluation_rows': 112, 'retained_seat_accuracy': 0.8923076923076924, 'retained_seat_evaluation_rows': 520, 'macro_f1': 0.5833634126333059, 'log_loss': 0.35795010141026057, 'previous_winner_accuracy': 0.8227848101265823, 'previous_winner_known_rows': 632, 'seat_error_con': 32, 'seat_error_lab': -16, 'seat_error_lib': -8, 'seat_error_natSW': -6, 'seat_error_oth': -2}, 101226: {'accuracy': 0.8813291139240507, 'evaluation_rows': 632, 'changed_seat_accuracy': 0.7946428571428571, 'changed_seat_evaluation_rows': 112, 'retained_seat_accuracy': 0.9, 'retained_seat_evaluation_rows': 520, 'macro_f1': 0.6868748379433149, 'log_loss': 0.3293710268337727, 'previous_winner_accuracy': 0.8227848101265823, 'previous_winner_known_rows': 632, 'seat_error_con': 23, 'seat_error_lab': -40, 'seat_error_lib': 18, 'seat_error_natSW': 1, 'seat_error_oth': -2}, 101227: {'accuracy': 0.8306962025316456, 'evaluation_rows': 632, 'changed_seat_accuracy': 0.8303571428571429, 'changed_seat_evaluation_rows': 112, 'retained_seat_accuracy': 0.8307692307692308, 'retained_seat_evaluation_rows': 520, 'macro_f1': 0.6397955662226262, 'log_loss': 0.4626727529913366, 'previous_winner_accuracy': 0.8227848101265823, 'previous_winner_known_rows': 632, 'seat_error_con': 34, 'seat_error_lab': -80, 'seat_error_lib': 46, 'seat_error_natSW': 2, 'seat_error_oth': -2}, 101228: {'accuracy': 0.865506329113924, 'evaluation_rows': 632, 'changed_seat_accuracy': 0.8214285714285714, 'changed_seat_evaluation_rows': 112, 'retained_seat_accuracy': 0.875, 'retained_seat_evaluation_rows': 520, 'macro_f1': 0.6638752885709259, 'log_loss': 0.3823103170433727, 'previous_winner_accuracy': 0.8227848101265823, 'previous_winner_known_rows': 632, 'seat_error_con': 30, 'seat_error_lab': -55, 'seat_error_lib': 27, 'seat_error_natSW': 0, 'seat_error_oth': -2}, 101229: {'accuracy': 0.8829113924050633, 'evaluation_rows': 632, 'changed_seat_accuracy': 0.48214285714285715, 'changed_seat_evaluation_rows': 112, 'retained_seat_accuracy': 0.9692307692307692, 'retained_seat_evaluation_rows': 520, 'macro_f1': 0.6549741462241462, 'log_loss': 0.35595864076449985, 'previous_winner_accuracy': 0.8227848101265823, 'previous_winner_known_rows': 632, 'seat_error_con': -36, 'seat_error_lab': 24, 'seat_error_lib': 18, 'seat_error_natSW': -4, 'seat_error_oth': -2}, 101230: {'accuracy': 0.8465189873417721, 'evaluation_rows': 632, 'changed_seat_accuracy': 0.8928571428571429, 'changed_seat_evaluation_rows': 112, 'retained_seat_accuracy': 0.8365384615384616, 'retained_seat_evaluation_rows': 520, 'macro_f1': 0.6280993557773732, 'log_loss': 0.42974830451658064, 'previous_winner_accuracy': 0.8227848101265823, 'previous_winner_known_rows': 632, 'seat_error_con': 50, 'seat_error_lab': -67, 'seat_error_lib': 20, 'seat_error_natSW': -1, 'seat_error_oth': -2}, 101231: {'accuracy': 0.8876582278481012, 'evaluation_rows': 632, 'changed_seat_accuracy': 0.7053571428571429, 'changed_seat_evaluation_rows': 112, 'retained_seat_accuracy': 0.926923076923077, 'retained_seat_evaluation_rows': 520, 'macro_f1': 0.6672461709327612, 'log_loss': 0.33688372748992657, 'previous_winner_accuracy': 0.8227848101265823, 'previous_winner_known_rows': 632, 'seat_error_con': 1, 'seat_error_lab': -13, 'seat_error_lib': 17, 'seat_error_natSW': -3, 'seat_error_oth': -2}, 101232: {'accuracy': 0.7927215189873418, 'evaluation_rows': 632, 'changed_seat_accuracy': 0.8214285714285714, 'changed_seat_evaluation_rows': 112, 'retained_seat_accuracy': 0.7865384615384615, 'retained_seat_evaluation_rows': 520, 'macro_f1': 0.5648546251755991, 'log_loss': 0.5905189062171122, 'previous_winner_accuracy': 0.8227848101265823, 'previous_winner_known_rows': 632, 'seat_error_con': 64, 'seat_error_lab': -99, 'seat_error_lib': 42, 'seat_error_natSW': -5, 'seat_error_oth': -2}}",0.02800409416813649
NN03: 16 units fixed rate 0.3,2010,0.9034810126582279,632,0.7321428571428571,112,0.9403846153846154,520,0.7011374553015074,0.2945337171776182,0.8227848101265823,632,8,-11,6,-1,-2,10.7820849740001,"{'hidden_sizes': (16,), 'seeds': (101223, 101224, 101225, 101226, 101227, 101228, 101229, 101230, 101231, 101232), 'batch_size': 64, 'max_epochs': 1000, 'patience': 20, 'min_delta': 0.0, 'momentum': 0.0, 'weight_decay': 0.0, 'learning_rate': 0.3}",0.8959668577825916,"{'training_years': (1987, 1992, 1997, 2001, 2005), 'configuration': {'hidden_sizes': (16,), 'learning_rate': 0.3, 'seeds': (101223, 101224, 101225, 101226, 101227, 101228, 101229, 101230, 101231, 101232), 'batch_size': 64, 'max_epochs': 1000, 'patience': 20, 'min_delta': 0.0, 'momentum': 0.0, 'weight_decay': 0.0}, 'validation_year': None, 'runs': [{'seed': 101223, 'learning_rate': 0.3, 'best_epoch': None, 'stopping_epoch': 6, 'best_validation_loss': None, 'duration': 6}, {'seed': 101224, 'learning_rate': 0.3, 'best_epoch': None, 'stopping_epoch': 25, 'best_validation_loss': None, 'duration': 25}, {'seed': 101225, 'learning_rate': 0.3, 'best_epoch': None, 'stopping_epoch': 4, 'best_validation_loss': None, 'duration': 4}, {'seed': 101226, 'learning_rate': 0.3, 'best_epoch': None, 'stopping_epoch': 4, 'best_validation_loss': None, 'duration': 4}, {'seed': 101227, 'learning_rate': 0.3, 'best_epoch': None, 'stopping_epoch': 21, 'best_validation_loss': None, 'duration': 21}, {'seed': 101228, 'learning_rate': 0.3, 'best_epoch': None, 'stopping_epoch': 12, 'best_validation_loss': None, 'duration': 12}, {'seed': 101229, 'learning_rate': 0.3, 'best_epoch': None, 'stopping_epoch': 17, 'best_validation_loss': None, 'duration': 17}, {'seed': 101230, 'learning_rate': 0.3, 'best_epoch': None, 'stopping_epoch': 5, 'best_validation_loss': None, 'duration': 5}, {'seed': 101231, 'learning_rate': 0.3, 'best_epoch': None, 'stopping_epoch': 6, 'best_validation_loss': None, 'duration': 6}, {'seed': 101232, 'learning_rate': 0.3, 'best_epoch': None, 'stopping_epoch': 4, 'best_validation_loss': None, 'duration': 4}]}","{101223: {'accuracy': 0.8987341772151899, 'evaluation_rows': 632, 'changed_seat_accuracy': 0.7232142857142857, 'changed_seat_evaluation_rows': 112, 'retained_seat_accuracy': 0.9365384615384615, 'retained_seat_evaluation_rows': 520, 'macro_f1': 0.7053660395880987, 'log_loss': 0.29970192198520856, 'previous_winner_accuracy': 0.8227848101265823, 'previous_winner_known_rows': 632, 'seat_error_con': 9, 'seat_error_lab': -19, 'seat_error_lib': 13, 'seat_error_natSW': -1, 'seat_error_oth': -2}, 101224: {'accuracy': 0.8829113924050633, 'evaluation_rows': 632, 'changed_seat_accuracy': 0.625, 'changed_seat_evaluation_rows': 112, 'retained_seat_accuracy': 0.9384615384615385, 'retained_seat_evaluation_rows': 520, 'macro_f1': 0.671471404013117, 'log_loss': 0.31081681855136395, 'previous_winner_accuracy': 0.8227848101265823, 'previous_winner_known_rows': 632, 'seat_error_con': -3, 'seat_error_lab': 11, 'seat_error_lib': -4, 'seat_error_natSW': -2, 'seat_error_oth': -2}, 101225: {'accuracy': 0.8987341772151899, 'evaluation_rows': 632, 'changed_seat_accuracy': 0.6785714285714286, 'changed_seat_evaluation_rows': 112, 'retained_seat_accuracy': 0.9461538461538461, 'retained_seat_evaluation_rows': 520, 'macro_f1': 0.7053385186019333, 'log_loss': 0.29962601556512214, 'previous_winner_accuracy': 0.8227848101265823, 'previous_winner_known_rows': 632, 'seat_error_con': 5, 'seat_error_lab': 13, 'seat_error_lib': -16, 'seat_error_natSW': 0, 'seat_error_oth': -2}, 101226: {'accuracy': 0.8908227848101266, 'evaluation_rows': 632, 'changed_seat_accuracy': 0.75, 'changed_seat_evaluation_rows': 112, 'retained_seat_accuracy': 0.9211538461538461, 'retained_seat_evaluation_rows': 520, 'macro_f1': 0.685153049242549, 'log_loss': 0.30460297183383844, 'previous_winner_accuracy': 0.8227848101265823, 'previous_winner_known_rows': 632, 'seat_error_con': 20, 'seat_error_lab': -16, 'seat_error_lib': -1, 'seat_error_natSW': -1, 'seat_error_oth': -2}, 101227: {'accuracy': 0.8829113924050633, 'evaluation_rows': 632, 'changed_seat_accuracy': 0.7767857142857143, 'changed_seat_evaluation_rows': 112, 'retained_seat_accuracy': 0.9057692307692308, 'retained_seat_evaluation_rows': 520, 'macro_f1': 0.6615173567917416, 'log_loss': 0.32900622138693425, 'previous_winner_accuracy': 0.8227848101265823, 'previous_winner_known_rows': 632, 'seat_error_con': 27, 'seat_error_lab': -34, 'seat_error_lib': 12, 'seat_error_natSW': -3, 'seat_error_oth': -2}, 101228: {'accuracy': 0.8734177215189873, 'evaluation_rows': 632, 'changed_seat_accuracy': 0.7589285714285714, 'changed_seat_evaluation_rows': 112, 'retained_seat_accuracy': 0.8980769230769231, 'retained_seat_evaluation_rows': 520, 'macro_f1': 0.6829788195980147, 'log_loss': 0.3421988012773012, 'previous_winner_accuracy': 0.8227848101265823, 'previous_winner_known_rows': 632, 'seat_error_con': 18, 'seat_error_lab': -41, 'seat_error_lib': 26, 'seat_error_natSW': -1, 'seat_error_oth': -2}, 101229: {'accuracy': 0.8908227848101266, 'evaluation_rows': 632, 'changed_seat_accuracy': 0.625, 'changed_seat_evaluation_rows': 112, 'retained_seat_accuracy': 0.948076923076923, 'retained_seat_evaluation_rows': 520, 'macro_f1': 0.6965867212920548, 'log_loss': 0.3158766248874672, 'previous_winner_accuracy': 0.8227848101265823, 'previous_winner_known_rows': 632, 'seat_error_con': -15, 'seat_error_lab': 3, 'seat_error_lib': 14, 'seat_error_natSW': -1, 'seat_error_oth': -1}, 101230: {'accuracy': 0.8955696202531646, 'evaluation_rows': 632, 'changed_seat_accuracy': 0.5714285714285714, 'changed_seat_evaluation_rows': 112, 'retained_seat_accuracy': 0.9653846153846154, 'retained_seat_evaluation_rows': 520, 'macro_f1': 0.7042385067551065, 'log_loss': 0.29257195265810343, 'previous_winner_accuracy': 0.8227848101265823, 'previous_winner_known_rows': 632, 'seat_error_con': -21, 'seat_error_lab': 11, 'seat_error_lib': 13, 'seat_error_natSW': -1, 'seat_error_oth': -2}, 101231: {'accuracy': 0.8164556962025317, 'evaluation_rows': 632, 'changed_seat_accuracy': 0.8303571428571429, 'changed_seat_evaluation_rows': 112, 'retained_seat_accuracy': 0.8134615384615385, 'retained_seat_evaluation_rows': 520, 'macro_f1': 0.6272142411185503, 'log_loss': 0.46023252817413185, 'previous_winner_accuracy': 0.8227848101265823, 'previous_winner_known_rows': 632, 'seat_error_con': 59, 'seat_error_lab': -92, 'seat_error_lib': 34, 'seat_error_natSW': 1, 'seat_error_oth': -2}, 101232: {'accuracy': 0.9003164556962026, 'evaluation_rows': 632, 'changed_seat_accuracy': 0.7321428571428571, 'changed_seat_evaluation_rows': 112, 'retained_seat_accuracy': 0.9365384615384615, 'retained_seat_evaluation_rows': 520, 'macro_f1': 0.7013908124344557, 'log_loss': 0.29100527566315204, 'previous_winner_accuracy': 0.8227848101265823, 'previous_winner_known_rows': 632, 'seat_error_con': 8, 'seat_error_lab': -12, 'seat_error_lib': 7, 'seat_error_natSW': -1, 'seat_error_oth': -2}}",0.023654401794230808
XGBoost Expanded,2010,0.8639240506329114,632,0.44642857142857145,112,0.9538461538461539,520,0.6599868892983489,0.3639351178095341,0.8227848101265823,632,-42,26,19,-1,-2,3.6429566349997913,"{'n_estimators': 50, 'max_depth': 4, 'learning_rate': 0.05, 'min_child_weight': 1, 'gamma': 0, 'subsample': 1, 'colsample_bytree': 1, 'reg_alpha': 0, 'reg_lambda': 1, 'tree_method': 'hist', 'random_state': 42, 'n_jobs': 1}",0.8918282208995366,"{'training_years': (1987, 1992, 1997, 2001, 2005), 'configuration': {'n_estimators': 50, 'max_depth': 4, 'learning_rate': 0.05, 'min_child_weight': 1, 'gamma': 0, 'subsample': 1, 'colsample_bytree': 1, 'reg_alpha': 0, 'reg_lambda': 1, 'tree_method': 'hist', 'random_state': 42, 'n_jobs': 1}, 'validation_year': None, 'runs': []}",{},
Conditional XGBoost,2010,0.8876582278481012,632,0.5446428571428571,112,0.9615384615384616,520,0.7014706859681261,0.3378289520126095,0.8227848101265823,632,-26,10,18,-1,-1,12.403629926000576,"{'n_estimators': 100, 'max_depth': 3, 'learning_rate': 0.05, 'min_child_weight': 1, 'gamma': 0, 'subsample': 1, 'colsample_bytree': 1, 'reg_alpha': 0, 'reg_lambda': 1, 'tree_method': 'hist', 'random_state': 42, 'n_jobs': 1, 'challenger.max_depth': 2, 'challenger.n_estimators': 25, 'change.max_depth': 2, 'change.n_estimators': 50}",0.8829017491909866,"{'training_years': (1987, 1992, 1997, 2001, 2005), 'configuration': {'change.n_estimators': 50, 'change.max_depth': 2, 'change.learning_rate': 0.05, 'change.min_child_weight': 1, 'change.gamma': 0, 'change.subsample': 1, 'change.colsample_bytree': 1, 'change.reg_alpha': 0, 'change.reg_lambda': 1, 'change.tree_method': 'hist', 'change.random_state': 42, 'change.n_jobs': 1, 'challenger.n_estimators': 25, 'challenger.max_depth': 2, 'challenger.learning_rate': 0.05, 'challenger.min_child_weight': 1, 'challenger.gamma': 0, 'challenger.subsample': 1, 'challenger.colsample_bytree': 1, 'challenger.reg_alpha': 0, 'challenger.reg_lambda': 1, 'challenger.tree_method': 'hist', 'challenger.random_state': 42, 'challenger.n_jobs': 1}, 'validation_year': None, 'runs': []}",{},
XGBoost,2015,0.8227848101265823,632,0.1651376146788991,109,0.9598470363288719,523,0.4543647672372243,0.7412590767489811,0.8275316455696202,632,-41,65,33,-53,-4,3.3517211689995747,"{'n_estimators': 50, 'max_depth': 4, 'learning_rate': 0.05, 'min_child_weight': 1, 'gamma': 0, 'subsample': 1, 'colsample_bytree': 1, 'reg_alpha': 0, 'reg_lambda': 1, 'tree_method': 'hist', 'random_state': 42, 'n_jobs': 1}",0.8887472952356779,"{'training_years': (1987, 1992, 1997, 2001, 2005, 2010), 'configuration': {'n_estimators': 50, 'max_depth': 4, 'learning_rate': 0.05, 'min_child_weight': 1, 'gamma': 0, 'subsample': 1, 'colsample_bytree': 1, 'reg_alpha': 0, 'reg_lambda': 1, 'tree_method': 'hist', 'random_state': 42, 'n_jobs': 1}, 'validation_year': None, 'runs': []}",{},
Random Forest,2015,0.7737341772151899,632,0.11926605504587157,109,0.9101338432122371,523,0.425311156247004,1.2107556551959082,0.8275316455696202,632,-74,88,43,-53,-4,29.439405219998662,"{'n_estimators': 300, 'max_depth': 10, 'min_samples_leaf': 5, 'max_features': 0.5, 'min_samples_split': 2, 'bootstrap': True, 'criterion': 'gini', 'class_weight': None, 'random_state': 42, 'n_jobs': 1}",0.8903240196970614,"{'training_years': (1987, 1992, 1997, 2001, 2005, 2010), 'configuration': {'n_estimators': 300, 'max_depth': 10, 'min_samples_leaf': 5, 'max_features': 0.5, 'min_samples_split': 2, 'bootstrap': True, 'criterion': 'gini', 'class_weight': None, 'random_state': 42, 'n_jobs': 1}, 'validation_year': None, 'runs': []}",{},
Logistic Regression,2015,0.754746835443038,632,0.1651376146788991,109,0.8776290630975143,523,0.5004482280083418,0.9271932987823381,0.8275316455696202,632,-94,112,38,-53,-3,0.631726390998665,"{'C': 0.1, 'penalty': 'l2', 'solver': 'lbfgs', 'max_iter': 1000, 'tol': 0.0001, 'class_weight': None}",0.888798311244713,"{'training_years': (1987, 1992, 1997, 2001, 2005, 2010), 'configuration': {'C': 0.1, 'penalty': 'l2', 'solver': 'lbfgs', 'max_iter': 1000, 'tol': 0.0001, 'class_weight': None}, 'validation_year': None, 'runs': []}",{},
NN01: 32/16 validation-selected rate,2015,0.7310126582278481,632,0.1559633027522936,109,0.8508604206500956,523,0.4044460556617535,1.0447208623844018,0.8275316455696202,632,-106,125,39,-54,-4,48.06911958599994,"{'hidden_sizes': (32, 16), 'seeds': (101223, 101224, 101225, 101226, 101227, 101228, 101229, 101230, 101231, 101232), 'batch_size': 64, 'max_epochs': 1000, 'patience': 20, 'min_delta': 0.0, 'momentum': 0.0, 'weight_decay': 0.0, 'learning_rate': 0.5}",0.9037657731012941,"{'training_years': (1987, 1992, 1997, 2001, 2005, 2010), 'configuration': {'hidden_sizes': (32, 16), 'learning_rate': 0.5, 'seeds': (101223, 101224, 101225, 101226, 101227, 101228, 101229, 101230, 101231, 101232), 'batch_size': 64, 'max_epochs': 1000, 'patience': 20, 'min_delta': 0.0, 'momentum': 0.0, 'weight_decay': 0.0}, 'validation_year': None, 'runs': [{'seed': 101223, 'learning_rate': 0.5, 'best_epoch': None, 'stopping_epoch': 5, 'best_validation_loss': None, 'duration': 5}, {'seed': 101224, 'learning_rate': 0.5, 'best_epoch': None, 'stopping_epoch': 5, 'best_validation_loss': None, 'duration': 5}, {'seed': 101225, 'learning_rate': 0.5, 'best_epoch': None, 'stopping_epoch': 6, 'best_validation_loss': None, 'duration': 6}, {'seed': 101226, 'learning_rate': 0.5, 'best_epoch': None, 'stopping_epoch': 6, 'best_validation_loss': None, 'duration': 6}, {'seed': 101227, 'learning_rate': 0.5, 'best_epoch': None, 'stopping_epoch': 8, 'best_validation_loss': None, 'duration': 8}, {'seed': 101228, 'learning_rate': 0.5, 'best_epoch': None, 'stopping_epoch': 15, 'best_validation_loss': None, 'duration': 15}, {'seed': 101229, 'learning_rate': 0.5, 'best_epoch': None, 'stopping_epoch': 7, 'best_validation_loss': None, 'duration': 7}, {'seed': 101230, 'learning_rate': 0.5, 'best_epoch': None, 'stopping_epoch': 8, 'best_validation_loss': None, 'duration': 8}, {'seed': 101231, 'learning_rate': 0.5, 'best_epoch': None, 'stopping_epoch': 4, 'best_validation_loss': None, 'duration': 4}, {'seed': 101232, 'learning_rate': 0.5, 'best_epoch': None, 'stopping_epoch': 10, 'best_validation_loss': None, 'duration': 10}]}","{101223: {'accuracy': 0.7531645569620253, 'evaluation_rows': 632, 'changed_seat_accuracy': 0.14678899082568808, 'changed_seat_evaluation_rows': 109, 'retained_seat_accuracy': 0.8795411089866156, 'retained_seat_evaluation_rows': 523, 'macro_f1': 0.4333659640878499, 'log_loss': 1.000461790117851, 'previous_winner_accuracy': 0.8275316455696202, 'previous_winner_known_rows': 632, 'seat_error_con': -95, 'seat_error_lab': 109, 'seat_error_lib': 40, 'seat_error_natSW': -50, 'seat_error_oth': -4}, 101224: {'accuracy': 0.6962025316455697, 'evaluation_rows': 632, 'changed_seat_accuracy': 0.1834862385321101, 'changed_seat_evaluation_rows': 109, 'retained_seat_accuracy': 0.8030592734225621, 'retained_seat_evaluation_rows': 523, 'macro_f1': 0.3915113427381419, 'log_loss': 1.340460689182607, 'previous_winner_accuracy': 0.8275316455696202, 'previous_winner_known_rows': 632, 'seat_error_con': -130, 'seat_error_lab': 152, 'seat_error_lib': 36, 'seat_error_natSW': -54, 'seat_error_oth': -4}, 101225: {'accuracy': 0.7231012658227848, 'evaluation_rows': 632, 'changed_seat_accuracy': 0.14678899082568808, 'changed_seat_evaluation_rows': 109, 'retained_seat_accuracy': 0.8432122370936902, 'retained_seat_evaluation_rows': 523, 'macro_f1': 0.3946588321317237, 'log_loss': 1.2624498274746605, 'previous_winner_accuracy': 0.8275316455696202, 'previous_winner_known_rows': 632, 'seat_error_con': -110, 'seat_error_lab': 119, 'seat_error_lib': 49, 'seat_error_natSW': -54, 'seat_error_oth': -4}, 101226: {'accuracy': 0.8022151898734177, 'evaluation_rows': 632, 'changed_seat_accuracy': 0.2018348623853211, 'changed_seat_evaluation_rows': 109, 'retained_seat_accuracy': 0.9273422562141491, 'retained_seat_evaluation_rows': 523, 'macro_f1': 0.4613917747203563, 'log_loss': 0.742674578881121, 'previous_winner_accuracy': 0.8275316455696202, 'previous_winner_known_rows': 632, 'seat_error_con': -66, 'seat_error_lab': 87, 'seat_error_lib': 32, 'seat_error_natSW': -49, 'seat_error_oth': -4}, 101227: {'accuracy': 0.7104430379746836, 'evaluation_rows': 632, 'changed_seat_accuracy': 0.11926605504587157, 'changed_seat_evaluation_rows': 109, 'retained_seat_accuracy': 0.8336520076481836, 'retained_seat_evaluation_rows': 523, 'macro_f1': 0.4094868817863169, 'log_loss': 1.1413562325015794, 'previous_winner_accuracy': 0.8275316455696202, 'previous_winner_known_rows': 632, 'seat_error_con': -119, 'seat_error_lab': 125, 'seat_error_lib': 48, 'seat_error_natSW': -50, 'seat_error_oth': -4}, 101228: {'accuracy': 0.7183544303797469, 'evaluation_rows': 632, 'changed_seat_accuracy': 0.1834862385321101, 'changed_seat_evaluation_rows': 109, 'retained_seat_accuracy': 0.8298279158699808, 'retained_seat_evaluation_rows': 523, 'macro_f1': 0.4043811806856583, 'log_loss': 1.301921662327843, 'previous_winner_accuracy': 0.8275316455696202, 'previous_winner_known_rows': 632, 'seat_error_con': -117, 'seat_error_lab': 142, 'seat_error_lib': 33, 'seat_error_natSW': -54, 'seat_error_oth': -4}, 101229: {'accuracy': 0.6962025316455697, 'evaluation_rows': 632, 'changed_seat_accuracy': 0.1834862385321101, 'changed_seat_evaluation_rows': 109, 'retained_seat_accuracy': 0.8030592734225621, 'retained_seat_evaluation_rows': 523, 'macro_f1': 0.39144799709411954, 'log_loss': 1.6134025112590078, 'previous_winner_accuracy': 0.8275316455696202, 'previous_winner_known_rows': 632, 'seat_error_con': -131, 'seat_error_lab': 153, 'seat_error_lib': 36, 'seat_error_natSW': -54, 'seat_error_oth': -4}, 101230: {'accuracy': 0.7041139240506329, 'evaluation_rows': 632, 'changed_seat_accuracy': 0.13761467889908258, 'changed_seat_evaluation_rows': 109, 'retained_seat_accuracy': 0.8221797323135756, 'retained_seat_evaluation_rows': 523, 'macro_f1': 0.3884045126517385, 'log_loss': 1.48284882067153, 'previous_winner_accuracy': 0.8275316455696202, 'previous_winner_known_rows': 632, 'seat_error_con': -121, 'seat_error_lab': 134, 'seat_error_lib': 45, 'seat_error_natSW': -54, 'seat_error_oth': -4}, 101231: {'accuracy': 0.745253164556962, 'evaluation_rows': 632, 'changed_seat_accuracy': 0.14678899082568808, 'changed_seat_evaluation_rows': 109, 'retained_seat_accuracy': 0.869980879541109, 'retained_seat_evaluation_rows': 523, 'macro_f1': 0.4098910840932118, 'log_loss': 1.2020450172012678, 'previous_winner_accuracy': 0.8275316455696202, 'previous_winner_known_rows': 632, 'seat_error_con': -96, 'seat_error_lab': 114, 'seat_error_lib': 40, 'seat_error_natSW': -54, 'seat_error_oth': -4}, 101232: {'accuracy': 0.7879746835443038, 'evaluation_rows': 632, 'changed_seat_accuracy': 0.12844036697247707, 'changed_seat_evaluation_rows': 109, 'retained_seat_accuracy': 0.9254302103250478, 'retained_seat_evaluation_rows': 523, 'macro_f1': 0.4415671503091464, 'log_loss': 0.9949863685998835, 'previous_winner_accuracy': 0.8275316455696202, 'previous_winner_known_rows': 632, 'seat_error_con': -69, 'seat_error_lab': 81, 'seat_error_lib': 43, 'seat_error_natSW': -51, 'seat_error_oth': -4}}",0.035677134349582675
NN02: 64/32 validation-selected rate,2015,0.7262658227848101,632,0.14678899082568808,109,0.847036328871893,523,0.4015990091688849,1.053916863915398,0.8275316455696202,632,-108,126,40,-54,-4,120.26286082200022,"{'hidden_sizes': (64, 32), 'seeds': (101223, 101224, 101225, 101226, 101227, 101228, 101229, 101230, 101231, 101232), 'batch_size': 64, 'max_epochs': 1000, 'patience': 20, 'min_delta': 0.0, 'momentum': 0.0, 'weight_decay': 0.0, 'learning_rate': 0.5}",0.9053102032772755,"{'training_years': (1987, 1992, 1997, 2001, 2005, 2010), 'configuration': {'hidden_sizes': (64, 32), 'learning_rate': 0.5, 'seeds': (101223, 101224, 101225, 101226, 101227, 101228, 101229, 101230, 101231, 101232), 'batch_size': 64, 'max_epochs': 1000, 'patience': 20, 'min_delta': 0.0, 'momentum': 0.0, 'weight_decay': 0.0}, 'validation_year': None, 'runs': [{'seed': 101223, 'learning_rate': 0.5, 'best_epoch': None, 'stopping_epoch': 6, 'best_validation_loss': None, 'duration': 6}, {'seed': 101224, 'learning_rate': 0.5, 'best_epoch': None, 'stopping_epoch': 5, 'best_validation_loss': None, 'duration': 5}, {'seed': 101225, 'learning_rate': 0.5, 'best_epoch': None, 'stopping_epoch': 7, 'best_validation_loss': None, 'duration': 7}, {'seed': 101226, 'learning_rate': 0.5, 'best_epoch': None, 'stopping_epoch': 6, 'best_validation_loss': None, 'duration': 6}, {'seed': 101227, 'learning_rate': 0.5, 'best_epoch': None, 'stopping_epoch': 11, 'best_validation_loss': None, 'duration': 11}, {'seed': 101228, 'learning_rate': 0.5, 'best_epoch': None, 'stopping_epoch': 14, 'best_validation_loss': None, 'duration': 14}, {'seed': 101229, 'learning_rate': 0.5, 'best_epoch': None, 'stopping_epoch': 8, 'best_validation_loss': None, 'duration': 8}, {'seed': 101230, 'learning_rate': 0.5, 'best_epoch': None, 'stopping_epoch': 10, 'best_validation_loss': None, 'duration': 10}, {'seed': 101231, 'learning_rate': 0.5, 'best_epoch': None, 'stopping_epoch': 8, 'best_validation_loss': None, 'duration': 8}, {'seed': 101232, 'learning_rate': 0.5, 'best_epoch': None, 'stopping_epoch': 3, 'best_validation_loss': None, 'duration': 3}]}","{101223: {'accuracy': 0.745253164556962, 'evaluation_rows': 632, 'changed_seat_accuracy': 0.11009174311926606, 'changed_seat_evaluation_rows': 109, 'retained_seat_accuracy': 0.8776290630975143, 'retained_seat_evaluation_rows': 523, 'macro_f1': 0.42544323120574407, 'log_loss': 0.9861009934099273, 'previous_winner_accuracy': 0.8275316455696202, 'previous_winner_known_rows': 632, 'seat_error_con': -96, 'seat_error_lab': 103, 'seat_error_lib': 47, 'seat_error_natSW': -50, 'seat_error_oth': -4}, 101224: {'accuracy': 0.6977848101265823, 'evaluation_rows': 632, 'changed_seat_accuracy': 0.14678899082568808, 'changed_seat_evaluation_rows': 109, 'retained_seat_accuracy': 0.8126195028680688, 'retained_seat_evaluation_rows': 523, 'macro_f1': 0.38821060654933837, 'log_loss': 1.2599412382234452, 'previous_winner_accuracy': 0.8275316455696202, 'previous_winner_known_rows': 632, 'seat_error_con': -126, 'seat_error_lab': 143, 'seat_error_lib': 41, 'seat_error_natSW': -54, 'seat_error_oth': -4}, 101225: {'accuracy': 0.7151898734177216, 'evaluation_rows': 632, 'changed_seat_accuracy': 0.14678899082568808, 'changed_seat_evaluation_rows': 109, 'retained_seat_accuracy': 0.8336520076481836, 'retained_seat_evaluation_rows': 523, 'macro_f1': 0.39596972257583074, 'log_loss': 1.3606270030141812, 'previous_winner_accuracy': 0.8275316455696202, 'previous_winner_known_rows': 632, 'seat_error_con': -115, 'seat_error_lab': 132, 'seat_error_lib': 41, 'seat_error_natSW': -54, 'seat_error_oth': -4}, 101226: {'accuracy': 0.745253164556962, 'evaluation_rows': 632, 'changed_seat_accuracy': 0.1743119266055046, 'changed_seat_evaluation_rows': 109, 'retained_seat_accuracy': 0.864244741873805, 'retained_seat_evaluation_rows': 523, 'macro_f1': 0.4323175910236392, 'log_loss': 0.9131222120383331, 'previous_winner_accuracy': 0.8275316455696202, 'previous_winner_known_rows': 632, 'seat_error_con': -103, 'seat_error_lab': 120, 'seat_error_lib': 37, 'seat_error_natSW': -50, 'seat_error_oth': -4}, 101227: {'accuracy': 0.7389240506329114, 'evaluation_rows': 632, 'changed_seat_accuracy': 0.1559633027522936, 'changed_seat_evaluation_rows': 109, 'retained_seat_accuracy': 0.8604206500956023, 'retained_seat_evaluation_rows': 523, 'macro_f1': 0.4079074466777307, 'log_loss': 1.03994464257899, 'previous_winner_accuracy': 0.8275316455696202, 'previous_winner_known_rows': 632, 'seat_error_con': -99, 'seat_error_lab': 118, 'seat_error_lib': 39, 'seat_error_natSW': -54, 'seat_error_oth': -4}, 101228: {'accuracy': 0.75, 'evaluation_rows': 632, 'changed_seat_accuracy': 0.1651376146788991, 'changed_seat_evaluation_rows': 109, 'retained_seat_accuracy': 0.8718929254302104, 'retained_seat_evaluation_rows': 523, 'macro_f1': 0.41273442388486636, 'log_loss': 1.481564252694039, 'previous_winner_accuracy': 0.8275316455696202, 'previous_winner_known_rows': 632, 'seat_error_con': -95, 'seat_error_lab': 114, 'seat_error_lib': 39, 'seat_error_natSW': -54, 'seat_error_oth': -4}, 101229: {'accuracy': 0.7056962025316456, 'evaluation_rows': 632, 'changed_seat_accuracy': 0.11926605504587157, 'changed_seat_evaluation_rows': 109, 'retained_seat_accuracy': 0.8279158699808795, 'retained_seat_evaluation_rows': 523, 'macro_f1': 0.3885824604213784, 'log_loss': 1.2968599514459362, 'previous_winner_accuracy': 0.8275316455696202, 'previous_winner_known_rows': 632, 'seat_error_con': -118, 'seat_error_lab': 130, 'seat_error_lib': 46, 'seat_error_natSW': -54, 'seat_error_oth': -4}, 101230: {'accuracy': 0.7025316455696202, 'evaluation_rows': 632, 'changed_seat_accuracy': 0.14678899082568808, 'changed_seat_evaluation_rows': 109, 'retained_seat_accuracy': 0.8183556405353728, 'retained_seat_evaluation_rows': 523, 'macro_f1': 0.3910916536630495, 'log_loss': 1.4572049142443546, 'previous_winner_accuracy': 0.8275316455696202, 'previous_winner_known_rows': 632, 'seat_error_con': -123, 'seat_error_lab': 141, 'seat_error_lib': 40, 'seat_error_natSW': -54, 'seat_error_oth': -4}, 101231: {'accuracy': 0.7389240506329114, 'evaluation_rows': 632, 'changed_seat_accuracy': 0.1651376146788991, 'changed_seat_evaluation_rows': 109, 'retained_seat_accuracy': 0.858508604206501, 'retained_seat_evaluation_rows': 523, 'macro_f1': 0.4286907181095517, 'log_loss': 1.0696557623218637, 'previous_winner_accuracy': 0.8275316455696202, 'previous_winner_known_rows': 632, 'seat_error_con': -106, 'seat_error_lab': 122, 'seat_error_lib': 38, 'seat_error_natSW': -50, 'seat_error_oth': -4}, 101232: {'accuracy': 0.7231012658227848, 'evaluation_rows': 632, 'changed_seat_accuracy': 0.1559633027522936, 'changed_seat_evaluation_rows': 109, 'retained_seat_accuracy': 0.8413001912045889, 'retained_seat_evaluation_rows': 523, 'macro_f1': 0.4062017583915393, 'log_loss': 1.0328256763325736, 'previous_winner_accuracy': 0.8275316455696202, 'previous_winner_known_rows': 632, 'seat_error_con': -112, 'seat_error_lab': 130, 'seat_error_lib': 39, 'seat_error_natSW': -53, 'seat_error_oth': -4}}",0.01880183642723158
NN03: 16 units fixed rate 0.3,2015,0.7357594936708861,632,0.1651376146788991,109,0.8546845124282982,523,0.4125725830845285,1.019397781566241,0.8275316455696202,632,-105,124,38,-53,-4,13.802764935000596,"{'hidden_sizes': (16,), 'seeds': (101223, 101224, 101225, 101226, 101227, 101228, 101229, 101230, 101231, 101232), 'batch_size': 64, 'max_epochs': 1000, 'patience': 20, 'min_delta': 0.0, 'momentum': 0.0, 'weight_decay': 0.0, 'learning_rate': 0.3}",0.8970542572609943,"{'training_years': (1987, 1992, 1997, 2001, 2005, 2010), 'configuration': {'hidden_sizes': (16,), 'learning_rate': 0.3, 'seeds': (101223, 101224, 101225, 101226, 101227, 101228, 101229, 101230, 101231, 101232), 'batch_size': 64, 'max_epochs': 1000, 'patience': 20, 'min_delta': 0.0, 'momentum': 0.0, 'weight_decay': 0.0}, 'validation_year': None, 'runs': [{'seed': 101223, 'learning_rate': 0.3, 'best_epoch': None, 'stopping_epoch': 9, 'best_validation_loss': None, 'duration': 9}, {'seed': 101224, 'learning_rate': 0.3, 'best_epoch': None, 'stopping_epoch': 14, 'best_validation_loss': None, 'duration': 14}, {'seed': 101225, 'learning_rate': 0.3, 'best_epoch': None, 'stopping_epoch': 4, 'best_validation_loss': None, 'duration': 4}, {'seed': 101226, 'learning_rate': 0.3, 'best_epoch': None, 'stopping_epoch': 5, 'best_validation_loss': None, 'duration': 5}, {'seed': 101227, 'learning_rate': 0.3, 'best_epoch': None, 'stopping_epoch': 22, 'best_validation_loss': None, 'duration': 22}, {'seed': 101228, 'learning_rate': 0.3, 'best_epoch': None, 'stopping_epoch': 8, 'best_validation_loss': None, 'duration': 8}, {'seed': 101229, 'learning_rate': 0.3, 'best_epoch': None, 'stopping_epoch': 12, 'best_validation_loss': None, 'duration': 12}, {'seed': 101230, 'learning_rate': 0.3, 'best_epoch': None, 'stopping_epoch': 10, 'best_validation_loss': None, 'duration': 10}, {'seed': 101231, 'learning_rate': 0.3, 'best_epoch': None, 'stopping_epoch': 11, 'best_validation_loss': None, 'duration': 11}, {'seed': 101232, 'learning_rate': 0.3, 'best_epoch': None, 'stopping_epoch': 6, 'best_validation_loss': None, 'duration': 6}]}","{101223: {'accuracy': 0.7515822784810127, 'evaluation_rows': 632, 'changed_seat_accuracy': 0.1651376146788991, 'changed_seat_evaluation_rows': 109, 'retained_seat_accuracy': 0.8738049713193117, 'retained_seat_evaluation_rows': 523, 'macro_f1': 0.41420509279707146, 'log_loss': 0.9975812420249353, 'previous_winner_accuracy': 0.8275316455696202, 'previous_winner_known_rows': 632, 'seat_error_con': -92, 'seat_error_lab': 112, 'seat_error_lib': 38, 'seat_error_natSW': -54, 'seat_error_oth': -4}, 101224: {'accuracy': 0.740506329113924, 'evaluation_rows': 632, 'changed_seat_accuracy': 0.2018348623853211, 'changed_seat_evaluation_rows': 109, 'retained_seat_accuracy': 0.8527724665391969, 'retained_seat_evaluation_rows': 523, 'macro_f1': 0.43305404761182453, 'log_loss': 1.0211359185599245, 'previous_winner_accuracy': 0.8275316455696202, 'previous_winner_known_rows': 632, 'seat_error_con': -106, 'seat_error_lab': 126, 'seat_error_lib': 34, 'seat_error_natSW': -50, 'seat_error_oth': -4}, 101225: {'accuracy': 0.7610759493670886, 'evaluation_rows': 632, 'changed_seat_accuracy': 0.1651376146788991, 'changed_seat_evaluation_rows': 109, 'retained_seat_accuracy': 0.8852772466539197, 'retained_seat_evaluation_rows': 523, 'macro_f1': 0.4209737040754133, 'log_loss': 0.9526239858818724, 'previous_winner_accuracy': 0.8275316455696202, 'previous_winner_known_rows': 632, 'seat_error_con': -87, 'seat_error_lab': 110, 'seat_error_lib': 35, 'seat_error_natSW': -54, 'seat_error_oth': -4}, 101226: {'accuracy': 0.7468354430379747, 'evaluation_rows': 632, 'changed_seat_accuracy': 0.14678899082568808, 'changed_seat_evaluation_rows': 109, 'retained_seat_accuracy': 0.8718929254302104, 'retained_seat_evaluation_rows': 523, 'macro_f1': 0.41583590014672345, 'log_loss': 0.9213955637718837, 'previous_winner_accuracy': 0.8275316455696202, 'previous_winner_known_rows': 632, 'seat_error_con': -96, 'seat_error_lab': 113, 'seat_error_lib': 40, 'seat_error_natSW': -53, 'seat_error_oth': -4}, 101227: {'accuracy': 0.7341772151898734, 'evaluation_rows': 632, 'changed_seat_accuracy': 0.1559633027522936, 'changed_seat_evaluation_rows': 109, 'retained_seat_accuracy': 0.8546845124282982, 'retained_seat_evaluation_rows': 523, 'macro_f1': 0.41186332984894136, 'log_loss': 1.1261011972389443, 'previous_winner_accuracy': 0.8275316455696202, 'previous_winner_known_rows': 632, 'seat_error_con': -104, 'seat_error_lab': 123, 'seat_error_lib': 38, 'seat_error_natSW': -53, 'seat_error_oth': -4}, 101228: {'accuracy': 0.7737341772151899, 'evaluation_rows': 632, 'changed_seat_accuracy': 0.1743119266055046, 'changed_seat_evaluation_rows': 109, 'retained_seat_accuracy': 0.8986615678776291, 'retained_seat_evaluation_rows': 523, 'macro_f1': 0.4430590396165354, 'log_loss': 0.9011594933838609, 'previous_winner_accuracy': 0.8275316455696202, 'previous_winner_known_rows': 632, 'seat_error_con': -82, 'seat_error_lab': 97, 'seat_error_lib': 39, 'seat_error_natSW': -50, 'seat_error_oth': -4}, 101229: {'accuracy': 0.7658227848101266, 'evaluation_rows': 632, 'changed_seat_accuracy': 0.21100917431192662, 'changed_seat_evaluation_rows': 109, 'retained_seat_accuracy': 0.8814531548757171, 'retained_seat_evaluation_rows': 523, 'macro_f1': 0.43028706886112983, 'log_loss': 1.0624021643309076, 'previous_winner_accuracy': 0.8275316455696202, 'previous_winner_known_rows': 632, 'seat_error_con': -85, 'seat_error_lab': 109, 'seat_error_lib': 33, 'seat_error_natSW': -53, 'seat_error_oth': -4}, 101230: {'accuracy': 0.689873417721519, 'evaluation_rows': 632, 'changed_seat_accuracy': 0.1834862385321101, 'changed_seat_evaluation_rows': 109, 'retained_seat_accuracy': 0.7954110898661568, 'retained_seat_evaluation_rows': 523, 'macro_f1': 0.38069444560315563, 'log_loss': 1.596541814751487, 'previous_winner_accuracy': 0.8275316455696202, 'previous_winner_known_rows': 632, 'seat_error_con': -133, 'seat_error_lab': 160, 'seat_error_lib': 33, 'seat_error_natSW': -56, 'seat_error_oth': -4}, 101231: {'accuracy': 0.7278481012658228, 'evaluation_rows': 632, 'changed_seat_accuracy': 0.1834862385321101, 'changed_seat_evaluation_rows': 109, 'retained_seat_accuracy': 0.8413001912045889, 'retained_seat_evaluation_rows': 523, 'macro_f1': 0.41080527887741286, 'log_loss': 1.1975535701384894, 'previous_winner_accuracy': 0.8275316455696202, 'previous_winner_known_rows': 632, 'seat_error_con': -112, 'seat_error_lab': 133, 'seat_error_lib': 36, 'seat_error_natSW': -53, 'seat_error_oth': -4}, 101232: {'accuracy': 0.7009493670886076, 'evaluation_rows': 632, 'changed_seat_accuracy': 0.14678899082568808, 'changed_seat_evaluation_rows': 109, 'retained_seat_accuracy': 0.8164435946462715, 'retained_seat_evaluation_rows': 523, 'macro_f1': 0.3896291568473423, 'log_loss': 1.3436094445038413, 'previous_winner_accuracy': 0.8275316455696202, 'previous_winner_known_rows': 632, 'seat_error_con': -124, 'seat_error_lab': 141, 'seat_error_lib': 41, 'seat_error_natSW': -54, 'seat_error_oth': -4}}",0.025775117334553458
XGBoost Expanded,2015,0.8354430379746836,632,0.27522935779816515,109,0.9521988527724665,523,0.4804020209452123,0.728098900532258,0.8275316455696202,632,-37,71,22,-52,-4,4.422941259001163,"{'n_estimators': 50, 'max_depth': 5, 'learning_rate': 0.05, 'min_child_weight': 1, 'gamma': 0, 'subsample': 1, 'colsample_bytree': 1, 'reg_alpha': 0, 'reg_lambda': 1, 'tree_method': 'hist', 'random_state': 42, 'n_jobs': 1}",0.8856796761590693,"{'training_years': (1987, 1992, 1997, 2001, 2005, 2010), 'configuration': {'n_estimators': 50, 'max_depth': 5, 'learning_rate': 0.05, 'min_child_weight': 1, 'gamma': 0, 'subsample': 1, 'colsample_bytree': 1, 'reg_alpha': 0, 'reg_lambda': 1, 'tree_method': 'hist', 'random_state': 42, 'n_jobs': 1}, 'validation_year': None, 'runs': []}",{},
Conditional XGBoost,2015,0.8560126582278481,632,0.24770642201834864,109,0.982791586998088,523,0.6351268623391385,0.5697360485610916,0.8275316455696202,632,-16,48,20,-50,-2,13.254916101999697,"{'n_estimators': 100, 'max_depth': 3, 'learning_rate': 0.05, 'min_child_weight': 1, 'gamma': 0, 'subsample': 1, 'colsample_bytree': 1, 'reg_alpha': 0, 'reg_lambda': 1, 'tree_method': 'hist', 'random_state': 42, 'n_jobs': 1, 'challenger.max_depth': 2, 'challenger.n_estimators': 200, 'change.max_depth': 2, 'change.n_estimators': 50}",0.8844975465147767,"{'training_years': (1987, 1992, 1997, 2001, 2005, 2010), 'configuration': {'change.n_estimators': 50, 'change.max_depth': 2, 'change.learning_rate': 0.05, 'change.min_child_weight': 1, 'change.gamma': 0, 'change.subsample': 1, 'change.colsample_bytree': 1, 'change.reg_alpha': 0, 'change.reg_lambda': 1, 'change.tree_method': 'hist', 'change.random_state': 42, 'change.n_jobs': 1, 'challenger.n_estimators': 200, 'challenger.max_depth': 2, 'challenger.learning_rate': 0.05, 'challenger.min_child_weight': 1, 'challenger.gamma': 0, 'challenger.subsample': 1, 'challenger.colsample_bytree': 1, 'challenger.reg_alpha': 0, 'challenger.reg_lambda': 1, 'challenger.tree_method': 'hist', 'challenger.random_state': 42, 'challenger.n_jobs': 1}, 'validation_year': None, 'runs': []}",{},
XGBoost,2017,0.8670886075949367,632,0.11940298507462686,67,0.9557522123893806,565,0.5037435490758251,0.33800121667379807,0.8939873417721519,632,38,-47,-12,23,-2,3.7042561970010865,"{'n_estimators': 50, 'max_depth': 4, 'learning_rate': 0.05, 'min_child_weight': 1, 'gamma': 0, 'subsample': 1, 'colsample_bytree': 1, 'reg_alpha': 0, 'reg_lambda': 1, 'tree_method': 'hist', 'random_state': 42, 'n_jobs': 1}",0.8755547982138587,"{'training_years': (1987, 1992, 1997, 2001, 2005, 2010, 2015), 'configuration': {'n_estimators': 50, 'max_depth': 4, 'learning_rate': 0.05, 'min_child_weight': 1, 'gamma': 0, 'subsample': 1, 'colsample_bytree': 1, 'reg_alpha': 0, 'reg_lambda': 1, 'tree_method': 'hist', 'random_state': 42, 'n_jobs': 1}, 'validation_year': None, 'runs': []}",{},
Random Forest,2017,0.8939873417721519,632,0.07462686567164178,67,0.9911504424778761,565,0.5820458933988251,0.3077879017252673,0.8939873417721519,632,17,-27,-8,20,-2,34.95407058099954,"{'n_estimators': 300, 'max_depth': 10, 'min_samples_leaf': 10, 'max_features': 0.5, 'min_samples_split': 2, 'bootstrap': True, 'criterion': 'gini', 'class_weight': None, 'random_state': 42, 'n_jobs': 1}",0.8695421399860106,"{'training_years': (1987, 1992, 1997, 2001, 2005, 2010, 2015), 'configuration': {'n_estimators': 300, 'max_depth': 10, 'min_samples_leaf': 10, 'max_features': 0.5, 'min_samples_split': 2, 'bootstrap': True, 'criterion': 'gini', 'class_weight': None, 'random_state': 42, 'n_jobs': 1}, 'validation_year': None, 'runs': []}",{},
Logistic Regression,2017,0.8734177215189873,632,0.1044776119402985,67,0.9646017699115044,565,0.6662200240219411,0.5749813150833747,0.8939873417721519,632,29,-43,-12,27,-1,0.8657115260011778,"{'C': 0.1, 'penalty': 'l2', 'solver': 'lbfgs', 'max_iter': 1000, 'tol': 0.0001, 'class_weight': None}",0.8619880160843779,"{'training_years': (1987, 1992, 1997, 2001, 2005, 2010, 2015), 'configuration': {'C': 0.1, 'penalty': 'l2', 'solver': 'lbfgs', 'max_iter': 1000, 'tol': 0.0001, 'class_weight': None}, 'validation_year': None, 'runs': []}",{},
NN01: 32/16 validation-selected rate,2017,0.8623417721518988,632,0.14925373134328357,67,0.9469026548672567,565,0.5280737102015314,0.5096837242581761,0.8939873417721519,632,42,-55,-12,27,-2,50.35723773599966,"{'hidden_sizes': (32, 16), 'seeds': (101223, 101224, 101225, 101226, 101227, 101228, 101229, 101230, 101231, 101232), 'batch_size': 64, 'max_epochs': 1000, 'patience': 20, 'min_delta': 0.0, 'momentum': 0.0, 'weight_decay': 0.0, 'learning_rate': 0.5}",0.8809240108860987,"{'training_years': (1987, 1992, 1997, 2001, 2005, 2010, 2015), 'configuration': {'hidden_sizes': (32, 16), 'learning_rate': 0.5, 'seeds': (101223, 101224, 101225, 101226, 101227, 101228, 101229, 101230, 101231, 101232), 'batch_size': 64, 'max_epochs': 1000, 'patience': 20, 'min_delta': 0.0, 'momentum': 0.0, 'weight_decay': 0.0}, 'validation_year': None, 'runs': [{'seed': 101223, 'learning_rate': 0.5, 'best_epoch': None, 'stopping_epoch': 5, 'best_validation_loss': None, 'duration': 5}, {'seed': 101224, 'learning_rate': 0.5, 'best_epoch': None, 'stopping_epoch': 5, 'best_validation_loss': None, 'duration': 5}, {'seed': 101225, 'learning_rate': 0.5, 'best_epoch': None, 'stopping_epoch': 3, 'best_validation_loss': None, 'duration': 3}, {'seed': 101226, 'learning_rate': 0.5, 'best_epoch': None, 'stopping_epoch': 5, 'best_validation_loss': None, 'duration': 5}, {'seed': 101227, 'learning_rate': 0.5, 'best_epoch': None, 'stopping_epoch': 7, 'best_validation_loss': None, 'duration': 7}, {'seed': 101228, 'learning_rate': 0.5, 'best_epoch': None, 'stopping_epoch': 12, 'best_validation_loss': None, 'duration': 12}, {'seed': 101229, 'learning_rate': 0.5, 'best_epoch': None, 'stopping_epoch': 8, 'best_validation_loss': None, 'duration': 8}, {'seed': 101230, 'learning_rate': 0.5, 'best_epoch': None, 'stopping_epoch': 13, 'best_validation_loss': None, 'duration': 13}, {'seed': 101231, 'learning_rate': 0.5, 'best_epoch': None, 'stopping_epoch': 3, 'best_validation_loss': None, 'duration': 3}, {'seed': 101232, 'learning_rate': 0.5, 'best_epoch': None, 'stopping_epoch': 4, 'best_validation_loss': None, 'duration': 4}]}","{101223: {'accuracy': 0.8449367088607594, 'evaluation_rows': 632, 'changed_seat_accuracy': 0.1791044776119403, 'changed_seat_evaluation_rows': 67, 'retained_seat_accuracy': 0.9238938053097345, 'retained_seat_evaluation_rows': 565, 'macro_f1': 0.5206955970858409, 'log_loss': 0.5601673761291873, 'previous_winner_accuracy': 0.8939873417721519, 'previous_winner_known_rows': 632, 'seat_error_con': 59, 'seat_error_lab': -71, 'seat_error_lib': -12, 'seat_error_natSW': 26, 'seat_error_oth': -2}, 101224: {'accuracy': 0.8670886075949367, 'evaluation_rows': 632, 'changed_seat_accuracy': 0.13432835820895522, 'changed_seat_evaluation_rows': 67, 'retained_seat_accuracy': 0.9539823008849557, 'retained_seat_evaluation_rows': 565, 'macro_f1': 0.532515217662803, 'log_loss': 0.6291521283696414, 'previous_winner_accuracy': 0.8939873417721519, 'previous_winner_known_rows': 632, 'seat_error_con': 39, 'seat_error_lab': -50, 'seat_error_lib': -12, 'seat_error_natSW': 25, 'seat_error_oth': -2}, 101225: {'accuracy': 0.8607594936708861, 'evaluation_rows': 632, 'changed_seat_accuracy': 0.13432835820895522, 'changed_seat_evaluation_rows': 67, 'retained_seat_accuracy': 0.9469026548672567, 'retained_seat_evaluation_rows': 565, 'macro_f1': 0.4981092159489605, 'log_loss': 0.5900403004462051, 'previous_winner_accuracy': 0.8939873417721519, 'previous_winner_known_rows': 632, 'seat_error_con': 40, 'seat_error_lab': -53, 'seat_error_lib': -13, 'seat_error_natSW': 28, 'seat_error_oth': -2}, 101226: {'accuracy': 0.8639240506329114, 'evaluation_rows': 632, 'changed_seat_accuracy': 0.1044776119402985, 'changed_seat_evaluation_rows': 67, 'retained_seat_accuracy': 0.9539823008849557, 'retained_seat_evaluation_rows': 565, 'macro_f1': 0.49852687627508574, 'log_loss': 0.6000960769303773, 'previous_winner_accuracy': 0.8939873417721519, 'previous_winner_known_rows': 632, 'seat_error_con': 33, 'seat_error_lab': -47, 'seat_error_lib': -13, 'seat_error_natSW': 29, 'seat_error_oth': -2}, 101227: {'accuracy': 0.8939873417721519, 'evaluation_rows': 632, 'changed_seat_accuracy': 0.1044776119402985, 'changed_seat_evaluation_rows': 67, 'retained_seat_accuracy': 0.9876106194690265, 'retained_seat_evaluation_rows': 565, 'macro_f1': 0.5170469865867913, 'log_loss': 0.40870940040078413, 'previous_winner_accuracy': 0.8939873417721519, 'previous_winner_known_rows': 632, 'seat_error_con': 16, 'seat_error_lab': -26, 'seat_error_lib': -13, 'seat_error_natSW': 25, 'seat_error_oth': -2}, 101228: {'accuracy': 0.8069620253164557, 'evaluation_rows': 632, 'changed_seat_accuracy': 0.16417910447761194, 'changed_seat_evaluation_rows': 67, 'retained_seat_accuracy': 0.8831858407079646, 'retained_seat_evaluation_rows': 565, 'macro_f1': 0.5030989768195162, 'log_loss': 0.8708921775025861, 'previous_winner_accuracy': 0.8939873417721519, 'previous_winner_known_rows': 632, 'seat_error_con': 84, 'seat_error_lab': -95, 'seat_error_lib': -12, 'seat_error_natSW': 25, 'seat_error_oth': -2}, 101229: {'accuracy': 0.8544303797468354, 'evaluation_rows': 632, 'changed_seat_accuracy': 0.14925373134328357, 'changed_seat_evaluation_rows': 67, 'retained_seat_accuracy': 0.9380530973451328, 'retained_seat_evaluation_rows': 565, 'macro_f1': 0.5197917501001201, 'log_loss': 0.7823329197236865, 'previous_winner_accuracy': 0.8939873417721519, 'previous_winner_known_rows': 632, 'seat_error_con': 43, 'seat_error_lab': -60, 'seat_error_lib': -12, 'seat_error_natSW': 31, 'seat_error_oth': -2}, 101230: {'accuracy': 0.8433544303797469, 'evaluation_rows': 632, 'changed_seat_accuracy': 0.16417910447761194, 'changed_seat_evaluation_rows': 67, 'retained_seat_accuracy': 0.9238938053097345, 'retained_seat_evaluation_rows': 565, 'macro_f1': 0.5199155557243598, 'log_loss': 0.5654634285617048, 'previous_winner_accuracy': 0.8939873417721519, 'previous_winner_known_rows': 632, 'seat_error_con': 61, 'seat_error_lab': -70, 'seat_error_lib': -11, 'seat_error_natSW': 22, 'seat_error_oth': -2}, 101231: {'accuracy': 0.7974683544303798, 'evaluation_rows': 632, 'changed_seat_accuracy': 0.16417910447761194, 'changed_seat_evaluation_rows': 67, 'retained_seat_accuracy': 0.8725663716814159, 'retained_seat_evaluation_rows': 565, 'macro_f1': 0.4913398759402533, 'log_loss': 0.9245746072591946, 'previous_winner_accuracy': 0.8939873417721519, 'previous_winner_known_rows': 632, 'seat_error_con': 83, 'seat_error_lab': -100, 'seat_error_lib': -12, 'seat_error_natSW': 31, 'seat_error_oth': -2}, 101232: {'accuracy': 0.8892405063291139, 'evaluation_rows': 632, 'changed_seat_accuracy': 0.07462686567164178, 'changed_seat_evaluation_rows': 67, 'retained_seat_accuracy': 0.9858407079646018, 'retained_seat_evaluation_rows': 565, 'macro_f1': 0.5404670651396937, 'log_loss': 0.5925731724912379, 'previous_winner_accuracy': 0.8939873417721519, 'previous_winner_known_rows': 632, 'seat_error_con': 13, 'seat_error_lab': -26, 'seat_error_lib': -12, 'seat_error_natSW': 27, 'seat_error_oth': -2}}",0.02954415194173115
NN02: 64/32 validation-selected rate,2017,0.8734177215189873,632,0.1044776119402985,67,0.9646017699115044,565,0.5345454804676362,0.4774577342397226,0.8939873417721519,632,30,-42,-12,26,-2,91.05991410999923,"{'hidden_sizes': (64, 32), 'seeds': (101223, 101224, 101225, 101226, 101227, 101228, 101229, 101230, 101231, 101232), 'batch_size': 64, 'max_epochs': 1000, 'patience': 20, 'min_delta': 0.0, 'momentum': 0.0, 'weight_decay': 0.0, 'learning_rate': 0.5}",0.8834253778116938,"{'training_years': (1987, 1992, 1997, 2001, 2005, 2010, 2015), 'configuration': {'hidden_sizes': (64, 32), 'learning_rate': 0.5, 'seeds': (101223, 101224, 101225, 101226, 101227, 101228, 101229, 101230, 101231, 101232), 'batch_size': 64, 'max_epochs': 1000, 'patience': 20, 'min_delta': 0.0, 'momentum': 0.0, 'weight_decay': 0.0}, 'validation_year': None, 'runs': [{'seed': 101223, 'learning_rate': 0.5, 'best_epoch': None, 'stopping_epoch': 6, 'best_validation_loss': None, 'duration': 6}, {'seed': 101224, 'learning_rate': 0.5, 'best_epoch': None, 'stopping_epoch': 5, 'best_validation_loss': None, 'duration': 5}, {'seed': 101225, 'learning_rate': 0.5, 'best_epoch': None, 'stopping_epoch': 3, 'best_validation_loss': None, 'duration': 3}, {'seed': 101226, 'learning_rate': 0.5, 'best_epoch': None, 'stopping_epoch': 4, 'best_validation_loss': None, 'duration': 4}, {'seed': 101227, 'learning_rate': 0.5, 'best_epoch': None, 'stopping_epoch': 8, 'best_validation_loss': None, 'duration': 8}, {'seed': 101228, 'learning_rate': 0.5, 'best_epoch': None, 'stopping_epoch': 12, 'best_validation_loss': None, 'duration': 12}, {'seed': 101229, 'learning_rate': 0.5, 'best_epoch': None, 'stopping_epoch': 7, 'best_validation_loss': None, 'duration': 7}, {'seed': 101230, 'learning_rate': 0.5, 'best_epoch': None, 'stopping_epoch': 12, 'best_validation_loss': None, 'duration': 12}, {'seed': 101231, 'learning_rate': 0.5, 'best_epoch': None, 'stopping_epoch': 12, 'best_validation_loss': None, 'duration': 12}, {'seed': 101232, 'learning_rate': 0.5, 'best_epoch': None, 'stopping_epoch': 2, 'best_validation_loss': None, 'duration': 2}]}","{101223: {'accuracy': 0.8512658227848101, 'evaluation_rows': 632, 'changed_seat_accuracy': 0.1044776119402985, 'changed_seat_evaluation_rows': 67, 'retained_seat_accuracy': 0.9398230088495575, 'retained_seat_evaluation_rows': 565, 'macro_f1': 0.4816280208657407, 'log_loss': 0.8526881479116025, 'previous_winner_accuracy': 0.8939873417721519, 'previous_winner_known_rows': 632, 'seat_error_con': 30, 'seat_error_lab': -55, 'seat_error_lib': -13, 'seat_error_natSW': 40, 'seat_error_oth': -2}, 101224: {'accuracy': 0.8639240506329114, 'evaluation_rows': 632, 'changed_seat_accuracy': 0.11940298507462686, 'changed_seat_evaluation_rows': 67, 'retained_seat_accuracy': 0.952212389380531, 'retained_seat_evaluation_rows': 565, 'macro_f1': 0.5311843909555425, 'log_loss': 0.5891933575912632, 'previous_winner_accuracy': 0.8939873417721519, 'previous_winner_known_rows': 632, 'seat_error_con': 40, 'seat_error_lab': -51, 'seat_error_lib': -12, 'seat_error_natSW': 25, 'seat_error_oth': -2}, 101225: {'accuracy': 0.865506329113924, 'evaluation_rows': 632, 'changed_seat_accuracy': 0.14925373134328357, 'changed_seat_evaluation_rows': 67, 'retained_seat_accuracy': 0.9504424778761061, 'retained_seat_evaluation_rows': 565, 'macro_f1': 0.5049004968938554, 'log_loss': 0.5059127075996149, 'previous_winner_accuracy': 0.8939873417721519, 'previous_winner_known_rows': 632, 'seat_error_con': 43, 'seat_error_lab': -52, 'seat_error_lib': -13, 'seat_error_natSW': 24, 'seat_error_oth': -2}, 101226: {'accuracy': 0.8765822784810127, 'evaluation_rows': 632, 'changed_seat_accuracy': 0.08955223880597014, 'changed_seat_evaluation_rows': 67, 'retained_seat_accuracy': 0.9699115044247788, 'retained_seat_evaluation_rows': 565, 'macro_f1': 0.5562718909073927, 'log_loss': 0.448272673048736, 'previous_winner_accuracy': 0.8939873417721519, 'previous_winner_known_rows': 632, 'seat_error_con': 27, 'seat_error_lab': -39, 'seat_error_lib': -10, 'seat_error_natSW': 24, 'seat_error_oth': -2}, 101227: {'accuracy': 0.8908227848101266, 'evaluation_rows': 632, 'changed_seat_accuracy': 0.07462686567164178, 'changed_seat_evaluation_rows': 67, 'retained_seat_accuracy': 0.9876106194690265, 'retained_seat_evaluation_rows': 565, 'macro_f1': 0.5424580305900314, 'log_loss': 0.39416129015528584, 'previous_winner_accuracy': 0.8939873417721519, 'previous_winner_known_rows': 632, 'seat_error_con': 14, 'seat_error_lab': -26, 'seat_error_lib': -12, 'seat_error_natSW': 26, 'seat_error_oth': -2}, 101228: {'accuracy': 0.7927215189873418, 'evaluation_rows': 632, 'changed_seat_accuracy': 0.16417910447761194, 'changed_seat_evaluation_rows': 67, 'retained_seat_accuracy': 0.8672566371681416, 'retained_seat_evaluation_rows': 565, 'macro_f1': 0.46433954049295095, 'log_loss': 0.9913053213579449, 'previous_winner_accuracy': 0.8939873417721519, 'previous_winner_known_rows': 632, 'seat_error_con': 89, 'seat_error_lab': -102, 'seat_error_lib': -13, 'seat_error_natSW': 28, 'seat_error_oth': -2}, 101229: {'accuracy': 0.8781645569620253, 'evaluation_rows': 632, 'changed_seat_accuracy': 0.1044776119402985, 'changed_seat_evaluation_rows': 67, 'retained_seat_accuracy': 0.9699115044247788, 'retained_seat_evaluation_rows': 565, 'macro_f1': 0.5366331631129002, 'log_loss': 0.5397600664231521, 'previous_winner_accuracy': 0.8939873417721519, 'previous_winner_known_rows': 632, 'seat_error_con': 26, 'seat_error_lab': -38, 'seat_error_lib': -12, 'seat_error_natSW': 26, 'seat_error_oth': -2}, 101230: {'accuracy': 0.879746835443038, 'evaluation_rows': 632, 'changed_seat_accuracy': 0.1044776119402985, 'changed_seat_evaluation_rows': 67, 'retained_seat_accuracy': 0.9716814159292035, 'retained_seat_evaluation_rows': 565, 'macro_f1': 0.5386827951421252, 'log_loss': 0.47971066181890765, 'previous_winner_accuracy': 0.8939873417721519, 'previous_winner_known_rows': 632, 'seat_error_con': 27, 'seat_error_lab': -38, 'seat_error_lib': -12, 'seat_error_natSW': 25, 'seat_error_oth': -2}, 101231: {'accuracy': 0.865506329113924, 'evaluation_rows': 632, 'changed_seat_accuracy': 0.13432835820895522, 'changed_seat_evaluation_rows': 67, 'retained_seat_accuracy': 0.952212389380531, 'retained_seat_evaluation_rows': 565, 'macro_f1': 0.5306933822370589, 'log_loss': 0.6565976821521899, 'previous_winner_accuracy': 0.8939873417721519, 'previous_winner_known_rows': 632, 'seat_error_con': 38, 'seat_error_lab': -50, 'seat_error_lib': -12, 'seat_error_natSW': 26, 'seat_error_oth': -2}, 101232: {'accuracy': 0.8892405063291139, 'evaluation_rows': 632, 'changed_seat_accuracy': 0.08955223880597014, 'changed_seat_evaluation_rows': 67, 'retained_seat_accuracy': 0.984070796460177, 'retained_seat_evaluation_rows': 565, 'macro_f1': 0.5406283311523961, 'log_loss': 0.4762052116775714, 'previous_winner_accuracy': 0.8939873417721519, 'previous_winner_known_rows': 632, 'seat_error_con': 17, 'seat_error_lab': -30, 'seat_error_lib': -12, 'seat_error_natSW': 27, 'seat_error_oth': -2}}",0.026819036810800286
NN03: 16 units fixed rate 0.3,2017,0.8607594936708861,632,0.1044776119402985,67,0.9504424778761061,565,0.5261827480726057,0.5330011883664575,0.8939873417721519,632,35,-49,-12,28,-2,11.308982956999898,"{'hidden_sizes': (16,), 'seeds': (101223, 101224, 101225, 101226, 101227, 101228, 101229, 101230, 101231, 101232), 'batch_size': 64, 'max_epochs': 1000, 'patience': 20, 'min_delta': 0.0, 'momentum': 0.0, 'weight_decay': 0.0, 'learning_rate': 0.3}",0.8711244184670234,"{'training_years': (1987, 1992, 1997, 2001, 2005, 2010, 2015), 'configuration': {'hidden_sizes': (16,), 'learning_rate': 0.3, 'seeds': (101223, 101224, 101225, 101226, 101227, 101228, 101229, 101230, 101231, 101232), 'batch_size': 64, 'max_epochs': 1000, 'patience': 20, 'min_delta': 0.0, 'momentum': 0.0, 'weight_decay': 0.0}, 'validation_year': None, 'runs': [{'seed': 101223, 'learning_rate': 0.3, 'best_epoch': None, 'stopping_epoch': 6, 'best_validation_loss': None, 'duration': 6}, {'seed': 101224, 'learning_rate': 0.3, 'best_epoch': None, 'stopping_epoch': 3, 'best_validation_loss': None, 'duration': 3}, {'seed': 101225, 'learning_rate': 0.3, 'best_epoch': None, 'stopping_epoch': 3, 'best_validation_loss': None, 'duration': 3}, {'seed': 101226, 'learning_rate': 0.3, 'best_epoch': None, 'stopping_epoch': 4, 'best_validation_loss': None, 'duration': 4}, {'seed': 101227, 'learning_rate': 0.3, 'best_epoch': None, 'stopping_epoch': 21, 'best_validation_loss': None, 'duration': 21}, {'seed': 101228, 'learning_rate': 0.3, 'best_epoch': None, 'stopping_epoch': 3, 'best_validation_loss': None, 'duration': 3}, {'seed': 101229, 'learning_rate': 0.3, 'best_epoch': None, 'stopping_epoch': 6, 'best_validation_loss': None, 'duration': 6}, {'seed': 101230, 'learning_rate': 0.3, 'best_epoch': None, 'stopping_epoch': 5, 'best_validation_loss': None, 'duration': 5}, {'seed': 101231, 'learning_rate': 0.3, 'best_epoch': None, 'stopping_epoch': 6, 'best_validation_loss': None, 'duration': 6}, {'seed': 101232, 'learning_rate': 0.3, 'best_epoch': None, 'stopping_epoch': 4, 'best_validation_loss': None, 'duration': 4}]}","{101223: {'accuracy': 0.8544303797468354, 'evaluation_rows': 632, 'changed_seat_accuracy': 0.11940298507462686, 'changed_seat_evaluation_rows': 67, 'retained_seat_accuracy': 0.9415929203539823, 'retained_seat_evaluation_rows': 565, 'macro_f1': 0.5176869413169272, 'log_loss': 0.7703507802829787, 'previous_winner_accuracy': 0.8939873417721519, 'previous_winner_known_rows': 632, 'seat_error_con': 36, 'seat_error_lab': -55, 'seat_error_lib': -12, 'seat_error_natSW': 33, 'seat_error_oth': -2}, 101224: {'accuracy': 0.8607594936708861, 'evaluation_rows': 632, 'changed_seat_accuracy': 0.1044776119402985, 'changed_seat_evaluation_rows': 67, 'retained_seat_accuracy': 0.9504424778761061, 'retained_seat_evaluation_rows': 565, 'macro_f1': 0.5250393656918833, 'log_loss': 0.5655708601967245, 'previous_winner_accuracy': 0.8939873417721519, 'previous_winner_known_rows': 632, 'seat_error_con': 34, 'seat_error_lab': -49, 'seat_error_lib': -12, 'seat_error_natSW': 29, 'seat_error_oth': -2}, 101225: {'accuracy': 0.8607594936708861, 'evaluation_rows': 632, 'changed_seat_accuracy': 0.14925373134328357, 'changed_seat_evaluation_rows': 67, 'retained_seat_accuracy': 0.9451327433628318, 'retained_seat_evaluation_rows': 565, 'macro_f1': 0.5270575797711092, 'log_loss': 0.5808971231774452, 'previous_winner_accuracy': 0.8939873417721519, 'previous_winner_known_rows': 632, 'seat_error_con': 43, 'seat_error_lab': -56, 'seat_error_lib': -12, 'seat_error_natSW': 27, 'seat_error_oth': -2}, 101226: {'accuracy': 0.8623417721518988, 'evaluation_rows': 632, 'changed_seat_accuracy': 0.13432835820895522, 'changed_seat_evaluation_rows': 67, 'retained_seat_accuracy': 0.9486725663716814, 'retained_seat_evaluation_rows': 565, 'macro_f1': 0.5252581018763648, 'log_loss': 0.5399570794226253, 'previous_winner_accuracy': 0.8939873417721519, 'previous_winner_known_rows': 632, 'seat_error_con': 40, 'seat_error_lab': -55, 'seat_error_lib': -11, 'seat_error_natSW': 28, 'seat_error_oth': -2}, 101227: {'accuracy': 0.8481012658227848, 'evaluation_rows': 632, 'changed_seat_accuracy': 0.16417910447761194, 'changed_seat_evaluation_rows': 67, 'retained_seat_accuracy': 0.9292035398230089, 'retained_seat_evaluation_rows': 565, 'macro_f1': 0.6272313152824257, 'log_loss': 0.6507747718947703, 'previous_winner_accuracy': 0.8939873417721519, 'previous_winner_known_rows': 632, 'seat_error_con': 54, 'seat_error_lab': -66, 'seat_error_lib': -13, 'seat_error_natSW': 26, 'seat_error_oth': -1}, 101228: {'accuracy': 0.8718354430379747, 'evaluation_rows': 632, 'changed_seat_accuracy': 0.08955223880597014, 'changed_seat_evaluation_rows': 67, 'retained_seat_accuracy': 0.9646017699115044, 'retained_seat_evaluation_rows': 565, 'macro_f1': 0.5010261751034115, 'log_loss': 0.5446974257749213, 'previous_winner_accuracy': 0.8939873417721519, 'previous_winner_known_rows': 632, 'seat_error_con': 24, 'seat_error_lab': -39, 'seat_error_lib': -13, 'seat_error_natSW': 30, 'seat_error_oth': -2}, 101229: {'accuracy': 0.8560126582278481, 'evaluation_rows': 632, 'changed_seat_accuracy': 0.13432835820895522, 'changed_seat_evaluation_rows': 67, 'retained_seat_accuracy': 0.9415929203539823, 'retained_seat_evaluation_rows': 565, 'macro_f1': 0.4925140303377229, 'log_loss': 0.70001357190898, 'previous_winner_accuracy': 0.8939873417721519, 'previous_winner_known_rows': 632, 'seat_error_con': 40, 'seat_error_lab': -56, 'seat_error_lib': -13, 'seat_error_natSW': 31, 'seat_error_oth': -2}, 101230: {'accuracy': 0.8227848101265823, 'evaluation_rows': 632, 'changed_seat_accuracy': 0.16417910447761194, 'changed_seat_evaluation_rows': 67, 'retained_seat_accuracy': 0.9008849557522124, 'retained_seat_evaluation_rows': 565, 'macro_f1': 0.5085988464032946, 'log_loss': 0.7367080921152828, 'previous_winner_accuracy': 0.8939873417721519, 'previous_winner_known_rows': 632, 'seat_error_con': 72, 'seat_error_lab': -85, 'seat_error_lib': -12, 'seat_error_natSW': 27, 'seat_error_oth': -2}, 101231: {'accuracy': 0.8908227848101266, 'evaluation_rows': 632, 'changed_seat_accuracy': 0.07462686567164178, 'changed_seat_evaluation_rows': 67, 'retained_seat_accuracy': 0.9876106194690265, 'retained_seat_evaluation_rows': 565, 'macro_f1': 0.5424580305900314, 'log_loss': 0.5292842570456133, 'previous_winner_accuracy': 0.8939873417721519, 'previous_winner_known_rows': 632, 'seat_error_con': 14, 'seat_error_lab': -26, 'seat_error_lib': -12, 'seat_error_natSW': 26, 'seat_error_oth': -2}, 101232: {'accuracy': 0.8908227848101266, 'evaluation_rows': 632, 'changed_seat_accuracy': 0.08955223880597014, 'changed_seat_evaluation_rows': 67, 'retained_seat_accuracy': 0.9858407079646018, 'retained_seat_evaluation_rows': 565, 'macro_f1': 0.5401912784969298, 'log_loss': 0.4861142338459695, 'previous_winner_accuracy': 0.8939873417721519, 'previous_winner_known_rows': 632, 'seat_error_con': 15, 'seat_error_lab': -29, 'seat_error_lib': -12, 'seat_error_natSW': 28, 'seat_error_oth': -2}}",0.01893518680845895
XGBoost Expanded,2017,0.8449367088607594,632,0.31343283582089554,67,0.9079646017699115,565,0.47281333486787813,0.35383122419637514,0.8939873417721519,632,43,-8,-8,-25,-2,4.78007814800003,"{'n_estimators': 50, 'max_depth': 5, 'learning_rate': 0.05, 'min_child_weight': 1, 'gamma': 0, 'subsample': 1, 'colsample_bytree': 1, 'reg_alpha': 0, 'reg_lambda': 1, 'tree_method': 'hist', 'random_state': 42, 'n_jobs': 1}",0.8756323485221922,"{'training_years': (1987, 1992, 1997, 2001, 2005, 2010, 2015), 'configuration': {'n_estimators': 50, 'max_depth': 5, 'learning_rate': 0.05, 'min_child_weight': 1, 'gamma': 0, 'subsample': 1, 'colsample_bytree': 1, 'reg_alpha': 0, 'reg_lambda': 1, 'tree_method': 'hist', 'random_state': 42, 'n_jobs': 1}, 'validation_year': None, 'runs': []}",{},
Conditional XGBoost,2017,0.8955696202531646,632,0.029850746268656716,67,0.9982300884955753,565,0.7170844978703383,0.3106798717535832,0.8939873417721519,632,13,-29,-8,22,2,13.755678296000042,"{'n_estimators': 100, 'max_depth': 3, 'learning_rate': 0.05, 'min_child_weight': 1, 'gamma': 0, 'subsample': 1, 'colsample_bytree': 1, 'reg_alpha': 0, 'reg_lambda': 1, 'tree_method': 'hist', 'random_state': 42, 'n_jobs': 1, 'challenger.max_depth': 2, 'challenger.n_estimators': 200, 'change.max_depth': 2, 'change.n_estimators': 50}",0.8788005688573911,"{'training_years': (1987, 1992, 1997, 2001, 2005, 2010, 2015), 'configuration': {'change.n_estimators': 50, 'change.max_depth': 2, 'change.learning_rate': 0.05, 'change.min_child_weight': 1, 'change.gamma': 0, 'change.subsample': 1, 'change.colsample_bytree': 1, 'change.reg_alpha': 0, 'change.reg_lambda': 1, 'change.tree_method': 'hist', 'change.random_state': 42, 'change.n_jobs': 1, 'challenger.n_estimators': 200, 'challenger.max_depth': 2, 'challenger.learning_rate': 0.05, 'challenger.min_child_weight': 1, 'challenger.gamma': 0, 'challenger.subsample': 1, 'challenger.colsample_bytree': 1, 'challenger.reg_alpha': 0, 'challenger.reg_lambda': 1, 'challenger.tree_method': 'hist', 'challenger.random_state': 42, 'challenger.n_jobs': 1}, 'validation_year': None, 'runs': []}",{},
XGBoost,2019,0.9193037974683544,632,0.5131578947368421,76,0.9748201438848921,556,0.7856018440434024,0.19694272870548077,0.879746835443038,632,-4,14,-4,-6,0,3.940465495999888,"{'n_estimators': 100, 'max_depth': 2, 'learning_rate': 0.05, 'min_child_weight': 1, 'gamma': 0, 'subsample': 1, 'colsample_bytree': 1, 'reg_alpha': 0, 'reg_lambda': 1, 'tree_method': 'hist', 'random_state': 42, 'n_jobs': 1}",0.8754461847021813,"{'training_years': (1987, 1992, 1997, 2001, 2005, 2010, 2015, 2017), 'configuration': {'n_estimators': 100, 'max_depth': 2, 'learning_rate': 0.05, 'min_child_weight': 1, 'gamma': 0, 'subsample': 1, 'colsample_bytree': 1, 'reg_alpha': 0, 'reg_lambda': 1, 'tree_method': 'hist', 'random_state': 42, 'n_jobs': 1}, 'validation_year': None, 'runs': []}",{},
Random Forest,2019,0.9034810126582279,632,0.3026315789473684,76,0.9856115107913669,556,0.6756705564726364,0.27369168153968726,0.879746835443038,632,-16,33,0,-15,-2,39.454079287999775,"{'n_estimators': 300, 'max_depth': 5, 'min_samples_leaf': 10, 'max_features': 0.5, 'min_samples_split': 2, 'bootstrap': True, 'criterion': 'gini', 'class_weight': None, 'random_state': 42, 'n_jobs': 1}",0.873625425344354,"{'training_years': (1987, 1992, 1997, 2001, 2005, 2010, 2015, 2017), 'configuration': {'n_estimators': 300, 'max_depth': 5, 'min_samples_leaf': 10, 'max_features': 0.5, 'min_samples_split': 2, 'bootstrap': True, 'criterion': 'gini', 'class_weight': None, 'random_state': 42, 'n_jobs': 1}, 'validation_year': None, 'runs': []}",{},
Logistic Regression,2019,0.8686708860759493,632,0.09210526315789473,76,0.9748201438848921,556,0.6293816461454201,0.31167990431623455,0.879746835443038,632,-29,54,1,-25,-1,0.7933819700010645,"{'C': 0.1, 'penalty': 'l2', 'solver': 'lbfgs', 'max_iter': 1000, 'tol': 0.0001, 'class_weight': None}",0.8638929669901462,"{'training_years': (1987, 1992, 1997, 2001, 2005, 2010, 2015, 2017), 'configuration': {'C': 0.1, 'penalty': 'l2', 'solver': 'lbfgs', 'max_iter': 1000, 'tol': 0.0001, 'class_weight': None}, 'validation_year': None, 'runs': []}",{},
NN01: 32/16 validation-selected rate,2019,0.9003164556962026,632,0.25,76,0.9892086330935251,556,0.6712631852713391,0.2303623698227363,0.879746835443038,632,-23,38,3,-16,-2,48.85713226000007,"{'hidden_sizes': (32, 16), 'seeds': (101223, 101224, 101225, 101226, 101227, 101228, 101229, 101230, 101231, 101232), 'batch_size': 64, 'max_epochs': 1000, 'patience': 20, 'min_delta': 0.0, 'momentum': 0.0, 'weight_decay': 0.0, 'learning_rate': 0.5}",0.8831012327004409,"{'training_years': (1987, 1992, 1997, 2001, 2005, 2010, 2015, 2017), 'configuration': {'hidden_sizes': (32, 16), 'learning_rate': 0.5, 'seeds': (101223, 101224, 101225, 101226, 101227, 101228, 101229, 101230, 101231, 101232), 'batch_size': 64, 'max_epochs': 1000, 'patience': 20, 'min_delta': 0.0, 'momentum': 0.0, 'weight_decay': 0.0}, 'validation_year': None, 'runs': [{'seed': 101223, 'learning_rate': 0.5, 'best_epoch': None, 'stopping_epoch': 5, 'best_validation_loss': None, 'duration': 5}, {'seed': 101224, 'learning_rate': 0.5, 'best_epoch': None, 'stopping_epoch': 4, 'best_validation_loss': None, 'duration': 4}, {'seed': 101225, 'learning_rate': 0.5, 'best_epoch': None, 'stopping_epoch': 3, 'best_validation_loss': None, 'duration': 3}, {'seed': 101226, 'learning_rate': 0.5, 'best_epoch': None, 'stopping_epoch': 5, 'best_validation_loss': None, 'duration': 5}, {'seed': 101227, 'learning_rate': 0.5, 'best_epoch': None, 'stopping_epoch': 7, 'best_validation_loss': None, 'duration': 7}, {'seed': 101228, 'learning_rate': 0.5, 'best_epoch': None, 'stopping_epoch': 12, 'best_validation_loss': None, 'duration': 12}, {'seed': 101229, 'learning_rate': 0.5, 'best_epoch': None, 'stopping_epoch': 7, 'best_validation_loss': None, 'duration': 7}, {'seed': 101230, 'learning_rate': 0.5, 'best_epoch': None, 'stopping_epoch': 12, 'best_validation_loss': None, 'duration': 12}, {'seed': 101231, 'learning_rate': 0.5, 'best_epoch': None, 'stopping_epoch': 3, 'best_validation_loss': None, 'duration': 3}, {'seed': 101232, 'learning_rate': 0.5, 'best_epoch': None, 'stopping_epoch': 3, 'best_validation_loss': None, 'duration': 3}]}","{101223: {'accuracy': 0.9018987341772152, 'evaluation_rows': 632, 'changed_seat_accuracy': 0.3026315789473684, 'changed_seat_evaluation_rows': 76, 'retained_seat_accuracy': 0.9838129496402878, 'retained_seat_evaluation_rows': 556, 'macro_f1': 0.6967061402209651, 'log_loss': 0.2264579806030868, 'previous_winner_accuracy': 0.879746835443038, 'previous_winner_known_rows': 632, 'seat_error_con': -41, 'seat_error_lab': 46, 'seat_error_lib': 3, 'seat_error_natSW': -6, 'seat_error_oth': -2}, 101224: {'accuracy': 0.9129746835443038, 'evaluation_rows': 632, 'changed_seat_accuracy': 0.4605263157894737, 'changed_seat_evaluation_rows': 76, 'retained_seat_accuracy': 0.9748201438848921, 'retained_seat_evaluation_rows': 556, 'macro_f1': 0.6714072778665654, 'log_loss': 0.21788276776698373, 'previous_winner_accuracy': 0.879746835443038, 'previous_winner_known_rows': 632, 'seat_error_con': 1, 'seat_error_lab': 16, 'seat_error_lib': 1, 'seat_error_natSW': -16, 'seat_error_oth': -2}, 101225: {'accuracy': 0.8924050632911392, 'evaluation_rows': 632, 'changed_seat_accuracy': 0.18421052631578946, 'changed_seat_evaluation_rows': 76, 'retained_seat_accuracy': 0.9892086330935251, 'retained_seat_evaluation_rows': 556, 'macro_f1': 0.6725660850382172, 'log_loss': 0.29283657685087416, 'previous_winner_accuracy': 0.879746835443038, 'previous_winner_known_rows': 632, 'seat_error_con': -32, 'seat_error_lab': 48, 'seat_error_lib': -2, 'seat_error_natSW': -12, 'seat_error_oth': -2}, 101226: {'accuracy': 0.8575949367088608, 'evaluation_rows': 632, 'changed_seat_accuracy': 0.039473684210526314, 'changed_seat_evaluation_rows': 76, 'retained_seat_accuracy': 0.9694244604316546, 'retained_seat_evaluation_rows': 556, 'macro_f1': 0.6564296891958061, 'log_loss': 0.44545858452407916, 'previous_winner_accuracy': 0.879746835443038, 'previous_winner_known_rows': 632, 'seat_error_con': -63, 'seat_error_lab': 76, 'seat_error_lib': 5, 'seat_error_natSW': -16, 'seat_error_oth': -2}, 101227: {'accuracy': 0.8734177215189873, 'evaluation_rows': 632, 'changed_seat_accuracy': 0.05263157894736842, 'changed_seat_evaluation_rows': 76, 'retained_seat_accuracy': 0.9856115107913669, 'retained_seat_evaluation_rows': 556, 'macro_f1': 0.6161629461664242, 'log_loss': 0.37709181875057723, 'previous_winner_accuracy': 0.879746835443038, 'previous_winner_known_rows': 632, 'seat_error_con': -36, 'seat_error_lab': 60, 'seat_error_lib': -6, 'seat_error_natSW': -16, 'seat_error_oth': -2}, 101228: {'accuracy': 0.8765822784810127, 'evaluation_rows': 632, 'changed_seat_accuracy': 0.13157894736842105, 'changed_seat_evaluation_rows': 76, 'retained_seat_accuracy': 0.9784172661870504, 'retained_seat_evaluation_rows': 556, 'macro_f1': 0.6508853240072544, 'log_loss': 0.3050887030513445, 'previous_winner_accuracy': 0.879746835443038, 'previous_winner_known_rows': 632, 'seat_error_con': -53, 'seat_error_lab': 52, 'seat_error_lib': 14, 'seat_error_natSW': -12, 'seat_error_oth': -1}, 101229: {'accuracy': 0.8670886075949367, 'evaluation_rows': 632, 'changed_seat_accuracy': 0.23684210526315788, 'changed_seat_evaluation_rows': 76, 'retained_seat_accuracy': 0.9532374100719424, 'retained_seat_evaluation_rows': 556, 'macro_f1': 0.601190614187417, 'log_loss': 0.2998755272012856, 'previous_winner_accuracy': 0.879746835443038, 'previous_winner_known_rows': 632, 'seat_error_con': -16, 'seat_error_lab': 40, 'seat_error_lib': 9, 'seat_error_natSW': -31, 'seat_error_oth': -2}, 101230: {'accuracy': 0.8607594936708861, 'evaluation_rows': 632, 'changed_seat_accuracy': 0.4473684210526316, 'changed_seat_evaluation_rows': 76, 'retained_seat_accuracy': 0.9172661870503597, 'retained_seat_evaluation_rows': 556, 'macro_f1': 0.5473178658319225, 'log_loss': 0.30711966603930213, 'previous_winner_accuracy': 0.879746835443038, 'previous_winner_known_rows': 632, 'seat_error_con': 27, 'seat_error_lab': 18, 'seat_error_lib': 4, 'seat_error_natSW': -47, 'seat_error_oth': -2}, 101231: {'accuracy': 0.9224683544303798, 'evaluation_rows': 632, 'changed_seat_accuracy': 0.7368421052631579, 'changed_seat_evaluation_rows': 76, 'retained_seat_accuracy': 0.947841726618705, 'retained_seat_evaluation_rows': 556, 'macro_f1': 0.6782640631001621, 'log_loss': 0.22645731241482453, 'previous_winner_accuracy': 0.879746835443038, 'previous_winner_known_rows': 632, 'seat_error_con': 31, 'seat_error_lab': -19, 'seat_error_lib': -3, 'seat_error_natSW': -7, 'seat_error_oth': -2}, 101232: {'accuracy': 0.9113924050632911, 'evaluation_rows': 632, 'changed_seat_accuracy': 0.7105263157894737, 'changed_seat_evaluation_rows': 76, 'retained_seat_accuracy': 0.9388489208633094, 'retained_seat_evaluation_rows': 556, 'macro_f1': 0.7016763950100328, 'log_loss': 0.2646329969037777, 'previous_winner_accuracy': 0.879746835443038, 'previous_winner_known_rows': 632, 'seat_error_con': 33, 'seat_error_lab': -27, 'seat_error_lib': 3, 'seat_error_natSW': -7, 'seat_error_oth': -2}}",0.022399162492640998
NN02: 64/32 validation-selected rate,2019,0.8892405063291139,632,0.25,76,0.9766187050359713,556,0.6501270246182833,0.23818644425625798,0.879746835443038,632,-14,39,0,-23,-2,114.68512343099974,"{'hidden_sizes': (64, 32), 'seeds': (101223, 101224, 101225, 101226, 101227, 101228, 101229, 101230, 101231, 101232), 'batch_size': 64, 'max_epochs': 1000, 'patience': 20, 'min_delta': 0.0, 'momentum': 0.0, 'weight_decay': 0.0, 'learning_rate': 0.5}",0.8859768443789432,"{'training_years': (1987, 1992, 1997, 2001, 2005, 2010, 2015, 2017), 'configuration': {'hidden_sizes': (64, 32), 'learning_rate': 0.5, 'seeds': (101223, 101224, 101225, 101226, 101227, 101228, 101229, 101230, 101231, 101232), 'batch_size': 64, 'max_epochs': 1000, 'patience': 20, 'min_delta': 0.0, 'momentum': 0.0, 'weight_decay': 0.0}, 'validation_year': None, 'runs': [{'seed': 101223, 'learning_rate': 0.5, 'best_epoch': None, 'stopping_epoch': 6, 'best_validation_loss': None, 'duration': 6}, {'seed': 101224, 'learning_rate': 0.5, 'best_epoch': None, 'stopping_epoch': 4, 'best_validation_loss': None, 'duration': 4}, {'seed': 101225, 'learning_rate': 0.5, 'best_epoch': None, 'stopping_epoch': 7, 'best_validation_loss': None, 'duration': 7}, {'seed': 101226, 'learning_rate': 0.5, 'best_epoch': None, 'stopping_epoch': 4, 'best_validation_loss': None, 'duration': 4}, {'seed': 101227, 'learning_rate': 0.5, 'best_epoch': None, 'stopping_epoch': 11, 'best_validation_loss': None, 'duration': 11}, {'seed': 101228, 'learning_rate': 0.5, 'best_epoch': None, 'stopping_epoch': 9, 'best_validation_loss': None, 'duration': 9}, {'seed': 101229, 'learning_rate': 0.5, 'best_epoch': None, 'stopping_epoch': 6, 'best_validation_loss': None, 'duration': 6}, {'seed': 101230, 'learning_rate': 0.5, 'best_epoch': None, 'stopping_epoch': 10, 'best_validation_loss': None, 'duration': 10}, {'seed': 101231, 'learning_rate': 0.5, 'best_epoch': None, 'stopping_epoch': 8, 'best_validation_loss': None, 'duration': 8}, {'seed': 101232, 'learning_rate': 0.5, 'best_epoch': None, 'stopping_epoch': 2, 'best_validation_loss': None, 'duration': 2}]}","{101223: {'accuracy': 0.9018987341772152, 'evaluation_rows': 632, 'changed_seat_accuracy': 0.3157894736842105, 'changed_seat_evaluation_rows': 76, 'retained_seat_accuracy': 0.9820143884892086, 'retained_seat_evaluation_rows': 556, 'macro_f1': 0.6666064158931769, 'log_loss': 0.2263202672680856, 'previous_winner_accuracy': 0.879746835443038, 'previous_winner_known_rows': 632, 'seat_error_con': -18, 'seat_error_lab': 36, 'seat_error_lib': -4, 'seat_error_natSW': -12, 'seat_error_oth': -2}, 101224: {'accuracy': 0.9224683544303798, 'evaluation_rows': 632, 'changed_seat_accuracy': 0.5, 'changed_seat_evaluation_rows': 76, 'retained_seat_accuracy': 0.9802158273381295, 'retained_seat_evaluation_rows': 556, 'macro_f1': 0.6787360946980285, 'log_loss': 0.20285743232885659, 'previous_winner_accuracy': 0.879746835443038, 'previous_winner_known_rows': 632, 'seat_error_con': 2, 'seat_error_lab': 17, 'seat_error_lib': -2, 'seat_error_natSW': -15, 'seat_error_oth': -2}, 101225: {'accuracy': 0.8860759493670886, 'evaluation_rows': 632, 'changed_seat_accuracy': 0.3026315789473684, 'changed_seat_evaluation_rows': 76, 'retained_seat_accuracy': 0.9658273381294964, 'retained_seat_evaluation_rows': 556, 'macro_f1': 0.6169425090473, 'log_loss': 0.26181519094722333, 'previous_winner_accuracy': 0.879746835443038, 'previous_winner_known_rows': 632, 'seat_error_con': -3, 'seat_error_lab': 33, 'seat_error_lib': 0, 'seat_error_natSW': -28, 'seat_error_oth': -2}, 101226: {'accuracy': 0.9129746835443038, 'evaluation_rows': 632, 'changed_seat_accuracy': 0.6842105263157895, 'changed_seat_evaluation_rows': 76, 'retained_seat_accuracy': 0.9442446043165468, 'retained_seat_evaluation_rows': 556, 'macro_f1': 0.6631048234802047, 'log_loss': 0.24154220047167652, 'previous_winner_accuracy': 0.879746835443038, 'previous_winner_known_rows': 632, 'seat_error_con': 32, 'seat_error_lab': -11, 'seat_error_lib': 1, 'seat_error_natSW': -20, 'seat_error_oth': -2}, 101227: {'accuracy': 0.7610759493670886, 'evaluation_rows': 632, 'changed_seat_accuracy': 0.02631578947368421, 'changed_seat_evaluation_rows': 76, 'retained_seat_accuracy': 0.8615107913669064, 'retained_seat_evaluation_rows': 556, 'macro_f1': 0.47072507875025577, 'log_loss': 0.9556372427087952, 'previous_winner_accuracy': 0.879746835443038, 'previous_winner_known_rows': 632, 'seat_error_con': -79, 'seat_error_lab': 129, 'seat_error_lib': 4, 'seat_error_natSW': -52, 'seat_error_oth': -2}, 101228: {'accuracy': 0.8401898734177216, 'evaluation_rows': 632, 'changed_seat_accuracy': 0.23684210526315788, 'changed_seat_evaluation_rows': 76, 'retained_seat_accuracy': 0.9226618705035972, 'retained_seat_evaluation_rows': 556, 'macro_f1': 0.4937310464034038, 'log_loss': 0.3883642991270094, 'previous_winner_accuracy': 0.879746835443038, 'previous_winner_known_rows': 632, 'seat_error_con': 20, 'seat_error_lab': 32, 'seat_error_lib': 1, 'seat_error_natSW': -52, 'seat_error_oth': -1}, 101229: {'accuracy': 0.8924050632911392, 'evaluation_rows': 632, 'changed_seat_accuracy': 0.39473684210526316, 'changed_seat_evaluation_rows': 76, 'retained_seat_accuracy': 0.960431654676259, 'retained_seat_evaluation_rows': 556, 'macro_f1': 0.657135767600546, 'log_loss': 0.27455632384861406, 'previous_winner_accuracy': 0.879746835443038, 'previous_winner_known_rows': 632, 'seat_error_con': -55, 'seat_error_lab': 35, 'seat_error_lib': 20, 'seat_error_natSW': 2, 'seat_error_oth': -2}, 101230: {'accuracy': 0.8892405063291139, 'evaluation_rows': 632, 'changed_seat_accuracy': 0.6578947368421053, 'changed_seat_evaluation_rows': 76, 'retained_seat_accuracy': 0.920863309352518, 'retained_seat_evaluation_rows': 556, 'macro_f1': 0.6001624462494027, 'log_loss': 0.26540798778751845, 'previous_winner_accuracy': 0.879746835443038, 'previous_winner_known_rows': 632, 'seat_error_con': 50, 'seat_error_lab': -12, 'seat_error_lib': -1, 'seat_error_natSW': -35, 'seat_error_oth': -2}, 101231: {'accuracy': 0.9129746835443038, 'evaluation_rows': 632, 'changed_seat_accuracy': 0.5394736842105263, 'changed_seat_evaluation_rows': 76, 'retained_seat_accuracy': 0.9640287769784173, 'retained_seat_evaluation_rows': 556, 'macro_f1': 0.636594357932497, 'log_loss': 0.2032368110300836, 'previous_winner_accuracy': 0.879746835443038, 'previous_winner_known_rows': 632, 'seat_error_con': 13, 'seat_error_lab': 9, 'seat_error_lib': -4, 'seat_error_natSW': -16, 'seat_error_oth': -2}, 101232: {'accuracy': 0.879746835443038, 'evaluation_rows': 632, 'changed_seat_accuracy': 0.09210526315789473, 'changed_seat_evaluation_rows': 76, 'retained_seat_accuracy': 0.987410071942446, 'retained_seat_evaluation_rows': 556, 'macro_f1': 0.6628290705655793, 'log_loss': 0.38510606052084756, 'previous_winner_accuracy': 0.879746835443038, 'previous_winner_known_rows': 632, 'seat_error_con': -43, 'seat_error_lab': 57, 'seat_error_lib': -1, 'seat_error_natSW': -11, 'seat_error_oth': -2}}",0.04523462707861308
NN03: 16 units fixed rate 0.3,2019,0.8892405063291139,632,0.15789473684210525,76,0.9892086330935251,556,0.6610179720132752,0.25331161262837587,0.879746835443038,632,-35,48,0,-11,-2,12.436541711000245,"{'hidden_sizes': (16,), 'seeds': (101223, 101224, 101225, 101226, 101227, 101228, 101229, 101230, 101231, 101232), 'batch_size': 64, 'max_epochs': 1000, 'patience': 20, 'min_delta': 0.0, 'momentum': 0.0, 'weight_decay': 0.0, 'learning_rate': 0.3}",0.8751986187647135,"{'training_years': (1987, 1992, 1997, 2001, 2005, 2010, 2015, 2017), 'configuration': {'hidden_sizes': (16,), 'learning_rate': 0.3, 'seeds': (101223, 101224, 101225, 101226, 101227, 101228, 101229, 101230, 101231, 101232), 'batch_size': 64, 'max_epochs': 1000, 'patience': 20, 'min_delta': 0.0, 'momentum': 0.0, 'weight_decay': 0.0}, 'validation_year': None, 'runs': [{'seed': 101223, 'learning_rate': 0.3, 'best_epoch': None, 'stopping_epoch': 5, 'best_validation_loss': None, 'duration': 5}, {'seed': 101224, 'learning_rate': 0.3, 'best_epoch': None, 'stopping_epoch': 3, 'best_validation_loss': None, 'duration': 3}, {'seed': 101225, 'learning_rate': 0.3, 'best_epoch': None, 'stopping_epoch': 3, 'best_validation_loss': None, 'duration': 3}, {'seed': 101226, 'learning_rate': 0.3, 'best_epoch': None, 'stopping_epoch': 4, 'best_validation_loss': None, 'duration': 4}, {'seed': 101227, 'learning_rate': 0.3, 'best_epoch': None, 'stopping_epoch': 13, 'best_validation_loss': None, 'duration': 13}, {'seed': 101228, 'learning_rate': 0.3, 'best_epoch': None, 'stopping_epoch': 3, 'best_validation_loss': None, 'duration': 3}, {'seed': 101229, 'learning_rate': 0.3, 'best_epoch': None, 'stopping_epoch': 6, 'best_validation_loss': None, 'duration': 6}, {'seed': 101230, 'learning_rate': 0.3, 'best_epoch': None, 'stopping_epoch': 4, 'best_validation_loss': None, 'duration': 4}, {'seed': 101231, 'learning_rate': 0.3, 'best_epoch': None, 'stopping_epoch': 5, 'best_validation_loss': None, 'duration': 5}, {'seed': 101232, 'learning_rate': 0.3, 'best_epoch': None, 'stopping_epoch': 4, 'best_validation_loss': None, 'duration': 4}]}","{101223: {'accuracy': 0.8829113924050633, 'evaluation_rows': 632, 'changed_seat_accuracy': 0.09210526315789473, 'changed_seat_evaluation_rows': 76, 'retained_seat_accuracy': 0.9910071942446043, 'retained_seat_evaluation_rows': 556, 'macro_f1': 0.6665368486856215, 'log_loss': 0.2656039771720585, 'previous_winner_accuracy': 0.879746835443038, 'previous_winner_known_rows': 632, 'seat_error_con': -37, 'seat_error_lab': 54, 'seat_error_lib': 2, 'seat_error_natSW': -17, 'seat_error_oth': -2}, 101224: {'accuracy': 0.8955696202531646, 'evaluation_rows': 632, 'changed_seat_accuracy': 0.21052631578947367, 'changed_seat_evaluation_rows': 76, 'retained_seat_accuracy': 0.9892086330935251, 'retained_seat_evaluation_rows': 556, 'macro_f1': 0.676527321999227, 'log_loss': 0.27888497164526704, 'previous_winner_accuracy': 0.879746835443038, 'previous_winner_known_rows': 632, 'seat_error_con': -44, 'seat_error_lab': 50, 'seat_error_lib': 0, 'seat_error_natSW': -4, 'seat_error_oth': -2}, 101225: {'accuracy': 0.8860759493670886, 'evaluation_rows': 632, 'changed_seat_accuracy': 0.11842105263157894, 'changed_seat_evaluation_rows': 76, 'retained_seat_accuracy': 0.9910071942446043, 'retained_seat_evaluation_rows': 556, 'macro_f1': 0.6653399387112404, 'log_loss': 0.3132931875690219, 'previous_winner_accuracy': 0.879746835443038, 'previous_winner_known_rows': 632, 'seat_error_con': -39, 'seat_error_lab': 53, 'seat_error_lib': -1, 'seat_error_natSW': -11, 'seat_error_oth': -2}, 101226: {'accuracy': 0.9224683544303798, 'evaluation_rows': 632, 'changed_seat_accuracy': 0.5263157894736842, 'changed_seat_evaluation_rows': 76, 'retained_seat_accuracy': 0.9766187050359713, 'retained_seat_evaluation_rows': 556, 'macro_f1': 0.6780087764174036, 'log_loss': 0.2050001614232339, 'previous_winner_accuracy': 0.879746835443038, 'previous_winner_known_rows': 632, 'seat_error_con': 0, 'seat_error_lab': 12, 'seat_error_lib': 0, 'seat_error_natSW': -10, 'seat_error_oth': -2}, 101227: {'accuracy': 0.8386075949367089, 'evaluation_rows': 632, 'changed_seat_accuracy': 0.013157894736842105, 'changed_seat_evaluation_rows': 76, 'retained_seat_accuracy': 0.9514388489208633, 'retained_seat_evaluation_rows': 556, 'macro_f1': 0.6071288131253331, 'log_loss': 0.43784432223958014, 'previous_winner_accuracy': 0.879746835443038, 'previous_winner_known_rows': 632, 'seat_error_con': -48, 'seat_error_lab': 78, 'seat_error_lib': 4, 'seat_error_natSW': -32, 'seat_error_oth': -2}, 101228: {'accuracy': 0.8813291139240507, 'evaluation_rows': 632, 'changed_seat_accuracy': 0.15789473684210525, 'changed_seat_evaluation_rows': 76, 'retained_seat_accuracy': 0.9802158273381295, 'retained_seat_evaluation_rows': 556, 'macro_f1': 0.6681842475066286, 'log_loss': 0.28501279967455795, 'previous_winner_accuracy': 0.879746835443038, 'previous_winner_known_rows': 632, 'seat_error_con': -27, 'seat_error_lab': 47, 'seat_error_lib': -3, 'seat_error_natSW': -15, 'seat_error_oth': -2}, 101229: {'accuracy': 0.9018987341772152, 'evaluation_rows': 632, 'changed_seat_accuracy': 0.32894736842105265, 'changed_seat_evaluation_rows': 76, 'retained_seat_accuracy': 0.9802158273381295, 'retained_seat_evaluation_rows': 556, 'macro_f1': 0.667885920638019, 'log_loss': 0.23134785072281966, 'previous_winner_accuracy': 0.879746835443038, 'previous_winner_known_rows': 632, 'seat_error_con': -30, 'seat_error_lab': 32, 'seat_error_lib': 10, 'seat_error_natSW': -10, 'seat_error_oth': -2}, 101230: {'accuracy': 0.8955696202531646, 'evaluation_rows': 632, 'changed_seat_accuracy': 0.23684210526315788, 'changed_seat_evaluation_rows': 76, 'retained_seat_accuracy': 0.9856115107913669, 'retained_seat_evaluation_rows': 556, 'macro_f1': 0.6646944827210872, 'log_loss': 0.2580292899035364, 'previous_winner_accuracy': 0.879746835443038, 'previous_winner_known_rows': 632, 'seat_error_con': -27, 'seat_error_lab': 42, 'seat_error_lib': -3, 'seat_error_natSW': -10, 'seat_error_oth': -2}, 101231: {'accuracy': 0.8908227848101266, 'evaluation_rows': 632, 'changed_seat_accuracy': 0.17105263157894737, 'changed_seat_evaluation_rows': 76, 'retained_seat_accuracy': 0.9892086330935251, 'retained_seat_evaluation_rows': 556, 'macro_f1': 0.6632848713706125, 'log_loss': 0.26992989714719434, 'previous_winner_accuracy': 0.879746835443038, 'previous_winner_known_rows': 632, 'seat_error_con': -33, 'seat_error_lab': 49, 'seat_error_lib': -1, 'seat_error_natSW': -13, 'seat_error_oth': -2}, 101232: {'accuracy': 0.8955696202531646, 'evaluation_rows': 632, 'changed_seat_accuracy': 0.23684210526315788, 'changed_seat_evaluation_rows': 76, 'retained_seat_accuracy': 0.9856115107913669, 'retained_seat_evaluation_rows': 556, 'macro_f1': 0.6777412009412773, 'log_loss': 0.26051639449917796, 'previous_winner_accuracy': 0.879746835443038, 'previous_winner_known_rows': 632, 'seat_error_con': -28, 'seat_error_lab': 42, 'seat_error_lib': -2, 'seat_error_natSW': -10, 'seat_error_oth': -2}}",0.020157134878861015
XGBoost Expanded,2019,0.9082278481012658,632,0.39473684210526316,76,0.9784172661870504,556,0.672214145788599,0.34382960328695994,0.879746835443038,632,-5,24,-2,-15,-2,5.107800828998734,"{'n_estimators': 35, 'max_depth': 2, 'learning_rate': 0.05, 'min_child_weight': 1, 'gamma': 0, 'subsample': 1, 'colsample_bytree': 1, 'reg_alpha': 0, 'reg_lambda': 1, 'tree_method': 'hist', 'random_state': 42, 'n_jobs': 1}",0.8734364524141557,"{'training_years': (1987, 1992, 1997, 2001, 2005, 2010, 2015, 2017), 'configuration': {'n_estimators': 35, 'max_depth': 2, 'learning_rate': 0.05, 'min_child_weight': 1, 'gamma': 0, 'subsample': 1, 'colsample_bytree': 1, 'reg_alpha': 0, 'reg_lambda': 1, 'tree_method': 'hist', 'random_state': 42, 'n_jobs': 1}, 'validation_year': None, 'runs': []}",{},
Conditional XGBoost,2019,0.8939873417721519,632,0.15789473684210525,76,0.9946043165467626,556,0.7704589379423898,0.2587095811156394,0.879746835443038,632,-32,44,3,-15,0,14.946937093000088,"{'n_estimators': 100, 'max_depth': 3, 'learning_rate': 0.05, 'min_child_weight': 1, 'gamma': 0, 'subsample': 1, 'colsample_bytree': 1, 'reg_alpha': 0, 'reg_lambda': 1, 'tree_method': 'hist', 'random_state': 42, 'n_jobs': 1, 'challenger.max_depth': 3, 'challenger.n_estimators': 200, 'change.max_depth': 2, 'change.n_estimators': 50}",0.8818591238368554,"{'training_years': (1987, 1992, 1997, 2001, 2005, 2010, 2015, 2017), 'configuration': {'change.n_estimators': 50, 'change.max_depth': 2, 'change.learning_rate': 0.05, 'change.min_child_weight': 1, 'change.gamma': 0, 'change.subsample': 1, 'change.colsample_bytree': 1, 'change.reg_alpha': 0, 'change.reg_lambda': 1, 'change.tree_method': 'hist', 'change.random_state': 42, 'change.n_jobs': 1, 'challenger.n_estimators': 200, 'challenger.max_depth': 3, 'challenger.learning_rate': 0.05, 'challenger.min_child_weight': 1, 'challenger.gamma': 0, 'challenger.subsample': 1, 'challenger.colsample_bytree': 1, 'challenger.reg_alpha': 0, 'challenger.reg_lambda': 1, 'challenger.tree_method': 'hist', 'challenger.random_state': 42, 'challenger.n_jobs': 1}, 'validation_year': None, 'runs': []}",{},
